C-ZLFMONAT-0,C-ZLFE32-0,C-ZLFART-0,C-ZLFR63-0,F-ZLFFLUG,F-ZLFPAX,F-ZLFFRACHT,F-ZLFPOST,F-ZLFPAXEND,Jahr,Monat
200001,VIE,1,1,6351,316670,3743524,219204,0,2000,1
200001,VIE,1,2,6376,325509,4000620,365309,325509,2000,1
200001,VIE,1,3,0,6634,150274,14860,0,2000,1
200001,VIE,2,1,355,20503,463078,68,0,2000,1
200001,VIE,2,2,346,20965,412342,61,20965,2000,1
200001,VIE,2,3,0,2302,136417,472,0,2000,1
200001,GRZ,1,1,464,13887,66281,198,0,2000,1
200001,GRZ,1,2,447,14327,44842,0,14327,2000,1
200001,GRZ,1,3,0,284,25,0,0,2000,1
200001,GRZ,2,1,50,2504,0,0,0,2000,1
200001,GRZ,2,2,64,2421,0,0,2421,2000,1
200001,GRZ,2,3,0,623,0,0,0,2000,1
200001,INN,1,1,440,12829,32828,9678,0,2000,1
200001,INN,1,2,446,14413,17100,8807,14413,2000,1
200001,INN,1,3,0,163,0,0,0,2000,1
200001,INN,2,1,210,21020,150,0,0,2000,1
200001,INN,2,2,207,18611,0,0,18611,2000,1
200001,INN,2,3,0,193,0,0,0,2000,1
200001,KLU,1,1,248,5698,4932,0,0,2000,1
200001,KLU,1,2,251,6519,3274,0,6519,2000,1
200001,KLU,2,1,21,696,0,0,0,2000,1
200001,KLU,2,2,18,472,0,0,472,2000,1
200001,KLU,2,3,0,509,0,0,0,2000,1
200001,LNZ,1,1,494,10785,51496,4018,0,2000,1
200001,LNZ,1,2,492,11433,26883,0,11433,2000,1
200001,LNZ,1,3,0,1391,100,0,0,2000,1
200001,LNZ,2,1,94,4674,62289,0,0,2000,1
200001,LNZ,2,2,98,4288,45404,0,4288,2000,1
200001,LNZ,2,3,0,1094,0,0,0,2000,1
200001,SZG,1,1,667,20662,26968,5917,0,2000,1
200001,SZG,1,2,662,23726,26974,6017,23726,2000,1
200001,SZG,1,3,0,2079,831,630,0,2000,1
200001,SZG,2,1,235,29668,0,0,0,2000,1
200001,SZG,2,2,240,24970,0,0,24970,2000,1
200001,SZG,2,3,0,2695,342,0,0,2000,1
200002,VIE,1,1,6388,340394,4081332,219816,0,2000,2
200002,VIE,1,2,6385,339228,4579638,362062,339228,2000,2
200002,VIE,1,3,0,6086,303826,16120,0,2000,2
200002,VIE,2,1,354,23342,66350,245,0,2000,2
200002,VIE,2,2,358,24732,48378,1,24732,2000,2
200002,VIE,2,3,0,2966,23638,840,0,2000,2
200002,GRZ,1,1,465,16723,79539,315,0,2000,2
200002,GRZ,1,2,461,16973,62100,0,16973,2000,2
200002,GRZ,1,3,0,218,0,0,0,2000,2
200002,GRZ,2,1,55,3898,87,0,0,2000,2
200002,GRZ,2,2,58,4180,1060,0,4180,2000,2
200002,GRZ,2,3,0,781,0,0,0,2000,2
200002,INN,1,1,429,14438,37957,10772,0,2000,2
200002,INN,1,2,432,14361,22657,6470,14361,2000,2
200002,INN,1,3,0,91,0,0,0,2000,2
200002,INN,2,1,200,20756,0,0,0,2000,2
200002,INN,2,2,195,21080,0,235,21080,2000,2
200002,INN,2,3,0,263,0,0,0,2000,2
200002,KLU,1,1,268,7001,5759,0,0,2000,2
200002,KLU,1,2,272,7077,2180,0,7077,2000,2
200002,KLU,2,1,21,814,0,0,0,2000,2
200002,KLU,2,2,17,957,0,0,957,2000,2
200002,KLU,2,3,0,601,6527,0,0,2000,2
200002,LNZ,1,1,490,13213,61847,4826,0,2000,2
200002,LNZ,1,2,497,13204,22560,194,13204,2000,2
200002,LNZ,1,3,0,1283,231,82,0,2000,2
200002,LNZ,2,1,121,6245,72503,0,0,2000,2
200002,LNZ,2,2,114,6463,45227,0,6463,2000,2
200002,LNZ,2,3,0,1491,0,0,0,2000,2
200002,SZG,1,1,673,23691,22484,6804,0,2000,2
200002,SZG,1,2,667,23318,27613,5991,23318,2000,2
200002,SZG,1,3,0,2537,5980,373,0,2000,2
200002,SZG,2,1,259,34333,0,0,0,2000,2
200002,SZG,2,2,265,34128,243,0,34128,2000,2
200002,SZG,2,3,0,2827,0,0,0,2000,2
200003,VIE,1,1,7055,412956,4739789,237467,0,2000,3
200003,VIE,1,2,7064,407828,5335170,383339,407828,2000,3
200003,VIE,1,3,0,7349,199924,14132,0,2000,3
200003,VIE,2,1,407,25962,573353,0,0,2000,3
200003,VIE,2,2,397,27932,424602,0,27932,2000,3
200003,VIE,2,3,0,2724,25417,1,0,2000,3
200003,GRZ,1,1,535,17958,71395,357,0,2000,3
200003,GRZ,1,2,533,17717,56347,0,17717,2000,3
200003,GRZ,1,3,0,203,0,0,0,2000,3
200003,GRZ,2,1,49,3284,250,0,0,2000,3
200003,GRZ,2,2,50,3529,2150,0,3529,2000,3
200003,GRZ,2,3,0,835,0,0,0,2000,3
200003,INN,1,1,498,15475,36206,9257,0,2000,3
200003,INN,1,2,494,16267,25949,7391,16267,2000,3
200003,INN,1,3,0,29,0,0,0,2000,3
200003,INN,2,1,171,15205,0,0,0,2000,3
200003,INN,2,2,173,18693,0,0,18693,2000,3
200003,INN,2,3,0,224,0,0,0,2000,3
200003,KLU,1,1,293,7598,5144,0,0,2000,3
200003,KLU,1,2,295,7592,2627,0,7592,2000,3
200003,KLU,2,1,13,480,0,0,0,2000,3
200003,KLU,2,2,11,631,0,0,631,2000,3
200003,KLU,2,3,0,299,0,0,0,2000,3
200003,LNZ,1,1,559,14399,49623,6046,0,2000,3
200003,LNZ,1,2,566,14110,15249,0,14110,2000,3
200003,LNZ,1,3,0,1511,57,0,0,2000,3
200003,LNZ,2,1,137,7434,79337,0,0,2000,3
200003,LNZ,2,2,127,8544,48170,0,8544,2000,3
200003,LNZ,2,3,0,1744,0,0,0,2000,3
200003,SZG,1,1,719,23999,23472,7229,0,2000,3
200003,SZG,1,2,711,24651,28580,7320,24651,2000,3
200003,SZG,1,3,0,2485,1027,368,0,2000,3
200003,SZG,2,1,243,24221,0,0,0,2000,3
200003,SZG,2,2,248,30440,272,0,30440,2000,3
200003,SZG,2,3,0,3561,0,0,0,2000,3
200004,VIE,1,1,7065,425364,4371175,236986,0,2000,4
200004,VIE,1,2,7037,429479,4844474,382019,429479,2000,4
200004,VIE,1,3,0,7912,268171,13693,0,2000,4
200004,VIE,2,1,562,51546,25408,66,0,2000,4
200004,VIE,2,2,602,57456,211476,169,57456,2000,4
200004,VIE,2,3,0,2371,42722,100,0,2000,4
200004,GRZ,1,1,547,17876,65777,226,0,2000,4
200004,GRZ,1,2,544,18180,26923,1,18180,2000,4
200004,GRZ,1,3,0,300,2475,0,0,2000,4
200004,GRZ,2,1,89,6655,613,0,0,2000,4
200004,GRZ,2,2,92,7888,0,0,7888,2000,4
200004,GRZ,2,3,0,2055,0,0,0,2000,4
200004,INN,1,1,547,12517,26436,6961,0,2000,4
200004,INN,1,2,552,13506,21439,7242,13506,2000,4
200004,INN,1,3,0,127,0,0,0,2000,4
200004,INN,2,1,80,4317,0,0,0,2000,4
200004,INN,2,2,73,7064,0,0,7064,2000,4
200004,INN,2,3,0,257,0,0,0,2000,4
200004,KLU,1,1,269,7320,3806,0,0,2000,4
200004,KLU,1,2,271,7249,2088,7,7249,2000,4
200004,KLU,2,1,16,1088,0,0,0,2000,4
200004,KLU,2,2,15,1124,0,0,1124,2000,4
200004,KLU,2,3,0,612,0,0,0,2000,4
200004,LNZ,1,1,546,13033,17081,3029,0,2000,4
200004,LNZ,1,2,539,13612,3999,148,13612,2000,4
200004,LNZ,1,3,0,1496,10,5,0,2000,4
200004,LNZ,2,1,182,14978,61918,0,0,2000,4
200004,LNZ,2,2,190,15921,37018,0,15921,2000,4
200004,LNZ,2,3,0,1983,0,0,0,2000,4
200004,SZG,1,1,663,21398,14836,6163,0,2000,4
200004,SZG,1,2,671,22254,6806,6495,22254,2000,4
200004,SZG,1,3,0,2310,681,61,0,2000,4
200004,SZG,2,1,192,14902,0,0,0,2000,4
200004,SZG,2,2,186,20799,119,0,20799,2000,4
200004,SZG,2,3,0,3101,0,0,0,2000,4
200005,VIE,1,1,7600,473818,4961600,214646,0,2000,5
200005,VIE,1,2,7593,467314,5556822,377569,467314,2000,5
200005,VIE,1,3,0,8538,269554,13248,0,2000,5
200005,VIE,2,1,665,50307,251201,212,0,2000,5
200005,VIE,2,2,663,56251,265400,0,56251,2000,5
200005,VIE,2,3,0,4228,79245,1,0,2000,5
200005,GRZ,1,1,645,21570,69915,227,0,2000,5
200005,GRZ,1,2,641,21023,35730,1,21023,2000,5
200005,GRZ,1,3,0,234,0,0,0,2000,5
200005,GRZ,2,1,166,8391,37418,0,0,2000,5
200005,GRZ,2,2,169,10986,41755,0,10986,2000,5
200005,GRZ,2,3,0,2641,0,0,0,2000,5
200005,INN,1,1,610,14761,38002,7543,0,2000,5
200005,INN,1,2,615,14440,22943,5904,14440,2000,5
200005,INN,1,3,0,136,0,0,0,2000,5
200005,INN,2,1,138,9036,0,0,0,2000,5
200005,INN,2,2,132,10675,0,0,10675,2000,5
200005,INN,2,3,0,1322,0,0,0,2000,5
200005,KLU,1,1,301,8012,2127,0,0,2000,5
200005,KLU,1,2,304,7696,2070,0,7696,2000,5
200005,KLU,2,1,18,272,0,0,0,2000,5
200005,KLU,2,2,16,703,1400,0,703,2000,5
200005,KLU,2,3,0,282,0,0,0,2000,5
200005,LNZ,1,1,688,16787,11599,9674,0,2000,5
200005,LNZ,1,2,695,16592,4748,74,16592,2000,5
200005,LNZ,1,3,0,1839,0,0,0,2000,5
200005,LNZ,2,1,241,13261,117779,0,0,2000,5
200005,LNZ,2,2,233,15799,105190,20,15799,2000,5
200005,LNZ,2,3,0,1897,0,0,0,2000,5
200005,SZG,1,1,709,22445,15653,7020,0,2000,5
200005,SZG,1,2,709,21772,7198,5981,21772,2000,5
200005,SZG,1,3,0,2983,180,395,0,2000,5
200005,SZG,2,1,278,26907,0,0,0,2000,5
200005,SZG,2,2,278,24777,446,0,24777,2000,5
200005,SZG,2,3,0,3743,0,0,0,2000,5
200006,VIE,1,1,7251,458745,4806069,202750,0,2000,6
200006,VIE,1,2,7271,469870,5143153,358963,469870,2000,6
200006,VIE,1,3,0,8201,223207,11551,0,2000,6
200006,VIE,2,1,896,78584,202991,6,0,2000,6
200006,VIE,2,2,891,95259,171365,20,95259,2000,6
200006,VIE,2,3,0,4613,93091,170,0,2000,6
200006,GRZ,1,1,617,19651,59610,170,0,2000,6
200006,GRZ,1,2,613,19561,36696,5,19561,2000,6
200006,GRZ,1,3,0,159,0,0,0,2000,6
200006,GRZ,2,1,275,20748,33025,0,0,2000,6
200006,GRZ,2,2,279,21970,42056,0,21970,2000,6
200006,GRZ,2,3,0,3585,0,0,0,2000,6
200006,INN,1,1,601,14813,21048,8391,0,2000,6
200006,INN,1,2,606,14394,18500,6050,14394,2000,6
200006,INN,1,3,0,160,0,0,0,2000,6
200006,INN,2,1,227,17735,0,0,0,2000,6
200006,INN,2,2,222,17041,0,0,17041,2000,6
200006,INN,2,3,0,1678,0,0,0,2000,6
200006,KLU,1,1,392,8698,2839,0,0,2000,6
200006,KLU,1,2,376,8087,1959,0,8087,2000,6
200006,KLU,1,3,0,0,90,0,0,2000,6
200006,KLU,2,1,57,3280,0,0,0,2000,6
200006,KLU,2,2,72,3470,4,0,3470,2000,6
200006,KLU,2,3,0,1122,0,0,0,2000,6
200006,LNZ,1,1,665,14947,16460,2566,0,2000,6
200006,LNZ,1,2,682,14278,3560,0,14278,2000,6
200006,LNZ,1,3,0,1620,245,0,0,2000,6
200006,LNZ,2,1,317,24137,99900,0,0,2000,6
200006,LNZ,2,2,298,26880,73320,0,26880,2000,6
200006,LNZ,2,3,0,2065,0,0,0,2000,6
200006,SZG,1,1,711,22206,17036,5690,0,2000,6
200006,SZG,1,2,712,21666,9286,5624,21666,2000,6
200006,SZG,1,3,0,2596,175,128,0,2000,6
200006,SZG,2,1,344,39663,0,0,0,2000,6
200006,SZG,2,2,343,38288,164,0,38288,2000,6
200006,SZG,2,3,0,4582,0,0,0,2000,6
200007,VIE,1,1,7509,476557,4718833,250222,0,2000,7
200007,VIE,1,2,7501,511264,5635047,382623,511264,2000,7
200007,VIE,1,3,0,7533,329869,6713,0,2000,7
200007,VIE,2,1,1066,121858,199727,224,0,2000,7
200007,VIE,2,2,1073,133287,251729,0,133287,2000,7
200007,VIE,2,3,0,5531,116918,163,0,2000,7
200007,GRZ,1,1,637,19913,65317,0,0,2000,7
200007,GRZ,1,2,638,21200,49464,0,21200,2000,7
200007,GRZ,1,3,0,264,432,0,0,2000,7
200007,GRZ,2,1,289,23394,41360,0,0,2000,7
200007,GRZ,2,2,288,25088,41614,0,25088,2000,7
200007,GRZ,2,3,0,3999,0,0,0,2000,7
200007,INN,1,1,589,13289,38927,7532,0,2000,7
200007,INN,1,2,596,14466,21649,8118,14466,2000,7
200007,INN,1,3,0,132,142,0,0,2000,7
200007,INN,2,1,262,19160,36,0,0,2000,7
200007,INN,2,2,250,20030,0,0,20030,2000,7
200007,INN,2,3,0,1909,0,0,0,2000,7
200007,KLU,1,1,389,9287,2431,0,0,2000,7
200007,KLU,1,2,378,9353,2778,0,9353,2000,7
200007,KLU,2,1,58,3977,0,0,0,2000,7
200007,KLU,2,2,68,3983,0,0,3983,2000,7
200007,KLU,2,3,0,799,0,0,0,2000,7
200007,LNZ,1,1,693,13695,16029,5032,0,2000,7
200007,LNZ,1,2,705,15378,5493,0,15378,2000,7
200007,LNZ,1,3,0,2159,257,10,0,2000,7
200007,LNZ,2,1,343,30876,78941,0,0,2000,7
200007,LNZ,2,2,332,33328,43449,0,33328,2000,7
200007,LNZ,2,3,0,2478,51733,0,0,2000,7
200007,SZG,1,1,705,23164,18510,5953,0,2000,7
200007,SZG,1,2,711,24156,11033,6897,24156,2000,7
200007,SZG,1,3,0,2057,281,320,0,2000,7
200007,SZG,2,1,352,41275,73,0,0,2000,7
200007,SZG,2,2,346,42692,880,0,42692,2000,7
200007,SZG,2,3,0,4745,0,0,0,2000,7
200008,VIE,1,1,7507,492730,4376782,250736,0,2000,8
200008,VIE,1,2,7490,479928,5067648,376295,479928,2000,8
200008,VIE,1,3,0,7697,232578,18057,0,2000,8
200008,VIE,2,1,981,125121,203385,143,0,2000,8
200008,VIE,2,2,1000,115445,227547,0,115445,2000,8
200008,VIE,2,3,0,4394,111045,0,0,2000,8
200008,GRZ,1,1,615,18664,70499,0,0,2000,8
200008,GRZ,1,2,617,18710,52563,0,18710,2000,8
200008,GRZ,1,3,0,227,0,0,0,2000,8
200008,GRZ,2,1,259,23156,41948,0,0,2000,8
200008,GRZ,2,2,258,23412,43333,0,23412,2000,8
200008,GRZ,2,3,0,3298,0,0,0,2000,8
200008,INN,1,1,566,13545,26409,6472,0,2000,8
200008,INN,1,2,573,13323,21836,7751,13323,2000,8
200008,INN,1,3,0,66,0,0,0,2000,8
200008,INN,2,1,216,19294,325,0,0,2000,8
200008,INN,2,2,211,19312,0,0,19312,2000,8
200008,INN,2,3,0,1775,0,0,0,2000,8
200008,KLU,1,1,364,8863,2172,0,0,2000,8
200008,KLU,1,2,357,9311,2533,0,9311,2000,8
200008,KLU,2,1,54,3883,0,0,0,2000,8
200008,KLU,2,2,58,3944,0,0,3944,2000,8
200008,KLU,2,3,0,759,0,0,0,2000,8
200008,LNZ,1,1,711,14449,19340,8106,0,2000,8
200008,LNZ,1,2,715,13923,4991,264,13923,2000,8
200008,LNZ,1,3,0,2175,58,0,0,2000,8
200008,LNZ,2,1,318,31194,63252,0,0,2000,8
200008,LNZ,2,2,313,30086,46918,0,30086,2000,8
200008,LNZ,2,3,0,2970,60901,0,0,2000,8
200008,SZG,1,1,706,24585,20246,6206,0,2000,8
200008,SZG,1,2,711,25837,6059,6564,25837,2000,8
200008,SZG,1,3,0,1948,83,244,0,2000,8
200008,SZG,2,1,356,44114,2305,0,0,2000,8
200008,SZG,2,2,351,45151,220,172,45151,2000,8
200008,SZG,2,3,0,4743,0,0,0,2000,8
200009,VIE,1,1,7364,505372,4880702,283199,0,2000,9
200009,VIE,1,2,7351,493114,5438836,414725,493114,2000,9
200009,VIE,1,3,0,8882,301568,7726,0,2000,9
200009,VIE,2,1,909,102502,296909,185,0,2000,9
200009,VIE,2,2,921,88376,198447,0,88376,2000,9
200009,VIE,2,3,0,4819,40875,0,0,2000,9
200009,GRZ,1,1,606,22064,69644,0,0,2000,9
200009,GRZ,1,2,609,21790,52038,0,21790,2000,9
200009,GRZ,1,3,0,175,0,0,0,2000,9
200009,GRZ,2,1,263,23465,39949,0,0,2000,9
200009,GRZ,2,2,263,19236,46133,0,19236,2000,9
200009,GRZ,2,3,0,3916,0,0,0,2000,9
200009,INN,1,1,608,15552,23673,8985,0,2000,9
200009,INN,1,2,612,15030,25797,7991,15030,2000,9
200009,INN,1,3,0,488,0,0,0,2000,9
200009,INN,2,1,202,16043,0,0,0,2000,9
200009,INN,2,2,201,15338,0,98,15338,2000,9
200009,INN,2,3,0,1834,0,0,0,2000,9
200009,KLU,1,1,325,8609,6151,38,0,2000,9
200009,KLU,1,2,329,8844,2633,0,8844,2000,9
200009,KLU,2,1,59,4040,0,0,0,2000,9
200009,KLU,2,2,57,3871,0,0,3871,2000,9
200009,KLU,2,3,0,765,0,0,0,2000,9
200009,LNZ,1,1,613,16276,15977,4272,0,2000,9
200009,LNZ,1,2,621,15810,6675,181,15810,2000,9
200009,LNZ,1,3,0,1919,86,0,0,2000,9
200009,LNZ,2,1,296,25988,68479,0,0,2000,9
200009,LNZ,2,2,294,21110,44541,0,21110,2000,9
200009,LNZ,2,3,0,2120,93496,0,0,2000,9
200009,SZG,1,1,706,24416,17787,8470,0,2000,9
200009,SZG,1,2,703,23312,7927,6757,23312,2000,9
200009,SZG,1,3,0,2681,20,890,0,2000,9
200009,SZG,2,1,310,36140,553,0,0,2000,9
200009,SZG,2,2,311,35165,348,0,35165,2000,9
200009,SZG,2,3,0,3790,0,0,0,2000,9
200010,VIE,1,1,7571,469721,5334433,291074,0,2000,10
200010,VIE,1,2,7589,490721,5831130,461934,490721,2000,10
200010,VIE,1,3,0,9206,364268,13219,0,2000,10
200010,VIE,2,1,614,61589,269803,36,0,2000,10
200010,VIE,2,2,594,47577,222252,0,47577,2000,10
200010,VIE,2,3,0,3012,69389,42,0,2000,10
200010,GRZ,1,1,633,21486,82050,0,0,2000,10
200010,GRZ,1,2,631,22189,55220,0,22189,2000,10
200010,GRZ,1,3,0,217,0,0,0,2000,10
200010,GRZ,2,1,164,12251,47196,0,0,2000,10
200010,GRZ,2,2,168,9965,47368,0,9965,2000,10
200010,GRZ,2,3,0,2886,0,0,0,2000,10
200010,INN,1,1,631,15143,31292,8835,0,2000,10
200010,INN,1,2,629,15932,26975,7372,15932,2000,10
200010,INN,1,3,0,671,0,0,0,2000,10
200010,INN,2,1,96,7945,1046,0,0,2000,10
200010,INN,2,2,102,6192,1359,0,6192,2000,10
200010,INN,2,3,0,1216,0,0,0,2000,10
200010,KLU,1,1,324,7919,3183,0,0,2000,10
200010,KLU,1,2,327,8346,2247,0,8346,2000,10
200010,KLU,2,1,34,1821,0,0,0,2000,10
200010,KLU,2,2,31,1021,0,0,1021,2000,10
200010,KLU,2,3,0,443,0,0,0,2000,10
200010,LNZ,1,1,599,15232,15935,4517,0,2000,10
200010,LNZ,1,2,599,15962,4733,28,15962,2000,10
200010,LNZ,1,3,0,1456,8,0,0,2000,10
200010,LNZ,2,1,211,13813,81374,0,0,2000,10
200010,LNZ,2,2,210,11265,49149,0,11265,2000,10
200010,LNZ,2,3,0,1568,96325,0,0,2000,10
200010,SZG,1,1,703,20167,19545,7525,0,2000,10
200010,SZG,1,2,705,21622,9938,6290,21622,2000,10
200010,SZG,1,3,0,2522,30,334,0,2000,10
200010,SZG,2,1,154,16001,301,0,0,2000,10
200010,SZG,2,2,155,15630,270,0,15630,2000,10
200010,SZG,2,3,0,3132,0,0,0,2000,10
200011,VIE,1,1,7235,412163,4770868,329128,0,2000,11
200011,VIE,1,2,7252,403095,5979169,515762,403095,2000,11
200011,VIE,1,3,0,7434,317159,11825,0,2000,11
200011,VIE,2,1,319,24484,248020,0,0,2000,11
200011,VIE,2,2,305,21770,221199,79,21770,2000,11
200011,VIE,2,3,0,2073,51540,1259,0,2000,11
200011,GRZ,1,1,617,20191,73816,0,0,2000,11
200011,GRZ,1,2,620,19520,69315,0,19520,2000,11
200011,GRZ,1,3,0,331,1491,0,0,2000,11
200011,GRZ,2,1,78,4149,13700,0,0,2000,11
200011,GRZ,2,2,75,3877,48243,0,3877,2000,11
200011,GRZ,2,3,0,521,0,0,0,2000,11
200011,INN,1,1,583,14757,24470,7915,0,2000,11
200011,INN,1,2,579,14646,22137,7553,14646,2000,11
200011,INN,1,3,0,0,0,30,0,2000,11
200011,INN,2,1,29,1489,0,0,0,2000,11
200011,INN,2,2,33,853,0,0,853,2000,11
200011,INN,2,3,0,377,0,0,0,2000,11
200011,KLU,1,1,318,7512,1789,0,0,2000,11
200011,KLU,1,2,316,7522,880,0,7522,2000,11
200011,KLU,2,1,6,152,0,0,0,2000,11
200011,KLU,2,2,7,157,0,0,157,2000,11
200011,LNZ,1,1,510,15338,15194,4268,0,2000,11
200011,LNZ,1,2,513,15080,3045,0,15080,2000,11
200011,LNZ,1,3,0,1162,105,0,0,2000,11
200011,LNZ,2,1,135,6361,70726,0,0,2000,11
200011,LNZ,2,2,129,5595,49539,0,5595,2000,11
200011,LNZ,2,3,0,498,94134,0,0,2000,11
200011,SZG,1,1,577,15981,15209,6307,0,2000,11
200011,SZG,1,2,570,15351,10314,6854,15351,2000,11
200011,SZG,1,3,0,1608,9,0,0,2000,11
200011,SZG,2,1,87,9339,896,0,0,2000,11
200011,SZG,2,2,93,6722,0,0,6722,2000,11
200011,SZG,2,3,0,1484,0,0,0,2000,11
200012,VIE,1,1,6747,383374,4621611,330658,0,2000,12
200012,VIE,1,2,6739,387308,5642335,716132,387308,2000,12
200012,VIE,1,3,0,8109,290256,15622,0,2000,12
200012,VIE,2,1,313,21177,251282,0,0,2000,12
200012,VIE,2,2,307,22257,239535,158,22257,2000,12
200012,VIE,2,3,0,1096,41549,98,0,2000,12
200012,GRZ,1,1,553,16376,66106,0,0,2000,12
200012,GRZ,1,2,550,16209,52843,0,16209,2000,12
200012,GRZ,1,3,0,143,0,0,0,2000,12
200012,GRZ,2,1,55,2762,30577,0,0,2000,12
200012,GRZ,2,2,58,2965,44602,0,2965,2000,12
200012,GRZ,2,3,0,669,0,0,0,2000,12
200012,INN,1,1,560,16137,19294,10802,0,2000,12
200012,INN,1,2,557,13791,19827,13217,13791,2000,12
200012,INN,1,3,0,18,0,0,0,2000,12
200012,INN,2,1,85,8568,0,0,0,2000,12
200012,INN,2,2,86,4016,0,0,4016,2000,12
200012,INN,2,3,0,193,0,0,0,2000,12
200012,KLU,1,1,298,7349,1986,0,0,2000,12
200012,KLU,1,2,298,6492,3181,0,6492,2000,12
200012,KLU,2,1,9,202,0,0,0,2000,12
200012,KLU,2,2,11,165,0,0,165,2000,12
200012,LNZ,1,1,475,12028,12713,4132,0,2000,12
200012,LNZ,1,2,472,12075,2031,0,12075,2000,12
200012,LNZ,1,3,0,1031,42149,0,0,2000,12
200012,LNZ,2,1,115,3924,84741,0,0,2000,12
200012,LNZ,2,2,120,3837,34421,0,3837,2000,12
200012,LNZ,2,3,0,339,32307,0,0,2000,12
200012,SZG,1,1,558,16930,14749,7817,0,2000,12
200012,SZG,1,2,552,14698,8787,11617,14698,2000,12
200012,SZG,1,3,0,1078,31,0,0,2000,12
200012,SZG,2,1,162,21378,2415,0,0,2000,12
200012,SZG,2,2,167,14518,781,0,14518,2000,12
200012,SZG,2,3,0,2196,0,0,0,2000,12
200101,VIE,1,1,7087,356531,4232254,288403,0,2001,1
200101,VIE,1,2,7112,363657,4345240,455870,363657,2001,1
200101,VIE,1,3,0,7522,266582,12424,0,2001,1
200101,VIE,2,1,273,17568,220412,0,0,2001,1
200101,VIE,2,2,262,16942,208972,0,16942,2001,1
200101,VIE,2,3,0,1471,25890,0,0,2001,1
200101,GRZ,1,1,596,16371,70896,0,0,2001,1
200101,GRZ,1,2,595,17046,35217,0,17046,2001,1
200101,GRZ,1,3,0,550,0,0,0,2001,1
200101,GRZ,2,1,63,2756,47567,0,0,2001,1
200101,GRZ,2,2,62,2742,52398,0,2742,2001,1
200101,GRZ,2,3,0,630,0,0,0,2001,1
200101,INN,1,1,586,16905,19555,8372,0,2001,1
200101,INN,1,2,591,18341,21686,7962,18341,2001,1
200101,INN,1,3,0,19,0,0,0,2001,1
200101,INN,2,1,203,20199,0,0,0,2001,1
200101,INN,2,2,197,19155,0,0,19155,2001,1
200101,INN,2,3,0,560,0,0,0,2001,1
200101,KLU,1,1,326,7062,1614,0,0,2001,1
200101,KLU,1,2,325,8126,1955,0,8126,2001,1
200101,KLU,2,1,9,308,0,0,0,2001,1
200101,KLU,2,2,10,330,0,0,330,2001,1
200101,KLU,2,3,0,1,0,0,0,2001,1
200101,LNZ,1,1,507,12170,14738,3513,0,2001,1
200101,LNZ,1,2,503,12646,2562,131,12646,2001,1
200101,LNZ,1,3,0,1273,26,24,0,2001,1
200101,LNZ,2,1,119,4117,73791,0,0,2001,1
200101,LNZ,2,2,122,3351,38962,0,3351,2001,1
200101,LNZ,2,3,0,284,84859,0,0,2001,1
200101,SZG,1,1,582,16187,16212,1912,0,2001,1
200101,SZG,1,2,577,18080,5526,6916,18080,2001,1
200101,SZG,1,3,0,1352,3177,0,0,2001,1
200101,SZG,2,1,241,32251,3051,0,0,2001,1
200101,SZG,2,2,248,32255,54,0,32255,2001,1
200101,SZG,2,3,0,2738,0,0,0,2001,1
200102,VIE,1,1,6478,357677,4324954,245500,0,2001,2
200102,VIE,1,2,6484,358824,4742859,415699,358824,2001,2
200102,VIE,1,3,0,6614,309637,14016,0,2001,2
200102,VIE,2,1,298,21628,225689,1,0,2001,2
200102,VIE,2,2,291,23607,139599,0,23607,2001,2
200102,VIE,2,3,0,977,30995,1121,0,2001,2
200102,GRZ,1,1,543,17430,64139,0,0,2001,2
200102,GRZ,1,2,540,17577,39793,0,17577,2001,2
200102,GRZ,1,3,0,124,0,0,0,2001,2
200102,GRZ,2,1,74,4009,11229,0,0,2001,2
200102,GRZ,2,2,77,4586,0,0,4586,2001,2
200102,GRZ,2,3,0,591,0,0,0,2001,2
200102,INN,1,1,483,16874,19498,8050,0,2001,2
200102,INN,1,2,484,16945,20011,7656,16945,2001,2
200102,INN,1,3,0,62,0,0,0,2001,2
200102,INN,2,1,192,20484,0,0,0,2001,2
200102,INN,2,2,191,20128,0,0,20128,2001,2
200102,INN,2,3,0,359,0,0,0,2001,2
200102,KLU,1,1,262,7772,2375,1,0,2001,2
200102,KLU,1,2,263,7627,1630,0,7627,2001,2
200102,KLU,1,3,0,11,0,0,0,2001,2
200102,KLU,2,1,23,375,0,0,0,2001,2
200102,KLU,2,2,22,363,0,0,363,2001,2
200102,LNZ,1,1,461,12547,13351,2395,0,2001,2
200102,LNZ,1,2,462,12455,2830,108,12455,2001,2
200102,LNZ,1,3,0,1182,1,0,0,2001,2
200102,LNZ,2,1,131,5239,64276,0,0,2001,2
200102,LNZ,2,2,128,5213,40907,0,5213,2001,2
200102,LNZ,2,3,0,402,76682,0,0,2001,2
200102,SZG,1,1,513,16936,15444,1142,0,2001,2
200102,SZG,1,2,503,17286,8290,6479,17286,2001,2
200102,SZG,1,3,0,1386,101,0,0,2001,2
200102,SZG,2,1,269,35761,5463,0,0,2001,2
200102,SZG,2,2,279,36324,0,0,36324,2001,2
200102,SZG,2,3,0,2365,0,0,0,2001,2
200103,VIE,1,1,7297,439015,4663317,299189,0,2001,3
200103,VIE,1,2,7303,430485,5161922,475115,430485,2001,3
200103,VIE,1,3,0,7060,302093,9113,0,2001,3
200103,VIE,2,1,381,31429,267407,420,0,2001,3
200103,VIE,2,2,363,29887,203295,0,29887,2001,3
200103,VIE,2,3,0,1113,39567,0,0,2001,3
200103,GRZ,1,1,622,20393,81285,0,0,2001,3
200103,GRZ,1,2,625,20443,47999,0,20443,2001,3
200103,GRZ,1,3,0,327,0,0,0,2001,3
200103,GRZ,2,1,95,5655,1000,0,0,2001,3
200103,GRZ,2,2,95,5244,0,0,5244,2001,3
200103,GRZ,2,3,0,989,0,0,0,2001,3
200103,INN,1,1,511,17523,17166,6793,0,2001,3
200103,INN,1,2,508,18491,28426,7741,18491,2001,3
200103,INN,1,3,0,19,0,0,0,2001,3
200103,INN,2,1,189,17899,0,0,0,2001,3
200103,INN,2,2,191,21184,0,0,21184,2001,3
200103,INN,2,3,0,398,0,0,0,2001,3
200103,KLU,1,1,294,8131,3204,0,0,2001,3
200103,KLU,1,2,291,8221,1890,0,8221,2001,3
200103,KLU,2,1,17,443,0,0,0,2001,3
200103,KLU,2,2,18,385,0,0,385,2001,3
200103,KLU,2,3,0,254,0,0,0,2001,3
200103,LNZ,1,1,507,14654,18198,5965,0,2001,3
200103,LNZ,1,2,508,14975,1726,966,14975,2001,3
200103,LNZ,1,3,0,1232,0,0,0,2001,3
200103,LNZ,2,1,158,7069,73372,50,0,2001,3
200103,LNZ,2,2,159,7422,50142,0,7422,2001,3
200103,LNZ,2,3,0,922,95129,0,0,2001,3
200103,SZG,1,1,565,18502,17603,785,0,2001,3
200103,SZG,1,2,561,18877,7227,7692,18877,2001,3
200103,SZG,1,3,0,1668,70,0,0,2001,3
200103,SZG,2,1,268,29719,1504,0,0,2001,3
200103,SZG,2,2,271,35724,898,0,35724,2001,3
200103,SZG,2,3,0,3079,0,0,0,2001,3
200104,VIE,1,1,7043,448743,4167305,308928,0,2001,4
200104,VIE,1,2,7056,447505,4792079,445263,447505,2001,4
200104,VIE,1,3,0,4244,126910,5989,0,2001,4
200104,VIE,2,1,560,47016,199960,14,0,2001,4
200104,VIE,2,2,550,53623,189146,0,53623,2001,4
200104,VIE,2,3,0,1906,35167,0,0,2001,4
200104,GRZ,1,1,570,19993,56693,0,0,2001,4
200104,GRZ,1,2,568,20135,39740,0,20135,2001,4
200104,GRZ,1,3,0,50,0,0,0,2001,4
200104,GRZ,2,1,106,5829,700,0,0,2001,4
200104,GRZ,2,2,106,6725,0,0,6725,2001,4
200104,GRZ,2,3,0,1459,0,0,0,2001,4
200104,INN,1,1,351,12074,19068,3608,0,2001,4
200104,INN,1,2,352,13019,18167,5611,13019,2001,4
200104,INN,1,3,0,12,0,0,0,2001,4
200104,INN,2,1,90,4784,1626,0,0,2001,4
200104,INN,2,2,86,7889,0,0,7889,2001,4
200104,INN,2,3,0,539,0,0,0,2001,4
200104,KLU,1,1,263,7493,2405,0,0,2001,4
200104,KLU,1,2,262,7715,1753,0,7715,2001,4
200104,KLU,2,1,14,218,0,0,0,2001,4
200104,KLU,2,2,12,316,4494,0,316,2001,4
200104,KLU,2,3,0,142,0,0,0,2001,4
200104,LNZ,1,1,474,13562,20460,3329,0,2001,4
200104,LNZ,1,2,474,13541,3090,455,13541,2001,4
200104,LNZ,1,3,0,1208,41,0,0,2001,4
200104,LNZ,2,1,188,13909,72614,0,0,2001,4
200104,LNZ,2,2,188,15205,108841,0,15205,2001,4
200104,LNZ,2,3,0,1481,99196,0,0,2001,4
200104,SZG,1,1,549,20282,17672,1979,0,2001,4
200104,SZG,1,2,549,20846,5169,6687,20846,2001,4
200104,SZG,1,3,0,1001,50,0,0,2001,4
200104,SZG,2,1,183,14814,1250,0,0,2001,4
200104,SZG,2,2,183,19536,201,0,19536,2001,4
200104,SZG,2,3,0,3350,0,0,0,2001,4
200105,VIE,1,1,7465,480106,4264682,288878,0,2001,5
200105,VIE,1,2,7470,472668,4930537,437643,472668,2001,5
200105,VIE,1,3,0,6192,325153,5720,0,2001,5
200105,VIE,2,1,686,53554,225914,48,0,2001,5
200105,VIE,2,2,683,60715,203121,0,60715,2001,5
200105,VIE,2,3,0,2907,28370,0,0,2001,5
200105,GRZ,1,1,621,22933,68510,1,0,2001,5
200105,GRZ,1,2,618,22077,29944,0,22077,2001,5
200105,GRZ,1,3,0,359,0,0,0,2001,5
200105,GRZ,2,1,204,11161,54324,0,0,2001,5
200105,GRZ,2,2,206,13574,55239,0,13574,2001,5
200105,GRZ,2,3,0,3696,0,0,0,2001,5
200105,INN,1,1,447,13572,15216,3563,0,2001,5
200105,INN,1,2,451,13461,23603,5639,13461,2001,5
200105,INN,1,3,0,220,0,0,0,2001,5
200105,INN,2,1,172,10143,0,50,0,2001,5
200105,INN,2,2,167,12298,2506,0,12298,2001,5
200105,INN,2,3,0,974,0,0,0,2001,5
200105,KLU,1,1,280,8718,2570,0,0,2001,5
200105,KLU,1,2,279,8300,1117,0,8300,2001,5
200105,KLU,1,3,0,11,0,0,0,2001,5
200105,KLU,2,1,20,1045,0,0,0,2001,5
200105,KLU,2,2,22,1529,16049,0,1529,2001,5
200105,KLU,2,3,0,173,0,0,0,2001,5
200105,LNZ,1,1,516,15727,17697,4227,0,2001,5
200105,LNZ,1,2,518,15570,3947,0,15570,2001,5
200105,LNZ,1,3,0,1396,157,0,0,2001,5
200105,LNZ,2,1,240,14557,68303,0,0,2001,5
200105,LNZ,2,2,237,16788,71349,0,16788,2001,5
200105,LNZ,2,3,0,2006,112867,0,0,2001,5
200105,SZG,1,1,604,24557,17193,1430,0,2001,5
200105,SZG,1,2,603,22790,5837,6098,22790,2001,5
200105,SZG,1,3,0,1423,44,0,0,2001,5
200105,SZG,2,1,283,24934,894,0,0,2001,5
200105,SZG,2,2,284,25504,387,0,25504,2001,5
200105,SZG,2,3,0,4638,5366,46,0,2001,5
200106,VIE,1,1,7172,478769,4005268,288969,0,2001,6
200106,VIE,1,2,7162,494644,4722978,475359,494644,2001,6
200106,VIE,1,3,0,3906,352483,5469,0,2001,6
200106,VIE,2,1,935,81067,228964,50,0,2001,6
200106,VIE,2,2,942,99739,184565,14,99739,2001,6
200106,VIE,2,3,0,3070,48945,9,0,2001,6
200106,GRZ,1,1,598,21415,51561,0,0,2001,6
200106,GRZ,1,2,597,21042,26935,0,21042,2001,6
200106,GRZ,1,3,0,231,0,0,0,2001,6
200106,GRZ,2,1,278,20186,45055,0,0,2001,6
200106,GRZ,2,2,279,21977,51793,0,21977,2001,6
200106,GRZ,2,3,0,3886,0,0,0,2001,6
200106,INN,1,1,453,13680,15860,3508,0,2001,6
200106,INN,1,2,453,13355,19647,7599,13355,2001,6
200106,INN,1,3,0,132,0,0,0,2001,6
200106,INN,2,1,225,19604,200,0,0,2001,6
200106,INN,2,2,221,18869,0,341,18869,2001,6
200106,INN,2,3,0,1057,0,0,0,2001,6
200106,KLU,1,1,264,8354,2469,0,0,2001,6
200106,KLU,1,2,262,7932,1111,0,7932,2001,6
200106,KLU,2,1,57,4601,0,206,0,2001,6
200106,KLU,2,2,56,4350,11,206,4350,2001,6
200106,KLU,2,3,0,500,0,0,0,2001,6
200106,LNZ,1,1,488,14348,15677,3831,0,2001,6
200106,LNZ,1,2,491,13880,2233,349,13880,2001,6
200106,LNZ,1,3,0,1278,9,0,0,2001,6
200106,LNZ,2,1,298,27371,59324,0,0,2001,6
200106,LNZ,2,2,296,29748,65147,0,29748,2001,6
200106,LNZ,2,3,0,1920,106382,0,0,2001,6
200106,SZG,1,1,587,25424,16520,1567,0,2001,6
200106,SZG,1,2,582,24532,4886,6833,24532,2001,6
200106,SZG,1,3,0,1426,10,0,0,2001,6
200106,SZG,2,1,381,41630,63,0,0,2001,6
200106,SZG,2,2,385,40114,2026,0,40114,2001,6
200106,SZG,2,3,0,3557,0,0,0,2001,6
200107,VIE,1,1,7529,484399,3884457,289548,0,2001,7
200107,VIE,1,2,7543,513659,4679672,449039,513659,2001,7
200107,VIE,1,3,0,3871,258145,5004,0,2001,7
200107,VIE,2,1,992,114773,231389,162,0,2001,7
200107,VIE,2,2,983,124061,246155,0,124061,2001,7
200107,VIE,2,3,0,2371,38007,0,0,2001,7
200107,GRZ,1,1,619,20517,59505,0,0,2001,7
200107,GRZ,1,2,617,22115,30358,0,22115,2001,7
200107,GRZ,1,3,0,279,0,0,0,2001,7
200107,GRZ,2,1,220,20981,306,0,0,2001,7
200107,GRZ,2,2,222,22529,5,0,22529,2001,7
200107,GRZ,2,3,0,3775,0,0,0,2001,7
200107,INN,1,1,437,12241,18217,3487,0,2001,7
200107,INN,1,2,447,13247,20602,7270,13247,2001,7
200107,INN,1,3,0,277,0,0,0,2001,7
200107,INN,2,1,198,17414,23,0,0,2001,7
200107,INN,2,2,190,17911,0,0,17911,2001,7
200107,INN,2,3,0,1347,0,0,0,2001,7
200107,KLU,1,1,282,8973,3082,0,0,2001,7
200107,KLU,1,2,282,9046,1964,0,9046,2001,7
200107,KLU,2,1,43,3367,0,0,0,2001,7
200107,KLU,2,2,42,3405,0,0,3405,2001,7
200107,KLU,2,3,0,306,0,0,0,2001,7
200107,LNZ,1,1,518,13546,19680,3899,0,2001,7
200107,LNZ,1,2,516,14975,2533,214,14975,2001,7
200107,LNZ,1,3,0,1399,64,0,0,2001,7
200107,LNZ,2,1,296,29395,72094,0,0,2001,7
200107,LNZ,2,2,298,31871,130136,0,31871,2001,7
200107,LNZ,2,3,0,2359,111926,0,0,2001,7
200107,SZG,1,1,621,26962,17474,1149,0,2001,7
200107,SZG,1,2,610,27719,5615,8243,27719,2001,7
200107,SZG,1,3,0,1477,10,0,0,2001,7
200107,SZG,2,1,333,37676,354,0,0,2001,7
200107,SZG,2,2,346,38871,906,0,38871,2001,7
200107,SZG,2,3,0,4088,0,0,0,2001,7
200108,VIE,1,1,7434,504625,3813411,277825,0,2001,8
200108,VIE,1,2,7399,492077,4324430,433374,492077,2001,8
200108,VIE,1,3,0,4730,308704,6162,0,2001,8
200108,VIE,2,1,1020,126477,217008,26,0,2001,8
200108,VIE,2,2,1067,119748,149026,0,119748,2001,8
200108,VIE,2,3,0,2537,92201,0,0,2001,8
200108,GRZ,1,1,620,19737,53490,5,0,2001,8
200108,GRZ,1,2,620,19951,24481,0,19951,2001,8
200108,GRZ,1,3,0,292,0,0,0,2001,8
200108,GRZ,2,1,245,23640,33519,0,0,2001,8
200108,GRZ,2,2,245,23435,47640,0,23435,2001,8
200108,GRZ,2,3,0,4372,0,0,0,2001,8
200108,INN,1,1,437,12395,15601,2980,0,2001,8
200108,INN,1,2,440,12176,19263,7756,12176,2001,8
200108,INN,1,3,0,259,0,0,0,2001,8
200108,INN,2,1,204,18155,150,0,0,2001,8
200108,INN,2,2,200,18241,1000,0,18241,2001,8
200108,INN,2,3,0,1576,0,0,0,2001,8
200108,KLU,1,1,283,8627,3354,0,0,2001,8
200108,KLU,1,2,281,9189,1851,0,9189,2001,8
200108,KLU,2,1,47,4333,0,0,0,2001,8
200108,KLU,2,2,50,4247,0,0,4247,2001,8
200108,KLU,2,3,0,298,0,0,0,2001,8
200108,LNZ,1,1,516,13665,20000,3918,0,2001,8
200108,LNZ,1,2,513,12920,4086,0,12920,2001,8
200108,LNZ,1,3,0,1767,96,0,0,2001,8
200108,LNZ,2,1,275,31642,57393,0,0,2001,8
200108,LNZ,2,2,280,30774,40928,0,30774,2001,8
200108,LNZ,2,3,0,2218,87075,0,0,2001,8
200108,SZG,1,1,601,29517,17110,658,0,2001,8
200108,SZG,1,2,606,30627,5928,8987,30627,2001,8
200108,SZG,1,3,0,944,57,0,0,2001,8
200108,SZG,2,1,350,43209,539,0,0,2001,8
200108,SZG,2,2,345,43759,83,0,43759,2001,8
200108,SZG,2,3,0,4050,0,0,0,2001,8
200109,VIE,1,1,7245,484946,4050208,267967,0,2001,9
200109,VIE,1,2,7226,472812,4542744,448148,472812,2001,9
200109,VIE,1,3,0,4388,324323,5304,0,2001,9
200109,VIE,2,1,925,103649,284851,166,0,2001,9
200109,VIE,2,2,944,89384,237740,0,89384,2001,9
200109,VIE,2,3,0,2702,61092,0,0,2001,9
200109,GRZ,1,1,576,22391,59513,0,0,2001,9
200109,GRZ,1,2,574,20639,27596,0,20639,2001,9
200109,GRZ,1,3,0,240,0,0,0,2001,9
200109,GRZ,2,1,251,21514,1490,0,0,2001,9
200109,GRZ,2,2,256,17833,0,0,17833,2001,9
200109,GRZ,2,3,0,3783,0,0,0,2001,9
200109,INN,1,1,448,13375,15927,3695,0,2001,9
200109,INN,1,2,448,12823,18562,6751,12823,2001,9
200109,INN,1,3,0,210,0,0,0,2001,9
200109,INN,2,1,209,16049,2669,0,0,2001,9
200109,INN,2,2,209,15709,889,0,15709,2001,9
200109,INN,2,3,0,1293,0,0,0,2001,9
200109,KLU,1,1,270,8330,2664,0,0,2001,9
200109,KLU,1,2,269,8085,791,0,8085,2001,9
200109,KLU,2,1,42,3322,0,0,0,2001,9
200109,KLU,2,2,43,3255,0,0,3255,2001,9
200109,KLU,2,3,0,181,0,0,0,2001,9
200109,LNZ,1,1,481,14686,21040,4533,0,2001,9
200109,LNZ,1,2,487,14036,3860,0,14036,2001,9
200109,LNZ,1,3,0,1421,61,0,0,2001,9
200109,LNZ,2,1,286,28194,53471,0,0,2001,9
200109,LNZ,2,2,277,24284,42828,0,24284,2001,9
200109,LNZ,2,3,0,2684,72378,0,0,2001,9
200109,SZG,1,1,594,26212,14803,819,0,2001,9
200109,SZG,1,2,584,25605,6624,7461,25605,2001,9
200109,SZG,1,3,0,1420,111,0,0,2001,9
200109,SZG,2,1,353,36732,1130,0,0,2001,9
200109,SZG,2,2,363,37343,124,0,37343,2001,9
200109,SZG,2,3,0,4241,0,0,0,2001,9
200110,VIE,1,1,7334,413549,4499290,270858,0,2001,10
200110,VIE,1,2,7316,425912,4977081,511246,425912,2001,10
200110,VIE,1,3,0,4596,439586,8418,0,2001,10
200110,VIE,2,1,557,53476,257229,280,0,2001,10
200110,VIE,2,2,564,41132,204512,0,41132,2001,10
200110,VIE,2,3,0,1253,31559,0,0,2001,10
200110,GRZ,1,1,509,18257,55174,0,0,2001,10
200110,GRZ,1,2,506,18904,28454,0,18904,2001,10
200110,GRZ,1,3,0,285,966,0,0,2001,10
200110,GRZ,2,1,122,8687,5738,0,0,2001,10
200110,GRZ,2,2,127,6794,0,0,6794,2001,10
200110,GRZ,2,3,0,2494,0,0,0,2001,10
200110,INN,1,1,392,11899,19460,3951,0,2001,10
200110,INN,1,2,388,12291,24121,8066,12291,2001,10
200110,INN,1,3,0,39,0,0,0,2001,10
200110,INN,2,1,94,6789,0,0,0,2001,10
200110,INN,2,2,103,5386,136,0,5386,2001,10
200110,INN,2,3,0,1107,0,0,0,2001,10
200110,KLU,1,1,257,6694,1882,0,0,2001,10
200110,KLU,1,2,257,7381,1423,0,7381,2001,10
200110,KLU,2,1,30,1587,0,0,0,2001,10
200110,KLU,2,2,30,1078,0,0,1078,2001,10
200110,KLU,2,3,0,577,0,0,0,2001,10
200110,LNZ,1,1,430,12143,12403,5103,0,2001,10
200110,LNZ,1,2,429,12302,3165,688,12302,2001,10
200110,LNZ,1,3,0,1391,0,0,0,2001,10
200110,LNZ,2,1,194,13826,51651,0,0,2001,10
200110,LNZ,2,2,195,11443,46004,0,11443,2001,10
200110,LNZ,2,3,0,931,57973,0,0,2001,10
200110,SZG,1,1,578,20498,12704,180,0,2001,10
200110,SZG,1,2,573,22258,4706,3780,22258,2001,10
200110,SZG,1,3,0,1396,18,0,0,2001,10
200110,SZG,2,1,159,17779,1315,41,0,2001,10
200110,SZG,2,2,163,15248,356,0,15248,2001,10
200110,SZG,2,3,0,2461,0,0,0,2001,10
200111,VIE,1,1,6929,375124,4274501,302150,0,2001,11
200111,VIE,1,2,6911,364060,4365263,541316,364060,2001,11
200111,VIE,1,3,0,2755,419209,3359,0,2001,11
200111,VIE,2,1,310,22870,280014,395,0,2001,11
200111,VIE,2,2,335,19145,212463,50,19145,2001,11
200111,VIE,2,3,0,3378,48776,38,0,2001,11
200111,GRZ,1,1,525,17829,48389,0,0,2001,11
200111,GRZ,1,2,524,17511,23998,0,17511,2001,11
200111,GRZ,1,3,0,0,150,0,0,2001,11
200111,GRZ,2,1,68,3283,42683,0,0,2001,11
200111,GRZ,2,2,68,2717,84015,0,2717,2001,11
200111,GRZ,2,3,0,716,0,0,0,2001,11
200111,INN,1,1,366,11243,17990,2798,0,2001,11
200111,INN,1,2,370,11462,26312,7359,11462,2001,11
200111,INN,1,3,0,4,0,0,0,2001,11
200111,INN,2,1,32,1525,0,127,0,2001,11
200111,INN,2,2,24,492,0,0,492,2001,11
200111,INN,2,3,0,216,0,0,0,2001,11
200111,KLU,1,1,244,6059,2115,0,0,2001,11
200111,KLU,1,2,242,5942,738,0,5942,2001,11
200111,KLU,2,1,2,0,0,0,0,2001,11
200111,KLU,2,2,4,0,912,0,0,2001,11
200111,LNZ,1,1,420,11335,9582,3083,0,2001,11
200111,LNZ,1,2,425,11404,1845,0,11404,2001,11
200111,LNZ,1,3,0,1015,11,0,0,2001,11
200111,LNZ,2,1,95,4608,54895,0,0,2001,11
200111,LNZ,2,2,92,3269,39948,0,3269,2001,11
200111,LNZ,2,3,0,125,66865,224,0,2001,11
200111,SZG,1,1,654,21583,11209,392,0,2001,11
200111,SZG,1,2,648,20780,7807,7960,20780,2001,11
200111,SZG,1,3,0,2066,35,0,0,2001,11
200111,SZG,2,1,72,8050,371,0,0,2001,11
200111,SZG,2,2,80,5666,293,0,5666,2001,11
200111,SZG,2,3,0,1331,0,0,0,2001,11
200112,VIE,1,1,6370,354052,3905969,304923,0,2001,12
200112,VIE,1,2,6343,354999,4111260,697661,354999,2001,12
200112,VIE,1,3,0,2179,309803,8481,0,2001,12
200112,VIE,2,1,251,15299,89832,174,0,2001,12
200112,VIE,2,2,260,16548,287470,1,16548,2001,12
200112,VIE,2,3,0,2487,36783,329,0,2001,12
200112,GRZ,1,1,443,14758,47986,0,0,2001,12
200112,GRZ,1,2,447,14227,22765,1,14227,2001,12
200112,GRZ,1,3,0,12,0,0,0,2001,12
200112,GRZ,2,1,37,1421,0,0,0,2001,12
200112,GRZ,2,2,35,1526,0,0,1526,2001,12
200112,GRZ,2,3,0,285,0,0,0,2001,12
200112,INN,1,1,399,12179,16665,4186,0,2001,12
200112,INN,1,2,393,11030,16972,10835,11030,2001,12
200112,INN,1,3,0,111,0,0,0,2001,12
200112,INN,2,1,105,9919,91,501,0,2001,12
200112,INN,2,2,111,5202,0,0,5202,2001,12
200112,INN,2,3,0,42,0,0,0,2001,12
200112,KLU,1,1,231,5939,768,0,0,2001,12
200112,KLU,1,2,230,5387,418,12,5387,2001,12
200112,KLU,2,1,4,174,0,0,0,2001,12
200112,KLU,2,2,5,60,0,0,60,2001,12
200112,LNZ,1,1,379,9174,8730,4904,0,2001,12
200112,LNZ,1,2,390,9041,3897,128,9041,2001,12
200112,LNZ,1,3,0,798,0,0,0,2001,12
200112,LNZ,2,1,78,2042,47706,0,0,2001,12
200112,LNZ,2,2,65,2043,44667,0,2043,2001,12
200112,LNZ,2,3,0,332,57355,0,0,2001,12
200112,SZG,1,1,638,26362,15164,125,0,2001,12
200112,SZG,1,2,635,22851,8633,12348,22851,2001,12
200112,SZG,1,3,0,1511,1123,0,0,2001,12
200112,SZG,2,1,137,17738,2941,0,0,2001,12
200112,SZG,2,2,142,10176,278,0,10176,2001,12
200112,SZG,2,3,0,1038,0,0,0,2001,12
200201,VIE,1,1,6764,332750,3657699,260313,0,2002,1
200201,VIE,1,2,6765,341247,3606184,489146,341247,2002,1
200201,VIE,1,3,0,2697,328521,5018,0,2002,1
200201,VIE,2,1,262,14949,229097,81,0,2002,1
200201,VIE,2,2,285,15108,179516,6,15108,2002,1
200201,VIE,2,3,0,2360,62320,505,0,2002,1
200201,GRZ,1,1,507,15161,53364,0,0,2002,1
200201,GRZ,1,2,502,15906,25407,0,15906,2002,1
200201,GRZ,2,1,27,1612,0,0,0,2002,1
200201,GRZ,2,2,28,1575,0,0,1575,2002,1
200201,GRZ,2,3,0,404,0,0,0,2002,1
200201,INN,1,1,453,12904,13817,3275,0,2002,1
200201,INN,1,2,469,14643,19344,2697,14643,2002,1
200201,INN,1,3,0,327,0,0,0,2002,1
200201,INN,2,1,231,23148,180,0,0,2002,1
200201,INN,2,2,212,21690,0,0,21690,2002,1
200201,INN,2,3,0,143,0,0,0,2002,1
200201,KLU,1,1,265,5878,2440,0,0,2002,1
200201,KLU,1,2,261,6703,814,0,6703,2002,1
200201,KLU,2,1,13,522,0,0,0,2002,1
200201,KLU,2,2,14,500,0,0,500,2002,1
200201,LNZ,1,1,444,9766,9521,3689,0,2002,1
200201,LNZ,1,2,451,10291,2588,2488,10291,2002,1
200201,LNZ,1,3,0,917,32,66,0,2002,1
200201,LNZ,2,1,37,2029,325,0,0,2002,1
200201,LNZ,2,2,30,1893,70,0,1893,2002,1
200201,LNZ,2,3,0,137,0,0,0,2002,1
200201,SZG,1,1,696,22065,17337,194,0,2002,1
200201,SZG,1,2,677,24338,10259,8590,24338,2002,1
200201,SZG,1,3,0,1896,314,0,0,2002,1
200201,SZG,2,1,262,34424,2024,0,0,2002,1
200201,SZG,2,2,280,33855,590,0,33855,2002,1
200201,SZG,2,3,0,1187,0,0,0,2002,1
200202,VIE,1,1,6290,343195,3507701,248963,0,2002,2
200202,VIE,1,2,6274,339652,3854263,438611,339652,2002,2
200202,VIE,1,3,0,2232,340046,5598,0,2002,2
200202,VIE,2,1,274,18922,240403,169,0,2002,2
200202,VIE,2,2,290,21414,220934,0,21414,2002,2
200202,VIE,2,3,0,1068,45145,9,0,2002,2
200202,GRZ,1,1,484,16253,59409,6,0,2002,2
200202,GRZ,1,2,482,16295,20812,0,16295,2002,2
200202,GRZ,2,1,33,2084,0,0,0,2002,2
200202,GRZ,2,2,35,2252,0,0,2252,2002,2
200202,GRZ,2,3,0,439,0,0,0,2002,2
200202,INN,1,1,416,13432,12488,2951,0,2002,2
200202,INN,1,2,421,13732,16753,2782,13732,2002,2
200202,INN,1,3,0,172,0,0,0,2002,2
200202,INN,2,1,224,23892,0,0,0,2002,2
200202,INN,2,2,217,23743,0,0,23743,2002,2
200202,INN,2,3,0,99,0,0,0,2002,2
200202,KLU,1,1,234,6347,1587,0,0,2002,2
200202,KLU,1,2,234,6178,1062,0,6178,2002,2
200202,KLU,2,1,8,299,0,0,0,2002,2
200202,KLU,2,2,7,300,0,0,300,2002,2
200202,LNZ,1,1,447,10631,8392,2779,0,2002,2
200202,LNZ,1,2,449,10758,2976,75,10758,2002,2
200202,LNZ,1,3,0,1131,58,0,0,2002,2
200202,LNZ,2,1,54,2874,476,0,0,2002,2
200202,LNZ,2,2,50,3490,11208,0,3490,2002,2
200202,LNZ,2,3,0,284,0,0,0,2002,2
200202,SZG,1,1,626,23488,17466,505,0,2002,2
200202,SZG,1,2,619,24013,5795,8283,24013,2002,2
200202,SZG,1,3,0,2186,56,0,0,2002,2
200202,SZG,2,1,245,35877,2283,0,0,2002,2
200202,SZG,2,2,248,36081,156,0,36081,2002,2
200202,SZG,2,3,0,740,0,0,0,2002,2
200203,VIE,1,1,6972,426477,4099370,276484,0,2002,3
200203,VIE,1,2,6953,421309,4519812,507474,421309,2002,3
200203,VIE,1,3,0,2828,372655,4423,0,2002,3
200203,VIE,2,1,399,30377,241125,0,0,2002,3
200203,VIE,2,2,421,32167,243453,23,32167,2002,3
200203,VIE,2,3,0,2135,46115,0,0,2002,3
200203,GRZ,1,1,517,18850,51256,5,0,2002,3
200203,GRZ,1,2,518,18264,31722,0,18264,2002,3
200203,GRZ,2,1,54,4074,380,0,0,2002,3
200203,GRZ,2,2,52,4001,0,0,4001,2002,3
200203,GRZ,2,3,0,817,0,0,0,2002,3
200203,INN,1,1,452,13903,13382,3288,0,2002,3
200203,INN,1,2,459,14736,16362,2942,14736,2002,3
200203,INN,1,3,0,483,0,0,0,2002,3
200203,INN,2,1,234,22646,0,0,0,2002,3
200203,INN,2,2,232,26271,0,0,26271,2002,3
200203,INN,2,3,0,238,0,0,0,2002,3
200203,KLU,1,1,268,6863,1853,0,0,2002,3
200203,KLU,1,2,269,6552,1081,0,6552,2002,3
200203,KLU,2,1,10,355,0,0,0,2002,3
200203,KLU,2,2,10,370,0,0,370,2002,3
200203,LNZ,1,1,520,11977,8801,3011,0,2002,3
200203,LNZ,1,2,522,11379,5345,6,11379,2002,3
200203,LNZ,1,3,0,2110,380,83,0,2002,3
200203,LNZ,2,1,72,5819,0,0,0,2002,3
200203,LNZ,2,2,71,6361,623,0,6361,2002,3
200203,LNZ,2,3,0,628,0,0,0,2002,3
200203,SZG,1,1,641,26109,15765,143,0,2002,3
200203,SZG,1,2,644,26421,9305,8470,26421,2002,3
200203,SZG,1,3,0,759,1,0,0,2002,3
200203,SZG,2,1,268,36177,1752,0,0,2002,3
200203,SZG,2,2,266,42106,774,0,42106,2002,3
200203,SZG,2,3,0,998,0,0,0,2002,3
200204,VIE,1,1,7145,438214,3907829,245559,0,2002,4
200204,VIE,1,2,7133,436998,4194258,559100,436998,2002,4
200204,VIE,1,3,0,1443,361420,1265,0,2002,4
200204,VIE,2,1,429,35650,229730,12,0,2002,4
200204,VIE,2,2,439,36555,147985,0,36555,2002,4
200204,VIE,2,3,0,1492,62653,0,0,2002,4
200204,GRZ,1,1,590,23264,43423,0,0,2002,4
200204,GRZ,1,2,588,24018,37724,0,24018,2002,4
200204,GRZ,2,1,77,4895,0,0,0,2002,4
200204,GRZ,2,2,76,5935,240,0,5935,2002,4
200204,GRZ,2,3,0,1307,785,0,0,2002,4
200204,INN,1,1,412,11566,14253,2967,0,2002,4
200204,INN,1,2,416,12433,17771,2548,12433,2002,4
200204,INN,1,3,0,145,0,0,0,2002,4
200204,INN,2,1,102,4008,0,0,0,2002,4
200204,INN,2,2,91,7213,0,0,7213,2002,4
200204,INN,2,3,0,240,0,0,0,2002,4
200204,KLU,1,1,264,6549,1532,0,0,2002,4
200204,KLU,1,2,261,6916,682,0,6916,2002,4
200204,KLU,2,1,12,554,0,0,0,2002,4
200204,KLU,2,2,13,860,0,0,860,2002,4
200204,LNZ,1,1,545,12343,7146,3478,0,2002,4
200204,LNZ,1,2,545,12727,6398,63,12727,2002,4
200204,LNZ,1,3,0,2400,362,30,0,2002,4
200204,LNZ,2,1,109,8930,0,0,0,2002,4
200204,LNZ,2,2,110,9576,820,0,9576,2002,4
200204,LNZ,2,3,0,1900,0,0,0,2002,4
200204,SZG,1,1,625,20430,13906,502,0,2002,4
200204,SZG,1,2,624,22900,8055,7438,22900,2002,4
200204,SZG,1,3,0,700,101,0,0,2002,4
200204,SZG,2,1,151,12859,1067,0,0,2002,4
200204,SZG,2,2,151,16559,127,30,16559,2002,4
200204,SZG,2,3,0,1581,0,0,0,2002,4
200205,VIE,1,1,7433,468884,3775111,275846,0,2002,5
200205,VIE,1,2,7427,467574,4336599,554618,467574,2002,5
200205,VIE,1,3,0,1563,308302,1415,0,2002,5
200205,VIE,2,1,690,49548,569530,220,0,2002,5
200205,VIE,2,2,702,60935,478447,0,60935,2002,5
200205,VIE,2,3,0,3476,78366,0,0,2002,5
200205,GRZ,1,1,590,25401,56854,0,0,2002,5
200205,GRZ,1,2,587,24459,34499,0,24459,2002,5
200205,GRZ,1,3,0,2,0,0,0,2002,5
200205,GRZ,2,1,191,11668,0,0,0,2002,5
200205,GRZ,2,2,194,13482,8,0,13482,2002,5
200205,GRZ,2,3,0,3255,0,0,0,2002,5
200205,INN,1,1,400,10690,15672,1986,0,2002,5
200205,INN,1,2,406,10832,16109,2184,10832,2002,5
200205,INN,1,3,0,157,0,0,0,2002,5
200205,INN,2,1,146,9618,0,0,0,2002,5
200205,INN,2,2,138,11664,0,0,11664,2002,5
200205,INN,2,3,0,986,0,0,0,2002,5
200205,KLU,1,1,270,7713,1231,0,0,2002,5
200205,KLU,1,2,267,7343,902,0,7343,2002,5
200205,KLU,2,1,41,2184,0,0,0,2002,5
200205,KLU,2,2,42,3258,0,0,3258,2002,5
200205,KLU,2,3,0,126,0,0,0,2002,5
200205,LNZ,1,1,546,12317,8786,2686,0,2002,5
200205,LNZ,1,2,544,12302,5984,163,12302,2002,5
200205,LNZ,1,3,0,2237,500,9,0,2002,5
200205,LNZ,2,1,197,14734,0,0,0,2002,5
200205,LNZ,2,2,196,18797,606,0,18797,2002,5
200205,LNZ,2,3,0,2106,0,0,0,2002,5
200205,SZG,1,1,641,23754,14479,34,0,2002,5
200205,SZG,1,2,636,23050,6696,7728,23050,2002,5
200205,SZG,1,3,0,1200,84,0,0,2002,5
200205,SZG,2,1,287,25205,835,0,0,2002,5
200205,SZG,2,2,293,26923,160,0,26923,2002,5
200205,SZG,2,3,0,3138,0,0,0,2002,5
200206,VIE,1,1,7207,485620,4008593,301053,0,2002,6
200206,VIE,1,2,7208,497654,4661101,556124,497654,2002,6
200206,VIE,1,3,0,1339,395461,87,0,2002,6
200206,VIE,2,1,925,79977,577701,663,0,2002,6
200206,VIE,2,2,929,98881,463448,8,98881,2002,6
200206,VIE,2,3,0,3171,91335,0,0,2002,6
200206,GRZ,1,1,578,25676,47334,0,0,2002,6
200206,GRZ,1,2,579,25024,31061,0,25024,2002,6
200206,GRZ,2,1,207,15166,0,0,0,2002,6
200206,GRZ,2,2,206,16579,0,0,16579,2002,6
200206,GRZ,2,3,0,3974,1841,26,0,2002,6
200206,INN,1,1,391,12274,13184,1982,0,2002,6
200206,INN,1,2,391,11782,19878,2566,11782,2002,6
200206,INN,1,3,0,47,0,0,0,2002,6
200206,INN,2,1,213,17966,0,0,0,2002,6
200206,INN,2,2,219,16817,86,0,16817,2002,6
200206,INN,2,3,0,402,0,0,0,2002,6
200206,KLU,1,1,251,8286,1787,0,0,2002,6
200206,KLU,1,2,254,8110,1209,0,8110,2002,6
200206,KLU,2,1,43,2949,0,0,0,2002,6
200206,KLU,2,2,40,2411,0,0,2411,2002,6
200206,KLU,2,3,0,581,0,0,0,2002,6
200206,LNZ,1,1,536,12956,6966,3017,0,2002,6
200206,LNZ,1,2,530,12417,9618,552,12417,2002,6
200206,LNZ,1,3,0,2345,510,0,0,2002,6
200206,LNZ,2,1,232,22913,0,0,0,2002,6
200206,LNZ,2,2,237,24068,1388,0,24068,2002,6
200206,LNZ,2,3,0,2636,191,0,0,2002,6
200206,SZG,1,1,617,24607,15549,21,0,2002,6
200206,SZG,1,2,615,23936,7161,7264,23936,2002,6
200206,SZG,1,3,0,1088,16,22,0,2002,6
200206,SZG,2,1,369,37916,217,0,0,2002,6
200206,SZG,2,2,371,35435,32,0,35435,2002,6
200206,SZG,2,3,0,5591,0,0,0,2002,6
200207,VIE,1,1,7558,479559,4160971,341551,0,2002,7
200207,VIE,1,2,7547,505854,4748106,577006,505854,2002,7
200207,VIE,1,3,0,1498,305537,335,0,2002,7
200207,VIE,2,1,938,108300,626648,175,0,2002,7
200207,VIE,2,2,946,109051,623856,0,109051,2002,7
200207,VIE,2,3,0,2699,121339,0,0,2002,7
200207,GRZ,1,1,602,24406,43819,0,0,2002,7
200207,GRZ,1,2,600,25910,29430,0,25910,2002,7
200207,GRZ,1,3,0,194,72,21,0,2002,7
200207,GRZ,2,1,207,19619,350,0,0,2002,7
200207,GRZ,2,2,209,20393,0,0,20393,2002,7
200207,GRZ,2,3,0,3278,0,0,0,2002,7
200207,INN,1,1,373,10756,25358,2574,0,2002,7
200207,INN,1,2,373,11438,16186,2713,11438,2002,7
200207,INN,1,3,0,19,0,0,0,2002,7
200207,INN,2,1,185,16592,0,0,0,2002,7
200207,INN,2,2,184,17210,192,0,17210,2002,7
200207,INN,2,3,0,563,0,0,0,2002,7
200207,KLU,1,1,289,13179,607,0,0,2002,7
200207,KLU,1,2,289,12982,1157,0,12982,2002,7
200207,KLU,2,1,36,2612,0,0,0,2002,7
200207,KLU,2,2,36,2534,0,0,2534,2002,7
200207,KLU,2,3,0,352,0,0,0,2002,7
200207,LNZ,1,1,566,11837,5723,1721,0,2002,7
200207,LNZ,1,2,566,12826,20721,128,12826,2002,7
200207,LNZ,1,3,0,2506,229,0,0,2002,7
200207,LNZ,2,1,207,24910,0,0,0,2002,7
200207,LNZ,2,2,207,26253,460,0,26253,2002,7
200207,LNZ,2,3,0,1319,641,0,0,2002,7
200207,SZG,1,1,652,25451,16341,317,0,2002,7
200207,SZG,1,2,649,27004,7511,8598,27004,2002,7
200207,SZG,1,3,0,540,34,0,0,2002,7
200207,SZG,2,1,355,37992,791,0,0,2002,7
200207,SZG,2,2,358,38963,82,0,38963,2002,7
200207,SZG,2,3,0,5127,0,0,0,2002,7
200208,VIE,1,1,7546,497507,4127373,314597,0,2002,8
200208,VIE,1,2,7497,480320,4469015,523700,480320,2002,8
200208,VIE,1,3,0,1880,274658,16,0,2002,8
200208,VIE,2,1,948,116084,549585,210,0,2002,8
200208,VIE,2,2,1003,110065,535654,0,110065,2002,8
200208,VIE,2,3,0,3637,143391,140,0,2002,8
200208,GRZ,1,1,584,22852,41186,0,0,2002,8
200208,GRZ,1,2,588,22925,30102,0,22925,2002,8
200208,GRZ,1,3,0,187,123,0,0,2002,8
200208,GRZ,2,1,227,23326,0,0,0,2002,8
200208,GRZ,2,2,226,23427,1200,0,23427,2002,8
200208,GRZ,2,3,0,3471,0,0,0,2002,8
200208,INN,1,1,367,11222,16320,2053,0,2002,8
200208,INN,1,2,377,10830,12609,2568,10830,2002,8
200208,INN,1,3,0,25,0,0,0,2002,8
200208,INN,2,1,208,18892,350,0,0,2002,8
200208,INN,2,2,191,18812,0,0,18812,2002,8
200208,INN,2,3,0,541,0,0,0,2002,8
200208,KLU,1,1,285,12610,764,0,0,2002,8
200208,KLU,1,2,285,13225,649,0,13225,2002,8
200208,KLU,1,3,0,19,0,0,0,2002,8
200208,KLU,2,1,42,3487,0,0,0,2002,8
200208,KLU,2,2,41,3485,0,0,3485,2002,8
200208,KLU,2,3,0,402,0,0,0,2002,8
200208,LNZ,1,1,544,10716,5875,1840,0,2002,8
200208,LNZ,1,2,545,10837,11135,130,10837,2002,8
200208,LNZ,1,3,0,2723,270,0,0,2002,8
200208,LNZ,2,1,226,28840,0,0,0,2002,8
200208,LNZ,2,2,224,28382,360,0,28382,2002,8
200208,LNZ,2,3,0,1499,0,0,0,2002,8
200208,SZG,1,1,649,26899,18268,80,0,2002,8
200208,SZG,1,2,650,29009,7386,8180,29009,2002,8
200208,SZG,1,3,0,403,474,60,0,2002,8
200208,SZG,2,1,375,41090,463,0,0,2002,8
200208,SZG,2,2,373,43480,1055,0,43480,2002,8
200208,SZG,2,3,0,5293,0,0,0,2002,8
200209,VIE,1,1,7357,512537,4362053,340155,0,2002,9
200209,VIE,1,2,7360,500014,4767842,530197,500014,2002,9
200209,VIE,1,3,0,1832,283876,142,0,2002,9
200209,VIE,2,1,872,91099,629607,598,0,2002,9
200209,VIE,2,2,876,81398,621035,0,81398,2002,9
200209,VIE,2,3,0,3681,91094,0,0,2002,9
200209,GRZ,1,1,587,26954,54264,0,0,2002,9
200209,GRZ,1,2,584,26101,40690,0,26101,2002,9
200209,GRZ,1,3,0,175,0,0,0,2002,9
200209,GRZ,2,1,193,18321,921,0,0,2002,9
200209,GRZ,2,2,194,15585,9760,0,15585,2002,9
200209,GRZ,2,3,0,2836,0,0,0,2002,9
200209,INN,1,1,403,12813,15947,437,0,2002,9
200209,INN,1,2,403,12540,20690,2533,12540,2002,9
200209,INN,1,3,0,238,0,0,0,2002,9
200209,INN,2,1,178,13497,0,0,0,2002,9
200209,INN,2,2,181,13952,0,85,13952,2002,9
200209,INN,2,3,0,994,0,0,0,2002,9
200209,KLU,1,1,269,12074,1347,0,0,2002,9
200209,KLU,1,2,268,12398,629,0,12398,2002,9
200209,KLU,2,1,30,2623,0,0,0,2002,9
200209,KLU,2,2,31,2516,850,0,2516,2002,9
200209,KLU,2,3,0,260,0,0,0,2002,9
200209,LNZ,1,1,547,13401,7363,3864,0,2002,9
200209,LNZ,1,2,543,12838,8195,0,12838,2002,9
200209,LNZ,1,3,0,2583,244,30,0,2002,9
200209,LNZ,2,1,203,24203,33660,0,0,2002,9
200209,LNZ,2,2,205,20553,955,0,20553,2002,9
200209,LNZ,2,3,0,913,0,0,0,2002,9
200209,SZG,1,1,633,26899,15457,0,0,2002,9
200209,SZG,1,2,631,26298,10953,8064,26298,2002,9
200209,SZG,1,3,0,587,341,0,0,2002,9
200209,SZG,2,1,335,33889,768,0,0,2002,9
200209,SZG,2,2,338,33233,505,0,33233,2002,9
200209,SZG,2,3,0,3682,0,0,0,2002,9
200210,VIE,1,1,7659,481557,4604323,388240,0,2002,10
200210,VIE,1,2,7800,500976,5077175,621529,500976,2002,10
200210,VIE,1,3,0,3232,415332,1780,0,2002,10
200210,VIE,2,1,589,53580,679276,351,0,2002,10
200210,VIE,2,2,594,43622,597832,147,43622,2002,10
200210,VIE,2,3,0,3193,121024,0,0,2002,10
200210,GRZ,1,1,623,26788,47925,0,0,2002,10
200210,GRZ,1,2,625,27449,35620,0,27449,2002,10
200210,GRZ,2,1,111,9881,192,0,0,2002,10
200210,GRZ,2,2,107,7825,0,0,7825,2002,10
200210,GRZ,2,3,0,1227,0,0,0,2002,10
200210,INN,1,1,434,13109,13511,146,0,2002,10
200210,INN,1,2,438,13939,25308,2907,13939,2002,10
200210,INN,1,3,0,22,0,0,0,2002,10
200210,INN,2,1,98,7791,465,0,0,2002,10
200210,INN,2,2,91,6371,0,0,6371,2002,10
200210,INN,2,3,0,438,0,0,0,2002,10
200210,KLU,1,1,287,11221,1766,0,0,2002,10
200210,KLU,1,2,286,11767,767,0,11767,2002,10
200210,KLU,2,1,17,1325,0,0,0,2002,10
200210,KLU,2,2,17,1030,0,0,1030,2002,10
200210,KLU,2,3,0,188,0,0,0,2002,10
200210,LNZ,1,1,573,12994,6441,2487,0,2002,10
200210,LNZ,1,2,575,13520,11249,32,13520,2002,10
200210,LNZ,1,3,0,2582,222,0,0,2002,10
200210,LNZ,2,1,118,11416,0,0,0,2002,10
200210,LNZ,2,2,118,9127,0,0,9127,2002,10
200210,LNZ,2,3,0,1302,0,0,0,2002,10
200210,SZG,1,1,668,23687,18162,455,0,2002,10
200210,SZG,1,2,668,25683,11650,9041,25683,2002,10
200210,SZG,1,3,0,760,61,0,0,2002,10
200210,SZG,2,1,165,18677,800,0,0,2002,10
200210,SZG,2,2,165,16076,0,0,16076,2002,10
200210,SZG,2,3,0,2077,0,0,0,2002,10
200211,VIE,1,1,7256,413526,4600339,395119,0,2002,11
200211,VIE,1,2,7241,402160,4988665,641642,402160,2002,11
200211,VIE,1,3,0,1846,312285,852,0,2002,11
200211,VIE,2,1,476,36627,703677,269,0,2002,11
200211,VIE,2,2,476,31854,603581,0,31854,2002,11
200211,VIE,2,3,0,2176,149565,0,0,2002,11
200211,GRZ,1,1,573,23355,52087,0,0,2002,11
200211,GRZ,1,2,577,23443,42200,0,23443,2002,11
200211,GRZ,1,3,0,66,0,0,0,2002,11
200211,GRZ,2,1,67,3629,5349,0,0,2002,11
200211,GRZ,2,2,67,4278,2562,0,4278,2002,11
200211,GRZ,2,3,0,449,0,0,0,2002,11
200211,INN,1,1,425,12576,16635,52,0,2002,11
200211,INN,1,2,422,12731,18914,1476,12731,2002,11
200211,INN,1,3,0,6,0,0,0,2002,11
200211,INN,2,1,52,3291,0,0,0,2002,11
200211,INN,2,2,53,2046,0,0,2046,2002,11
200211,INN,2,3,0,83,0,0,0,2002,11
200211,KLU,1,1,272,10189,1888,0,0,2002,11
200211,KLU,1,2,271,10447,721,0,10447,2002,11
200211,KLU,2,1,1,186,0,0,0,2002,11
200211,KLU,2,2,2,0,0,0,0,2002,11
200211,LNZ,1,1,531,12453,8111,3059,0,2002,11
200211,LNZ,1,2,535,12281,14277,0,12281,2002,11
200211,LNZ,1,3,0,2275,302,5,0,2002,11
200211,LNZ,2,1,82,7256,35000,0,0,2002,11
200211,LNZ,2,2,78,6373,6,0,6373,2002,11
200211,LNZ,2,3,0,351,0,0,0,2002,11
200211,SZG,1,1,634,23050,13318,0,0,2002,11
200211,SZG,1,2,633,22520,14231,8246,22520,2002,11
200211,SZG,1,3,0,722,751,0,0,2002,11
200211,SZG,2,1,105,10783,2349,0,0,2002,11
200211,SZG,2,2,105,9131,177,0,9131,2002,11
200211,SZG,2,3,0,1128,0,0,0,2002,11
200212,VIE,1,1,6899,408636,4110906,403859,0,2002,12
200212,VIE,1,2,6884,414853,4374619,824375,414853,2002,12
200212,VIE,1,3,0,1903,308291,847,0,2002,12
200212,VIE,2,1,377,19222,614269,12,0,2002,12
200212,VIE,2,2,380,19976,578476,0,19976,2002,12
200212,VIE,2,3,0,1859,122657,58,0,2002,12
200212,GRZ,1,1,496,20172,50938,0,0,2002,12
200212,GRZ,1,2,501,19476,25220,0,19476,2002,12
200212,GRZ,2,1,37,1737,0,0,0,2002,12
200212,GRZ,2,2,33,2586,28,0,2586,2002,12
200212,GRZ,2,3,0,513,0,0,0,2002,12
200212,INN,1,1,407,13106,15016,141,0,2002,12
200212,INN,1,2,413,11682,17771,2279,11682,2002,12
200212,INN,1,3,0,10,0,0,0,2002,12
200212,INN,2,1,126,12756,0,0,0,2002,12
200212,INN,2,2,122,6546,60,0,6546,2002,12
200212,KLU,1,1,240,10489,1169,0,0,2002,12
200212,KLU,1,2,242,9106,1426,0,9106,2002,12
200212,KLU,1,3,0,144,0,0,0,2002,12
200212,KLU,2,1,11,81,0,0,0,2002,12
200212,KLU,2,2,11,39,0,0,39,2002,12
200212,LNZ,1,1,476,9664,6504,4394,0,2002,12
200212,LNZ,1,2,481,9568,12369,40,9568,2002,12
200212,LNZ,1,3,0,2380,265,5,0,2002,12
200212,LNZ,2,1,61,3924,20603,0,0,2002,12
200212,LNZ,2,2,55,4066,3054,0,4066,2002,12
200212,LNZ,2,3,0,1080,0,0,0,2002,12
200212,SZG,1,1,613,28011,13192,0,0,2002,12
200212,SZG,1,2,612,24832,7076,13120,24832,2002,12
200212,SZG,1,3,0,422,15,0,0,2002,12
200212,SZG,2,1,148,20147,3205,0,0,2002,12
200212,SZG,2,2,149,12964,0,0,12964,2002,12
200212,SZG,2,3,0,460,0,0,0,2002,12
200301,VIE,1,1,7191,381902,3724865,385644,0,2003,1
200301,VIE,1,2,7200,390164,3824317,579610,390164,2003,1
200301,VIE,1,3,0,2285,309711,706,0,2003,1
200301,VIE,2,1,347,19556,557546,328,0,2003,1
200301,VIE,2,2,362,20304,501225,0,20304,2003,1
200301,VIE,2,3,0,2116,171698,120,0,2003,1
200301,GRZ,1,1,560,19595,49521,0,0,2003,1
200301,GRZ,1,2,557,21195,26565,56,21195,2003,1
200301,GRZ,1,3,0,27,0,0,0,2003,1
200301,GRZ,2,1,43,2771,405,0,0,2003,1
200301,GRZ,2,2,43,2945,600,0,2945,2003,1
200301,GRZ,2,3,0,202,0,0,0,2003,1
200301,INN,1,1,436,13576,15527,105,0,2003,1
200301,INN,1,2,445,14927,17907,919,14927,2003,1
200301,INN,1,3,0,43,0,0,0,2003,1
200301,INN,2,1,287,27002,23,0,0,2003,1
200301,INN,2,2,271,25831,0,0,25831,2003,1
200301,INN,2,3,0,19,0,0,0,2003,1
200301,KLU,1,1,255,8300,1042,0,0,2003,1
200301,KLU,1,2,255,9640,1072,0,9640,2003,1
200301,KLU,2,1,14,214,0,0,0,2003,1
200301,KLU,2,2,12,218,380,0,218,2003,1
200301,KLU,2,3,0,1,0,0,0,2003,1
200301,LNZ,1,1,492,10092,6215,3072,0,2003,1
200301,LNZ,1,2,492,10577,10453,28,10577,2003,1
200301,LNZ,1,3,0,2512,652,109,0,2003,1
200301,LNZ,2,1,61,4460,0,0,0,2003,1
200301,LNZ,2,2,59,4340,3242,0,4340,2003,1
200301,LNZ,2,3,0,1324,0,0,0,2003,1
200301,SZG,1,1,624,21917,10816,161,0,2003,1
200301,SZG,1,2,623,24173,6595,7303,24173,2003,1
200301,SZG,1,3,0,729,436,0,0,2003,1
200301,SZG,2,1,315,37159,4004,0,0,2003,1
200301,SZG,2,2,317,37298,0,0,37298,2003,1
200301,SZG,2,3,0,1750,0,0,0,2003,1
200302,VIE,1,1,6753,377021,3706608,347172,0,2003,2
200302,VIE,1,2,6738,369072,4093116,531267,369072,2003,2
200302,VIE,1,3,0,2423,294428,1125,0,2003,2
200302,VIE,2,1,329,19741,569845,389,0,2003,2
200302,VIE,2,2,341,20044,490677,0,20044,2003,2
200302,VIE,2,3,0,1772,124144,1301,0,2003,2
200302,GRZ,1,1,538,21008,54736,0,0,2003,2
200302,GRZ,1,2,552,21311,27298,0,21311,2003,2
200302,GRZ,1,3,0,26,0,0,0,2003,2
200302,GRZ,2,1,63,3936,223,0,0,2003,2
200302,GRZ,2,2,50,3994,92,0,3994,2003,2
200302,GRZ,2,3,0,276,0,0,0,2003,2
200302,INN,1,1,409,13830,17304,35,0,2003,2
200302,INN,1,2,423,14008,17775,1100,14008,2003,2
200302,INN,2,1,253,27846,0,0,0,2003,2
200302,INN,2,2,240,28114,64,11,28114,2003,2
200302,INN,2,3,0,136,0,0,0,2003,2
200302,KLU,1,1,233,9539,1364,0,0,2003,2
200302,KLU,1,2,234,9452,796,0,9452,2003,2
200302,KLU,2,1,12,231,0,0,0,2003,2
200302,KLU,2,2,9,233,300,0,233,2003,2
200302,LNZ,1,1,508,10880,7032,3021,0,2003,2
200302,LNZ,1,2,506,10729,14139,49,10729,2003,2
200302,LNZ,1,3,0,2399,198,0,0,2003,2
200302,LNZ,2,1,73,5293,6235,0,0,2003,2
200302,LNZ,2,2,75,4906,6538,0,4906,2003,2
200302,LNZ,2,3,0,1137,0,0,0,2003,2
200302,SZG,1,1,613,24152,13336,340,0,2003,2
200302,SZG,1,2,618,24165,6816,7936,24165,2003,2
200302,SZG,1,3,0,644,630,0,0,2003,2
200302,SZG,2,1,273,37248,4274,0,0,2003,2
200302,SZG,2,2,267,37822,0,0,37822,2003,2
200302,SZG,2,3,0,1202,0,0,0,2003,2
200303,VIE,1,1,7444,433776,4707388,381069,0,2003,3
200303,VIE,1,2,7441,430516,4597145,619329,430516,2003,3
200303,VIE,1,3,0,1899,361898,9677,0,2003,3
200303,VIE,2,1,343,22805,600937,180,0,2003,3
200303,VIE,2,2,352,20805,642254,2558,20805,2003,3
200303,VIE,2,3,0,1660,228811,52,0,2003,3
200303,GRZ,1,1,611,22612,59488,0,0,2003,3
200303,GRZ,1,2,619,22842,26980,0,22842,2003,3
200303,GRZ,1,3,0,187,0,0,0,2003,3
200303,GRZ,2,1,106,3838,50,0,0,2003,3
200303,GRZ,2,2,94,3585,0,0,3585,2003,3
200303,GRZ,2,3,0,866,0,0,0,2003,3
200303,INN,1,1,471,14534,16984,378,0,2003,3
200303,INN,1,2,480,15651,17612,1091,15651,2003,3
200303,INN,1,3,0,304,0,0,0,2003,3
200303,INN,2,1,268,25443,0,0,0,2003,3
200303,INN,2,2,264,30123,0,0,30123,2003,3
200303,INN,2,3,0,21,0,0,0,2003,3
200303,KLU,1,1,255,9098,1833,0,0,2003,3
200303,KLU,1,2,254,9679,981,0,9679,2003,3
200303,KLU,2,1,13,3,0,0,0,2003,3
200303,KLU,2,2,14,3,1804,0,3,2003,3
200303,LNZ,1,1,534,11730,8670,2909,0,2003,3
200303,LNZ,1,2,535,11887,12936,58,11887,2003,3
200303,LNZ,1,3,0,2225,624,0,0,2003,3
200303,LNZ,2,1,75,5864,0,0,0,2003,3
200303,LNZ,2,2,77,6185,183641,0,6185,2003,3
200303,LNZ,2,3,0,1150,0,0,0,2003,3
200303,SZG,1,1,641,21252,12477,0,0,2003,3
200303,SZG,1,2,643,23589,8626,9083,23589,2003,3
200303,SZG,1,3,0,607,185,0,0,2003,3
200303,SZG,2,1,266,31828,2586,0,0,2003,3
200303,SZG,2,2,265,38002,2360,0,38002,2003,3
200303,SZG,2,3,0,1534,0,0,0,2003,3
200304,VIE,1,1,7266,432819,3994018,365871,0,2003,4
200304,VIE,1,2,7238,428017,4130455,609981,428017,2003,4
200304,VIE,1,3,0,1861,392047,1212,0,2003,4
200304,VIE,2,1,452,34703,548422,270,0,2003,4
200304,VIE,2,2,463,39527,510023,0,39527,2003,4
200304,VIE,2,3,0,2121,128068,0,0,2003,4
200304,GRZ,1,1,722,24576,55213,0,0,2003,4
200304,GRZ,1,2,728,24652,24309,0,24652,2003,4
200304,GRZ,1,3,0,118,0,0,0,2003,4
200304,GRZ,2,1,90,2902,3635,0,0,2003,4
200304,GRZ,2,2,84,5754,0,0,5754,2003,4
200304,GRZ,2,3,0,744,0,0,0,2003,4
200304,INN,1,1,427,10981,13725,35,0,2003,4
200304,INN,1,2,427,11522,15499,792,11522,2003,4
200304,INN,1,3,0,461,0,0,0,2003,4
200304,INN,2,1,102,5714,0,0,0,2003,4
200304,INN,2,2,105,9234,0,0,9234,2003,4
200304,INN,2,3,0,807,0,0,0,2003,4
200304,KLU,1,1,246,9858,924,0,0,2003,4
200304,KLU,1,2,246,9812,1871,0,9812,2003,4
200304,KLU,2,1,16,1221,0,0,0,2003,4
200304,KLU,2,2,16,1667,0,0,1667,2003,4
200304,KLU,2,3,0,52,0,0,0,2003,4
200304,LNZ,1,1,535,12467,5606,1828,0,2003,4
200304,LNZ,1,2,530,12119,6578,36,12119,2003,4
200304,LNZ,1,3,0,2274,767,20,0,2003,4
200304,LNZ,2,1,130,10814,0,0,0,2003,4
200304,LNZ,2,2,134,11980,110,0,11980,2003,4
200304,LNZ,2,3,0,973,0,0,0,2003,4
200304,SZG,1,1,541,20780,8281,177,0,2003,4
200304,SZG,1,2,543,22232,2320,5983,22232,2003,4
200304,SZG,1,3,0,522,0,0,0,2003,4
200304,SZG,2,1,125,10539,2255,0,0,2003,4
200304,SZG,2,2,123,12991,0,0,12991,2003,4
200304,SZG,2,3,0,1514,0,0,0,2003,4
200305,VIE,1,1,7615,476180,3820387,370523,0,2003,5
200305,VIE,1,2,7592,466989,4016849,533310,466989,2003,5
200305,VIE,1,3,0,1720,465969,1717,0,2003,5
200305,VIE,2,1,635,41028,578219,123,0,2003,5
200305,VIE,2,2,665,51021,628901,999,51021,2003,5
200305,VIE,2,3,0,3753,149231,144,0,2003,5
200305,GRZ,1,1,725,27834,49602,0,0,2003,5
200305,GRZ,1,2,725,26756,20788,0,26756,2003,5
200305,GRZ,1,3,0,56,0,0,0,2003,5
200305,GRZ,2,1,167,6725,5297,0,0,2003,5
200305,GRZ,2,2,167,9564,1849,0,9564,2003,5
200305,GRZ,2,3,0,2236,0,0,0,2003,5
200305,INN,1,1,434,11426,18454,0,0,2003,5
200305,INN,1,2,433,11388,17587,729,11388,2003,5
200305,INN,1,3,0,374,0,0,0,2003,5
200305,INN,2,1,160,8938,0,0,0,2003,5
200305,INN,2,2,158,10225,131,0,10225,2003,5
200305,INN,2,3,0,1240,0,0,0,2003,5
200305,KLU,1,1,238,10059,1924,0,0,2003,5
200305,KLU,1,2,238,9386,926,0,9386,2003,5
200305,KLU,2,1,24,1115,0,0,0,2003,5
200305,KLU,2,2,25,1505,0,0,1505,2003,5
200305,KLU,2,3,0,190,0,0,0,2003,5
200305,LNZ,1,1,538,12610,7755,2814,0,2003,5
200305,LNZ,1,2,541,12491,7784,28,12491,2003,5
200305,LNZ,1,3,0,2016,556,5,0,2003,5
200305,LNZ,2,1,175,9386,5850,0,0,2003,5
200305,LNZ,2,2,172,11731,28092,0,11731,2003,5
200305,LNZ,2,3,0,2303,0,0,0,2003,5
200305,SZG,1,1,557,23335,8042,397,0,2003,5
200305,SZG,1,2,551,22769,2524,4911,22769,2003,5
200305,SZG,1,3,0,919,0,0,0,2003,5
200305,SZG,2,1,244,19224,384,0,0,2003,5
200305,SZG,2,2,250,20894,229,0,20894,2003,5
200305,SZG,2,3,0,3397,0,0,0,2003,5
200306,VIE,1,1,7546,499386,3823568,399784,0,2003,6
200306,VIE,1,2,7536,515303,4068280,493523,515303,2003,6
200306,VIE,1,3,0,2170,573230,1364,0,2003,6
200306,VIE,2,1,911,76040,551364,20,0,2003,6
200306,VIE,2,2,927,97365,623349,0,97365,2003,6
200306,VIE,2,3,0,3977,100749,0,0,2003,6
200306,GRZ,1,1,708,26583,56226,0,0,2003,6
200306,GRZ,1,2,706,26922,22966,0,26922,2003,6
200306,GRZ,1,3,0,34,0,0,0,2003,6
200306,GRZ,2,1,258,17368,5984,0,0,2003,6
200306,GRZ,2,2,256,20836,3427,0,20836,2003,6
200306,GRZ,2,3,0,2346,910,0,0,2003,6
200306,INN,1,1,433,12219,22163,516,0,2003,6
200306,INN,1,2,433,11516,18371,649,11516,2003,6
200306,INN,1,3,0,362,0,0,0,2003,6
200306,INN,2,1,227,16580,30,0,0,2003,6
200306,INN,2,2,233,15991,0,400,15991,2003,6
200306,INN,2,3,0,1434,0,0,0,2003,6
200306,KLU,1,1,246,10872,3599,0,0,2003,6
200306,KLU,1,2,246,10329,1222,0,10329,2003,6
200306,KLU,2,1,56,3768,0,0,0,2003,6
200306,KLU,2,2,56,3647,0,0,3647,2003,6
200306,KLU,2,3,0,670,0,0,0,2003,6
200306,LNZ,1,1,523,12618,6864,1988,0,2003,6
200306,LNZ,1,2,522,12637,3974,53,12637,2003,6
200306,LNZ,1,3,0,2163,176,0,0,2003,6
200306,LNZ,2,1,239,21615,2970,0,0,2003,6
200306,LNZ,2,2,240,23457,83632,0,23457,2003,6
200306,LNZ,2,3,0,1866,0,0,0,2003,6
200306,SZG,1,1,526,21847,11866,230,0,2003,6
200306,SZG,1,2,523,20826,2029,3628,20826,2003,6
200306,SZG,1,3,0,13,0,0,0,2003,6
200306,SZG,2,1,367,38963,4952,0,0,2003,6
200306,SZG,2,2,371,39103,1070,0,39103,2003,6
200306,SZG,2,3,0,5026,0,0,0,2003,6
200307,VIE,1,1,7849,511420,3879524,392554,0,2003,7
200307,VIE,1,2,7836,533385,4256957,519528,533385,2003,7
200307,VIE,1,3,0,2513,550084,171,0,2003,7
200307,VIE,2,1,988,111010,658167,141,0,2003,7
200307,VIE,2,2,1005,116664,683457,184,116664,2003,7
200307,VIE,2,3,0,5151,108517,422,0,2003,7
200307,GRZ,1,1,730,27406,51377,0,0,2003,7
200307,GRZ,1,2,726,28529,25685,0,28529,2003,7
200307,GRZ,1,3,0,34,0,0,0,2003,7
200307,GRZ,2,1,266,20185,1010,0,0,2003,7
200307,GRZ,2,2,271,22100,0,0,22100,2003,7
200307,GRZ,2,3,0,4659,0,0,0,2003,7
200307,INN,1,1,407,11230,21818,89,0,2003,7
200307,INN,1,2,405,12136,17172,947,12136,2003,7
200307,INN,1,3,0,334,0,0,0,2003,7
200307,INN,2,1,189,16525,6410,0,0,2003,7
200307,INN,2,2,190,17412,0,0,17412,2003,7
200307,INN,2,3,0,1437,0,0,0,2003,7
200307,KLU,1,1,262,11897,2457,0,0,2003,7
200307,KLU,1,2,265,11560,1487,0,11560,2003,7
200307,KLU,2,1,45,3003,0,0,0,2003,7
200307,KLU,2,2,42,3051,0,0,3051,2003,7
200307,KLU,2,3,0,660,0,0,0,2003,7
200307,LNZ,1,1,531,12008,5481,3204,0,2003,7
200307,LNZ,1,2,529,13190,10304,294,13190,2003,7
200307,LNZ,1,3,0,2434,112,0,0,2003,7
200307,LNZ,2,1,225,24042,4804,0,0,2003,7
200307,LNZ,2,2,226,25746,49836,0,25746,2003,7
200307,LNZ,2,3,0,1635,0,0,0,2003,7
200307,SZG,1,1,566,23598,12235,650,0,2003,7
200307,SZG,1,2,562,23696,3207,5056,23696,2003,7
200307,SZG,2,1,334,37315,2889,0,0,2003,7
200307,SZG,2,2,338,39189,6160,0,39189,2003,7
200307,SZG,2,3,0,4850,0,0,0,2003,7
200308,VIE,1,1,7753,542663,3726939,372931,0,2003,8
200308,VIE,1,2,7732,513088,4083970,486723,513088,2003,8
200308,VIE,1,3,0,3081,508834,70,0,2003,8
200308,VIE,2,1,1000,130045,559549,1208,0,2003,8
200308,VIE,2,2,1021,112272,509190,372,112272,2003,8
200308,VIE,2,3,0,4194,72004,0,0,2003,8
200308,GRZ,1,1,635,24883,50946,30,0,2003,8
200308,GRZ,1,2,632,24840,20334,0,24840,2003,8
200308,GRZ,1,3,0,80,0,0,0,2003,8
200308,GRZ,2,1,317,25492,9495,0,0,2003,8
200308,GRZ,2,2,321,25163,248,0,25163,2003,8
200308,GRZ,2,3,0,5894,0,0,0,2003,8
200308,INN,1,1,411,11563,20292,155,0,2003,8
200308,INN,1,2,410,10739,12526,901,10739,2003,8
200308,INN,1,3,0,229,0,0,0,2003,8
200308,INN,2,1,217,20292,436,0,0,2003,8
200308,INN,2,2,219,20280,0,0,20280,2003,8
200308,INN,2,3,0,1806,0,0,0,2003,8
200308,KLU,1,1,259,11393,2258,0,0,2003,8
200308,KLU,1,2,264,11987,1132,0,11987,2003,8
200308,KLU,2,1,59,4529,0,0,0,2003,8
200308,KLU,2,2,54,4395,0,0,4395,2003,8
200308,KLU,2,3,0,762,0,0,0,2003,8
200308,LNZ,1,1,510,11223,5461,1652,0,2003,8
200308,LNZ,1,2,511,10812,8864,0,10812,2003,8
200308,LNZ,1,3,0,2559,704,0,0,2003,8
200308,LNZ,2,1,241,30176,3577,0,0,2003,8
200308,LNZ,2,2,240,29320,24298,0,29320,2003,8
200308,LNZ,2,3,0,2152,0,0,0,2003,8
200308,SZG,1,1,567,27088,16028,0,0,2003,8
200308,SZG,1,2,564,27587,2688,4641,27587,2003,8
200308,SZG,1,3,0,1,0,0,0,2003,8
200308,SZG,2,1,335,42098,4248,0,0,2003,8
200308,SZG,2,2,337,43016,169,0,43016,2003,8
200308,SZG,2,3,0,4452,0,0,0,2003,8
200309,VIE,1,1,7879,555898,4173828,428146,0,2003,9
200309,VIE,1,2,7871,551934,4247320,493391,551934,2003,9
200309,VIE,1,3,0,2467,447102,724,0,2003,9
200309,VIE,2,1,865,88161,645083,488,0,2003,9
200309,VIE,2,2,878,79266,650922,452,79266,2003,9
200309,VIE,2,3,0,3533,79034,0,0,2003,9
200309,GRZ,1,1,663,28523,52476,0,0,2003,9
200309,GRZ,1,2,665,28211,23895,0,28211,2003,9
200309,GRZ,1,3,0,32,0,0,0,2003,9
200309,GRZ,2,1,228,17765,1100,0,0,2003,9
200309,GRZ,2,2,226,14282,0,0,14282,2003,9
200309,GRZ,2,3,0,3625,0,0,0,2003,9
200309,INN,1,1,440,12701,16020,99,0,2003,9
200309,INN,1,2,439,12758,15730,125,12758,2003,9
200309,INN,1,3,0,504,0,0,0,2003,9
200309,INN,2,1,161,11761,417,0,0,2003,9
200309,INN,2,2,159,12281,0,0,12281,2003,9
200309,INN,2,3,0,1502,0,0,0,2003,9
200309,KLU,1,1,290,13468,2861,0,0,2003,9
200309,KLU,1,2,294,13803,1159,0,13803,2003,9
200309,KLU,2,1,38,2795,0,0,0,2003,9
200309,KLU,2,2,33,2208,0,0,2208,2003,9
200309,KLU,2,3,0,98,0,0,0,2003,9
200309,LNZ,1,1,526,13761,7891,2932,0,2003,9
200309,LNZ,1,2,524,13022,8380,125,13022,2003,9
200309,LNZ,1,3,0,2366,446,0,0,2003,9
200309,LNZ,2,1,197,20643,3931,0,0,2003,9
200309,LNZ,2,2,200,16377,41031,0,16377,2003,9
200309,LNZ,2,3,0,2047,0,0,0,2003,9
200309,SZG,1,1,553,23994,12511,0,0,2003,9
200309,SZG,1,2,558,24064,2459,5429,24064,2003,9
200309,SZG,1,3,0,309,0,0,0,2003,9
200309,SZG,2,1,291,29649,282,0,0,2003,9
200309,SZG,2,2,287,28898,617,0,28898,2003,9
200309,SZG,2,3,0,5363,0,0,0,2003,9
200310,VIE,1,1,8100,537741,4615521,430371,0,2003,10
200310,VIE,1,2,8096,550621,4427140,582570,550621,2003,10
200310,VIE,1,3,0,1557,798121,397,0,2003,10
200310,VIE,2,1,635,54193,778046,633,0,2003,10
200310,VIE,2,2,643,41354,908902,579,41354,2003,10
200310,VIE,2,3,0,2134,128562,0,0,2003,10
200310,GRZ,1,1,692,28446,55362,0,0,2003,10
200310,GRZ,1,2,691,28914,28876,0,28914,2003,10
200310,GRZ,1,3,0,52,0,0,0,2003,10
200310,GRZ,2,1,124,8331,546,0,0,2003,10
200310,GRZ,2,2,125,5957,300,0,5957,2003,10
200310,GRZ,2,3,0,1758,0,0,0,2003,10
200310,INN,1,1,445,13072,23313,0,0,2003,10
200310,INN,1,2,447,13588,23590,0,13588,2003,10
200310,INN,1,3,0,469,0,0,0,2003,10
200310,INN,2,1,109,8897,0,0,0,2003,10
200310,INN,2,2,107,6745,0,0,6745,2003,10
200310,INN,2,3,0,877,0,0,0,2003,10
200310,KLU,1,1,297,13305,2797,0,0,2003,10
200310,KLU,1,2,297,13705,1511,0,13705,2003,10
200310,KLU,1,3,0,44,0,0,0,2003,10
200310,KLU,2,1,81,6317,0,0,0,2003,10
200310,KLU,2,2,80,5861,0,0,5861,2003,10
200310,KLU,2,3,0,107,0,0,0,2003,10
200310,LNZ,1,1,558,13173,8433,4351,0,2003,10
200310,LNZ,1,2,555,14014,7757,81,14014,2003,10
200310,LNZ,1,3,0,2702,128,127,0,2003,10
200310,LNZ,2,1,106,10561,11850,0,0,2003,10
200310,LNZ,2,2,108,8399,38648,0,8399,2003,10
200310,LNZ,2,3,0,1807,0,0,0,2003,10
200310,SZG,1,1,573,22080,8955,0,0,2003,10
200310,SZG,1,2,590,24202,2339,4963,24202,2003,10
200310,SZG,1,3,0,777,0,0,0,2003,10
200310,SZG,2,1,158,15655,0,0,0,2003,10
200310,SZG,2,2,141,12855,255,0,12855,2003,10
200310,SZG,2,3,0,3480,0,0,0,2003,10
200311,VIE,1,1,7847,479998,4893332,369802,0,2003,11
200311,VIE,1,2,7863,476992,4609426,576623,476992,2003,11
200311,VIE,1,3,0,1768,1364024,557,0,2003,11
200311,VIE,2,1,489,28630,644933,607,0,2003,11
200311,VIE,2,2,469,26189,755102,39,26189,2003,11
200311,VIE,2,3,0,981,154274,0,0,2003,11
200311,GRZ,1,1,664,25015,58563,0,0,2003,11
200311,GRZ,1,2,664,25350,15559,0,25350,2003,11
200311,GRZ,1,3,0,39,0,0,0,2003,11
200311,GRZ,2,1,71,3694,160,0,0,2003,11
200311,GRZ,2,2,72,3840,4518,0,3840,2003,11
200311,GRZ,2,3,0,793,0,0,0,2003,11
200311,INN,1,1,425,12946,28965,0,0,2003,11
200311,INN,1,2,429,13173,21298,0,13173,2003,11
200311,INN,1,3,0,436,0,0,0,2003,11
200311,INN,2,1,55,2734,0,0,0,2003,11
200311,INN,2,2,49,2165,0,0,2165,2003,11
200311,INN,2,3,0,204,0,0,0,2003,11
200311,KLU,1,1,273,11058,2030,0,0,2003,11
200311,KLU,1,2,273,11473,3718,0,11473,2003,11
200311,KLU,2,1,3,257,0,0,0,2003,11
200311,KLU,2,2,5,197,0,0,197,2003,11
200311,LNZ,1,1,518,13379,7481,3037,0,2003,11
200311,LNZ,1,2,514,13288,8711,30,13288,2003,11
200311,LNZ,1,3,0,2027,269,0,0,2003,11
200311,LNZ,2,1,54,4862,1510,0,0,2003,11
200311,LNZ,2,2,58,4573,1300,0,4573,2003,11
200311,LNZ,2,3,0,538,0,0,0,2003,11
200311,SZG,1,1,591,22108,11413,0,0,2003,11
200311,SZG,1,2,589,22436,2652,3768,22436,2003,11
200311,SZG,1,3,0,318,0,0,0,2003,11
200311,SZG,2,1,84,7591,1223,0,0,2003,11
200311,SZG,2,2,85,7115,0,0,7115,2003,11
200311,SZG,2,3,0,779,0,0,0,2003,11
200312,VIE,1,1,7499,463264,4551988,408210,0,2003,12
200312,VIE,1,2,7455,466525,4398650,739536,466525,2003,12
200312,VIE,1,3,0,2544,1196286,2468,0,2003,12
200312,VIE,2,1,662,34926,701995,2722,0,2003,12
200312,VIE,2,2,688,39109,1016650,3654,39109,2003,12
200312,VIE,2,3,0,1243,114165,5,0,2003,12
200312,GRZ,1,1,575,22044,67509,0,0,2003,12
200312,GRZ,1,2,579,20959,20490,0,20959,2003,12
200312,GRZ,1,3,0,60,0,0,0,2003,12
200312,GRZ,2,1,48,2532,80,0,0,2003,12
200312,GRZ,2,2,47,2885,1001,0,2885,2003,12
200312,GRZ,2,3,0,355,0,0,0,2003,12
200312,INN,1,1,416,13600,19256,0,0,2003,12
200312,INN,1,2,416,11568,15837,0,11568,2003,12
200312,INN,1,3,0,283,0,0,0,2003,12
200312,INN,2,1,130,13283,0,0,0,2003,12
200312,INN,2,2,130,7008,0,0,7008,2003,12
200312,KLU,1,1,271,13257,2651,0,0,2003,12
200312,KLU,1,2,273,11516,1586,0,11516,2003,12
200312,KLU,2,1,12,7,0,0,0,2003,12
200312,KLU,2,2,11,15,0,0,15,2003,12
200312,LNZ,1,1,453,10099,7216,6283,0,2003,12
200312,LNZ,1,2,452,10088,6096,40,10088,2003,12
200312,LNZ,1,3,0,2352,110,10,0,2003,12
200312,LNZ,2,1,37,2319,0,0,0,2003,12
200312,LNZ,2,2,39,2822,384,0,2822,2003,12
200312,LNZ,2,3,0,224,0,0,0,2003,12
200312,SZG,1,1,568,26849,9420,185,0,2003,12
200312,SZG,1,2,566,22748,3776,8279,22748,2003,12
200312,SZG,1,3,0,339,0,0,0,2003,12
200312,SZG,2,1,164,22823,663,0,0,2003,12
200312,SZG,2,2,167,15862,0,0,15862,2003,12
200312,SZG,2,3,0,551,0,0,0,2003,12
200401,VIE,1,1,7502,407706,3903940,424543,0,2004,1
200401,VIE,1,2,7500,422111,3744273,489750,422111,2004,1
200401,VIE,1,3,0,2160,972456,1289,0,2004,1
200401,VIE,2,1,637,34886,620795,3883,0,2004,1
200401,VIE,2,2,665,36376,640168,1848,36376,2004,1
200401,VIE,2,3,0,1949,71504,0,0,2004,1
200401,GRZ,1,1,617,18699,53132,0,0,2004,1
200401,GRZ,1,2,619,20673,24565,0,20673,2004,1
200401,GRZ,1,3,0,37,0,0,0,2004,1
200401,GRZ,2,1,85,3484,1417,0,0,2004,1
200401,GRZ,2,2,79,3145,12,0,3145,2004,1
200401,GRZ,2,3,0,1047,0,0,0,2004,1
200401,INN,1,1,452,15318,15932,0,0,2004,1
200401,INN,1,2,461,16187,15127,0,16187,2004,1
200401,INN,1,3,0,297,0,0,0,2004,1
200401,INN,2,1,321,31828,79,0,0,2004,1
200401,INN,2,2,300,31579,0,0,31579,2004,1
200401,INN,2,3,0,90,0,0,0,2004,1
200401,KLU,1,1,297,12002,2010,0,0,2004,1
200401,KLU,1,2,297,13671,5421,0,13671,2004,1
200401,KLU,2,1,11,212,0,0,0,2004,1
200401,KLU,2,2,9,87,0,0,87,2004,1
200401,LNZ,1,1,486,11323,7605,3766,0,2004,1
200401,LNZ,1,2,485,11834,8957,0,11834,2004,1
200401,LNZ,1,3,0,1969,249,0,0,2004,1
200401,LNZ,2,1,53,3542,0,0,0,2004,1
200401,LNZ,2,2,55,3451,332,0,3451,2004,1
200401,LNZ,2,3,0,461,0,0,0,2004,1
200401,SZG,1,1,590,22903,9824,254,0,2004,1
200401,SZG,1,2,590,25684,3494,5173,25684,2004,1
200401,SZG,1,3,0,453,0,0,0,2004,1
200401,SZG,2,1,394,48156,2340,0,0,2004,1
200401,SZG,2,2,392,47791,186,0,47791,2004,1
200401,SZG,2,3,0,1475,0,0,0,2004,1
200402,VIE,1,1,7532,429069,4377705,410958,0,2004,2
200402,VIE,1,2,7511,420201,4390729,458874,420201,2004,2
200402,VIE,1,3,0,2055,1101291,1175,0,2004,2
200402,VIE,2,1,442,32516,617185,2009,0,2004,2
200402,VIE,2,2,455,32210,757435,2271,32210,2004,2
200402,VIE,2,3,0,1654,78580,23,0,2004,2
200402,GRZ,1,1,643,21920,58357,51,0,2004,2
200402,GRZ,1,2,641,22134,32080,0,22134,2004,2
200402,GRZ,1,3,0,55,0,0,0,2004,2
200402,GRZ,2,1,91,4765,0,0,0,2004,2
200402,GRZ,2,2,90,4712,0,0,4712,2004,2
200402,GRZ,2,3,0,398,0,0,0,2004,2
200402,INN,1,1,458,16661,19442,0,0,2004,2
200402,INN,1,2,483,18034,15806,0,18034,2004,2
200402,INN,1,3,0,314,0,0,0,2004,2
200402,INN,2,1,270,28591,0,0,0,2004,2
200402,INN,2,2,251,28049,0,0,28049,2004,2
200402,KLU,1,1,313,16847,2650,0,0,2004,2
200402,KLU,1,2,315,16626,4151,0,16626,2004,2
200402,KLU,2,1,21,251,0,0,0,2004,2
200402,KLU,2,2,17,361,0,0,361,2004,2
200402,KLU,2,3,0,142,0,0,0,2004,2
200402,LNZ,1,1,499,14922,6575,6167,0,2004,2
200402,LNZ,1,2,498,14968,3746,0,14968,2004,2
200402,LNZ,1,3,0,2081,276,0,0,2004,2
200402,LNZ,2,1,49,4052,0,0,0,2004,2
200402,LNZ,2,2,48,3974,0,0,3974,2004,2
200402,LNZ,2,3,0,496,0,0,0,2004,2
200402,SZG,1,1,579,25072,9436,256,0,2004,2
200402,SZG,1,2,577,25465,2004,3436,25465,2004,2
200402,SZG,1,3,0,444,0,0,0,2004,2
200402,SZG,2,1,323,41076,602,0,0,2004,2
200402,SZG,2,2,327,41962,348,0,41962,2004,2
200402,SZG,2,3,0,1395,0,0,0,2004,2
200403,VIE,1,1,8324,508557,4947773,417651,0,2004,3
200403,VIE,1,2,8311,502052,4838630,548849,502052,2004,3
200403,VIE,1,3,0,1977,1454878,1338,0,2004,3
200403,VIE,2,1,489,31179,890368,29,0,2004,3
200403,VIE,2,2,498,31156,934416,1663,31156,2004,3
200403,VIE,2,3,0,1525,212557,155,0,2004,3
200403,GRZ,1,1,726,25321,58709,0,0,2004,3
200403,GRZ,1,2,725,25391,18652,0,25391,2004,3
200403,GRZ,1,3,0,186,0,0,0,2004,3
200403,GRZ,2,1,119,4080,790,0,0,2004,3
200403,GRZ,2,2,120,4323,259080,0,4323,2004,3
200403,GRZ,2,3,0,411,0,0,0,2004,3
200403,INN,1,1,473,16730,23838,0,0,2004,3
200403,INN,1,2,484,18089,19538,0,18089,2004,3
200403,INN,1,3,0,560,0,0,0,2004,3
200403,INN,2,1,216,20601,0,0,0,2004,3
200403,INN,2,2,202,23579,0,0,23579,2004,3
200403,INN,2,3,0,23,0,0,0,2004,3
200403,KLU,1,1,337,17226,2084,0,0,2004,3
200403,KLU,1,2,336,17857,2860,0,17857,2004,3
200403,KLU,2,1,4,3,0,0,0,2004,3
200403,KLU,2,2,5,4,0,0,4,2004,3
200403,LNZ,1,1,490,16862,13053,5793,0,2004,3
200403,LNZ,1,2,486,16714,7678,0,16714,2004,3
200403,LNZ,1,3,0,1798,296,0,0,2004,3
200403,LNZ,2,1,56,4309,0,0,0,2004,3
200403,LNZ,2,2,60,4303,113307,0,4303,2004,3
200403,LNZ,2,3,0,299,0,0,0,2004,3
200403,SZG,1,1,591,24663,9527,214,0,2004,3
200403,SZG,1,2,595,26145,4035,0,26145,2004,3
200403,SZG,1,3,0,722,0,0,0,2004,3
200403,SZG,2,1,248,25589,458,0,0,2004,3
200403,SZG,2,2,242,31312,0,0,31312,2004,3
200403,SZG,2,3,0,1578,0,0,0,2004,3
200404,VIE,1,1,8221,540017,5104249,510407,0,2004,4
200404,VIE,1,2,8205,533726,4417094,538858,533726,2004,4
200404,VIE,1,3,0,3687,1346507,2692,0,2004,4
200404,VIE,2,1,733,60993,936528,2959,0,2004,4
200404,VIE,2,2,749,64809,782808,2653,64809,2004,4
200404,VIE,2,3,0,1565,104423,0,0,2004,4
200404,GRZ,1,1,681,25077,49557,0,0,2004,4
200404,GRZ,1,2,684,24934,14739,0,24934,2004,4
200404,GRZ,1,3,0,66,0,0,0,2004,4
200404,GRZ,2,1,165,6532,0,0,0,2004,4
200404,GRZ,2,2,161,7028,0,0,7028,2004,4
200404,GRZ,2,3,0,1144,0,0,0,2004,4
200404,INN,1,1,357,11892,26207,0,0,2004,4
200404,INN,1,2,356,12766,15193,0,12766,2004,4
200404,INN,1,3,0,327,0,0,0,2004,4
200404,INN,2,1,133,7529,20,0,0,2004,4
200404,INN,2,2,133,11435,0,80,11435,2004,4
200404,INN,2,3,0,667,0,0,0,2004,4
200404,KLU,1,1,326,18381,2790,0,0,2004,4
200404,KLU,1,2,326,18659,1378,0,18659,2004,4
200404,KLU,1,3,0,164,0,0,0,2004,4
200404,KLU,2,1,20,416,0,0,0,2004,4
200404,KLU,2,2,20,682,0,0,682,2004,4
200404,KLU,2,3,0,190,0,0,0,2004,4
200404,LNZ,1,1,440,16598,26371,6501,0,2004,4
200404,LNZ,1,2,439,16618,17237,0,16618,2004,4
200404,LNZ,1,3,0,1101,72,0,0,2004,4
200404,LNZ,2,1,134,8327,38861,0,0,2004,4
200404,LNZ,2,2,135,9579,15562,0,9579,2004,4
200404,LNZ,2,3,0,1780,10,0,0,2004,4
200404,SZG,1,1,537,23026,10066,43,0,2004,4
200404,SZG,1,2,536,24547,1673,0,24547,2004,4
200404,SZG,1,3,0,24,0,0,0,2004,4
200404,SZG,2,1,176,14402,441,0,0,2004,4
200404,SZG,2,2,178,18624,8845,0,18624,2004,4
200404,SZG,2,3,0,2683,0,0,0,2004,4
200405,VIE,1,1,8899,577855,5644067,498291,0,2004,5
200405,VIE,1,2,8880,578669,5151047,487461,578669,2004,5
200405,VIE,1,3,0,4112,1821281,3079,0,2004,5
200405,VIE,2,1,857,64310,777617,3599,0,2004,5
200405,VIE,2,2,868,70737,790483,1721,70737,2004,5
200405,VIE,2,3,0,3241,115536,0,0,2004,5
200405,GRZ,1,1,742,26843,43457,0,0,2004,5
200405,GRZ,1,2,738,26677,15095,0,26677,2004,5
200405,GRZ,1,3,0,29,0,0,0,2004,5
200405,GRZ,2,1,221,11559,703,0,0,2004,5
200405,GRZ,2,2,227,15310,64000,0,15310,2004,5
200405,GRZ,2,3,0,4313,0,0,0,2004,5
200405,INN,1,1,362,11833,24806,0,0,2004,5
200405,INN,1,2,367,11537,17623,0,11537,2004,5
200405,INN,1,3,0,391,10,0,0,2004,5
200405,INN,2,1,195,10717,494,0,0,2004,5
200405,INN,2,2,188,12376,408,0,12376,2004,5
200405,INN,2,3,0,572,0,0,0,2004,5
200405,KLU,1,1,357,20784,3205,0,0,2004,5
200405,KLU,1,2,356,19646,758,0,19646,2004,5
200405,KLU,2,1,39,1662,0,0,0,2004,5
200405,KLU,2,2,39,2020,85,0,2020,2004,5
200405,KLU,2,3,0,536,311,0,0,2004,5
200405,LNZ,1,1,474,16898,23498,4488,0,2004,5
200405,LNZ,1,2,477,16439,10831,0,16439,2004,5
200405,LNZ,1,3,0,1384,25,0,0,2004,5
200405,LNZ,2,1,271,13270,1836,0,0,2004,5
200405,LNZ,2,2,269,17184,7609,0,17184,2004,5
200405,LNZ,2,3,0,3699,14,0,0,2004,5
200405,SZG,1,1,583,25941,11746,0,0,2004,5
200405,SZG,1,2,585,25647,1740,0,25647,2004,5
200405,SZG,1,3,0,1164,0,0,0,2004,5
200405,SZG,2,1,283,24412,282,0,0,2004,5
200405,SZG,2,2,281,27496,3806,0,27496,2004,5
200405,SZG,2,3,0,3325,0,0,0,2004,5
200406,VIE,1,1,9061,597917,5249921,407502,0,2004,6
200406,VIE,1,2,9049,615688,5060928,506979,615688,2004,6
200406,VIE,1,3,0,3412,1850654,1771,0,2004,6
200406,VIE,2,1,836,66522,824127,496,0,2004,6
200406,VIE,2,2,856,79808,1179854,1841,79808,2004,6
200406,VIE,2,3,0,3721,61296,0,0,2004,6
200406,GRZ,1,1,704,26808,41385,0,0,2004,6
200406,GRZ,1,2,702,26557,14164,0,26557,2004,6
200406,GRZ,1,3,0,14,0,0,0,2004,6
200406,GRZ,2,1,253,16993,6287,0,0,2004,6
200406,GRZ,2,2,255,18374,127,0,18374,2004,6
200406,GRZ,2,3,0,5610,0,0,0,2004,6
200406,INN,1,1,375,13245,23376,0,0,2004,6
200406,INN,1,2,379,12845,21469,1,12845,2004,6
200406,INN,1,3,0,416,0,0,0,2004,6
200406,INN,2,1,222,16523,250,0,0,2004,6
200406,INN,2,2,217,16248,0,0,16248,2004,6
200406,INN,2,3,0,794,0,0,0,2004,6
200406,KLU,1,1,362,20964,2733,0,0,2004,6
200406,KLU,1,2,362,20734,850,0,20734,2004,6
200406,KLU,2,1,53,3018,0,0,0,2004,6
200406,KLU,2,2,54,2744,0,0,2744,2004,6
200406,KLU,2,3,0,399,0,0,0,2004,6
200406,LNZ,1,1,470,16817,19412,6210,0,2004,6
200406,LNZ,1,2,464,16834,11873,48,16834,2004,6
200406,LNZ,1,3,0,1407,20,0,0,2004,6
200406,LNZ,2,1,245,20865,0,0,0,2004,6
200406,LNZ,2,2,252,21667,1494,0,21667,2004,6
200406,LNZ,2,3,0,3047,0,0,0,2004,6
200406,SZG,1,1,665,40605,9594,3,0,2004,6
200406,SZG,1,2,663,39416,2372,171,39416,2004,6
200406,SZG,1,3,0,2472,0,0,0,2004,6
200406,SZG,2,1,284,29700,4104,0,0,2004,6
200406,SZG,2,2,285,27293,8048,0,27293,2004,6
200406,SZG,2,3,0,3084,1470,0,0,2004,6
200407,VIE,1,1,9086,591540,5337531,642487,0,2004,7
200407,VIE,1,2,9077,627004,5500844,574092,627004,2004,7
200407,VIE,1,3,0,3097,1951982,1760,0,2004,7
200407,VIE,2,1,1318,132409,793556,3394,0,2004,7
200407,VIE,2,2,1334,149701,1009369,1920,149701,2004,7
200407,VIE,2,3,0,4009,63450,0,0,2004,7
200407,GRZ,1,1,715,25639,53320,0,0,2004,7
200407,GRZ,1,2,713,27515,13189,0,27515,2004,7
200407,GRZ,1,3,0,87,0,0,0,2004,7
200407,GRZ,2,1,287,23591,974,0,0,2004,7
200407,GRZ,2,2,291,25457,2925,0,25457,2004,7
200407,GRZ,2,3,0,5966,0,0,0,2004,7
200407,INN,1,1,343,12009,26471,218,0,2004,7
200407,INN,1,2,346,12397,23171,0,12397,2004,7
200407,INN,1,3,0,337,0,0,0,2004,7
200407,INN,2,1,265,20170,0,0,0,2004,7
200407,INN,2,2,258,20896,0,0,20896,2004,7
200407,INN,2,3,0,2435,0,0,0,2004,7
200407,KLU,1,1,383,23768,2462,0,0,2004,7
200407,KLU,1,2,382,23617,779,0,23617,2004,7
200407,KLU,2,1,48,2746,0,0,0,2004,7
200407,KLU,2,2,48,3049,0,0,3049,2004,7
200407,KLU,2,3,0,863,0,0,0,2004,7
200407,LNZ,1,1,467,16078,34779,6240,0,2004,7
200407,LNZ,1,2,464,17033,13850,0,17033,2004,7
200407,LNZ,1,3,0,1482,30,0,0,2004,7
200407,LNZ,2,1,294,29345,50,0,0,2004,7
200407,LNZ,2,2,294,32359,1919,0,32359,2004,7
200407,LNZ,2,3,0,3906,0,0,0,2004,7
200407,SZG,1,1,677,42168,12837,99,0,2004,7
200407,SZG,1,2,676,43063,2878,0,43063,2004,7
200407,SZG,1,3,0,2695,0,0,0,2004,7
200407,SZG,2,1,280,28205,304,0,0,2004,7
200407,SZG,2,2,283,28586,264,0,28586,2004,7
200407,SZG,2,3,0,4478,0,0,0,2004,7
200408,VIE,1,1,9213,636102,5637846,453233,0,2004,8
200408,VIE,1,2,9210,619839,5022621,503554,619839,2004,8
200408,VIE,1,3,0,2606,1407682,427,0,2004,8
200408,VIE,2,1,976,119372,675788,3881,0,2004,8
200408,VIE,2,2,975,105141,791114,19415,105141,2004,8
200408,VIE,2,3,0,4527,22960,0,0,2004,8
200408,GRZ,1,1,725,24565,39888,0,0,2004,8
200408,GRZ,1,2,715,24458,9550,0,24458,2004,8
200408,GRZ,1,3,0,246,0,0,0,2004,8
200408,GRZ,2,1,275,24847,0,0,0,2004,8
200408,GRZ,2,2,283,24756,55,0,24756,2004,8
200408,GRZ,2,3,0,6227,0,0,0,2004,8
200408,INN,1,1,343,12003,25346,205,0,2004,8
200408,INN,1,2,348,11607,17321,0,11607,2004,8
200408,INN,1,3,0,304,0,0,0,2004,8
200408,INN,2,1,252,19394,1000,0,0,2004,8
200408,INN,2,2,247,19293,0,0,19293,2004,8
200408,INN,2,3,0,2707,0,0,0,2004,8
200408,KLU,1,1,375,23618,3631,0,0,2004,8
200408,KLU,1,2,375,24866,1586,0,24866,2004,8
200408,KLU,2,1,60,3309,0,0,0,2004,8
200408,KLU,2,2,60,3499,0,0,3499,2004,8
200408,KLU,2,3,0,895,0,0,0,2004,8
200408,LNZ,1,1,463,16343,13666,5796,0,2004,8
200408,LNZ,1,2,451,15660,9534,15,15660,2004,8
200408,LNZ,1,3,0,1597,30,0,0,2004,8
200408,LNZ,2,1,265,30834,115,0,0,2004,8
200408,LNZ,2,2,278,29674,550,0,29674,2004,8
200408,LNZ,2,3,0,3606,0,0,0,2004,8
200408,SZG,1,1,679,45676,15216,302,0,2004,8
200408,SZG,1,2,679,47586,2182,5,47586,2004,8
200408,SZG,1,3,0,2650,0,0,0,2004,8
200408,SZG,2,1,244,25047,0,0,0,2004,8
200408,SZG,2,2,244,25691,1481,0,25691,2004,8
200408,SZG,2,3,0,4593,0,0,0,2004,8
200409,VIE,1,1,9189,657778,6223691,483996,0,2004,9
200409,VIE,1,2,9174,639944,5311253,573523,639944,2004,9
200409,VIE,1,3,0,2277,1772873,1562,0,2004,9
200409,VIE,2,1,865,89673,877906,1906,0,2004,9
200409,VIE,2,2,892,78333,1029646,2713,78333,2004,9
200409,VIE,2,3,0,2706,22115,0,0,2004,9
200409,GRZ,1,1,700,28827,32152,0,0,2004,9
200409,GRZ,1,2,694,27910,11644,0,27910,2004,9
200409,GRZ,1,3,0,39,0,0,0,2004,9
200409,GRZ,2,1,240,19698,2023,0,0,2004,9
200409,GRZ,2,2,245,16410,108927,0,16410,2004,9
200409,GRZ,2,3,0,5081,0,0,0,2004,9
200409,INN,1,1,391,14244,23826,1,0,2004,9
200409,INN,1,2,394,13781,21310,0,13781,2004,9
200409,INN,1,3,0,452,0,0,0,2004,9
200409,INN,2,1,206,13059,220,0,0,2004,9
200409,INN,2,2,202,14180,0,0,14180,2004,9
200409,INN,2,3,0,2013,0,0,0,2004,9
200409,KLU,1,1,358,20839,4252,0,0,2004,9
200409,KLU,1,2,357,21646,1387,0,21646,2004,9
200409,KLU,2,1,45,2590,0,0,0,2004,9
200409,KLU,2,2,47,2312,0,0,2312,2004,9
200409,KLU,2,3,0,539,0,0,0,2004,9
200409,LNZ,1,1,465,18630,12648,6970,0,2004,9
200409,LNZ,1,2,460,17945,9763,238,17945,2004,9
200409,LNZ,1,3,0,1544,10,0,0,2004,9
200409,LNZ,2,1,229,23360,0,0,0,2004,9
200409,LNZ,2,2,235,19793,320,0,19793,2004,9
200409,LNZ,2,3,0,3246,0,0,0,2004,9
200409,SZG,1,1,667,43536,9871,92,0,2004,9
200409,SZG,1,2,665,41097,3232,0,41097,2004,9
200409,SZG,1,3,0,2064,0,0,0,2004,9
200409,SZG,2,1,238,20865,501,0,0,2004,9
200409,SZG,2,2,239,22025,2371,0,22025,2004,9
200409,SZG,2,3,0,3702,21,0,0,2004,9
200410,VIE,1,1,9219,609470,6569062,518810,0,2004,10
200410,VIE,1,2,9185,617254,5611303,614421,617254,2004,10
200410,VIE,1,3,0,2299,1874041,1421,0,2004,10
200410,VIE,2,1,624,57151,751923,1876,0,2004,10
200410,VIE,2,2,663,45942,908376,4117,45942,2004,10
200410,VIE,2,3,0,2253,24911,0,0,2004,10
200410,GRZ,1,1,646,27200,50561,0,0,2004,10
200410,GRZ,1,2,639,28155,10207,0,28155,2004,10
200410,GRZ,1,3,0,230,0,0,0,2004,10
200410,GRZ,2,1,122,9700,248,0,0,2004,10
200410,GRZ,2,2,131,6663,270,0,6663,2004,10
200410,GRZ,2,3,0,3343,0,0,0,2004,10
200410,INN,1,1,371,12484,27531,0,0,2004,10
200410,INN,1,2,381,13090,20712,0,13090,2004,10
200410,INN,1,3,0,471,0,0,0,2004,10
200410,INN,2,1,139,10290,1794,0,0,2004,10
200410,INN,2,2,129,7569,0,0,7569,2004,10
200410,INN,2,3,0,320,0,0,0,2004,10
200410,KLU,1,1,341,17434,2678,0,0,2004,10
200410,KLU,1,2,341,18285,2257,0,18285,2004,10
200410,KLU,2,1,41,1822,0,0,0,2004,10
200410,KLU,2,2,41,1281,0,0,1281,2004,10
200410,KLU,2,3,0,285,0,0,0,2004,10
200410,LNZ,1,1,465,17182,13554,7933,0,2004,10
200410,LNZ,1,2,462,17486,14362,6,17486,2004,10
200410,LNZ,1,3,0,1519,35,0,0,2004,10
200410,LNZ,2,1,145,13552,5440,0,0,2004,10
200410,LNZ,2,2,150,10259,860,0,10259,2004,10
200410,LNZ,2,3,0,2124,0,0,0,2004,10
200410,SZG,1,1,616,32711,7186,0,0,2004,10
200410,SZG,1,2,612,33112,2786,0,33112,2004,10
200410,SZG,1,3,0,1003,228,0,0,2004,10
200410,SZG,2,1,115,11108,0,0,0,2004,10
200410,SZG,2,2,118,8816,0,0,8816,2004,10
200410,SZG,2,3,0,1513,0,0,0,2004,10
200411,VIE,1,1,8877,528279,6013203,519553,0,2004,11
200411,VIE,1,2,8855,525280,5409515,608495,525280,2004,11
200411,VIE,1,3,0,1486,1499968,1459,0,2004,11
200411,VIE,2,1,460,28464,1059885,486,0,2004,11
200411,VIE,2,2,478,27965,1209435,1616,27965,2004,11
200411,VIE,2,3,0,1177,606463,1964,0,2004,11
200411,GRZ,1,1,637,24283,33811,0,0,2004,11
200411,GRZ,1,2,634,24580,11933,0,24580,2004,11
200411,GRZ,1,3,0,42,0,0,0,2004,11
200411,GRZ,2,1,52,3871,1239,0,0,2004,11
200411,GRZ,2,2,56,4229,0,0,4229,2004,11
200411,GRZ,2,3,0,1023,0,0,0,2004,11
200411,INN,1,1,368,11525,33338,1,0,2004,11
200411,INN,1,2,367,11808,22830,71,11808,2004,11
200411,INN,1,3,0,481,0,0,0,2004,11
200411,INN,2,1,81,2953,343,0,0,2004,11
200411,INN,2,2,80,2879,343,0,2879,2004,11
200411,INN,2,3,0,346,0,0,0,2004,11
200411,KLU,1,1,312,13957,2413,0,0,2004,11
200411,KLU,1,2,312,14257,1092,0,14257,2004,11
200411,KLU,2,1,11,712,0,0,0,2004,11
200411,KLU,2,2,10,877,0,0,877,2004,11
200411,KLU,2,3,0,6,0,0,0,2004,11
200411,LNZ,1,1,457,16180,14394,8917,0,2004,11
200411,LNZ,1,2,458,15983,9399,0,15983,2004,11
200411,LNZ,1,3,0,1458,60,0,0,2004,11
200411,LNZ,2,1,61,4991,0,0,0,2004,11
200411,LNZ,2,2,60,5273,0,0,5273,2004,11
200411,LNZ,2,3,0,580,0,0,0,2004,11
200411,SZG,1,1,603,31095,7148,0,0,2004,11
200411,SZG,1,2,603,30511,2736,2,30511,2004,11
200411,SZG,1,3,0,43,186,0,0,2004,11
200411,SZG,2,1,59,4899,325,0,0,2004,11
200411,SZG,2,2,59,4292,0,0,4292,2004,11
200411,SZG,2,3,0,860,0,0,0,2004,11
200412,VIE,1,1,8474,513619,6233429,546061,0,2004,12
200412,VIE,1,2,8431,515196,5726087,846531,515196,2004,12
200412,VIE,1,3,0,1793,2117125,4618,0,2004,12
200412,VIE,2,1,441,28904,675331,690,0,2004,12
200412,VIE,2,2,463,28162,582454,1696,28162,2004,12
200412,VIE,2,3,0,985,49408,0,0,2004,12
200412,GRZ,1,1,575,21993,29010,0,0,2004,12
200412,GRZ,1,2,576,20708,12163,0,20708,2004,12
200412,GRZ,1,3,0,28,0,0,0,2004,12
200412,GRZ,2,1,50,2966,0,0,0,2004,12
200412,GRZ,2,2,50,2995,0,0,2995,2004,12
200412,GRZ,2,3,0,474,0,0,0,2004,12
200412,INN,1,1,358,13481,27896,140,0,2004,12
200412,INN,1,2,352,11049,17941,0,11049,2004,12
200412,INN,1,3,0,357,0,0,0,2004,12
200412,INN,2,1,137,11907,0,0,0,2004,12
200412,INN,2,2,143,7310,0,0,7310,2004,12
200412,KLU,1,1,302,17041,2252,0,0,2004,12
200412,KLU,1,2,303,14831,1163,0,14831,2004,12
200412,KLU,2,1,7,495,0,0,0,2004,12
200412,KLU,2,2,6,324,0,0,324,2004,12
200412,LNZ,1,1,431,16451,14267,9839,0,2004,12
200412,LNZ,1,2,429,14532,7904,273,14532,2004,12
200412,LNZ,1,3,0,1591,35,0,0,2004,12
200412,LNZ,2,1,51,4198,0,0,0,2004,12
200412,LNZ,2,2,54,3579,0,0,3579,2004,12
200412,SZG,1,1,629,37571,6068,0,0,2004,12
200412,SZG,1,2,635,33066,4397,0,33066,2004,12
200412,SZG,1,3,0,37,0,0,0,2004,12
200412,SZG,2,1,145,19081,114,0,0,2004,12
200412,SZG,2,2,138,12334,235,0,12334,2004,12
200412,SZG,2,3,0,359,0,0,0,2004,12
200501,VIE,1,1,8257,459934,5142405,548119,0,2005,1
200501,VIE,1,2,8237,472742,4813678,531703,472742,2005,1
200501,VIE,1,3,0,2009,2142091,2740,0,2005,1
200501,VIE,2,1,392,23645,548659,975,0,2005,1
200501,VIE,2,2,430,23921,926192,175,23921,2005,1
200501,VIE,2,3,0,1353,34449,0,0,2005,1
200501,GRZ,1,1,577,19687,30197,0,0,2005,1
200501,GRZ,1,2,572,21061,9811,0,21061,2005,1
200501,GRZ,1,3,0,388,0,0,0,2005,1
200501,GRZ,2,1,49,3246,0,0,0,2005,1
200501,GRZ,2,2,52,3029,86798,0,3029,2005,1
200501,GRZ,2,3,0,602,0,0,0,2005,1
200501,INN,1,1,380,14241,22969,504,0,2005,1
200501,INN,1,2,390,16132,17629,0,16132,2005,1
200501,INN,1,3,0,421,0,0,0,2005,1
200501,INN,2,1,332,31549,425,0,0,2005,1
200501,INN,2,2,325,28662,425,0,28662,2005,1
200501,INN,2,3,0,100,0,0,0,2005,1
200501,KLU,1,1,309,15359,2393,0,0,2005,1
200501,KLU,1,2,309,16760,1511,0,16760,2005,1
200501,KLU,2,1,9,70,0,0,0,2005,1
200501,KLU,2,2,9,64,0,0,64,2005,1
200501,KLU,2,3,0,1,0,0,0,2005,1
200501,LNZ,1,1,431,12813,13667,6520,0,2005,1
200501,LNZ,1,2,428,13834,10274,0,13834,2005,1
200501,LNZ,1,3,0,1646,35,0,0,2005,1
200501,LNZ,2,1,35,2705,0,0,0,2005,1
200501,LNZ,2,2,36,2476,0,0,2476,2005,1
200501,LNZ,2,3,0,39,0,0,0,2005,1
200501,SZG,1,1,709,37052,14257,0,0,2005,1
200501,SZG,1,2,709,40244,4953,0,40244,2005,1
200501,SZG,1,3,0,288,1,0,0,2005,1
200501,SZG,2,1,404,46929,0,0,0,2005,1
200501,SZG,2,2,406,43477,0,0,43477,2005,1
200501,SZG,2,3,0,716,0,0,0,2005,1
200502,VIE,1,1,7775,451255,5398057,448764,0,2005,2
200502,VIE,1,2,7734,449259,4896725,506843,449259,2005,2
200502,VIE,1,3,0,1997,2047638,1763,0,2005,2
200502,VIE,2,1,333,21530,669085,1636,0,2005,2
200502,VIE,2,2,377,21720,704662,113,21720,2005,2
200502,VIE,2,3,0,1048,21301,0,0,2005,2
200502,GRZ,1,1,583,21092,33133,0,0,2005,2
200502,GRZ,1,2,580,21306,10566,0,21306,2005,2
200502,GRZ,1,3,0,25,0,0,0,2005,2
200502,GRZ,2,1,55,4223,26,0,0,2005,2
200502,GRZ,2,2,58,4348,40,0,4348,2005,2
200502,GRZ,2,3,0,795,0,0,0,2005,2
200502,INN,1,1,392,14647,26999,85,0,2005,2
200502,INN,1,2,395,14882,17875,0,14882,2005,2
200502,INN,1,3,0,440,0,0,0,2005,2
200502,INN,2,1,298,29255,0,0,0,2005,2
200502,INN,2,2,293,29420,0,0,29420,2005,2
200502,KLU,1,1,293,16837,1143,0,0,2005,2
200502,KLU,1,2,292,17035,808,0,17035,2005,2
200502,KLU,2,1,15,544,0,0,0,2005,2
200502,KLU,2,2,16,709,0,0,709,2005,2
200502,LNZ,1,1,429,14304,12614,6973,0,2005,2
200502,LNZ,1,2,426,14066,9197,156,14066,2005,2
200502,LNZ,1,3,0,1565,36,0,0,2005,2
200502,LNZ,2,1,38,3280,0,0,0,2005,2
200502,LNZ,2,2,42,3650,0,0,3650,2005,2
200502,LNZ,2,3,0,47,0,0,0,2005,2
200502,SZG,1,1,712,40135,11547,0,0,2005,2
200502,SZG,1,2,713,39821,1999,0,39821,2005,2
200502,SZG,1,3,0,518,0,0,0,2005,2
200502,SZG,2,1,330,43023,0,0,0,2005,2
200502,SZG,2,2,330,43451,0,0,43451,2005,2
200502,SZG,2,3,0,673,0,0,0,2005,2
200503,VIE,1,1,8874,564072,5923514,467075,0,2005,3
200503,VIE,1,2,8845,555501,5327781,552744,555501,2005,3
200503,VIE,1,3,0,2056,2287514,1777,0,2005,3
200503,VIE,2,1,437,28750,856112,1741,0,2005,3
200503,VIE,2,2,465,27522,849795,38,27522,2005,3
200503,VIE,2,3,0,1212,23647,0,0,2005,3
200503,GRZ,1,1,633,24603,47788,0,0,2005,3
200503,GRZ,1,2,633,23981,14004,0,23981,2005,3
200503,GRZ,1,3,0,124,0,0,0,2005,3
200503,GRZ,2,1,73,4769,169061,0,0,2005,3
200503,GRZ,2,2,73,4548,0,0,4548,2005,3
200503,GRZ,2,3,0,937,0,0,0,2005,3
200503,INN,1,1,389,14943,29332,0,0,2005,3
200503,INN,1,2,396,15466,20654,4,15466,2005,3
200503,INN,1,3,0,361,0,0,0,2005,3
200503,INN,2,1,271,24708,692,0,0,2005,3
200503,INN,2,2,268,27521,0,0,27521,2005,3
200503,INN,2,3,0,433,0,0,0,2005,3
200503,KLU,1,1,354,20830,3052,0,0,2005,3
200503,KLU,1,2,355,20565,1260,0,20565,2005,3
200503,KLU,2,1,14,132,0,0,0,2005,3
200503,KLU,2,2,13,137,570,0,137,2005,3
200503,KLU,2,3,0,1,0,0,0,2005,3
200503,LNZ,1,1,477,17047,14931,2915,0,2005,3
200503,LNZ,1,2,475,16594,11951,80,16594,2005,3
200503,LNZ,1,3,0,1782,78,0,0,2005,3
200503,LNZ,2,1,71,5755,0,0,0,2005,3
200503,LNZ,2,2,73,5952,0,0,5952,2005,3
200503,LNZ,2,3,0,781,0,0,0,2005,3
200503,SZG,1,1,813,47451,10263,80,0,2005,3
200503,SZG,1,2,811,48411,5729,46,48411,2005,3
200503,SZG,1,3,0,338,603,0,0,2005,3
200503,SZG,2,1,303,34374,1275,0,0,2005,3
200503,SZG,2,2,304,39353,92,0,39353,2005,3
200503,SZG,2,3,0,1130,0,0,0,2005,3
200504,VIE,1,1,9080,590465,5998766,539301,0,2005,4
200504,VIE,1,2,9036,584064,5061714,568893,584064,2005,4
200504,VIE,1,3,0,1877,2445102,1851,0,2005,4
200504,VIE,2,1,425,29097,765911,1208,0,2005,4
200504,VIE,2,2,468,35164,781922,317,35164,2005,4
200504,VIE,2,3,0,1594,46443,0,0,2005,4
200504,GRZ,1,1,617,25077,36750,0,0,2005,4
200504,GRZ,1,2,618,25043,13148,0,25043,2005,4
200504,GRZ,2,1,93,5430,160269,0,0,2005,4
200504,GRZ,2,2,93,6624,0,0,6624,2005,4
200504,GRZ,2,3,0,1758,0,0,0,2005,4
200504,INN,1,1,343,12611,27146,0,0,2005,4
200504,INN,1,2,342,13201,20615,0,13201,2005,4
200504,INN,1,3,0,549,0,0,0,2005,4
200504,INN,2,1,147,6481,0,0,0,2005,4
200504,INN,2,2,148,11392,0,0,11392,2005,4
200504,INN,2,3,0,820,0,0,0,2005,4
200504,KLU,1,1,356,17767,1431,0,0,2005,4
200504,KLU,1,2,356,19299,537,0,19299,2005,4
200504,KLU,2,1,7,318,0,0,0,2005,4
200504,KLU,2,2,7,478,0,0,478,2005,4
200504,KLU,2,3,0,19,0,0,0,2005,4
200504,LNZ,1,1,486,16486,17569,3088,0,2005,4
200504,LNZ,1,2,485,16774,17154,133,16774,2005,4
200504,LNZ,1,3,0,1623,42,0,0,2005,4
200504,LNZ,2,1,109,9715,0,0,0,2005,4
200504,LNZ,2,2,108,11366,110,0,11366,2005,4
200504,LNZ,2,3,0,1189,0,0,0,2005,4
200504,SZG,1,1,773,38775,14071,98,0,2005,4
200504,SZG,1,2,773,41928,1557,0,41928,2005,4
200504,SZG,1,3,0,375,0,0,0,2005,4
200504,SZG,2,1,152,9338,0,0,0,2005,4
200504,SZG,2,2,152,15868,132,0,15868,2005,4
200504,SZG,2,3,0,1575,0,0,0,2005,4
200505,VIE,1,1,9651,660145,6587773,464959,0,2005,5
200505,VIE,1,2,9618,661084,5609255,488495,661084,2005,5
200505,VIE,1,3,0,2920,1745159,1587,0,2005,5
200505,VIE,2,1,616,45771,576267,1699,0,2005,5
200505,VIE,2,2,649,48130,734307,831,48130,2005,5
200505,VIE,2,3,0,2142,49415,50,0,2005,5
200505,GRZ,1,1,646,25875,55601,0,0,2005,5
200505,GRZ,1,2,645,25719,11897,0,25719,2005,5
200505,GRZ,1,3,0,108,0,0,0,2005,5
200505,GRZ,2,1,193,12771,17357,0,0,2005,5
200505,GRZ,2,2,194,13601,830,0,13601,2005,5
200505,GRZ,2,3,0,2994,0,0,0,2005,5
200505,INN,1,1,339,11850,26996,0,0,2005,5
200505,INN,1,2,345,11690,22115,0,11690,2005,5
200505,INN,1,3,0,484,0,0,0,2005,5
200505,INN,2,1,208,13033,0,0,0,2005,5
200505,INN,2,2,205,14080,0,0,14080,2005,5
200505,INN,2,3,0,983,0,0,0,2005,5
200505,KLU,1,1,354,22649,748,0,0,2005,5
200505,KLU,1,2,353,21202,577,0,21202,2005,5
200505,KLU,1,3,0,102,0,0,0,2005,5
200505,KLU,2,1,41,2000,0,0,0,2005,5
200505,KLU,2,2,41,2623,0,0,2623,2005,5
200505,KLU,2,3,0,72,0,0,0,2005,5
200505,LNZ,1,1,478,17022,19518,2283,0,2005,5
200505,LNZ,1,2,480,16438,16876,289,16438,2005,5
200505,LNZ,1,3,0,1420,36,0,0,2005,5
200505,LNZ,2,1,175,14733,0,0,0,2005,5
200505,LNZ,2,2,177,15666,0,0,15666,2005,5
200505,LNZ,2,3,0,1953,68,0,0,2005,5
200505,SZG,1,1,757,38003,7731,118,0,2005,5
200505,SZG,1,2,753,36341,3969,0,36341,2005,5
200505,SZG,1,3,0,374,0,0,0,2005,5
200505,SZG,2,1,292,23799,400,0,0,2005,5
200505,SZG,2,2,296,24109,1036,0,24109,2005,5
200505,SZG,2,3,0,3962,0,0,0,2005,5
200506,VIE,1,1,9663,675563,6725971,491210,0,2005,6
200506,VIE,1,2,9630,690871,5905693,583181,690871,2005,6
200506,VIE,1,3,0,1553,2320630,1576,0,2005,6
200506,VIE,2,1,686,54097,653387,980,0,2005,6
200506,VIE,2,2,729,68860,829064,0,68860,2005,6
200506,VIE,2,3,0,2477,37638,0,0,2005,6
200506,GRZ,1,1,682,27613,48918,0,0,2005,6
200506,GRZ,1,2,679,27226,13641,0,27226,2005,6
200506,GRZ,1,3,0,146,0,0,0,2005,6
200506,GRZ,2,1,231,14004,64470,0,0,2005,6
200506,GRZ,2,2,232,17347,138,0,17347,2005,6
200506,GRZ,2,3,0,4747,0,0,0,2005,6
200506,INN,1,1,361,12563,28583,0,0,2005,6
200506,INN,1,2,366,12252,21985,0,12252,2005,6
200506,INN,1,3,0,439,0,0,0,2005,6
200506,INN,2,1,259,17351,250,0,0,2005,6
200506,INN,2,2,252,17976,308,0,17976,2005,6
200506,INN,2,3,0,895,0,0,0,2005,6
200506,KLU,1,1,363,22493,1678,0,0,2005,6
200506,KLU,1,2,362,21623,2676,0,21623,2005,6
200506,KLU,2,1,44,2482,0,0,0,2005,6
200506,KLU,2,2,44,2397,0,0,2397,2005,6
200506,KLU,2,3,0,329,0,0,0,2005,6
200506,LNZ,1,1,499,17223,18462,2109,0,2005,6
200506,LNZ,1,2,496,17562,15985,125,17562,2005,6
200506,LNZ,1,3,0,1619,45,0,0,2005,6
200506,LNZ,2,1,176,16496,0,0,0,2005,6
200506,LNZ,2,2,179,19580,4835,0,19580,2005,6
200506,LNZ,2,3,0,2476,0,0,0,2005,6
200506,SZG,1,1,767,40344,7524,395,0,2005,6
200506,SZG,1,2,768,40273,3066,0,40273,2005,6
200506,SZG,1,3,0,347,0,0,0,2005,6
200506,SZG,2,1,341,31641,0,0,0,2005,6
200506,SZG,2,2,340,31980,880,0,31980,2005,6
200506,SZG,2,3,0,5056,0,0,0,2005,6
200507,VIE,1,1,9625,694464,6884802,377865,0,2005,7
200507,VIE,1,2,9605,736146,5968563,564463,736146,2005,7
200507,VIE,1,3,0,2050,2072177,2618,0,2005,7
200507,VIE,2,1,925,101987,658736,4862,0,2005,7
200507,VIE,2,2,948,113521,812345,184,113521,2005,7
200507,VIE,2,3,0,2673,35363,0,0,2005,7
200507,GRZ,1,1,656,25903,41915,0,0,2005,7
200507,GRZ,1,2,655,26941,9293,0,26941,2005,7
200507,GRZ,1,3,0,282,0,0,0,2005,7
200507,GRZ,2,1,289,24796,113817,0,0,2005,7
200507,GRZ,2,2,294,25917,0,0,25917,2005,7
200507,GRZ,2,3,0,4837,0,0,0,2005,7
200507,INN,1,1,325,11558,21101,406,0,2005,7
200507,INN,1,2,335,11878,19611,0,11878,2005,7
200507,INN,1,3,0,415,0,0,0,2005,7
200507,INN,2,1,290,23210,0,0,0,2005,7
200507,INN,2,2,281,23241,0,0,23241,2005,7
200507,INN,2,3,0,1061,0,0,0,2005,7
200507,KLU,1,1,372,26439,1395,0,0,2005,7
200507,KLU,1,2,372,25097,3213,0,25097,2005,7
200507,KLU,2,1,57,3367,15,0,0,2005,7
200507,KLU,2,2,58,3282,0,0,3282,2005,7
200507,KLU,2,3,0,349,0,0,0,2005,7
200507,LNZ,1,1,502,16343,14554,1672,0,2005,7
200507,LNZ,1,2,499,16797,13222,0,16797,2005,7
200507,LNZ,1,3,0,1692,24,0,0,2005,7
200507,LNZ,2,1,248,28461,0,0,0,2005,7
200507,LNZ,2,2,249,30247,78,0,30247,2005,7
200507,LNZ,2,3,0,3421,0,0,0,2005,7
200507,SZG,1,1,772,42813,12651,262,0,2005,7
200507,SZG,1,2,773,41642,2982,0,41642,2005,7
200507,SZG,1,3,0,280,0,0,0,2005,7
200507,SZG,2,1,357,36573,0,0,0,2005,7
200507,SZG,2,2,357,37870,0,0,37870,2005,7
200507,SZG,2,3,0,5504,0,0,0,2005,7
200508,VIE,1,1,9571,704666,6829380,362054,0,2005,8
200508,VIE,1,2,9513,682404,5426089,543000,682404,2005,8
200508,VIE,1,3,0,1645,1835364,1312,0,2005,8
200508,VIE,2,1,756,95081,545098,3932,0,2005,8
200508,VIE,2,2,809,84161,667455,0,84161,2005,8
200508,VIE,2,3,0,2816,31165,0,0,2005,8
200508,GRZ,1,1,622,23480,53047,0,0,2005,8
200508,GRZ,1,2,622,23850,12388,0,23850,2005,8
200508,GRZ,1,3,0,248,0,0,0,2005,8
200508,GRZ,2,1,264,23232,712,0,0,2005,8
200508,GRZ,2,2,263,23677,0,0,23677,2005,8
200508,GRZ,2,3,0,5472,0,0,0,2005,8
200508,INN,1,1,330,11429,22210,10,0,2005,8
200508,INN,1,2,344,11224,20149,0,11224,2005,8
200508,INN,1,3,0,473,0,0,0,2005,8
200508,INN,2,1,245,18918,300,0,0,2005,8
200508,INN,2,2,232,18975,0,0,18975,2005,8
200508,INN,2,3,0,1661,0,0,0,2005,8
200508,KLU,1,1,379,25461,1890,0,0,2005,8
200508,KLU,1,2,379,26926,2629,0,26926,2005,8
200508,KLU,1,3,0,327,0,0,0,2005,8
200508,KLU,2,1,55,2922,0,0,0,2005,8
200508,KLU,2,2,56,3196,0,0,3196,2005,8
200508,KLU,2,3,0,748,0,0,0,2005,8
200508,LNZ,1,1,464,15145,18022,1790,0,2005,8
200508,LNZ,1,2,462,14867,11027,88,14867,2005,8
200508,LNZ,1,3,0,1671,35,0,0,2005,8
200508,LNZ,2,1,238,27346,0,0,0,2005,8
200508,LNZ,2,2,240,27233,7000,0,27233,2005,8
200508,LNZ,2,3,0,3750,0,0,0,2005,8
200508,SZG,1,1,788,43937,12787,0,0,2005,8
200508,SZG,1,2,786,46294,4135,0,46294,2005,8
200508,SZG,1,3,0,469,102,0,0,2005,8
200508,SZG,2,1,339,36817,1726,0,0,2005,8
200508,SZG,2,2,340,38078,52,0,38078,2005,8
200508,SZG,2,3,0,4760,0,0,0,2005,8
200509,VIE,1,1,9559,727460,7576130,350244,0,2005,9
200509,VIE,1,2,9505,708566,5897161,607151,708566,2005,9
200509,VIE,1,3,0,1565,2253190,1766,0,2005,9
200509,VIE,2,1,687,72491,704110,2359,0,2005,9
200509,VIE,2,2,742,63040,695483,0,63040,2005,9
200509,VIE,2,3,0,2138,46027,0,0,2005,9
200509,GRZ,1,1,693,29314,45647,0,0,2005,9
200509,GRZ,1,2,692,28667,15381,0,28667,2005,9
200509,GRZ,1,3,0,126,0,0,0,2005,9
200509,GRZ,2,1,274,22302,7953,0,0,2005,9
200509,GRZ,2,2,276,18484,600,0,18484,2005,9
200509,GRZ,2,3,0,4772,0,0,0,2005,9
200509,INN,1,1,351,13168,27399,0,0,2005,9
200509,INN,1,2,352,12797,27766,0,12797,2005,9
200509,INN,1,3,0,414,0,0,0,2005,9
200509,INN,2,1,232,14290,0,0,0,2005,9
200509,INN,2,2,229,15059,0,0,15059,2005,9
200509,INN,2,3,0,1233,0,0,0,2005,9
200509,KLU,1,1,387,24277,1837,0,0,2005,9
200509,KLU,1,2,384,24384,2865,0,24384,2005,9
200509,KLU,1,3,0,58,0,0,0,2005,9
200509,KLU,2,1,40,2622,0,0,0,2005,9
200509,KLU,2,2,43,2465,6000,0,2465,2005,9
200509,KLU,2,3,0,309,0,0,0,2005,9
200509,LNZ,1,1,478,18198,21430,1880,0,2005,9
200509,LNZ,1,2,476,18160,11390,0,18160,2005,9
200509,LNZ,1,3,0,1850,73,0,0,2005,9
200509,LNZ,2,1,194,23628,0,0,0,2005,9
200509,LNZ,2,2,195,19784,260,0,19784,2005,9
200509,LNZ,2,3,0,2255,0,0,0,2005,9
200509,SZG,1,1,766,44271,10156,0,0,2005,9
200509,SZG,1,2,772,43428,3685,0,43428,2005,9
200509,SZG,1,3,0,594,88,0,0,2005,9
200509,SZG,2,1,321,31276,0,0,0,2005,9
200509,SZG,2,2,316,29683,183,0,29683,2005,9
200509,SZG,2,3,0,5511,0,0,0,2005,9
200510,VIE,1,1,9534,660976,8482813,502760,0,2005,10
200510,VIE,1,2,9481,681237,6180076,590651,681237,2005,10
200510,VIE,1,3,0,1841,2436639,2118,0,2005,10
200510,VIE,2,1,444,40610,598436,154,0,2005,10
200510,VIE,2,2,493,29985,867369,70,29985,2005,10
200510,VIE,2,3,0,1278,32498,0,0,2005,10
200510,GRZ,1,1,681,26994,57468,0,0,2005,10
200510,GRZ,1,2,678,28139,13518,0,28139,2005,10
200510,GRZ,1,3,0,76,0,0,0,2005,10
200510,GRZ,2,1,119,9199,2184,0,0,2005,10
200510,GRZ,2,2,121,6856,3070,0,6856,2005,10
200510,GRZ,2,3,0,1976,0,0,0,2005,10
200510,INN,1,1,344,12324,29921,0,0,2005,10
200510,INN,1,2,348,12775,24698,0,12775,2005,10
200510,INN,1,3,0,433,0,0,0,2005,10
200510,INN,2,1,151,10638,0,0,0,2005,10
200510,INN,2,2,147,8137,0,0,8137,2005,10
200510,INN,2,3,0,954,0,0,0,2005,10
200510,KLU,1,1,381,21712,1243,0,0,2005,10
200510,KLU,1,2,382,23108,4478,0,23108,2005,10
200510,KLU,1,3,0,29,0,0,0,2005,10
200510,KLU,2,1,30,1589,0,0,0,2005,10
200510,KLU,2,2,30,1236,0,0,1236,2005,10
200510,LNZ,1,1,459,16863,17505,3232,0,2005,10
200510,LNZ,1,2,460,17301,15813,13,17301,2005,10
200510,LNZ,1,3,0,1540,58,0,0,2005,10
200510,LNZ,2,1,119,12129,0,0,0,2005,10
200510,LNZ,2,2,120,8970,156,0,8970,2005,10
200510,LNZ,2,3,0,1152,0,0,0,2005,10
200510,SZG,1,1,757,38296,7961,0,0,2005,10
200510,SZG,1,2,758,40752,5599,0,40752,2005,10
200510,SZG,1,3,0,704,3868,0,0,2005,10
200510,SZG,2,1,145,13317,2653,0,0,2005,10
200510,SZG,2,2,144,10703,0,0,10703,2005,10
200510,SZG,2,3,0,3076,0,0,0,2005,10
200511,VIE,1,1,8862,588995,8682822,403865,0,2005,11
200511,VIE,1,2,8815,576925,6015337,695266,576925,2005,11
200511,VIE,1,3,0,1471,2258770,486,0,2005,11
200511,VIE,2,1,262,14356,815329,146,0,2005,11
200511,VIE,2,2,307,11762,906769,0,11762,2005,11
200511,VIE,2,3,0,794,29554,2,0,2005,11
200511,GRZ,1,1,669,26637,51126,0,0,2005,11
200511,GRZ,1,2,670,26395,26961,0,26395,2005,11
200511,GRZ,1,3,0,5,0,0,0,2005,11
200511,GRZ,2,1,70,3868,360,0,0,2005,11
200511,GRZ,2,2,70,3715,0,0,3715,2005,11
200511,GRZ,2,3,0,895,0,0,0,2005,11
200511,INN,1,1,354,12295,30494,0,0,2005,11
200511,INN,1,2,351,12588,27289,0,12588,2005,11
200511,INN,1,3,0,460,0,0,0,2005,11
200511,INN,2,1,66,2716,0,0,0,2005,11
200511,INN,2,2,66,2084,0,0,2084,2005,11
200511,INN,2,3,0,265,0,0,0,2005,11
200511,KLU,1,1,324,13976,1387,0,0,2005,11
200511,KLU,1,2,323,13804,3542,0,13804,2005,11
200511,KLU,2,1,10,365,0,0,0,2005,11
200511,KLU,2,2,11,320,0,0,320,2005,11
200511,LNZ,1,1,395,16378,19510,3135,0,2005,11
200511,LNZ,1,2,394,15870,15642,0,15870,2005,11
200511,LNZ,1,3,0,1552,154,0,0,2005,11
200511,LNZ,2,1,62,5181,0,0,0,2005,11
200511,LNZ,2,2,63,4554,0,0,4554,2005,11
200511,LNZ,2,3,0,118,0,0,0,2005,11
200511,SZG,1,1,665,34592,8124,0,0,2005,11
200511,SZG,1,2,661,33487,7039,0,33487,2005,11
200511,SZG,1,3,0,553,128,0,0,2005,11
200511,SZG,2,1,75,7149,0,0,0,2005,11
200511,SZG,2,2,80,5762,0,0,5762,2005,11
200511,SZG,2,3,0,575,0,0,0,2005,11
200512,VIE,1,1,8581,566499,8058976,495287,0,2005,12
200512,VIE,1,2,8527,577168,5887814,861785,577168,2005,12
200512,VIE,1,3,0,1576,1945077,2406,0,2005,12
200512,VIE,2,1,351,15461,977504,2670,0,2005,12
200512,VIE,2,2,378,12312,1066357,585,12312,2005,12
200512,VIE,2,3,0,1378,92278,0,0,2005,12
200512,GRZ,1,1,617,22824,44431,0,0,2005,12
200512,GRZ,1,2,622,22130,12717,0,22130,2005,12
200512,GRZ,1,3,0,593,0,0,0,2005,12
200512,GRZ,2,1,53,2575,0,0,0,2005,12
200512,GRZ,2,2,49,2646,0,0,2646,2005,12
200512,GRZ,2,3,0,676,0,0,0,2005,12
200512,INN,1,1,388,17580,22072,0,0,2005,12
200512,INN,1,2,395,14542,17339,1,14542,2005,12
200512,INN,1,3,0,312,0,0,0,2005,12
200512,INN,2,1,119,10917,0,0,0,2005,12
200512,INN,2,2,111,6511,0,0,6511,2005,12
200512,INN,2,3,0,87,0,0,0,2005,12
200512,KLU,1,1,325,15547,1620,0,0,2005,12
200512,KLU,1,2,326,13844,2959,0,13844,2005,12
200512,KLU,2,1,12,47,0,0,0,2005,12
200512,KLU,2,2,11,10,0,0,10,2005,12
200512,KLU,2,3,0,3,0,0,0,2005,12
200512,LNZ,1,1,366,14823,21186,3012,0,2005,12
200512,LNZ,1,2,365,13569,12685,145,13569,2005,12
200512,LNZ,1,3,0,1866,45,0,0,2005,12
200512,LNZ,2,1,48,2917,55,0,0,2005,12
200512,LNZ,2,2,50,2867,0,0,2867,2005,12
200512,LNZ,2,3,0,354,0,0,0,2005,12
200512,SZG,1,1,751,47716,9392,52,0,2005,12
200512,SZG,1,2,755,39985,10591,0,39985,2005,12
200512,SZG,1,3,0,544,93,0,0,2005,12
200512,SZG,2,1,174,22118,0,0,0,2005,12
200512,SZG,2,2,169,14374,3150,0,14374,2005,12
200512,SZG,2,3,0,453,0,0,0,2005,12
200601,VIE,1,1,8617,522487,7073588,411197,0,2006,1
200601,VIE,1,2,8608,534928,4945500,609530,534928,2006,1
200601,VIE,1,3,0,1040,1999525,1887,0,2006,1
200601,VIE,2,1,322,11299,611041,80,0,2006,1
200601,VIE,2,2,351,11049,762807,40,11049,2006,1
200601,VIE,2,3,0,594,15909,0,0,2006,1
200601,GRZ,1,1,615,21246,52452,0,0,2006,1
200601,GRZ,1,2,612,22377,16277,0,22377,2006,1
200601,GRZ,1,3,0,4,0,0,0,2006,1
200601,GRZ,2,1,51,2862,0,0,0,2006,1
200601,GRZ,2,2,52,2901,0,0,2901,2006,1
200601,GRZ,2,3,0,462,0,0,0,2006,1
200601,INN,1,1,442,19397,27489,0,0,2006,1
200601,INN,1,2,439,21201,20258,0,21201,2006,1
200601,INN,1,3,0,377,0,0,0,2006,1
200601,INN,2,1,307,28892,0,0,0,2006,1
200601,INN,2,2,314,28577,0,0,28577,2006,1
200601,KLU,1,1,345,15306,2142,0,0,2006,1
200601,KLU,1,2,342,16333,1868,0,16333,2006,1
200601,KLU,1,3,0,0,70,0,0,2006,1
200601,KLU,2,1,27,217,0,0,0,2006,1
200601,KLU,2,2,29,228,0,0,228,2006,1
200601,LNZ,1,1,387,13280,20211,2170,0,2006,1
200601,LNZ,1,2,383,13940,13484,37,13940,2006,1
200601,LNZ,1,3,0,1925,176,5,0,2006,1
200601,LNZ,2,1,50,4241,0,0,0,2006,1
200601,LNZ,2,2,53,2956,58,0,2956,2006,1
200601,LNZ,2,3,0,709,0,0,0,2006,1
200601,SZG,1,1,797,47004,12615,80,0,2006,1
200601,SZG,1,2,800,50284,8811,0,50284,2006,1
200601,SZG,1,3,0,594,719,0,0,2006,1
200601,SZG,2,1,402,46012,425,0,0,2006,1
200601,SZG,2,2,400,43110,0,0,43110,2006,1
200601,SZG,2,3,0,1150,0,0,0,2006,1
200602,VIE,1,1,8117,507598,6988652,456739,0,2006,2
200602,VIE,1,2,8080,508426,5293570,566670,508426,2006,2
200602,VIE,1,3,0,1464,1721330,1279,0,2006,2
200602,VIE,2,1,299,10772,672593,555,0,2006,2
200602,VIE,2,2,338,10351,830189,29,10351,2006,2
200602,VIE,2,3,0,1259,11502,147,0,2006,2
200602,GRZ,1,1,616,22692,45018,0,0,2006,2
200602,GRZ,1,2,614,22513,16893,0,22513,2006,2
200602,GRZ,1,3,0,7,0,0,0,2006,2
200602,GRZ,2,1,52,3392,0,0,0,2006,2
200602,GRZ,2,2,54,3555,1200,0,3555,2006,2
200602,GRZ,2,3,0,568,0,0,0,2006,2
200602,INN,1,1,433,20459,23778,0,0,2006,2
200602,INN,1,2,431,20948,20330,0,20948,2006,2
200602,INN,1,3,0,459,0,0,0,2006,2
200602,INN,2,1,263,27734,0,0,0,2006,2
200602,INN,2,2,265,28268,0,0,28268,2006,2
200602,INN,2,3,0,31,0,0,0,2006,2
200602,KLU,1,1,332,15436,1385,0,0,2006,2
200602,KLU,1,2,330,15274,905,0,15274,2006,2
200602,KLU,2,1,14,297,0,0,0,2006,2
200602,KLU,2,2,14,300,0,0,300,2006,2
200602,KLU,2,3,0,1,0,0,0,2006,2
200602,LNZ,1,1,373,14645,19065,2444,0,2006,2
200602,LNZ,1,2,369,14763,12267,218,14763,2006,2
200602,LNZ,1,3,0,1724,45,0,0,2006,2
200602,LNZ,2,1,49,3420,0,0,0,2006,2
200602,LNZ,2,2,54,4049,0,0,4049,2006,2
200602,LNZ,2,3,0,173,0,0,0,2006,2
200602,SZG,1,1,747,48039,7574,115,0,2006,2
200602,SZG,1,2,746,48461,8130,0,48461,2006,2
200602,SZG,1,3,0,607,522,0,0,2006,2
200602,SZG,2,1,355,48342,0,0,0,2006,2
200602,SZG,2,2,357,48145,0,0,48145,2006,2
200602,SZG,2,3,0,604,0,0,0,2006,2
200603,VIE,1,1,9369,614533,9360559,610500,0,2006,3
200603,VIE,1,2,9308,608632,5930556,616223,608632,2006,3
200603,VIE,1,3,0,1414,2357359,930,0,2006,3
200603,VIE,2,1,326,12387,775617,2047,0,2006,3
200603,VIE,2,2,395,12635,989325,0,12635,2006,3
200603,VIE,2,3,0,611,72208,3,0,2006,3
200603,GRZ,1,1,670,26299,41558,0,0,2006,3
200603,GRZ,1,2,671,26448,18642,0,26448,2006,3
200603,GRZ,1,3,0,153,0,0,0,2006,3
200603,GRZ,2,1,67,3691,260,0,0,2006,3
200603,GRZ,2,2,68,4024,80,0,4024,2006,3
200603,GRZ,2,3,0,1130,0,0,0,2006,3
200603,INN,1,1,447,21528,27694,0,0,2006,3
200603,INN,1,2,456,22591,21196,0,22591,2006,3
200603,INN,1,3,0,500,0,0,0,2006,3
200603,INN,2,1,271,22147,0,0,0,2006,3
200603,INN,2,2,260,26720,0,0,26720,2006,3
200603,INN,2,3,0,375,0,0,0,2006,3
200603,KLU,1,1,339,15794,2548,0,0,2006,3
200603,KLU,1,2,343,16723,1723,0,16723,2006,3
200603,KLU,2,1,26,713,0,0,0,2006,3
200603,KLU,2,2,22,809,0,0,809,2006,3
200603,KLU,2,3,0,149,0,0,0,2006,3
200603,LNZ,1,1,409,16241,20565,1625,0,2006,3
200603,LNZ,1,2,411,16356,17702,8,16356,2006,3
200603,LNZ,1,3,0,1916,109,0,0,2006,3
200603,LNZ,2,1,60,5186,0,0,0,2006,3
200603,LNZ,2,2,59,5695,0,0,5695,2006,3
200603,LNZ,2,3,0,453,0,0,0,2006,3
200603,SZG,1,1,779,52495,7153,0,0,2006,3
200603,SZG,1,2,773,53308,5426,0,53308,2006,3
200603,SZG,1,3,0,522,0,0,0,2006,3
200603,SZG,2,1,290,32534,60,0,0,2006,3
200603,SZG,2,2,295,39817,62,0,39817,2006,3
200603,SZG,2,3,0,660,0,0,0,2006,3
200604,VIE,1,1,9268,676599,9350814,522418,0,2006,4
200604,VIE,1,2,9193,674062,5372238,598389,674062,2006,4
200604,VIE,1,3,0,1339,2595006,69,0,2006,4
200604,VIE,2,1,368,23017,616617,720,0,2006,4
200604,VIE,2,2,440,25449,803845,0,25449,2006,4
200604,VIE,2,3,0,1738,46267,0,0,2006,4
200604,GRZ,1,1,573,26475,47350,0,0,2006,4
200604,GRZ,1,2,574,26932,15259,0,26932,2006,4
200604,GRZ,2,1,94,7084,428,0,0,2006,4
200604,GRZ,2,2,96,7471,0,0,7471,2006,4
200604,GRZ,2,3,0,2020,0,60,0,2006,4
200604,INN,1,1,378,15104,26759,0,0,2006,4
200604,INN,1,2,383,16608,17662,4,16608,2006,4
200604,INN,1,3,0,288,0,0,0,2006,4
200604,INN,2,1,139,8230,0,0,0,2006,4
200604,INN,2,2,134,12895,0,0,12895,2006,4
200604,INN,2,3,0,606,0,0,0,2006,4
200604,KLU,1,1,274,14212,1701,0,0,2006,4
200604,KLU,1,2,273,13959,1252,0,13959,2006,4
200604,KLU,2,1,15,207,0,0,0,2006,4
200604,KLU,2,2,16,393,0,0,393,2006,4
200604,KLU,2,3,0,109,0,0,0,2006,4
200604,LNZ,1,1,367,16318,20910,1652,0,2006,4
200604,LNZ,1,2,368,16522,8322,91,16522,2006,4
200604,LNZ,1,3,0,1585,80,0,0,2006,4
200604,LNZ,2,1,111,9928,3450,0,0,2006,4
200604,LNZ,2,2,109,10638,0,0,10638,2006,4
200604,LNZ,2,3,0,1285,0,0,0,2006,4
200604,SZG,1,1,594,47647,6863,0,0,2006,4
200604,SZG,1,2,593,49847,4963,0,49847,2006,4
200604,SZG,2,1,153,11465,1538,0,0,2006,4
200604,SZG,2,2,154,16376,0,0,16376,2006,4
200604,SZG,2,3,0,1094,0,0,0,2006,4
200605,VIE,1,1,10033,717706,8586383,567870,0,2006,5
200605,VIE,1,2,9960,714678,6052255,572759,714678,2006,5
200605,VIE,1,3,0,1026,2152396,197,0,2006,5
200605,VIE,2,1,531,32040,691206,2208,0,2006,5
200605,VIE,2,2,605,37271,1040963,1625,37271,2006,5
200605,VIE,2,3,0,2625,58504,198,0,2006,5
200605,GRZ,1,1,641,29960,46562,0,0,2006,5
200605,GRZ,1,2,639,28729,14987,0,28729,2006,5
200605,GRZ,1,3,0,13,0,0,0,2006,5
200605,GRZ,2,1,143,7805,774,0,0,2006,5
200605,GRZ,2,2,144,8993,0,0,8993,2006,5
200605,GRZ,2,3,0,3389,0,0,0,2006,5
200605,INN,1,1,408,15557,24202,0,0,2006,5
200605,INN,1,2,408,15043,22870,0,15043,2006,5
200605,INN,1,3,0,361,8,0,0,2006,5
200605,INN,2,1,174,9704,0,0,0,2006,5
200605,INN,2,2,173,10845,0,0,10845,2006,5
200605,INN,2,3,0,1628,0,0,0,2006,5
200605,KLU,1,1,292,15085,1279,0,0,2006,5
200605,KLU,1,2,293,14602,1485,0,14602,2006,5
200605,KLU,1,3,0,141,0,0,0,2006,5
200605,KLU,2,1,46,1542,0,0,0,2006,5
200605,KLU,2,2,44,1778,0,0,1778,2006,5
200605,KLU,2,3,0,994,0,0,0,2006,5
200605,LNZ,1,1,419,19821,17243,1628,0,2006,5
200605,LNZ,1,2,419,19705,7764,61,19705,2006,5
200605,LNZ,1,3,0,1810,159,0,0,2006,5
200605,LNZ,2,1,152,10512,1600,0,0,2006,5
200605,LNZ,2,2,154,12121,0,0,12121,2006,5
200605,LNZ,2,3,0,2247,0,0,0,2006,5
200605,SZG,1,1,563,44376,7895,216,0,2006,5
200605,SZG,1,2,568,42723,5501,0,42723,2006,5
200605,SZG,2,1,206,17471,63,0,0,2006,5
200605,SZG,2,2,202,17558,0,0,17558,2006,5
200605,SZG,2,3,0,3190,0,0,0,2006,5
200606,VIE,1,1,9808,712504,7780371,598122,0,2006,6
200606,VIE,1,2,9731,727853,5643842,590179,727853,2006,6
200606,VIE,1,3,0,1128,3136476,117,0,2006,6
200606,VIE,2,1,715,56034,794905,997,0,2006,6
200606,VIE,2,2,799,74560,801111,18,74560,2006,6
200606,VIE,2,3,0,2363,71549,0,0,2006,6
200606,GRZ,1,1,589,27239,39596,0,0,2006,6
200606,GRZ,1,2,590,27008,12908,0,27008,2006,6
200606,GRZ,1,3,0,41,0,0,0,2006,6
200606,GRZ,2,1,283,18802,162,0,0,2006,6
200606,GRZ,2,2,283,22454,0,0,22454,2006,6
200606,GRZ,2,3,0,7088,0,0,0,2006,6
200606,INN,1,1,400,14880,23391,56,0,2006,6
200606,INN,1,2,411,14398,19266,0,14398,2006,6
200606,INN,1,3,0,444,0,0,0,2006,6
200606,INN,2,1,253,17157,3,0,0,2006,6
200606,INN,2,2,241,17572,0,0,17572,2006,6
200606,INN,2,3,0,2636,0,0,0,2006,6
200606,KLU,1,1,282,15312,3098,0,0,2006,6
200606,KLU,1,2,283,14526,643,0,14526,2006,6
200606,KLU,2,1,59,2122,0,0,0,2006,6
200606,KLU,2,2,57,2334,0,0,2334,2006,6
200606,KLU,2,3,0,880,0,0,0,2006,6
200606,LNZ,1,1,408,20527,24451,849,0,2006,6
200606,LNZ,1,2,412,20128,9084,111,20128,2006,6
200606,LNZ,1,3,0,1701,25,0,0,2006,6
200606,LNZ,2,1,239,22205,0,0,0,2006,6
200606,LNZ,2,2,236,26153,243,0,26153,2006,6
200606,LNZ,2,3,0,4246,0,0,0,2006,6
200606,SZG,1,1,550,46009,9337,126,0,2006,6
200606,SZG,1,2,552,44335,7431,0,44335,2006,6
200606,SZG,2,1,363,36265,4534,0,0,2006,6
200606,SZG,2,2,361,36512,9758,0,36512,2006,6
200606,SZG,2,3,0,5065,5154,0,0,2006,6
200607,VIE,1,1,9784,727302,7721346,612641,0,2006,7
200607,VIE,1,2,9764,759795,6014515,595782,759795,2006,7
200607,VIE,1,3,0,1306,1605108,0,0,2006,7
200607,VIE,2,1,946,101765,798829,3017,0,2006,7
200607,VIE,2,2,963,107716,948940,0,107716,2006,7
200607,VIE,2,3,0,1686,60194,0,0,2006,7
200607,GRZ,1,1,522,25225,42268,0,0,2006,7
200607,GRZ,1,2,525,26724,10685,0,26724,2006,7
200607,GRZ,2,1,294,24829,6225,0,0,2006,7
200607,GRZ,2,2,290,26108,0,0,26108,2006,7
200607,GRZ,2,3,0,7100,0,0,0,2006,7
200607,INN,1,1,388,14731,25832,0,0,2006,7
200607,INN,1,2,388,15095,17877,0,15095,2006,7
200607,INN,1,3,0,490,0,0,0,2006,7
200607,INN,2,1,272,20448,0,0,0,2006,7
200607,INN,2,2,271,20576,0,0,20576,2006,7
200607,INN,2,3,0,2329,0,0,0,2006,7
200607,KLU,1,1,302,17710,1616,0,0,2006,7
200607,KLU,1,2,303,16863,1395,0,16863,2006,7
200607,KLU,2,1,57,3642,0,0,0,2006,7
200607,KLU,2,2,56,3741,0,0,3741,2006,7
200607,KLU,2,3,0,1145,0,0,0,2006,7
200607,LNZ,1,1,428,19166,29086,698,0,2006,7
200607,LNZ,1,2,434,20007,6968,420,20007,2006,7
200607,LNZ,1,3,0,1930,58,0,0,2006,7
200607,LNZ,2,1,252,29200,0,0,0,2006,7
200607,LNZ,2,2,249,29751,57,0,29751,2006,7
200607,LNZ,2,3,0,3266,0,0,0,2006,7
200607,SZG,1,1,563,48426,9085,287,0,2006,7
200607,SZG,1,2,566,47749,7571,0,47749,2006,7
200607,SZG,2,1,369,36340,398,0,0,2006,7
200607,SZG,2,2,367,37197,0,0,37197,2006,7
200607,SZG,2,3,0,5230,0,0,0,2006,7
200608,VIE,1,1,9697,731744,7570382,524533,0,2006,8
200608,VIE,1,2,9653,716124,5593034,620923,716124,2006,8
200608,VIE,1,3,0,1338,1707384,50,0,2006,8
200608,VIE,2,1,855,98549,726002,1345,0,2006,8
200608,VIE,2,2,895,89239,751670,0,89239,2006,8
200608,VIE,2,3,0,3141,66905,49,0,2006,8
200608,GRZ,1,1,538,23488,38317,0,0,2006,8
200608,GRZ,1,2,538,23881,12381,0,23881,2006,8
200608,GRZ,1,3,0,37,0,0,0,2006,8
200608,GRZ,2,1,280,24894,19,0,0,2006,8
200608,GRZ,2,2,281,24755,14,0,24755,2006,8
200608,GRZ,2,3,0,7490,0,0,0,2006,8
200608,INN,1,1,387,14073,25031,40,0,2006,8
200608,INN,1,2,387,14361,13432,0,14361,2006,8
200608,INN,1,3,0,392,0,0,0,2006,8
200608,INN,2,1,236,17780,0,0,0,2006,8
200608,INN,2,2,238,18121,0,0,18121,2006,8
200608,INN,2,3,0,3115,0,0,0,2006,8
200608,KLU,1,1,307,16336,861,0,0,2006,8
200608,KLU,1,2,308,17180,1927,11,17180,2006,8
200608,KLU,2,1,60,3174,0,0,0,2006,8
200608,KLU,2,2,59,3583,0,0,3583,2006,8
200608,KLU,2,3,0,998,0,0,0,2006,8
200608,LNZ,1,1,427,18533,21677,873,0,2006,8
200608,LNZ,1,2,430,18244,12387,2,18244,2006,8
200608,LNZ,1,3,0,2203,90,5,0,2006,8
200608,LNZ,2,1,222,26539,0,0,0,2006,8
200608,LNZ,2,2,222,26408,0,0,26408,2006,8
200608,LNZ,2,3,0,3680,0,0,0,2006,8
200608,SZG,1,1,572,49489,8814,215,0,2006,8
200608,SZG,1,2,572,51547,4994,0,51547,2006,8
200608,SZG,2,1,342,37654,1400,0,0,2006,8
200608,SZG,2,2,343,39314,150,0,39314,2006,8
200608,SZG,2,3,0,5869,0,0,0,2006,8
200609,VIE,1,1,9782,760837,8860839,569559,0,2006,9
200609,VIE,1,2,9713,736230,6131657,602509,736230,2006,9
200609,VIE,1,3,0,1129,2250089,363,0,2006,9
200609,VIE,2,1,719,72570,895697,2724,0,2006,9
200609,VIE,2,2,787,62178,748791,177,62178,2006,9
200609,VIE,2,3,0,2060,55669,0,0,2006,9
200609,GRZ,1,1,558,28961,34236,0,0,2006,9
200609,GRZ,1,2,563,27982,14322,0,27982,2006,9
200609,GRZ,1,3,0,56,0,0,0,2006,9
200609,GRZ,2,1,275,22302,250,0,0,2006,9
200609,GRZ,2,2,273,18373,174,0,18373,2006,9
200609,GRZ,2,3,0,6273,0,0,0,2006,9
200609,INN,1,1,407,16390,25587,0,0,2006,9
200609,INN,1,2,412,16412,22001,0,16412,2006,9
200609,INN,1,3,0,539,0,0,0,2006,9
200609,INN,2,1,230,14648,157,0,0,2006,9
200609,INN,2,2,221,14131,0,0,14131,2006,9
200609,INN,2,3,0,2877,0,0,0,2006,9
200609,KLU,1,1,289,15756,1679,0,0,2006,9
200609,KLU,1,2,294,15867,2550,0,15867,2006,9
200609,KLU,1,3,0,282,0,0,0,2006,9
200609,KLU,2,1,46,3178,0,0,0,2006,9
200609,KLU,2,2,42,2026,0,0,2026,2006,9
200609,KLU,2,3,0,1050,0,0,0,2006,9
200609,LNZ,1,1,411,20914,22840,480,0,2006,9
200609,LNZ,1,2,410,20870,7346,35,20870,2006,9
200609,LNZ,1,3,0,1998,102,0,0,2006,9
200609,LNZ,2,1,226,24199,0,0,0,2006,9
200609,LNZ,2,2,228,19884,234,0,19884,2006,9
200609,LNZ,2,3,0,2839,0,0,0,2006,9
200609,SZG,1,1,557,48172,8728,132,0,2006,9
200609,SZG,1,2,556,47632,4522,0,47632,2006,9
200609,SZG,1,3,0,144,0,0,0,2006,9
200609,SZG,2,1,339,33249,0,0,0,2006,9
200609,SZG,2,2,339,31772,0,0,31772,2006,9
200609,SZG,2,3,0,5643,209,0,0,2006,9
200610,VIE,1,1,9938,704693,9164205,570060,0,2006,10
200610,VIE,1,2,9881,729573,6158049,679458,729573,2006,10
200610,VIE,1,3,0,2074,2006315,119,0,2006,10
200610,VIE,2,1,460,40385,876725,5381,0,2006,10
200610,VIE,2,2,513,33229,802370,260,33229,2006,10
200610,VIE,2,3,0,1095,55820,0,0,2006,10
200610,GRZ,1,1,573,27489,48282,0,0,2006,10
200610,GRZ,1,2,573,28650,19737,0,28650,2006,10
200610,GRZ,1,3,0,2,0,0,0,2006,10
200610,GRZ,2,1,99,7159,0,0,0,2006,10
200610,GRZ,2,2,98,4759,67,0,4759,2006,10
200610,GRZ,2,3,0,1970,0,0,0,2006,10
200610,INN,1,1,384,14260,28168,0,0,2006,10
200610,INN,1,2,385,14924,23977,1,14924,2006,10
200610,INN,1,3,0,541,0,0,0,2006,10
200610,INN,2,1,121,7390,150,0,0,2006,10
200610,INN,2,2,122,6235,0,0,6235,2006,10
200610,INN,2,3,0,1232,0,0,0,2006,10
200610,KLU,1,1,298,14873,1673,0,0,2006,10
200610,KLU,1,2,297,15445,1909,0,15445,2006,10
200610,KLU,1,3,0,255,0,0,0,2006,10
200610,KLU,2,1,21,386,0,0,0,2006,10
200610,KLU,2,2,22,85,0,0,85,2006,10
200610,KLU,2,3,0,345,0,0,0,2006,10
200610,LNZ,1,1,421,19164,18511,1036,0,2006,10
200610,LNZ,1,2,422,19073,10913,44,19073,2006,10
200610,LNZ,1,3,0,1973,20,0,0,2006,10
200610,LNZ,2,1,93,8699,0,0,0,2006,10
200610,LNZ,2,2,91,6593,234,0,6593,2006,10
200610,LNZ,2,3,0,516,334,0,0,2006,10
200610,SZG,1,1,574,43915,7609,107,0,2006,10
200610,SZG,1,2,574,45935,5048,0,45935,2006,10
200610,SZG,2,1,122,11291,4810,0,0,2006,10
200610,SZG,2,2,122,8857,605,0,8857,2006,10
200610,SZG,2,3,0,2060,0,0,0,2006,10
200611,VIE,1,1,9264,626675,9060034,501577,0,2006,11
200611,VIE,1,2,9215,611077,6037915,704623,611077,2006,11
200611,VIE,1,3,0,1191,2361056,1,0,2006,11
200611,VIE,2,1,251,11928,995773,764,0,2006,11
200611,VIE,2,2,298,8851,912377,0,8851,2006,11
200611,VIE,2,3,0,446,47675,176,0,2006,11
200611,GRZ,1,1,558,25242,52337,0,0,2006,11
200611,GRZ,1,2,555,24979,10000,0,24979,2006,11
200611,GRZ,2,1,56,2732,665,0,0,2006,11
200611,GRZ,2,2,57,2761,0,0,2761,2006,11
200611,GRZ,2,3,0,961,0,0,0,2006,11
200611,INN,1,1,412,14041,27112,75,0,2006,11
200611,INN,1,2,385,13593,23508,0,13593,2006,11
200611,INN,1,3,0,580,0,0,0,2006,11
200611,INN,2,1,54,2138,72,0,0,2006,11
200611,INN,2,2,81,1316,0,0,1316,2006,11
200611,INN,2,3,0,120,0,0,0,2006,11
200611,KLU,1,1,266,13256,1462,0,0,2006,11
200611,KLU,1,2,266,13454,1521,0,13454,2006,11
200611,KLU,2,1,6,49,0,0,0,2006,11
200611,KLU,2,2,5,12,0,0,12,2006,11
200611,LNZ,1,1,396,16769,21424,4398,0,2006,11
200611,LNZ,1,2,396,16596,10195,15,16596,2006,11
200611,LNZ,1,3,0,1747,298,0,0,2006,11
200611,LNZ,2,1,47,3445,55,0,0,2006,11
200611,LNZ,2,2,48,3250,11723,0,3250,2006,11
200611,LNZ,2,3,0,696,0,0,0,2006,11
200611,SZG,1,1,571,44779,9238,220,0,2006,11
200611,SZG,1,2,569,42723,8313,0,42723,2006,11
200611,SZG,1,3,0,49,0,0,0,2006,11
200611,SZG,2,1,46,3733,0,0,0,2006,11
200611,SZG,2,2,48,2666,0,0,2666,2006,11
200611,SZG,2,3,0,869,0,0,0,2006,11
200612,VIE,1,1,8843,601417,8187818,435419,0,2006,12
200612,VIE,1,2,8773,608963,5631272,883010,608963,2006,12
200612,VIE,1,3,0,907,2015134,80,0,2006,12
200612,VIE,2,1,327,15864,701191,445,0,2006,12
200612,VIE,2,2,367,15641,790515,0,15641,2006,12
200612,VIE,2,3,0,343,37328,0,0,2006,12
200612,GRZ,1,1,486,23597,44797,0,0,2006,12
200612,GRZ,1,2,488,21958,10223,0,21958,2006,12
200612,GRZ,2,1,47,2620,1306,0,0,2006,12
200612,GRZ,2,2,49,2742,2419,0,2742,2006,12
200612,GRZ,2,3,0,904,0,0,0,2006,12
200612,INN,1,1,391,20870,21487,0,0,2006,12
200612,INN,1,2,393,16618,17827,0,16618,2006,12
200612,INN,1,3,0,362,0,0,0,2006,12
200612,INN,2,1,121,13552,0,0,0,2006,12
200612,INN,2,2,117,7142,0,0,7142,2006,12
200612,KLU,1,1,285,17790,2439,0,0,2006,12
200612,KLU,1,2,286,15356,1995,0,15356,2006,12
200612,KLU,2,1,9,21,0,0,0,2006,12
200612,KLU,2,2,10,20,0,0,20,2006,12
200612,LNZ,1,1,357,14405,22917,6073,0,2006,12
200612,LNZ,1,2,354,12976,7424,2,12976,2006,12
200612,LNZ,1,3,0,1475,20,0,0,2006,12
200612,LNZ,2,1,43,2672,350,0,0,2006,12
200612,LNZ,2,2,47,2832,0,0,2832,2006,12
200612,LNZ,2,3,0,458,0,0,0,2006,12
200612,SZG,1,1,708,66574,8969,28,0,2006,12
200612,SZG,1,2,710,55835,5108,0,55835,2006,12
200612,SZG,1,3,0,185,0,0,0,2006,12
200612,SZG,2,1,192,25171,3240,0,0,2006,12
200612,SZG,2,2,190,15779,5500,0,15779,2006,12
200612,SZG,2,3,0,805,0,0,0,2006,12
200701,VIE,1,1,9062,551538,7395824,546295,0,2007,1
200701,VIE,1,2,9060,570096,4875941,626443,570096,2007,1
200701,VIE,1,3,0,1171,1822998,709,0,2007,1
200701,VIE,2,1,289,11045,696361,253,0,2007,1
200701,VIE,2,2,318,11475,726295,0,11475,2007,1
200701,VIE,2,3,0,2115,105355,0,0,2007,1
200701,GRZ,1,1,528,20987,44697,0,0,2007,1
200701,GRZ,1,2,520,22948,11098,0,22948,2007,1
200701,GRZ,1,3,0,8,0,0,0,2007,1
200701,GRZ,2,1,40,2620,1301,0,0,2007,1
200701,GRZ,2,2,45,2611,180,0,2611,2007,1
200701,GRZ,2,3,0,505,0,0,0,2007,1
200701,INN,1,1,470,23560,18270,0,0,2007,1
200701,INN,1,2,481,26095,20252,0,26095,2007,1
200701,INN,1,3,0,401,0,0,0,2007,1
200701,INN,2,1,254,27672,450,0,0,2007,1
200701,INN,2,2,244,25897,750,0,25897,2007,1
200701,KLU,1,1,311,16966,1756,0,0,2007,1
200701,KLU,1,2,310,18831,2412,0,18831,2007,1
200701,KLU,2,1,11,81,0,0,0,2007,1
200701,KLU,2,2,10,64,0,0,64,2007,1
200701,LNZ,1,1,381,14476,30956,5661,0,2007,1
200701,LNZ,1,2,375,14776,10153,66,14776,2007,1
200701,LNZ,1,3,0,1828,95,0,0,2007,1
200701,LNZ,2,1,41,2968,0,0,0,2007,1
200701,LNZ,2,2,44,3091,0,110,3091,2007,1
200701,LNZ,2,3,0,447,0,0,0,2007,1
200701,SZG,1,1,798,60503,9777,169,0,2007,1
200701,SZG,1,2,786,67871,6778,0,67871,2007,1
200701,SZG,1,3,0,89,0,0,0,2007,1
200701,SZG,2,1,416,47284,0,0,0,2007,1
200701,SZG,2,2,428,47630,356,0,47630,2007,1
200701,SZG,2,3,0,971,0,0,0,2007,1
200702,VIE,1,1,8533,554580,7585861,499844,0,2007,2
200702,VIE,1,2,8502,555513,5044060,543848,555513,2007,2
200702,VIE,1,3,0,713,1512936,47,0,2007,2
200702,VIE,2,1,252,8908,636879,738,0,2007,2
200702,VIE,2,2,287,9675,818750,337,9675,2007,2
200702,VIE,2,3,0,1011,57963,0,0,2007,2
200702,GRZ,1,1,525,22653,44096,0,0,2007,2
200702,GRZ,1,2,525,23007,10695,0,23007,2007,2
200702,GRZ,2,1,45,3216,1212,0,0,2007,2
200702,GRZ,2,2,45,3453,0,0,3453,2007,2
200702,GRZ,2,3,0,530,0,0,0,2007,2
200702,INN,1,1,466,26180,18172,0,0,2007,2
200702,INN,1,2,472,26057,20506,0,26057,2007,2
200702,INN,1,3,0,450,0,0,0,2007,2
200702,INN,2,1,228,28898,0,0,0,2007,2
200702,INN,2,2,221,28304,0,0,28304,2007,2
200702,KLU,1,1,307,18809,1158,0,0,2007,2
200702,KLU,1,2,307,18086,2255,0,18086,2007,2
200702,KLU,2,1,10,186,0,0,0,2007,2
200702,KLU,2,2,11,204,0,0,204,2007,2
200702,LNZ,1,1,381,15468,22476,5904,0,2007,2
200702,LNZ,1,2,382,15181,13122,27,15181,2007,2
200702,LNZ,1,3,0,1678,258,0,0,2007,2
200702,LNZ,2,1,33,2963,25,0,0,2007,2
200702,LNZ,2,2,34,3129,0,0,3129,2007,2
200702,LNZ,2,3,0,110,0,0,0,2007,2
200702,SZG,1,1,757,68143,9414,1,0,2007,2
200702,SZG,1,2,754,67917,7682,0,67917,2007,2
200702,SZG,1,3,0,120,0,0,0,2007,2
200702,SZG,2,1,356,48607,0,0,0,2007,2
200702,SZG,2,2,359,48079,0,0,48079,2007,2
200702,SZG,2,3,0,1096,0,0,0,2007,2
200703,VIE,1,1,9804,693854,9255777,499048,0,2007,3
200703,VIE,1,2,9749,690654,6317466,614549,690654,2007,3
200703,VIE,1,3,0,1178,2092382,49,0,2007,3
200703,VIE,2,1,277,11787,757382,465,0,2007,3
200703,VIE,2,2,320,13726,779345,0,13726,2007,3
200703,VIE,2,3,0,652,10510,0,0,2007,3
200703,GRZ,1,1,590,27614,39399,0,0,2007,3
200703,GRZ,1,2,592,27516,15428,0,27516,2007,3
200703,GRZ,1,3,0,65,0,0,0,2007,3
200703,GRZ,2,1,66,5171,0,0,0,2007,3
200703,GRZ,2,2,66,5366,0,0,5366,2007,3
200703,GRZ,2,3,0,810,0,0,0,2007,3
200703,INN,1,1,479,25459,20739,0,0,2007,3
200703,INN,1,2,479,26817,30396,0,26817,2007,3
200703,INN,1,3,0,445,0,0,0,2007,3
200703,INN,2,1,243,25710,0,0,0,2007,3
200703,INN,2,2,241,29767,0,0,29767,2007,3
200703,INN,2,3,0,170,0,0,0,2007,3
200703,KLU,1,1,340,19958,755,0,0,2007,3
200703,KLU,1,2,338,20930,1552,0,20930,2007,3
200703,KLU,2,1,24,544,0,0,0,2007,3
200703,KLU,2,2,26,680,0,0,680,2007,3
200703,KLU,2,3,0,153,0,0,0,2007,3
200703,LNZ,1,1,431,17377,16487,6057,0,2007,3
200703,LNZ,1,2,427,18116,9466,107,18116,2007,3
200703,LNZ,1,3,0,2027,44,0,0,2007,3
200703,LNZ,2,1,63,5010,110,0,0,2007,3
200703,LNZ,2,2,68,5626,0,0,5626,2007,3
200703,LNZ,2,3,0,691,0,0,0,2007,3
200703,SZG,1,1,808,70236,7603,0,0,2007,3
200703,SZG,1,2,807,72771,6942,0,72771,2007,3
200703,SZG,2,1,296,33025,0,0,0,2007,3
200703,SZG,2,2,296,41822,55,0,41822,2007,3
200703,SZG,2,3,0,948,0,0,0,2007,3
200704,VIE,1,1,9900,745246,8971570,525006,0,2007,4
200704,VIE,1,2,9863,732365,5477110,476169,732365,2007,4
200704,VIE,1,3,0,1238,1594076,213,0,2007,4
200704,VIE,2,1,335,22804,756010,998,0,2007,4
200704,VIE,2,2,382,24904,780728,778,24904,2007,4
200704,VIE,2,3,0,786,44465,0,0,2007,4
200704,GRZ,1,1,557,27424,27365,0,0,2007,4
200704,GRZ,1,2,555,27227,8629,0,27227,2007,4
200704,GRZ,1,3,0,22,0,0,0,2007,4
200704,GRZ,2,1,85,6449,0,0,0,2007,4
200704,GRZ,2,2,85,7085,0,0,7085,2007,4
200704,GRZ,2,3,0,1724,0,0,0,2007,4
200704,INN,1,1,375,14641,19870,15,0,2007,4
200704,INN,1,2,376,16323,14574,0,16323,2007,4
200704,INN,1,3,0,324,0,0,0,2007,4
200704,INN,2,1,105,5547,0,0,0,2007,4
200704,INN,2,2,102,10615,0,0,10615,2007,4
200704,INN,2,3,0,191,0,0,0,2007,4
200704,KLU,1,1,315,15850,790,0,0,2007,4
200704,KLU,1,2,315,16153,2691,0,16153,2007,4
200704,KLU,2,1,15,371,0,0,0,2007,4
200704,KLU,2,2,15,314,0,0,314,2007,4
200704,KLU,2,3,0,73,0,0,0,2007,4
200704,LNZ,1,1,426,18569,12730,4606,0,2007,4
200704,LNZ,1,2,425,18394,10037,43,18394,2007,4
200704,LNZ,1,3,0,1585,25,40,0,2007,4
200704,LNZ,2,1,106,8834,55,0,0,2007,4
200704,LNZ,2,2,104,10468,160,160,10468,2007,4
200704,LNZ,2,3,0,1628,0,0,0,2007,4
200704,SZG,1,1,644,49538,6233,0,0,2007,4
200704,SZG,1,2,646,54617,7785,0,54617,2007,4
200704,SZG,2,1,96,7255,0,0,0,2007,4
200704,SZG,2,2,95,10188,0,0,10188,2007,4
200704,SZG,2,3,0,928,0,0,0,2007,4
200705,VIE,1,1,10613,780098,8966725,513099,0,2007,5
200705,VIE,1,2,10559,782809,5422402,488212,782809,2007,5
200705,VIE,1,3,0,917,1984850,142,0,2007,5
200705,VIE,2,1,447,29079,719063,1058,0,2007,5
200705,VIE,2,2,502,31480,783255,200,31480,2007,5
200705,VIE,2,3,0,988,11625,0,0,2007,5
200705,GRZ,1,1,618,30835,21151,0,0,2007,5
200705,GRZ,1,2,616,30413,7002,0,30413,2007,5
200705,GRZ,1,3,0,2,0,0,0,2007,5
200705,GRZ,2,1,143,9197,244,0,0,2007,5
200705,GRZ,2,2,143,10660,28,0,10660,2007,5
200705,GRZ,2,3,0,2029,0,0,0,2007,5
200705,INN,1,1,386,13501,24880,20,0,2007,5
200705,INN,1,2,388,13327,15960,0,13327,2007,5
200705,INN,1,3,0,394,0,0,0,2007,5
200705,INN,2,1,150,8742,31,0,0,2007,5
200705,INN,2,2,147,10234,0,0,10234,2007,5
200705,INN,2,3,0,1073,0,0,0,2007,5
200705,KLU,1,1,332,18542,1427,0,0,2007,5
200705,KLU,1,2,333,17227,1232,0,17227,2007,5
200705,KLU,2,1,35,881,0,0,0,2007,5
200705,KLU,2,2,34,1253,0,0,1253,2007,5
200705,KLU,2,3,0,552,0,0,0,2007,5
200705,LNZ,1,1,430,19316,13782,4332,0,2007,5
200705,LNZ,1,2,432,18753,9167,14,18753,2007,5
200705,LNZ,1,3,0,1660,0,0,0,2007,5
200705,LNZ,2,1,148,12163,0,0,0,2007,5
200705,LNZ,2,2,149,14197,255535,110,14197,2007,5
200705,LNZ,2,3,0,902,0,0,0,2007,5
200705,SZG,1,1,544,41071,6755,0,0,2007,5
200705,SZG,1,2,546,39311,6630,0,39311,2007,5
200705,SZG,2,1,219,18917,0,0,0,2007,5
200705,SZG,2,2,217,21802,0,0,21802,2007,5
200705,SZG,2,3,0,2740,0,0,0,2007,5
200706,VIE,1,1,10498,792607,8861767,485819,0,2007,6
200706,VIE,1,2,10443,817572,6254459,498630,817572,2007,6
200706,VIE,1,3,0,1195,2006782,682,0,2007,6
200706,VIE,2,1,559,44040,646419,434,0,2007,6
200706,VIE,2,2,613,57953,610447,0,57953,2007,6
200706,VIE,2,3,0,2036,5750,0,0,2007,6
200706,GRZ,1,1,640,29201,24149,0,0,2007,6
200706,GRZ,1,2,643,28884,4668,0,28884,2007,6
200706,GRZ,1,3,0,584,0,0,0,2007,6
200706,GRZ,2,1,259,16483,190,0,0,2007,6
200706,GRZ,2,2,260,19432,0,0,19432,2007,6
200706,GRZ,2,3,0,6106,0,250,0,2007,6
200706,INN,1,1,383,14429,24128,0,0,2007,6
200706,INN,1,2,389,14051,14310,0,14051,2007,6
200706,INN,1,3,0,318,0,0,0,2007,6
200706,INN,2,1,248,17576,0,0,0,2007,6
200706,INN,2,2,236,17338,0,0,17338,2007,6
200706,INN,2,3,0,2557,0,0,0,2007,6
200706,KLU,1,1,328,18819,393,0,0,2007,6
200706,KLU,1,2,328,17516,2334,0,17516,2007,6
200706,KLU,2,1,73,3126,0,0,0,2007,6
200706,KLU,2,2,72,3313,0,0,3313,2007,6
200706,KLU,2,3,0,1248,0,0,0,2007,6
200706,LNZ,1,1,476,20716,15083,5079,0,2007,6
200706,LNZ,1,2,472,20180,7185,6,20180,2007,6
200706,LNZ,1,3,0,2125,63,0,0,2007,6
200706,LNZ,2,1,238,20474,0,25,0,2007,6
200706,LNZ,2,2,241,22432,69866,270,22432,2007,6
200706,LNZ,2,3,0,3813,0,0,0,2007,6
200706,SZG,1,1,598,44048,7074,0,0,2007,6
200706,SZG,1,2,603,42687,10828,0,42687,2007,6
200706,SZG,2,1,370,39007,0,0,0,2007,6
200706,SZG,2,2,365,37231,1222,0,37231,2007,6
200706,SZG,2,3,0,5396,0,0,0,2007,6
200707,VIE,1,1,10876,838085,8192017,490770,0,2007,7
200707,VIE,1,2,10850,879152,6029601,485946,879152,2007,7
200707,VIE,1,3,0,2670,2080929,915,0,2007,7
200707,VIE,2,1,623,66056,662634,2813,0,2007,7
200707,VIE,2,2,650,65632,762176,360,65632,2007,7
200707,VIE,2,3,0,1877,25146,0,0,2007,7
200707,GRZ,1,1,656,29262,25229,0,0,2007,7
200707,GRZ,1,2,656,31156,3256,0,31156,2007,7
200707,GRZ,2,1,263,22177,48,0,0,2007,7
200707,GRZ,2,2,261,22922,0,0,22922,2007,7
200707,GRZ,2,3,0,4522,0,0,0,2007,7
200707,INN,1,1,376,13478,24498,0,0,2007,7
200707,INN,1,2,374,13898,16667,0,13898,2007,7
200707,INN,1,3,0,359,0,0,0,2007,7
200707,INN,2,1,226,17534,0,0,0,2007,7
200707,INN,2,2,233,17326,0,0,17326,2007,7
200707,INN,2,3,0,2663,0,0,0,2007,7
200707,KLU,1,1,340,21489,840,0,0,2007,7
200707,KLU,1,2,340,20176,1633,0,20176,2007,7
200707,KLU,1,3,0,103,0,0,0,2007,7
200707,KLU,2,1,73,3590,0,0,0,2007,7
200707,KLU,2,2,75,3559,0,0,3559,2007,7
200707,KLU,2,3,0,1324,0,0,0,2007,7
200707,LNZ,1,1,542,20923,12082,4933,0,2007,7
200707,LNZ,1,2,540,21562,11834,58,21562,2007,7
200707,LNZ,1,3,0,1874,0,0,0,2007,7
200707,LNZ,2,1,238,23655,65318,0,0,2007,7
200707,LNZ,2,2,240,25051,171610,160,25051,2007,7
200707,LNZ,2,3,0,2908,0,0,0,2007,7
200707,SZG,1,1,629,47782,9959,0,0,2007,7
200707,SZG,1,2,627,47392,6904,0,47392,2007,7
200707,SZG,1,3,0,46,0,0,0,2007,7
200707,SZG,2,1,313,33898,0,0,0,2007,7
200707,SZG,2,2,315,34975,521,0,34975,2007,7
200707,SZG,2,3,0,5941,0,0,0,2007,7
200708,VIE,1,1,10730,855004,8513283,624977,0,2007,8
200708,VIE,1,2,10676,827476,5544523,491785,827476,2007,8
200708,VIE,1,3,0,2195,1655682,569,0,2007,8
200708,VIE,2,1,615,68793,623854,1654,0,2007,8
200708,VIE,2,2,668,58380,626427,0,58380,2007,8
200708,VIE,2,3,0,2387,28994,0,0,2007,8
200708,GRZ,1,1,610,28422,20841,0,0,2007,8
200708,GRZ,1,2,611,28354,3860,0,28354,2007,8
200708,GRZ,2,1,259,22802,2558,0,0,2007,8
200708,GRZ,2,2,257,22613,148,0,22613,2007,8
200708,GRZ,2,3,0,5683,0,0,0,2007,8
200708,INN,1,1,370,13749,23893,0,0,2007,8
200708,INN,1,2,374,14090,14924,0,14090,2007,8
200708,INN,1,3,0,250,0,0,0,2007,8
200708,INN,2,1,218,16372,0,0,0,2007,8
200708,INN,2,2,215,16187,0,0,16187,2007,8
200708,INN,2,3,0,4231,0,0,0,2007,8
200708,KLU,1,1,320,19285,1557,0,0,2007,8
200708,KLU,1,2,320,20420,1803,0,20420,2007,8
200708,KLU,2,1,64,3950,0,0,0,2007,8
200708,KLU,2,2,64,3942,77,0,3942,2007,8
200708,KLU,2,3,0,1039,0,0,0,2007,8
200708,LNZ,1,1,525,20063,15197,4026,0,2007,8
200708,LNZ,1,2,526,19808,7412,26,19808,2007,8
200708,LNZ,1,3,0,2168,5,0,0,2007,8
200708,LNZ,2,1,232,25987,59692,0,0,2007,8
200708,LNZ,2,2,235,25468,70144,0,25468,2007,8
200708,LNZ,2,3,0,3138,160,0,0,2007,8
200708,SZG,1,1,622,48862,9039,0,0,2007,8
200708,SZG,1,2,623,50400,8850,0,50400,2007,8
200708,SZG,2,1,324,37430,0,0,0,2007,8
200708,SZG,2,2,323,38873,0,0,38873,2007,8
200708,SZG,2,3,0,5183,0,0,0,2007,8
200709,VIE,1,1,10584,865140,9495492,598442,0,2007,9
200709,VIE,1,2,10535,843197,5912126,500173,843197,2007,9
200709,VIE,1,3,0,2101,1637722,119,0,2007,9
200709,VIE,2,1,538,52133,644906,1395,0,2007,9
200709,VIE,2,2,595,43620,611815,0,43620,2007,9
200709,VIE,2,3,0,2329,1993,0,0,2007,9
200709,GRZ,1,1,655,32623,21552,0,0,2007,9
200709,GRZ,1,2,655,31637,2732,0,31637,2007,9
200709,GRZ,2,1,247,19620,70,0,0,2007,9
200709,GRZ,2,2,248,15833,11866,0,15833,2007,9
200709,GRZ,2,3,0,4641,0,0,0,2007,9
200709,INN,1,1,387,16218,26025,0,0,2007,9
200709,INN,1,2,390,16502,18154,0,16502,2007,9
200709,INN,1,3,0,397,0,0,0,2007,9
200709,INN,2,1,204,12706,0,0,0,2007,9
200709,INN,2,2,200,12254,0,0,12254,2007,9
200709,INN,2,3,0,3460,0,0,0,2007,9
200709,KLU,1,1,304,18442,903,0,0,2007,9
200709,KLU,1,2,304,18475,2407,0,18475,2007,9
200709,KLU,2,1,68,3390,0,0,0,2007,9
200709,KLU,2,2,68,2711,0,0,2711,2007,9
200709,KLU,2,3,0,747,0,0,0,2007,9
200709,LNZ,1,1,496,22216,8588,4758,0,2007,9
200709,LNZ,1,2,496,21459,6349,46,21459,2007,9
200709,LNZ,1,3,0,2074,91,0,0,2007,9
200709,LNZ,2,1,207,21065,58508,0,0,2007,9
200709,LNZ,2,2,204,17180,66609,280,17180,2007,9
200709,LNZ,2,3,0,3470,0,0,0,2007,9
200709,SZG,1,1,581,44741,9409,0,0,2007,9
200709,SZG,1,2,583,44138,6008,0,44138,2007,9
200709,SZG,1,3,0,121,0,0,0,2007,9
200709,SZG,2,1,315,30793,0,0,0,2007,9
200709,SZG,2,2,313,29677,0,0,29677,2007,9
200709,SZG,2,3,0,5517,0,0,0,2007,9
200710,VIE,1,1,11015,823409,10690173,607689,0,2007,10
200710,VIE,1,2,10950,848887,5896666,556652,848887,2007,10
200710,VIE,1,3,0,1081,1634825,77,0,2007,10
200710,VIE,2,1,378,27348,741841,979,0,2007,10
200710,VIE,2,2,429,22349,710481,0,22349,2007,10
200710,VIE,2,3,0,1599,2150,0,0,2007,10
200710,GRZ,1,1,677,30410,20798,0,0,2007,10
200710,GRZ,1,2,676,31539,3386,0,31539,2007,10
200710,GRZ,2,1,104,6427,6437,0,0,2007,10
200710,GRZ,2,2,105,4665,0,0,4665,2007,10
200710,GRZ,2,3,0,1535,0,0,0,2007,10
200710,INN,1,1,449,21742,22530,0,0,2007,10
200710,INN,1,2,454,22841,18968,0,22841,2007,10
200710,INN,1,3,0,356,0,0,0,2007,10
200710,INN,2,1,90,5929,0,0,0,2007,10
200710,INN,2,2,86,4744,0,0,4744,2007,10
200710,INN,2,3,0,1385,0,0,0,2007,10
200710,KLU,1,1,317,16584,1108,0,0,2007,10
200710,KLU,1,2,317,17593,1169,0,17593,2007,10
200710,KLU,1,3,0,112,0,0,0,2007,10
200710,KLU,2,1,37,276,0,0,0,2007,10
200710,KLU,2,2,36,54,0,0,54,2007,10
200710,KLU,2,3,0,68,0,0,0,2007,10
200710,LNZ,1,1,529,20596,8737,5971,0,2007,10
200710,LNZ,1,2,533,21614,8724,51,21614,2007,10
200710,LNZ,1,3,0,1961,0,0,0,2007,10
200710,LNZ,2,1,119,7749,65790,25,0,2007,10
200710,LNZ,2,2,111,5413,79074,110,5413,2007,10
200710,LNZ,2,3,0,2109,0,0,0,2007,10
200710,SZG,1,1,607,39815,8459,0,0,2007,10
200710,SZG,1,2,608,42260,7560,0,42260,2007,10
200710,SZG,1,3,0,1,0,0,0,2007,10
200710,SZG,2,1,141,13859,0,0,0,2007,10
200710,SZG,2,2,141,11186,0,0,11186,2007,10
200710,SZG,2,3,0,3046,0,0,0,2007,10
200711,VIE,1,1,10654,762832,10381448,560391,0,2007,11
200711,VIE,1,2,10620,739019,5820613,623285,739019,2007,11
200711,VIE,1,3,0,1242,1555462,269,0,2007,11
200711,VIE,2,1,286,16672,768009,752,0,2007,11
200711,VIE,2,2,323,13675,706354,974,13675,2007,11
200711,VIE,2,3,0,1157,0,0,0,2007,11
200711,GRZ,1,1,668,29803,22548,0,0,2007,11
200711,GRZ,1,2,670,30023,2417,0,30023,2007,11
200711,GRZ,1,3,0,288,0,0,0,2007,11
200711,GRZ,2,1,58,4364,196,0,0,2007,11
200711,GRZ,2,2,56,4056,54,0,4056,2007,11
200711,GRZ,2,3,0,616,0,0,0,2007,11
200711,INN,1,1,457,23286,23060,0,0,2007,11
200711,INN,1,2,455,23731,18000,0,23731,2007,11
200711,INN,1,3,0,325,0,0,0,2007,11
200711,INN,2,1,42,1867,0,0,0,2007,11
200711,INN,2,2,43,1311,0,0,1311,2007,11
200711,INN,2,3,0,125,0,0,0,2007,11
200711,KLU,1,1,309,14712,1492,0,0,2007,11
200711,KLU,1,2,311,14534,848,0,14534,2007,11
200711,KLU,2,1,11,24,0,0,0,2007,11
200711,KLU,2,2,10,29,0,0,29,2007,11
200711,LNZ,1,1,522,18433,63738,6074,0,2007,11
200711,LNZ,1,2,524,18205,86438,4,18205,2007,11
200711,LNZ,1,3,0,1658,20,0,0,2007,11
200711,LNZ,2,1,67,5404,0,0,0,2007,11
200711,LNZ,2,2,65,6065,933,0,6065,2007,11
200711,LNZ,2,3,0,702,0,0,0,2007,11
200711,SZG,1,1,609,41247,7101,0,0,2007,11
200711,SZG,1,2,609,38634,6342,0,38634,2007,11
200711,SZG,2,1,68,6434,0,0,0,2007,11
200711,SZG,2,2,65,5698,0,0,5698,2007,11
200711,SZG,2,3,0,439,0,0,0,2007,11
200712,VIE,1,1,10161,714523,8504251,612133,0,2007,12
200712,VIE,1,2,10082,713190,5604092,750433,713190,2007,12
200712,VIE,1,3,0,1945,1867461,200,0,2007,12
200712,VIE,2,1,308,15805,591293,541,0,2007,12
200712,VIE,2,2,354,15090,615273,113,15090,2007,12
200712,VIE,2,3,0,844,9144,0,0,2007,12
200712,GRZ,1,1,579,26966,21670,0,0,2007,12
200712,GRZ,1,2,581,25663,1742,0,25663,2007,12
200712,GRZ,2,1,55,2989,815,0,0,2007,12
200712,GRZ,2,2,57,3294,0,0,3294,2007,12
200712,GRZ,2,3,0,552,0,0,0,2007,12
200712,INN,1,1,496,31996,21469,0,0,2007,12
200712,INN,1,2,503,25924,11797,0,25924,2007,12
200712,INN,1,3,0,217,0,0,0,2007,12
200712,INN,2,1,100,12526,0,0,0,2007,12
200712,INN,2,2,91,6788,0,0,6788,2007,12
200712,KLU,1,1,308,18086,773,0,0,2007,12
200712,KLU,1,2,307,14631,1540,0,14631,2007,12
200712,KLU,2,1,19,39,0,0,0,2007,12
200712,KLU,2,2,20,33,0,0,33,2007,12
200712,LNZ,1,1,454,15995,65647,6397,0,2007,12
200712,LNZ,1,2,452,15210,74920,16,15210,2007,12
200712,LNZ,1,3,0,1480,0,0,0,2007,12
200712,LNZ,2,1,57,4633,0,0,0,2007,12
200712,LNZ,2,2,61,3683,1020,0,3683,2007,12
200712,LNZ,2,3,0,964,0,0,0,2007,12
200712,SZG,1,1,662,58159,7362,922,0,2007,12
200712,SZG,1,2,660,48324,5951,0,48324,2007,12
200712,SZG,2,1,186,24296,2750,0,0,2007,12
200712,SZG,2,2,190,14926,3500,0,14926,2007,12
200712,SZG,2,3,0,504,0,0,0,2007,12
200801,VIE,1,1,10150,634355,8371933,632831,0,2008,1
200801,VIE,1,2,10138,656519,4839710,605299,656519,2008,1
200801,VIE,1,3,0,1967,1705042,579,0,2008,1
200801,VIE,2,1,276,9673,640041,1390,0,2008,1
200801,VIE,2,2,322,9616,596102,0,9616,2008,1
200801,VIE,2,3,0,956,0,0,0,2008,1
200801,GRZ,1,1,659,24847,23415,0,0,2008,1
200801,GRZ,1,2,654,27089,3342,0,27089,2008,1
200801,GRZ,1,3,0,137,0,0,0,2008,1
200801,GRZ,2,1,49,3678,0,0,0,2008,1
200801,GRZ,2,2,50,3436,0,0,3436,2008,1
200801,GRZ,2,3,0,171,0,0,0,2008,1
200801,INN,1,1,628,39093,18113,0,0,2008,1
200801,INN,1,2,640,41356,15200,0,41356,2008,1
200801,INN,1,3,0,295,0,0,0,2008,1
200801,INN,2,1,241,24627,1,0,0,2008,1
200801,INN,2,2,231,23966,0,0,23966,2008,1
200801,KLU,1,1,325,16435,1138,0,0,2008,1
200801,KLU,1,2,328,18540,806,0,18540,2008,1
200801,KLU,2,1,13,23,0,0,0,2008,1
200801,KLU,2,2,9,28,0,0,28,2008,1
200801,LNZ,1,1,475,14978,10466,5662,0,2008,1
200801,LNZ,1,2,473,15914,6768,43,15914,2008,1
200801,LNZ,1,3,0,1801,85,0,0,2008,1
200801,LNZ,2,1,89,4290,60084,0,0,2008,1
200801,LNZ,2,2,88,4978,83274,0,4978,2008,1
200801,LNZ,2,3,0,2036,0,0,0,2008,1
200801,SZG,1,1,794,58273,11202,0,0,2008,1
200801,SZG,1,2,790,62255,3767,0,62255,2008,1
200801,SZG,1,3,0,1,0,0,0,2008,1
200801,SZG,2,1,404,45907,787,0,0,2008,1
200801,SZG,2,2,407,43520,0,0,43520,2008,1
200801,SZG,2,3,0,803,0,0,0,2008,1
200802,VIE,1,1,9979,667381,8346141,607819,0,2008,2
200802,VIE,1,2,9928,670772,5526886,501904,670772,2008,2
200802,VIE,1,3,0,1555,1195743,681,0,2008,2
200802,VIE,2,1,232,9048,650168,962,0,2008,2
200802,VIE,2,2,292,9350,558247,0,9350,2008,2
200802,VIE,2,3,0,1050,1492,0,0,2008,2
200802,GRZ,1,1,654,27807,22133,0,0,2008,2
200802,GRZ,1,2,653,28213,2887,0,28213,2008,2
200802,GRZ,2,1,52,4152,195,0,0,2008,2
200802,GRZ,2,2,53,4332,1749,0,4332,2008,2
200802,GRZ,2,3,0,110,0,0,0,2008,2
200802,INN,1,1,620,42516,19302,60,0,2008,2
200802,INN,1,2,630,42141,16084,0,42141,2008,2
200802,INN,1,3,0,318,0,0,0,2008,2
200802,INN,2,1,236,27688,0,0,0,2008,2
200802,INN,2,2,219,27515,0,0,27515,2008,2
200802,KLU,1,1,317,18262,1189,0,0,2008,2
200802,KLU,1,2,317,17945,569,0,17945,2008,2
200802,KLU,2,1,19,211,0,0,0,2008,2
200802,KLU,2,2,20,332,0,0,332,2008,2
200802,LNZ,1,1,486,17437,7624,4171,0,2008,2
200802,LNZ,1,2,487,18066,11079,241,18066,2008,2
200802,LNZ,1,3,0,1945,9,0,0,2008,2
200802,LNZ,2,1,71,4419,59582,0,0,2008,2
200802,LNZ,2,2,70,5046,364737,0,5046,2008,2
200802,LNZ,2,3,0,1086,0,0,0,2008,2
200802,SZG,1,1,767,63734,10057,0,0,2008,2
200802,SZG,1,2,768,64199,4704,0,64199,2008,2
200802,SZG,2,1,366,49896,480,0,0,2008,2
200802,SZG,2,2,367,49916,0,0,49916,2008,2
200802,SZG,2,3,0,740,0,0,0,2008,2
200803,VIE,1,1,10724,795491,9819756,659356,0,2008,3
200803,VIE,1,2,10668,790967,5831706,543868,790967,2008,3
200803,VIE,1,3,0,2289,2035842,1416,0,2008,3
200803,VIE,2,1,298,15070,663970,403,0,2008,3
200803,VIE,2,2,349,15362,646890,0,15362,2008,3
200803,VIE,2,3,0,1350,30626,0,0,2008,3
200803,GRZ,1,1,643,29809,24332,0,0,2008,3
200803,GRZ,1,2,642,29759,1301,0,29759,2008,3
200803,GRZ,1,3,0,452,0,0,0,2008,3
200803,GRZ,2,1,76,7041,631,0,0,2008,3
200803,GRZ,2,2,77,7140,0,0,7140,2008,3
200803,GRZ,2,3,0,861,0,0,0,2008,3
200803,INN,1,1,625,43368,21409,0,0,2008,3
200803,INN,1,2,633,45348,15314,0,45348,2008,3
200803,INN,1,3,0,273,0,0,0,2008,3
200803,INN,2,1,253,28951,0,0,0,2008,3
200803,INN,2,2,253,32781,0,0,32781,2008,3
200803,INN,2,3,0,47,0,0,0,2008,3
200803,KLU,1,1,333,20926,1133,0,0,2008,3
200803,KLU,1,2,332,21198,754,0,21198,2008,3
200803,KLU,2,1,19,257,0,0,0,2008,3
200803,KLU,2,2,18,272,0,0,272,2008,3
200803,LNZ,1,1,503,19208,8815,5398,0,2008,3
200803,LNZ,1,2,503,19137,9022,87,19137,2008,3
200803,LNZ,1,3,0,1930,0,0,0,2008,3
200803,LNZ,2,1,108,7893,60597,0,0,2008,3
200803,LNZ,2,2,106,7949,308281,0,7949,2008,3
200803,LNZ,2,3,0,1420,0,0,0,2008,3
200803,SZG,1,1,796,69312,7702,0,0,2008,3
200803,SZG,1,2,796,70748,3230,0,70748,2008,3
200803,SZG,1,3,0,1,0,0,0,2008,3
200803,SZG,2,1,381,46863,0,0,0,2008,3
200803,SZG,2,2,381,55048,807,0,55048,2008,3
200803,SZG,2,3,0,1023,0,0,0,2008,3
200804,VIE,1,1,11037,819393,9370177,620518,0,2008,4
200804,VIE,1,2,10976,812545,5699757,545874,812545,2008,4
200804,VIE,1,3,0,2316,1718879,2783,0,2008,4
200804,VIE,2,1,268,17841,206886,924,0,2008,4
200804,VIE,2,2,327,22817,99870,0,22817,2008,4
200804,VIE,2,3,0,1310,0,0,0,2008,4
200804,GRZ,1,1,731,32893,21941,0,0,2008,4
200804,GRZ,1,2,732,33054,3206,0,33054,2008,4
200804,GRZ,1,3,0,23,0,0,0,2008,4
200804,GRZ,2,1,82,6331,120,0,0,2008,4
200804,GRZ,2,2,81,6838,0,0,6838,2008,4
200804,GRZ,2,3,0,1237,0,0,0,2008,4
200804,INN,1,1,489,23953,21862,0,0,2008,4
200804,INN,1,2,493,27532,18360,0,27532,2008,4
200804,INN,1,3,0,377,0,0,0,2008,4
200804,INN,2,1,99,5753,0,0,0,2008,4
200804,INN,2,2,95,9561,0,0,9561,2008,4
200804,INN,2,3,0,46,0,0,0,2008,4
200804,KLU,1,1,289,14124,1611,0,0,2008,4
200804,KLU,1,2,289,14178,750,0,14178,2008,4
200804,KLU,2,1,23,654,0,0,0,2008,4
200804,KLU,2,2,24,913,0,0,913,2008,4
200804,KLU,2,3,0,56,0,0,0,2008,4
200804,LNZ,1,1,560,20161,13100,5048,0,2008,4
200804,LNZ,1,2,558,20526,13484,434,20526,2008,4
200804,LNZ,1,3,0,2177,0,0,0,2008,4
200804,LNZ,2,1,129,11439,144153,0,0,2008,4
200804,LNZ,2,2,132,11905,239943,0,11905,2008,4
200804,LNZ,2,3,0,315,0,0,0,2008,4
200804,SZG,1,1,604,39402,8024,0,0,2008,4
200804,SZG,1,2,606,44507,6508,0,44507,2008,4
200804,SZG,1,3,0,44,0,0,0,2008,4
200804,SZG,2,1,121,10421,1566,0,0,2008,4
200804,SZG,2,2,118,12868,0,0,12868,2008,4
200804,SZG,2,3,0,1274,0,0,0,2008,4
200805,VIE,1,1,11354,888509,9259886,657167,0,2008,5
200805,VIE,1,2,11280,893696,5578884,511801,893696,2008,5
200805,VIE,1,3,0,2201,1634643,116,0,2008,5
200805,VIE,2,1,360,26409,38035,1760,0,2008,5
200805,VIE,2,2,440,28413,188402,0,28413,2008,5
200805,VIE,2,3,0,1345,0,0,0,2008,5
200805,GRZ,1,1,707,34801,21077,0,0,2008,5
200805,GRZ,1,2,706,34526,2076,0,34526,2008,5
200805,GRZ,1,3,0,16,0,0,0,2008,5
200805,GRZ,2,1,157,10747,0,0,0,2008,5
200805,GRZ,2,2,158,10971,0,0,10971,2008,5
200805,GRZ,2,3,0,2183,0,0,0,2008,5
200805,INN,1,1,428,19445,18580,0,0,2008,5
200805,INN,1,2,428,19459,16284,0,19459,2008,5
200805,INN,1,3,0,398,0,0,0,2008,5
200805,INN,2,1,136,8111,339,0,0,2008,5
200805,INN,2,2,128,8857,0,0,8857,2008,5
200805,INN,2,3,0,796,0,0,0,2008,5
200805,KLU,1,1,295,17043,1213,0,0,2008,5
200805,KLU,1,2,297,15736,791,0,15736,2008,5
200805,KLU,2,1,35,1009,0,0,0,2008,5
200805,KLU,2,2,35,1081,0,0,1081,2008,5
200805,KLU,2,3,0,98,0,0,0,2008,5
200805,LNZ,1,1,547,20468,11138,3458,0,2008,5
200805,LNZ,1,2,551,21033,6236,3,21033,2008,5
200805,LNZ,1,3,0,2200,0,0,0,2008,5
200805,LNZ,2,1,126,9037,138765,0,0,2008,5
200805,LNZ,2,2,123,10201,202278,0,10201,2008,5
200805,LNZ,2,3,0,1432,0,0,0,2008,5
200805,SZG,1,1,569,39840,9238,0,0,2008,5
200805,SZG,1,2,572,38041,5053,0,38041,2008,5
200805,SZG,2,1,258,22393,1334,0,0,2008,5
200805,SZG,2,2,258,22154,1887,0,22154,2008,5
200805,SZG,2,3,0,2591,0,0,0,2008,5
200806,VIE,1,1,11188,855334,9362898,630185,0,2008,6
200806,VIE,1,2,11141,881786,6104596,506293,881786,2008,6
200806,VIE,1,3,0,1646,1957306,13,0,2008,6
200806,VIE,2,1,646,46309,160016,990,0,2008,6
200806,VIE,2,2,696,56246,185482,0,56246,2008,6
200806,VIE,2,3,0,2036,2200,0,0,2008,6
200806,GRZ,1,1,739,35078,30533,0,0,2008,6
200806,GRZ,1,2,734,34794,3586,0,34794,2008,6
200806,GRZ,1,3,0,214,0,0,0,2008,6
200806,GRZ,2,1,247,13422,12,0,0,2008,6
200806,GRZ,2,2,253,16188,0,0,16188,2008,6
200806,GRZ,2,3,0,3628,0,0,0,2008,6
200806,INN,1,1,404,18621,19255,0,0,2008,6
200806,INN,1,2,402,17235,17871,0,17235,2008,6
200806,INN,1,3,0,531,0,0,0,2008,6
200806,INN,2,1,302,18907,10,0,0,2008,6
200806,INN,2,2,310,19175,0,1,19175,2008,6
200806,INN,2,3,0,1465,0,0,0,2008,6
200806,KLU,1,1,307,19823,1444,0,0,2008,6
200806,KLU,1,2,303,18042,667,0,18042,2008,6
200806,KLU,2,1,130,2889,0,0,0,2008,6
200806,KLU,2,2,131,3040,0,0,3040,2008,6
200806,KLU,2,3,0,171,0,0,0,2008,6
200806,LNZ,1,1,588,24525,13280,4058,0,2008,6
200806,LNZ,1,2,581,24929,11097,4,24929,2008,6
200806,LNZ,1,3,0,2673,0,0,0,2008,6
200806,LNZ,2,1,209,17009,153728,0,0,2008,6
200806,LNZ,2,2,210,20565,527845,0,20565,2008,6
200806,LNZ,2,3,0,2778,0,0,0,2008,6
200806,SZG,1,1,578,41370,18558,0,0,2008,6
200806,SZG,1,2,578,40021,10648,0,40021,2008,6
200806,SZG,1,3,0,239,0,0,0,2008,6
200806,SZG,2,1,376,35133,0,0,0,2008,6
200806,SZG,2,2,374,34197,5663,0,34197,2008,6
200806,SZG,2,3,0,3089,0,0,0,2008,6
200807,VIE,1,1,11442,886422,8908134,583305,0,2008,7
200807,VIE,1,2,11388,923899,6126798,505758,923899,2008,7
200807,VIE,1,3,0,3191,2085084,164,0,2008,7
200807,VIE,2,1,489,52472,119327,1242,0,2008,7
200807,VIE,2,2,536,57188,116392,180,57188,2008,7
200807,VIE,2,3,0,1496,0,0,0,2008,7
200807,GRZ,1,1,725,34318,26230,0,0,2008,7
200807,GRZ,1,2,726,35784,2881,0,35784,2008,7
200807,GRZ,1,3,0,178,0,0,0,2008,7
200807,GRZ,2,1,247,20585,243,0,0,2008,7
200807,GRZ,2,2,247,21282,0,0,21282,2008,7
200807,GRZ,2,3,0,4600,0,0,0,2008,7
200807,INN,1,1,420,15826,25411,0,0,2008,7
200807,INN,1,2,425,16073,18063,0,16073,2008,7
200807,INN,1,3,0,677,0,0,0,2008,7
200807,INN,2,1,188,14558,0,0,0,2008,7
200807,INN,2,2,183,14514,0,0,14514,2008,7
200807,INN,2,3,0,1587,0,0,0,2008,7
200807,KLU,1,1,309,19025,547,0,0,2008,7
200807,KLU,1,2,309,17515,1164,0,17515,2008,7
200807,KLU,2,1,53,1594,0,0,0,2008,7
200807,KLU,2,2,53,1637,0,0,1637,2008,7
200807,KLU,2,3,0,119,0,0,0,2008,7
200807,LNZ,1,1,554,23166,10277,4358,0,2008,7
200807,LNZ,1,2,555,24154,9432,279,24154,2008,7
200807,LNZ,1,3,0,2363,0,0,0,2008,7
200807,LNZ,2,1,206,21477,151306,20,0,2008,7
200807,LNZ,2,2,209,22555,232310,410,22555,2008,7
200807,LNZ,2,3,0,3484,0,0,0,2008,7
200807,SZG,1,1,586,42821,13454,0,0,2008,7
200807,SZG,1,2,587,42108,5015,0,42108,2008,7
200807,SZG,2,1,292,32511,7,0,0,2008,7
200807,SZG,2,2,290,34113,0,0,34113,2008,7
200807,SZG,2,3,0,4103,0,0,0,2008,7
200808,VIE,1,1,11169,894274,9446727,513993,0,2008,8
200808,VIE,1,2,11140,875435,5834876,474864,875435,2008,8
200808,VIE,1,3,0,3585,1753238,103,0,2008,8
200808,VIE,2,1,518,63036,40061,2326,0,2008,8
200808,VIE,2,2,550,52863,63279,0,52863,2008,8
200808,VIE,2,3,0,1836,0,0,0,2008,8
200808,GRZ,1,1,628,30144,22648,0,0,2008,8
200808,GRZ,1,2,624,30475,2645,0,30475,2008,8
200808,GRZ,1,3,0,20,0,0,0,2008,8
200808,GRZ,2,1,251,22932,0,0,0,2008,8
200808,GRZ,2,2,256,22606,24,0,22606,2008,8
200808,GRZ,2,3,0,5490,0,0,0,2008,8
200808,INN,1,1,402,14952,20313,10,0,2008,8
200808,INN,1,2,397,14982,13530,0,14982,2008,8
200808,INN,1,3,0,724,0,0,0,2008,8
200808,INN,2,1,206,16702,0,0,0,2008,8
200808,INN,2,2,212,17038,0,0,17038,2008,8
200808,INN,2,3,0,2790,0,0,0,2008,8
200808,KLU,1,1,296,17626,956,0,0,2008,8
200808,KLU,1,2,295,18236,1831,0,18236,2008,8
200808,KLU,2,1,53,2263,0,0,0,2008,8
200808,KLU,2,2,54,2220,0,0,2220,2008,8
200808,KLU,2,3,0,90,0,0,0,2008,8
200808,LNZ,1,1,525,23046,11344,3179,0,2008,8
200808,LNZ,1,2,525,22687,9158,1,22687,2008,8
200808,LNZ,1,3,0,2544,0,0,0,2008,8
200808,LNZ,2,1,197,23492,133478,0,0,2008,8
200808,LNZ,2,2,197,23462,187191,410,23462,2008,8
200808,LNZ,2,3,0,3287,0,0,0,2008,8
200808,SZG,1,1,588,43502,13428,0,0,2008,8
200808,SZG,1,2,588,45899,6066,0,45899,2008,8
200808,SZG,2,1,304,37708,3448,0,0,2008,8
200808,SZG,2,2,304,38952,6720,0,38952,2008,8
200808,SZG,2,3,0,4365,0,0,0,2008,8
200809,VIE,1,1,11200,889463,10414821,659871,0,2008,9
200809,VIE,1,2,11133,863944,5758620,508525,863944,2008,9
200809,VIE,1,3,0,1717,1629308,26,0,2008,9
200809,VIE,2,1,409,39062,470713,1970,0,2008,9
200809,VIE,2,2,470,34527,99688,0,34527,2008,9
200809,VIE,2,3,0,1800,0,0,0,2008,9
200809,GRZ,1,1,740,35898,24074,0,0,2008,9
200809,GRZ,1,2,733,34764,2815,0,34764,2008,9
200809,GRZ,1,3,0,113,0,0,0,2008,9
200809,GRZ,2,1,196,16645,0,0,0,2008,9
200809,GRZ,2,2,202,13736,1472,0,13736,2008,9
200809,GRZ,2,3,0,4056,0,0,0,2008,9
200809,INN,1,1,400,16863,18572,0,0,2008,9
200809,INN,1,2,402,16806,19058,0,16806,2008,9
200809,INN,1,3,0,732,0,0,0,2008,9
200809,INN,2,1,147,9986,0,0,0,2008,9
200809,INN,2,2,146,9511,0,0,9511,2008,9
200809,INN,2,3,0,2111,0,0,0,2008,9
200809,KLU,1,1,294,16581,796,0,0,2008,9
200809,KLU,1,2,293,16550,795,0,16550,2008,9
200809,KLU,2,1,41,1616,0,0,0,2008,9
200809,KLU,2,2,42,1455,0,0,1455,2008,9
200809,KLU,2,3,0,47,0,0,0,2008,9
200809,LNZ,1,1,528,24169,11035,3900,0,2008,9
200809,LNZ,1,2,528,23825,9006,238,23825,2008,9
200809,LNZ,1,3,0,2363,0,0,0,2008,9
200809,LNZ,2,1,184,19472,142467,0,0,2008,9
200809,LNZ,2,2,184,15942,242100,0,15942,2008,9
200809,LNZ,2,3,0,2065,69484,0,0,2008,9
200809,SZG,1,1,576,39968,10103,0,0,2008,9
200809,SZG,1,2,577,39237,2601,0,39237,2008,9
200809,SZG,2,1,275,29052,136,0,0,2008,9
200809,SZG,2,2,273,28292,1312,0,28292,2008,9
200809,SZG,2,3,0,3458,0,0,0,2008,9
200810,VIE,1,1,11172,816923,11479247,642746,0,2008,10
200810,VIE,1,2,11097,826331,6324076,576899,826331,2008,10
200810,VIE,1,3,0,3083,1770083,5,0,2008,10
200810,VIE,2,1,252,22739,89929,282,0,2008,10
200810,VIE,2,2,328,18687,68252,0,18687,2008,10
200810,VIE,2,3,0,1456,0,0,0,2008,10
200810,GRZ,1,1,741,33418,25122,0,0,2008,10
200810,GRZ,1,2,741,33276,3535,0,33276,2008,10
200810,GRZ,1,3,0,106,0,0,0,2008,10
200810,GRZ,2,1,93,7291,110,0,0,2008,10
200810,GRZ,2,2,94,5288,1330,0,5288,2008,10
200810,GRZ,2,3,0,1531,0,0,0,2008,10
200810,INN,1,1,398,16605,18920,0,0,2008,10
200810,INN,1,2,398,16991,18304,0,16991,2008,10
200810,INN,1,3,0,376,0,0,0,2008,10
200810,INN,2,1,58,4755,0,0,0,2008,10
200810,INN,2,2,57,3385,0,0,3385,2008,10
200810,INN,2,3,0,1411,0,0,0,2008,10
200810,KLU,1,1,298,15252,895,0,0,2008,10
200810,KLU,1,2,297,15313,758,0,15313,2008,10
200810,KLU,2,1,17,786,0,0,0,2008,10
200810,KLU,2,2,18,428,0,0,428,2008,10
200810,LNZ,1,1,548,22631,9390,4469,0,2008,10
200810,LNZ,1,2,547,21805,12781,17,21805,2008,10
200810,LNZ,1,3,0,2094,1,0,0,2008,10
200810,LNZ,2,1,130,9206,152612,0,0,2008,10
200810,LNZ,2,2,127,6636,241703,390,6636,2008,10
200810,LNZ,2,3,0,1539,132858,0,0,2008,10
200810,SZG,1,1,565,34865,10240,0,0,2008,10
200810,SZG,1,2,566,35595,6458,0,35595,2008,10
200810,SZG,1,3,0,147,0,0,0,2008,10
200810,SZG,2,1,126,13186,0,0,0,2008,10
200810,SZG,2,2,126,10500,0,0,10500,2008,10
200810,SZG,2,3,0,1863,0,0,0,2008,10
200811,VIE,1,1,10046,687581,10590115,652155,0,2008,11
200811,VIE,1,2,9962,684666,5589050,558104,684666,2008,11
200811,VIE,1,3,0,2935,1746714,779,0,2008,11
200811,VIE,2,1,217,15485,110603,508,0,2008,11
200811,VIE,2,2,300,13531,58518,0,13531,2008,11
200811,VIE,2,3,0,646,3000,0,0,2008,11
200811,GRZ,1,1,650,26489,25667,0,0,2008,11
200811,GRZ,1,2,649,27193,3749,0,27193,2008,11
200811,GRZ,2,1,61,4754,235,0,0,2008,11
200811,GRZ,2,2,63,5297,98,0,5297,2008,11
200811,GRZ,2,3,0,254,0,0,0,2008,11
200811,INN,1,1,449,18850,16598,0,0,2008,11
200811,INN,1,2,448,19474,17830,0,19474,2008,11
200811,INN,1,3,0,315,0,0,0,2008,11
200811,INN,2,1,22,1097,0,0,0,2008,11
200811,INN,2,2,23,947,0,0,947,2008,11
200811,INN,2,3,0,79,0,0,0,2008,11
200811,KLU,1,1,290,12785,1146,0,0,2008,11
200811,KLU,1,2,291,13193,692,0,13193,2008,11
200811,KLU,2,1,10,21,0,0,0,2008,11
200811,KLU,2,2,9,33,0,0,33,2008,11
200811,LNZ,1,1,477,16721,8545,5394,0,2008,11
200811,LNZ,1,2,480,16994,11835,4,16994,2008,11
200811,LNZ,1,3,0,1673,116,0,0,2008,11
200811,LNZ,2,1,96,5347,132543,0,0,2008,11
200811,LNZ,2,2,95,5261,191003,0,5261,2008,11
200811,LNZ,2,3,0,346,124029,0,0,2008,11
200811,SZG,1,1,478,26656,11188,0,0,2008,11
200811,SZG,1,2,478,26260,10047,0,26260,2008,11
200811,SZG,2,1,108,6867,156,0,0,2008,11
200811,SZG,2,2,108,6603,2170,0,6603,2008,11
200811,SZG,2,3,0,809,0,0,0,2008,11
200812,VIE,1,1,9472,654301,7968255,619567,0,2008,12
200812,VIE,1,2,9356,657517,4716493,728093,657517,2008,12
200812,VIE,1,3,0,3718,1750602,1036,0,2008,12
200812,VIE,2,1,207,11581,35594,1133,0,2008,12
200812,VIE,2,2,284,12800,126219,0,12800,2008,12
200812,VIE,2,3,0,1522,15718,249,0,2008,12
200812,GRZ,1,1,581,23813,20060,0,0,2008,12
200812,GRZ,1,2,581,22728,2139,0,22728,2008,12
200812,GRZ,1,3,0,180,0,0,0,2008,12
200812,GRZ,2,1,39,3038,82,0,0,2008,12
200812,GRZ,2,2,44,3050,0,0,3050,2008,12
200812,GRZ,2,3,0,846,0,0,0,2008,12
200812,INN,1,1,546,33182,12703,0,0,2008,12
200812,INN,1,2,548,26171,14243,0,26171,2008,12
200812,INN,1,3,0,229,0,0,0,2008,12
200812,INN,2,1,90,11783,0,0,0,2008,12
200812,INN,2,2,88,6687,0,0,6687,2008,12
200812,KLU,1,1,308,18195,1777,0,0,2008,12
200812,KLU,1,2,308,14715,513,0,14715,2008,12
200812,KLU,2,1,13,33,0,0,0,2008,12
200812,KLU,2,2,14,21,0,0,21,2008,12
200812,LNZ,1,1,444,14812,8275,6420,0,2008,12
200812,LNZ,1,2,442,13749,7878,543,13749,2008,12
200812,LNZ,1,3,0,1762,42,0,0,2008,12
200812,LNZ,2,1,59,2920,131917,0,0,2008,12
200812,LNZ,2,2,64,2859,270221,120,2859,2008,12
200812,LNZ,2,3,0,349,60293,0,0,2008,12
200812,SZG,1,1,601,45578,10841,209,0,2008,12
200812,SZG,1,2,602,36179,9863,0,36179,2008,12
200812,SZG,2,1,150,17905,0,0,0,2008,12
200812,SZG,2,2,149,10209,0,0,10209,2008,12
200812,SZG,2,3,0,572,0,0,0,2008,12
200901,VIE,1,1,9218,554818,7288244,583427,0,2009,1
200901,VIE,1,2,9183,573786,3769637,528859,573786,2009,1
200901,VIE,1,3,0,2901,1654927,50,0,2009,1
200901,VIE,2,1,233,10594,45694,199,0,2009,1
200901,VIE,2,2,301,10649,105436,554,10649,2009,1
200901,VIE,2,3,0,1130,20757,516,0,2009,1
200901,GRZ,1,1,544,19874,12831,0,0,2009,1
200901,GRZ,1,2,542,21617,2761,0,21617,2009,1
200901,GRZ,1,3,0,68,0,0,0,2009,1
200901,GRZ,2,1,51,3718,170,0,0,2009,1
200901,GRZ,2,2,51,3382,0,0,3382,2009,1
200901,GRZ,2,3,0,175,0,0,0,2009,1
200901,INN,1,1,685,39359,12900,0,0,2009,1
200901,INN,1,2,690,42605,12083,0,42605,2009,1
200901,INN,1,3,0,192,0,0,0,2009,1
200901,INN,2,1,251,29734,0,0,0,2009,1
200901,INN,2,2,241,28862,0,0,28862,2009,1
200901,KLU,1,1,325,15420,1897,0,0,2009,1
200901,KLU,1,2,326,17465,1351,0,17465,2009,1
200901,KLU,2,1,15,397,0,0,0,2009,1
200901,KLU,2,2,13,422,0,0,422,2009,1
200901,LNZ,1,1,415,11684,7191,1351,0,2009,1
200901,LNZ,1,2,412,12716,11475,5,12716,2009,1
200901,LNZ,1,3,0,1718,0,0,0,2009,1
200901,LNZ,2,1,65,2703,120599,0,0,2009,1
200901,LNZ,2,2,67,2583,152511,0,2583,2009,1
200901,LNZ,2,3,0,253,90620,0,0,2009,1
200901,SZG,1,1,767,54725,12240,0,0,2009,1
200901,SZG,1,2,768,58916,4719,0,58916,2009,1
200901,SZG,2,1,395,45255,0,0,0,2009,1
200901,SZG,2,2,393,46047,0,0,46047,2009,1
200901,SZG,2,3,0,222,0,0,0,2009,1
200902,VIE,1,1,8751,560181,8297443,563585,0,2009,2
200902,VIE,1,2,8676,554374,4300159,451834,554374,2009,2
200902,VIE,1,3,0,2266,1326195,4,0,2009,2
200902,VIE,2,1,175,8451,39665,38,0,2009,2
200902,VIE,2,2,249,9395,77178,0,9395,2009,2
200902,VIE,2,3,0,732,108,0,0,2009,2
200902,GRZ,1,1,592,22858,11386,0,0,2009,2
200902,GRZ,1,2,589,22943,4202,0,22943,2009,2
200902,GRZ,1,3,0,115,0,0,0,2009,2
200902,GRZ,2,1,38,3666,230,0,0,2009,2
200902,GRZ,2,2,42,3979,0,0,3979,2009,2
200902,GRZ,2,3,0,182,0,0,0,2009,2
200902,INN,1,1,631,39055,11483,0,0,2009,2
200902,INN,1,2,645,39551,13941,0,39551,2009,2
200902,INN,1,3,0,240,0,0,0,2009,2
200902,INN,2,1,222,26071,0,0,0,2009,2
200902,INN,2,2,209,26022,0,0,26022,2009,2
200902,INN,2,3,0,11,0,0,0,2009,2
200902,KLU,1,1,311,16324,640,0,0,2009,2
200902,KLU,1,2,310,15966,891,0,15966,2009,2
200902,KLU,2,1,10,36,0,0,0,2009,2
200902,KLU,2,2,10,20,0,0,20,2009,2
200902,LNZ,1,1,436,14135,12755,911,0,2009,2
200902,LNZ,1,2,436,14176,18797,0,14176,2009,2
200902,LNZ,1,3,0,1841,3,0,0,2009,2
200902,LNZ,2,1,85,3544,117940,0,0,2009,2
200902,LNZ,2,2,85,4208,175525,0,4208,2009,2
200902,LNZ,2,3,0,391,100875,0,0,2009,2
200902,SZG,1,1,696,53530,11798,0,0,2009,2
200902,SZG,1,2,701,53619,6619,0,53619,2009,2
200902,SZG,1,3,0,59,0,0,0,2009,2
200902,SZG,2,1,309,37967,0,0,0,2009,2
200902,SZG,2,2,304,37952,0,0,37952,2009,2
200902,SZG,2,3,0,475,0,0,0,2009,2
200903,VIE,1,1,9800,672708,9845744,526658,0,2009,3
200903,VIE,1,2,9722,668126,4944397,497961,668126,2009,3
200903,VIE,1,3,0,2419,1524109,53,0,2009,3
200903,VIE,2,1,188,11654,5361,556,0,2009,3
200903,VIE,2,2,266,11755,5341,0,11755,2009,3
200903,VIE,2,3,0,1009,0,0,0,2009,3
200903,GRZ,1,1,662,26215,12835,0,0,2009,3
200903,GRZ,1,2,660,26449,2461,0,26449,2009,3
200903,GRZ,1,3,0,81,0,0,0,2009,3
200903,GRZ,2,1,54,5241,157,0,0,2009,3
200903,GRZ,2,2,52,5376,717,0,5376,2009,3
200903,GRZ,2,3,0,816,0,0,0,2009,3
200903,INN,1,1,657,40742,16021,0,0,2009,3
200903,INN,1,2,661,43688,15385,0,43688,2009,3
200903,INN,1,3,0,308,0,0,0,2009,3
200903,INN,2,1,193,21544,0,0,0,2009,3
200903,INN,2,2,191,24303,0,0,24303,2009,3
200903,INN,2,3,0,46,0,0,0,2009,3
200903,KLU,1,1,339,17069,976,0,0,2009,3
200903,KLU,1,2,338,17679,808,0,17679,2009,3
200903,KLU,2,1,8,17,0,0,0,2009,3
200903,KLU,2,2,8,19,0,0,19,2009,3
200903,LNZ,1,1,476,15388,11526,1235,0,2009,3
200903,LNZ,1,2,472,15759,11804,5,15759,2009,3
200903,LNZ,1,3,0,1884,10,40,0,2009,3
200903,LNZ,2,1,118,5918,151951,0,0,2009,3
200903,LNZ,2,2,119,5939,175416,0,5939,2009,3
200903,LNZ,2,3,0,1149,109301,0,0,2009,3
200903,SZG,1,1,767,57251,11042,0,0,2009,3
200903,SZG,1,2,767,60126,7346,0,60126,2009,3
200903,SZG,1,3,0,38,0,0,0,2009,3
200903,SZG,2,1,211,20008,0,38,0,2009,3
200903,SZG,2,2,213,25988,0,0,25988,2009,3
200903,SZG,2,3,0,316,0,0,0,2009,3
200904,VIE,1,1,9630,740034,9209079,510090,0,2009,4
200904,VIE,1,2,9564,734890,4535215,496991,734890,2009,4
200904,VIE,1,3,0,3297,1242530,438,0,2009,4
200904,VIE,2,1,253,17119,7867,483,0,2009,4
200904,VIE,2,2,321,20248,1612,0,20248,2009,4
200904,VIE,2,3,0,1139,0,0,0,2009,4
200904,GRZ,1,1,614,28478,7811,0,0,2009,4
200904,GRZ,1,2,612,28440,2335,0,28440,2009,4
200904,GRZ,1,3,0,58,0,0,0,2009,4
200904,GRZ,2,1,65,6055,0,0,0,2009,4
200904,GRZ,2,2,67,5915,412,0,5915,2009,4
200904,GRZ,2,3,0,177,0,0,0,2009,4
200904,INN,1,1,455,22096,12188,0,0,2009,4
200904,INN,1,2,455,24746,13582,0,24746,2009,4
200904,INN,1,3,0,277,0,0,0,2009,4
200904,INN,2,1,78,7431,0,0,0,2009,4
200904,INN,2,2,78,11837,0,0,11837,2009,4
200904,INN,2,3,0,46,0,0,0,2009,4
200904,KLU,1,1,271,14573,1415,0,0,2009,4
200904,KLU,1,2,271,15356,2014,0,15356,2009,4
200904,KLU,2,1,16,18,0,0,0,2009,4
200904,KLU,2,2,16,52,0,0,52,2009,4
200904,KLU,2,3,0,207,0,0,0,2009,4
200904,LNZ,1,1,457,16764,6490,1174,0,2009,4
200904,LNZ,1,2,454,16959,11478,481,16959,2009,4
200904,LNZ,1,3,0,2230,1,0,0,2009,4
200904,LNZ,2,1,128,8645,152241,0,0,2009,4
200904,LNZ,2,2,130,9820,163408,0,9820,2009,4
200904,LNZ,2,3,0,114,92787,0,0,2009,4
200904,SZG,1,1,576,39086,9790,25,0,2009,4
200904,SZG,1,2,578,42763,4118,0,42763,2009,4
200904,SZG,1,3,0,2,0,0,0,2009,4
200904,SZG,2,1,112,10584,168,0,0,2009,4
200904,SZG,2,2,109,13060,0,0,13060,2009,4
200904,SZG,2,3,0,299,0,0,0,2009,4
200905,VIE,1,1,10286,769269,9656187,529321,0,2009,5
200905,VIE,1,2,10220,775447,5160316,476463,775447,2009,5
200905,VIE,1,3,0,3040,1432714,2,0,2009,5
200905,VIE,2,1,343,25675,361580,318,0,2009,5
200905,VIE,2,2,412,27218,57292,0,27218,2009,5
200905,VIE,2,3,0,2170,0,995,0,2009,5
200905,GRZ,1,1,661,31168,11304,0,0,2009,5
200905,GRZ,1,2,661,30786,3585,0,30786,2009,5
200905,GRZ,1,3,0,33,0,0,0,2009,5
200905,GRZ,2,1,111,7121,0,0,0,2009,5
200905,GRZ,2,2,110,8574,0,0,8574,2009,5
200905,GRZ,2,3,0,1214,0,0,0,2009,5
200905,INN,1,1,424,18840,14596,0,0,2009,5
200905,INN,1,2,429,19229,16190,0,19229,2009,5
200905,INN,1,3,0,344,0,0,0,2009,5
200905,INN,2,1,90,7171,0,0,0,2009,5
200905,INN,2,2,85,7647,0,0,7647,2009,5
200905,INN,2,3,0,663,0,0,0,2009,5
200905,KLU,1,1,285,15955,1140,0,0,2009,5
200905,KLU,1,2,285,14453,1140,0,14453,2009,5
200905,KLU,2,1,26,477,0,0,0,2009,5
200905,KLU,2,2,26,495,0,0,495,2009,5
200905,KLU,2,3,0,63,0,0,0,2009,5
200905,LNZ,1,1,464,17911,10061,846,0,2009,5
200905,LNZ,1,2,466,18575,12327,85,18575,2009,5
200905,LNZ,1,3,0,2213,0,0,0,2009,5
200905,LNZ,2,1,155,11034,126410,0,0,2009,5
200905,LNZ,2,2,156,12080,147300,0,12080,2009,5
200905,LNZ,2,3,0,318,93083,0,0,2009,5
200905,SZG,1,1,531,31564,7772,0,0,2009,5
200905,SZG,1,2,532,31085,2286,0,31085,2009,5
200905,SZG,1,3,0,0,300,0,0,2009,5
200905,SZG,2,1,176,15467,0,0,0,2009,5
200905,SZG,2,2,175,16447,0,0,16447,2009,5
200905,SZG,2,3,0,2210,0,0,0,2009,5
200906,VIE,1,1,10308,777149,8494120,468072,0,2009,6
200906,VIE,1,2,10252,792064,5065740,471187,792064,2009,6
200906,VIE,1,3,0,3858,1393942,2,0,2009,6
200906,VIE,2,1,419,34838,7713,800,0,2009,6
200906,VIE,2,2,474,39402,93853,0,39402,2009,6
200906,VIE,2,3,0,1632,0,0,0,2009,6
200906,GRZ,1,1,705,34393,10135,0,0,2009,6
200906,GRZ,1,2,705,34232,2918,0,34232,2009,6
200906,GRZ,1,3,0,43,0,0,0,2009,6
200906,GRZ,2,1,175,12935,0,0,0,2009,6
200906,GRZ,2,2,175,14480,0,0,14480,2009,6
200906,GRZ,2,3,0,3538,0,0,0,2009,6
200906,INN,1,1,440,21497,15602,0,0,2009,6
200906,INN,1,2,437,20745,15801,0,20745,2009,6
200906,INN,1,3,0,576,0,0,0,2009,6
200906,INN,2,1,137,11224,110,0,0,2009,6
200906,INN,2,2,141,11469,0,0,11469,2009,6
200906,INN,2,3,0,1663,0,0,0,2009,6
200906,KLU,1,1,305,15965,1365,0,0,2009,6
200906,KLU,1,2,302,15165,885,0,15165,2009,6
200906,KLU,1,3,0,83,0,0,0,2009,6
200906,KLU,2,1,61,1874,0,0,0,2009,6
200906,KLU,2,2,62,1795,0,0,1795,2009,6
200906,KLU,2,3,0,42,0,0,0,2009,6
200906,LNZ,1,1,457,19867,9341,731,0,2009,6
200906,LNZ,1,2,453,19437,10020,2,19437,2009,6
200906,LNZ,1,3,0,2150,0,145,0,2009,6
200906,LNZ,2,1,167,15264,161292,20,0,2009,6
200906,LNZ,2,2,171,16646,167610,0,16646,2009,6
200906,LNZ,2,3,0,2061,107530,0,0,2009,6
200906,SZG,1,1,530,32628,7396,0,0,2009,6
200906,SZG,1,2,533,32548,5579,0,32548,2009,6
200906,SZG,2,1,210,24674,0,0,0,2009,6
200906,SZG,2,2,206,23950,0,0,23950,2009,6
200906,SZG,2,3,0,2513,0,0,0,2009,6
200907,VIE,1,1,10634,832239,8358858,507616,0,2009,7
200907,VIE,1,2,10572,879075,5588361,501806,879075,2009,7
200907,VIE,1,3,0,4986,1761123,486,0,2009,7
200907,VIE,2,1,483,50829,242194,6988,0,2009,7
200907,VIE,2,2,552,55971,150104,0,55971,2009,7
200907,VIE,2,3,0,2533,0,0,0,2009,7
200907,GRZ,1,1,716,34368,12369,0,0,2009,7
200907,GRZ,1,2,724,36942,2818,0,36942,2009,7
200907,GRZ,1,3,0,336,0,0,0,2009,7
200907,GRZ,2,1,204,17608,60,0,0,2009,7
200907,GRZ,2,2,196,18776,0,0,18776,2009,7
200907,GRZ,2,3,0,3869,0,0,0,2009,7
200907,INN,1,1,428,20405,15929,0,0,2009,7
200907,INN,1,2,426,20698,12039,0,20698,2009,7
200907,INN,1,3,0,603,0,0,0,2009,7
200907,INN,2,1,138,11166,0,0,0,2009,7
200907,INN,2,2,139,11107,1,0,11107,2009,7
200907,INN,2,3,0,1270,0,0,0,2009,7
200907,KLU,1,1,328,18901,661,0,0,2009,7
200907,KLU,1,2,328,17445,2014,0,17445,2009,7
200907,KLU,1,3,0,141,0,0,0,2009,7
200907,KLU,2,1,46,1347,0,0,0,2009,7
200907,KLU,2,2,44,1532,0,0,1532,2009,7
200907,KLU,2,3,0,94,0,0,0,2009,7
200907,LNZ,1,1,474,20068,10152,1035,0,2009,7
200907,LNZ,1,2,476,20876,12871,92,20876,2009,7
200907,LNZ,1,3,0,2238,15,0,0,2009,7
200907,LNZ,2,1,193,18294,163024,14,0,2009,7
200907,LNZ,2,2,192,19999,175133,900,19999,2009,7
200907,LNZ,2,3,0,2607,106880,0,0,2009,7
200907,SZG,1,1,556,36073,7670,0,0,2009,7
200907,SZG,1,2,559,35498,6434,0,35498,2009,7
200907,SZG,2,1,241,26619,0,0,0,2009,7
200907,SZG,2,2,238,27236,0,0,27236,2009,7
200907,SZG,2,3,0,3231,0,0,0,2009,7
200908,VIE,1,1,10107,836908,9177439,549348,0,2009,8
200908,VIE,1,2,10040,816118,5499104,455109,816118,2009,8
200908,VIE,1,3,0,4354,1025069,40,0,2009,8
200908,VIE,2,1,443,53082,43160,1929,0,2009,8
200908,VIE,2,2,508,49953,99360,365,49953,2009,8
200908,VIE,2,3,0,1429,0,0,0,2009,8
200908,GRZ,1,1,663,33044,8904,0,0,2009,8
200908,GRZ,1,2,671,33616,2298,0,33616,2009,8
200908,GRZ,1,3,0,3,0,0,0,2009,8
200908,GRZ,2,1,209,18574,6,0,0,2009,8
200908,GRZ,2,2,201,17771,0,0,17771,2009,8
200908,GRZ,2,3,0,5412,0,0,0,2009,8
200908,INN,1,1,392,19455,14509,0,0,2009,8
200908,INN,1,2,392,19339,12493,0,19339,2009,8
200908,INN,1,3,0,548,0,0,0,2009,8
200908,INN,2,1,137,12494,0,0,0,2009,8
200908,INN,2,2,138,12357,0,0,12357,2009,8
200908,INN,2,3,0,2025,0,0,0,2009,8
200908,KLU,1,1,315,17578,989,0,0,2009,8
200908,KLU,1,2,315,18754,1039,0,18754,2009,8
200908,KLU,1,3,0,138,0,0,0,2009,8
200908,KLU,2,1,43,1347,0,0,0,2009,8
200908,KLU,2,2,43,1321,0,0,1321,2009,8
200908,KLU,2,3,0,154,0,0,0,2009,8
200908,LNZ,1,1,449,19449,13062,970,0,2009,8
200908,LNZ,1,2,449,19411,7798,0,19411,2009,8
200908,LNZ,1,3,0,2782,1,0,0,2009,8
200908,LNZ,2,1,189,19924,148854,30,0,2009,8
200908,LNZ,2,2,188,19587,156420,0,19587,2009,8
200908,LNZ,2,3,0,2583,94823,0,0,2009,8
200908,SZG,1,1,534,37252,7613,0,0,2009,8
200908,SZG,1,2,536,39334,5922,0,39334,2009,8
200908,SZG,2,1,234,29137,0,0,0,2009,8
200908,SZG,2,2,233,29905,0,0,29905,2009,8
200908,SZG,2,3,0,3439,0,0,0,2009,8
200909,VIE,1,1,10156,834472,10194379,568067,0,2009,9
200909,VIE,1,2,10073,794220,5830009,500150,794220,2009,9
200909,VIE,1,3,0,3330,1057707,29,0,2009,9
200909,VIE,2,1,380,40370,143093,1256,0,2009,9
200909,VIE,2,2,462,36898,163075,50,36898,2009,9
200909,VIE,2,3,0,1482,29981,0,0,2009,9
200909,GRZ,1,1,718,37293,7857,0,0,2009,9
200909,GRZ,1,2,722,36337,2941,0,36337,2009,9
200909,GRZ,1,3,0,9,0,0,0,2009,9
200909,GRZ,2,1,178,15406,17,0,0,2009,9
200909,GRZ,2,2,174,12701,0,0,12701,2009,9
200909,GRZ,2,3,0,3710,0,0,0,2009,9
200909,INN,1,1,444,21542,18966,0,0,2009,9
200909,INN,1,2,443,20850,14721,0,20850,2009,9
200909,INN,1,3,0,762,0,0,0,2009,9
200909,INN,2,1,116,8513,0,0,0,2009,9
200909,INN,2,2,116,8860,0,0,8860,2009,9
200909,INN,2,3,0,2024,0,0,0,2009,9
200909,KLU,1,1,318,16551,1430,0,0,2009,9
200909,KLU,1,2,315,16855,1381,0,16855,2009,9
200909,KLU,1,3,0,120,0,0,0,2009,9
200909,KLU,2,1,31,784,0,0,0,2009,9
200909,KLU,2,2,32,757,0,0,757,2009,9
200909,KLU,2,3,0,40,0,0,0,2009,9
200909,LNZ,1,1,474,22100,7199,1080,0,2009,9
200909,LNZ,1,2,472,21360,8504,2,21360,2009,9
200909,LNZ,1,3,0,3065,0,0,0,2009,9
200909,LNZ,2,1,163,16480,179552,0,0,2009,9
200909,LNZ,2,2,165,13143,188658,0,13143,2009,9
200909,LNZ,2,3,0,2076,116607,0,0,2009,9
200909,SZG,1,1,514,35693,10111,0,0,2009,9
200909,SZG,1,2,518,35398,4156,0,35398,2009,9
200909,SZG,2,1,203,23070,0,0,0,2009,9
200909,SZG,2,2,198,21883,0,0,21883,2009,9
200909,SZG,2,3,0,2676,0,0,0,2009,9
200910,VIE,1,1,10188,784179,12546703,546676,0,2009,10
200910,VIE,1,2,10091,797097,6550757,554178,797097,2009,10
200910,VIE,1,3,0,3400,1547422,0,0,2009,10
200910,VIE,2,1,308,29364,181021,1221,0,2009,10
200910,VIE,2,2,387,24423,109713,3879,24423,2009,10
200910,VIE,2,3,0,1336,30685,0,0,2009,10
200910,GRZ,1,1,682,35291,11645,0,0,2009,10
200910,GRZ,1,2,687,34657,3353,0,34657,2009,10
200910,GRZ,2,1,84,7445,12,0,0,2009,10
200910,GRZ,2,2,83,5669,0,0,5669,2009,10
200910,GRZ,2,3,0,1213,0,0,0,2009,10
200910,INN,1,1,419,20084,19148,0,0,2009,10
200910,INN,1,2,419,20250,19987,0,20250,2009,10
200910,INN,1,3,0,217,0,0,0,2009,10
200910,INN,2,1,60,5477,0,0,0,2009,10
200910,INN,2,2,60,4210,0,0,4210,2009,10
200910,INN,2,3,0,1317,0,0,0,2009,10
200910,KLU,1,1,305,16312,1339,0,0,2009,10
200910,KLU,1,2,306,16963,1617,0,16963,2009,10
200910,KLU,1,3,0,1,0,0,0,2009,10
200910,KLU,2,1,22,812,0,0,0,2009,10
200910,KLU,2,2,19,596,0,0,596,2009,10
200910,LNZ,1,1,473,19452,9991,2037,0,2009,10
200910,LNZ,1,2,474,18819,10080,1,18819,2009,10
200910,LNZ,1,3,0,2951,50,0,0,2009,10
200910,LNZ,2,1,113,6351,153806,0,0,2009,10
200910,LNZ,2,2,114,4294,486578,0,4294,2009,10
200910,LNZ,2,3,0,1949,125624,0,0,2009,10
200910,SZG,1,1,540,32390,9923,0,0,2009,10
200910,SZG,1,2,541,34164,3468,1,34164,2009,10
200910,SZG,2,1,96,10511,0,0,0,2009,10
200910,SZG,2,2,97,9082,0,0,9082,2009,10
200910,SZG,2,3,0,1700,0,0,0,2009,10
200911,VIE,1,1,9787,681662,13715397,560905,0,2009,11
200911,VIE,1,2,9717,679255,6846889,560313,679255,2009,11
200911,VIE,1,3,0,2448,1634192,490,0,2009,11
200911,VIE,2,1,165,8228,1195675,643,0,2009,11
200911,VIE,2,2,241,8507,174177,189,8507,2009,11
200911,VIE,2,3,0,1394,7853,0,0,2009,11
200911,GRZ,1,1,646,29226,9517,0,0,2009,11
200911,GRZ,1,2,645,29581,3105,0,29581,2009,11
200911,GRZ,1,3,0,74,0,0,0,2009,11
200911,GRZ,2,1,51,4035,0,0,0,2009,11
200911,GRZ,2,2,49,4226,132,0,4226,2009,11
200911,GRZ,2,3,0,390,0,0,0,2009,11
200911,INN,1,1,401,19576,15855,0,0,2009,11
200911,INN,1,2,401,19920,15797,0,19920,2009,11
200911,INN,1,3,0,244,0,0,0,2009,11
200911,INN,2,1,12,831,0,0,0,2009,11
200911,INN,2,2,12,592,0,0,592,2009,11
200911,KLU,1,1,320,13738,1304,0,0,2009,11
200911,KLU,1,2,318,14193,1208,0,14193,2009,11
200911,KLU,2,1,8,252,0,0,0,2009,11
200911,KLU,2,2,10,259,0,0,259,2009,11
200911,LNZ,1,1,432,14886,10353,2463,0,2009,11
200911,LNZ,1,2,430,14873,13526,29,14873,2009,11
200911,LNZ,1,3,0,1930,0,0,0,2009,11
200911,LNZ,2,1,86,4736,163704,0,0,2009,11
200911,LNZ,2,2,87,5013,180526,0,5013,2009,11
200911,LNZ,2,3,0,186,141788,0,0,2009,11
200911,SZG,1,1,629,33919,9546,0,0,2009,11
200911,SZG,1,2,630,33218,3955,0,33218,2009,11
200911,SZG,2,1,69,8159,252,0,0,2009,11
200911,SZG,2,2,67,7866,0,0,7866,2009,11
200911,SZG,2,3,0,245,0,0,0,2009,11
200912,VIE,1,1,9144,664223,10707456,515737,0,2009,12
200912,VIE,1,2,9057,664844,6117710,739344,664844,2009,12
200912,VIE,1,3,0,2226,1348839,1050,0,2009,12
200912,VIE,2,1,221,12278,572989,409,0,2009,12
200912,VIE,2,2,279,11636,141149,0,11636,2009,12
200912,VIE,2,3,0,1643,2000,500,0,2009,12
200912,GRZ,1,1,576,25339,9554,0,0,2009,12
200912,GRZ,1,2,577,25266,2515,0,25266,2009,12
200912,GRZ,1,3,0,124,0,0,0,2009,12
200912,GRZ,2,1,35,2778,0,0,0,2009,12
200912,GRZ,2,2,36,2719,0,0,2719,2009,12
200912,GRZ,2,3,0,177,0,0,0,2009,12
200912,INN,1,1,521,36994,17271,0,0,2009,12
200912,INN,1,2,518,29528,12996,0,29528,2009,12
200912,INN,1,3,0,137,0,0,0,2009,12
200912,INN,2,1,66,9198,0,0,0,2009,12
200912,INN,2,2,69,4545,0,0,4545,2009,12
200912,KLU,1,1,335,19115,615,0,0,2009,12
200912,KLU,1,2,336,16145,2034,0,16145,2009,12
200912,KLU,2,1,12,70,0,0,0,2009,12
200912,KLU,2,2,13,116,0,0,116,2009,12
200912,KLU,2,3,0,183,0,0,0,2009,12
200912,LNZ,1,1,403,13103,10284,2072,0,2009,12
200912,LNZ,1,2,403,12125,12669,236,12125,2009,12
200912,LNZ,1,3,0,2678,1,0,0,2009,12
200912,LNZ,2,1,68,2681,145118,0,0,2009,12
200912,LNZ,2,2,70,2659,177512,260,2659,2009,12
200912,LNZ,2,3,0,140,138361,0,0,2009,12
200912,SZG,1,1,677,51369,8476,0,0,2009,12
200912,SZG,1,2,678,42055,5518,0,42055,2009,12
200912,SZG,1,3,0,155,0,0,0,2009,12
200912,SZG,2,1,155,17931,0,0,0,2009,12
200912,SZG,2,2,154,11206,0,0,11206,2009,12
200912,SZG,2,3,0,366,0,0,0,2009,12
201001,VIE,1,1,8962,581403,10291952,557486,0,2010,1
201001,VIE,1,2,8963,600050,5349236,505658,600050,2010,1
201001,VIE,1,3,0,1365,1179671,182,0,2010,1
201001,VIE,2,1,234,8407,230782,951,0,2010,1
201001,VIE,2,2,274,9340,236464,11,9340,2010,1
201001,VIE,2,3,0,1021,13908,0,0,2010,1
201001,GRZ,1,1,551,22933,7135,0,0,2010,1
201001,GRZ,1,2,550,24737,2579,0,24737,2010,1
201001,GRZ,2,1,37,3318,0,0,0,2010,1
201001,GRZ,2,2,35,3335,0,0,3335,2010,1
201001,INN,1,1,692,47975,13832,0,0,2010,1
201001,INN,1,2,701,49889,15465,0,49889,2010,1
201001,INN,1,3,0,142,0,0,0,2010,1
201001,INN,2,1,237,29015,0,0,0,2010,1
201001,INN,2,2,226,27698,0,0,27698,2010,1
201001,KLU,1,1,341,16279,1109,0,0,2010,1
201001,KLU,1,2,339,18408,1033,0,18408,2010,1
201001,KLU,2,1,13,106,0,0,0,2010,1
201001,KLU,2,2,13,81,0,0,81,2010,1
201001,LNZ,1,1,365,11119,5993,1685,0,2010,1
201001,LNZ,1,2,362,12211,11311,0,12211,2010,1
201001,LNZ,1,3,0,1755,0,0,0,2010,1
201001,LNZ,2,1,73,3505,151798,0,0,2010,1
201001,LNZ,2,2,74,3509,150089,0,3509,2010,1
201001,LNZ,2,3,0,437,117177,0,0,2010,1
201001,SZG,1,1,776,55217,6815,0,0,2010,1
201001,SZG,1,2,777,59326,1131,0,59326,2010,1
201001,SZG,2,1,387,45418,0,0,0,2010,1
201001,SZG,2,2,386,43447,0,0,43447,2010,1
201001,SZG,2,3,0,140,0,0,0,2010,1
201002,VIE,1,1,8741,595029,10487517,508293,0,2010,2
201002,VIE,1,2,8686,587466,6075374,463994,587466,2010,2
201002,VIE,1,3,0,1225,1253189,579,0,2010,2
201002,VIE,2,1,142,5195,76144,474,0,2010,2
201002,VIE,2,2,195,6380,38214,0,6380,2010,2
201002,VIE,2,3,0,1177,0,0,0,2010,2
201002,GRZ,1,1,562,24762,6916,0,0,2010,2
201002,GRZ,1,2,557,25192,2281,0,25192,2010,2
201002,GRZ,1,3,0,206,0,0,0,2010,2
201002,GRZ,2,1,37,3979,117,0,0,2010,2
201002,GRZ,2,2,42,4153,67,0,4153,2010,2
201002,GRZ,2,3,0,402,0,0,0,2010,2
201002,INN,1,1,650,46705,16987,0,0,2010,2
201002,INN,1,2,658,46195,15155,0,46195,2010,2
201002,INN,1,3,0,185,0,0,0,2010,2
201002,INN,2,1,188,24624,1,0,0,2010,2
201002,INN,2,2,180,24280,0,0,24280,2010,2
201002,KLU,1,1,307,17091,1267,0,0,2010,2
201002,KLU,1,2,307,16874,1684,0,16874,2010,2
201002,KLU,2,1,13,803,0,0,0,2010,2
201002,KLU,2,2,13,883,0,0,883,2010,2
201002,LNZ,1,1,383,12486,6213,1192,0,2010,2
201002,LNZ,1,2,382,12359,9675,1,12359,2010,2
201002,LNZ,1,3,0,1946,10,0,0,2010,2
201002,LNZ,2,1,76,3514,177050,0,0,2010,2
201002,LNZ,2,2,79,3616,173037,0,3616,2010,2
201002,LNZ,2,3,0,344,133650,0,0,2010,2
201002,SZG,1,1,732,55494,4299,0,0,2010,2
201002,SZG,1,2,729,54669,897,0,54669,2010,2
201002,SZG,1,3,0,47,0,0,0,2010,2
201002,SZG,2,1,294,39490,320,0,0,2010,2
201002,SZG,2,2,297,38913,0,0,38913,2010,2
201002,SZG,2,3,0,443,0,0,0,2010,2
201003,VIE,1,1,10115,730656,13487494,553472,0,2010,3
201003,VIE,1,2,10033,739378,6611169,519628,739378,2010,3
201003,VIE,1,3,0,1755,1264100,82,0,2010,3
201003,VIE,2,1,178,8634,249257,134,0,2010,3
201003,VIE,2,2,255,10249,104490,0,10249,2010,3
201003,VIE,2,3,0,1279,900,0,0,2010,3
201003,GRZ,1,1,662,31810,8875,0,0,2010,3
201003,GRZ,1,2,659,32509,3614,0,32509,2010,3
201003,GRZ,1,3,0,37,0,0,0,2010,3
201003,GRZ,2,1,54,5236,0,0,0,2010,3
201003,GRZ,2,2,57,5232,0,0,5232,2010,3
201003,GRZ,2,3,0,298,0,0,0,2010,3
201003,INN,1,1,696,49321,15080,0,0,2010,3
201003,INN,1,2,699,53027,15367,0,53027,2010,3
201003,INN,1,3,0,235,0,0,0,2010,3
201003,INN,2,1,159,19664,0,0,0,2010,3
201003,INN,2,2,154,22508,0,0,22508,2010,3
201003,INN,2,3,0,48,0,0,0,2010,3
201003,KLU,1,1,338,19894,721,0,0,2010,3
201003,KLU,1,2,339,20196,1250,0,20196,2010,3
201003,KLU,2,1,28,1060,0,0,0,2010,3
201003,KLU,2,2,27,1025,0,0,1025,2010,3
201003,LNZ,1,1,483,16416,8279,1254,0,2010,3
201003,LNZ,1,2,484,16851,10539,13,16851,2010,3
201003,LNZ,1,3,0,2663,0,0,0,2010,3
201003,LNZ,2,1,103,5253,187270,0,0,2010,3
201003,LNZ,2,2,99,5772,194374,0,5772,2010,3
201003,LNZ,2,3,0,450,169332,0,0,2010,3
201003,SZG,1,1,789,57245,6211,0,0,2010,3
201003,SZG,1,2,790,61153,2695,0,61153,2010,3
201003,SZG,2,1,246,27411,233,0,0,2010,3
201003,SZG,2,2,245,34044,2635,0,34044,2010,3
201003,SZG,2,3,0,350,0,0,0,2010,3
201004,VIE,1,1,8897,696554,11902709,432029,0,2010,4
201004,VIE,1,2,8817,655773,6279392,484141,655773,2010,4
201004,VIE,1,3,0,1716,1308438,70,0,2010,4
201004,VIE,2,1,281,21890,427781,0,0,2010,4
201004,VIE,2,2,367,19139,266675,0,19139,2010,4
201004,VIE,2,3,0,625,71903,0,0,2010,4
201004,GRZ,1,1,554,25504,11129,0,0,2010,4
201004,GRZ,1,2,550,25126,2779,0,25126,2010,4
201004,GRZ,1,3,0,37,0,0,0,2010,4
201004,GRZ,2,1,78,5076,12779,0,0,2010,4
201004,GRZ,2,2,82,4457,0,0,4457,2010,4
201004,GRZ,2,3,0,808,0,0,0,2010,4
201004,INN,1,1,466,23473,13722,0,0,2010,4
201004,INN,1,2,466,25187,13567,0,25187,2010,4
201004,INN,1,3,0,127,0,0,0,2010,4
201004,INN,2,1,69,6041,0,0,0,2010,4
201004,INN,2,2,68,9248,0,0,9248,2010,4
201004,INN,2,3,0,46,0,0,0,2010,4
201004,KLU,1,1,254,12437,641,0,0,2010,4
201004,KLU,1,2,254,13358,1382,0,13358,2010,4
201004,KLU,2,1,18,358,0,0,0,2010,4
201004,KLU,2,2,18,483,0,0,483,2010,4
201004,LNZ,1,1,411,13187,7659,1325,0,2010,4
201004,LNZ,1,2,414,13689,9126,0,13689,2010,4
201004,LNZ,1,3,0,2578,0,0,0,2010,4
201004,LNZ,2,1,121,9137,293471,0,0,2010,4
201004,LNZ,2,2,118,8007,250744,0,8007,2010,4
201004,LNZ,2,3,0,750,61891,0,0,2010,4
201004,SZG,1,1,534,32104,5504,0,0,2010,4
201004,SZG,1,2,533,32082,7787,0,32082,2010,4
201004,SZG,2,1,141,13853,90,0,0,2010,4
201004,SZG,2,2,142,13601,13580,0,13601,2010,4
201004,SZG,2,3,0,863,0,0,0,2010,4
201005,VIE,1,1,10589,861402,14085625,537777,0,2010,5
201005,VIE,1,2,10540,868587,6768014,510594,868587,2010,5
201005,VIE,1,3,0,3077,1632071,99,0,2010,5
201005,VIE,2,1,367,26211,686529,0,0,2010,5
201005,VIE,2,2,426,27514,129273,0,27514,2010,5
201005,VIE,2,3,0,1499,0,0,0,2010,5
201005,GRZ,1,1,659,35549,11529,0,0,2010,5
201005,GRZ,1,2,664,35568,2519,0,35568,2010,5
201005,GRZ,1,3,0,140,0,0,0,2010,5
201005,GRZ,2,1,141,9828,1006,0,0,2010,5
201005,GRZ,2,2,135,11186,0,0,11186,2010,5
201005,GRZ,2,3,0,1558,0,0,0,2010,5
201005,INN,1,1,468,21373,13364,0,0,2010,5
201005,INN,1,2,469,22367,11558,0,22367,2010,5
201005,INN,1,3,0,216,0,0,0,2010,5
201005,INN,2,1,104,8336,0,0,0,2010,5
201005,INN,2,2,102,8583,0,0,8583,2010,5
201005,INN,2,3,0,906,0,0,0,2010,5
201005,KLU,1,1,320,18272,1374,0,0,2010,5
201005,KLU,1,2,320,17172,1646,0,17172,2010,5
201005,KLU,2,1,44,913,0,0,0,2010,5
201005,KLU,2,2,43,873,0,0,873,2010,5
201005,KLU,2,3,0,71,0,0,0,2010,5
201005,LNZ,1,1,503,20223,9229,1014,0,2010,5
201005,LNZ,1,2,499,20150,7037,13,20150,2010,5
201005,LNZ,1,3,0,3025,7,0,0,2010,5
201005,LNZ,2,1,161,9620,131218,0,0,2010,5
201005,LNZ,2,2,163,12560,155755,0,12560,2010,5
201005,LNZ,2,3,0,992,130125,0,0,2010,5
201005,SZG,1,1,595,35605,7730,0,0,2010,5
201005,SZG,1,2,596,35754,4507,130,35754,2010,5
201005,SZG,2,1,189,17818,0,0,0,2010,5
201005,SZG,2,2,187,20011,0,0,20011,2010,5
201005,SZG,2,3,0,644,0,0,0,2010,5
201006,VIE,1,1,10682,870047,12315698,514105,0,2010,6
201006,VIE,1,2,10609,887165,6058390,502914,887165,2010,6
201006,VIE,1,3,0,3031,1628348,62,0,2010,6
201006,VIE,2,1,340,27580,366993,0,0,2010,6
201006,VIE,2,2,408,32931,1623,0,32931,2010,6
201006,VIE,2,3,0,1572,40792,0,0,2010,6
201006,GRZ,1,1,674,35170,10458,0,0,2010,6
201006,GRZ,1,2,677,35813,3734,0,35813,2010,6
201006,GRZ,1,3,0,224,0,0,0,2010,6
201006,GRZ,2,1,163,12827,250,0,0,2010,6
201006,GRZ,2,2,162,13652,490,0,13652,2010,6
201006,GRZ,2,3,0,3644,0,0,0,2010,6
201006,INN,1,1,497,24542,14271,0,0,2010,6
201006,INN,1,2,496,23833,11317,0,23833,2010,6
201006,INN,1,3,0,316,0,0,0,2010,6
201006,INN,2,1,110,10921,0,0,0,2010,6
201006,INN,2,2,110,10551,0,0,10551,2010,6
201006,INN,2,3,0,713,0,0,0,2010,6
201006,KLU,1,1,316,17672,311,0,0,2010,6
201006,KLU,1,2,316,16866,980,0,16866,2010,6
201006,KLU,2,1,23,161,0,0,0,2010,6
201006,KLU,2,2,22,617,0,0,617,2010,6
201006,LNZ,1,1,519,20252,7060,868,0,2010,6
201006,LNZ,1,2,521,20466,6974,641,20466,2010,6
201006,LNZ,1,3,0,3254,0,0,0,2010,6
201006,LNZ,2,1,197,15289,183619,0,0,2010,6
201006,LNZ,2,2,196,15780,189081,0,15780,2010,6
201006,LNZ,2,3,0,3833,140721,0,0,2010,6
201006,SZG,1,1,598,37407,6808,0,0,2010,6
201006,SZG,1,2,598,36650,4246,0,36650,2010,6
201006,SZG,2,1,226,26597,0,0,0,2010,6
201006,SZG,2,2,227,24723,0,0,24723,2010,6
201006,SZG,2,3,0,1969,0,0,0,2010,6
201007,VIE,1,1,10772,950315,10525278,531710,0,2010,7
201007,VIE,1,2,10691,989542,5368394,489448,989542,2010,7
201007,VIE,1,3,0,2297,1623444,0,0,2010,7
201007,VIE,2,1,446,40838,137130,0,0,2010,7
201007,VIE,2,2,522,46439,188138,0,46439,2010,7
201007,VIE,2,3,0,2364,58063,0,0,2010,7
201007,GRZ,1,1,658,35039,16252,0,0,2010,7
201007,GRZ,1,2,658,36284,3723,0,36284,2010,7
201007,GRZ,1,3,0,646,0,0,0,2010,7
201007,GRZ,2,1,196,17243,0,0,0,2010,7
201007,GRZ,2,2,200,18490,0,0,18490,2010,7
201007,GRZ,2,3,0,4243,0,0,0,2010,7
201007,INN,1,1,479,23341,12695,0,0,2010,7
201007,INN,1,2,479,23968,13824,0,23968,2010,7
201007,INN,1,3,0,203,0,0,0,2010,7
201007,INN,2,1,126,10703,0,0,0,2010,7
201007,INN,2,2,121,10472,0,0,10472,2010,7
201007,INN,2,3,0,1013,0,0,0,2010,7
201007,KLU,1,1,327,21877,0,0,0,2010,7
201007,KLU,1,2,327,19747,0,0,19747,2010,7
201007,KLU,2,1,38,1782,0,0,0,2010,7
201007,KLU,2,2,38,1510,0,0,1510,2010,7
201007,KLU,2,3,0,132,0,0,0,2010,7
201007,LNZ,1,1,494,19021,9618,576,0,2010,7
201007,LNZ,1,2,497,20010,6592,171,20010,2010,7
201007,LNZ,1,3,0,3131,300,50,0,2010,7
201007,LNZ,2,1,219,19660,188397,0,0,2010,7
201007,LNZ,2,2,218,21383,295971,0,21383,2010,7
201007,LNZ,2,3,0,3794,150044,0,0,2010,7
201007,SZG,1,1,578,40003,7499,0,0,2010,7
201007,SZG,1,2,581,38715,3695,0,38715,2010,7
201007,SZG,1,3,0,25,0,0,0,2010,7
201007,SZG,2,1,243,28526,0,0,0,2010,7
201007,SZG,2,2,241,29401,0,0,29401,2010,7
201007,SZG,2,3,0,1920,0,0,0,2010,7
201008,VIE,1,1,10632,960402,10380933,539464,0,2010,8
201008,VIE,1,2,10569,944165,5784713,471391,944165,2010,8
201008,VIE,1,3,0,2047,1886069,0,0,2010,8
201008,VIE,2,1,385,42458,124522,0,0,2010,8
201008,VIE,2,2,454,38790,67931,0,38790,2010,8
201008,VIE,2,3,0,2995,65601,0,0,2010,8
201008,GRZ,1,1,631,33759,13007,0,0,2010,8
201008,GRZ,1,2,624,34184,3027,0,34184,2010,8
201008,GRZ,1,3,0,969,0,0,0,2010,8
201008,GRZ,2,1,165,16835,505,0,0,2010,8
201008,GRZ,2,2,168,16229,0,0,16229,2010,8
201008,GRZ,2,3,0,4297,0,0,0,2010,8
201008,INN,1,1,453,23675,13194,0,0,2010,8
201008,INN,1,2,455,24493,10600,0,24493,2010,8
201008,INN,1,3,0,201,0,0,0,2010,8
201008,INN,2,1,108,10046,0,0,0,2010,8
201008,INN,2,2,108,10291,0,0,10291,2010,8
201008,INN,2,3,0,1060,0,0,0,2010,8
201008,KLU,1,1,318,19903,0,0,0,2010,8
201008,KLU,1,2,316,21599,0,0,21599,2010,8
201008,KLU,2,1,38,921,0,0,0,2010,8
201008,KLU,2,2,41,949,0,0,949,2010,8
201008,LNZ,1,1,423,18958,9102,388,0,2010,8
201008,LNZ,1,2,423,18798,7241,1,18798,2010,8
201008,LNZ,1,3,0,2432,172,0,0,2010,8
201008,LNZ,2,1,208,19982,174699,0,0,2010,8
201008,LNZ,2,2,205,19271,187021,0,19271,2010,8
201008,LNZ,2,3,0,4284,141225,0,0,2010,8
201008,SZG,1,1,581,40664,7915,0,0,2010,8
201008,SZG,1,2,584,43221,2634,0,43221,2010,8
201008,SZG,2,1,226,29150,200,131,0,2010,8
201008,SZG,2,2,222,29418,200,131,29418,2010,8
201008,SZG,2,3,0,1441,52,0,0,2010,8
201009,VIE,1,1,10592,953328,11280463,595460,0,2010,9
201009,VIE,1,2,10501,918943,6500106,505738,918943,2010,9
201009,VIE,1,3,0,1734,2008750,2,0,2010,9
201009,VIE,2,1,339,34561,22997,0,0,2010,9
201009,VIE,2,2,433,31720,9056,0,31720,2010,9
201009,VIE,2,3,0,6806,32215,0,0,2010,9
201009,GRZ,1,1,687,39142,13052,0,0,2010,9
201009,GRZ,1,2,687,37254,3457,0,37254,2010,9
201009,GRZ,1,3,0,138,0,0,0,2010,9
201009,GRZ,2,1,159,14157,2615,0,0,2010,9
201009,GRZ,2,2,159,12395,0,0,12395,2010,9
201009,GRZ,2,3,0,4355,0,0,0,2010,9
201009,INN,1,1,499,26546,16337,0,0,2010,9
201009,INN,1,2,500,25404,13415,181,25404,2010,9
201009,INN,1,3,0,323,0,0,0,2010,9
201009,INN,2,1,89,7526,89,0,0,2010,9
201009,INN,2,2,87,7917,0,0,7917,2010,9
201009,INN,2,3,0,965,0,0,0,2010,9
201009,KLU,1,1,305,17634,0,0,0,2010,9
201009,KLU,1,2,304,17986,0,0,17986,2010,9
201009,KLU,2,1,27,840,0,0,0,2010,9
201009,KLU,2,2,27,808,0,0,808,2010,9
201009,LNZ,1,1,497,22555,4449,1544,0,2010,9
201009,LNZ,1,2,499,21944,6732,584,21944,2010,9
201009,LNZ,1,3,0,3307,0,0,0,2010,9
201009,LNZ,2,1,178,16659,191267,0,0,2010,9
201009,LNZ,2,2,178,13730,338656,0,13730,2010,9
201009,LNZ,2,3,0,2988,163928,0,0,2010,9
201009,SZG,1,1,571,40372,3754,0,0,2010,9
201009,SZG,1,2,574,39351,2541,0,39351,2010,9
201009,SZG,1,3,0,311,0,0,0,2010,9
201009,SZG,2,1,233,25832,330,0,0,2010,9
201009,SZG,2,2,228,25302,0,0,25302,2010,9
201009,SZG,2,3,0,1663,0,0,0,2010,9
201010,VIE,1,1,10606,879029,12699045,423027,0,2010,10
201010,VIE,1,2,10500,890701,6697126,560417,890701,2010,10
201010,VIE,1,3,0,1955,1950245,798,0,2010,10
201010,VIE,2,1,280,25976,57002,10,0,2010,10
201010,VIE,2,2,385,22055,57630,0,22055,2010,10
201010,VIE,2,3,0,7362,20927,0,0,2010,10
201010,GRZ,1,1,665,36053,11455,0,0,2010,10
201010,GRZ,1,2,665,36061,2698,0,36061,2010,10
201010,GRZ,1,3,0,270,0,0,0,2010,10
201010,GRZ,2,1,94,8542,2880,0,0,2010,10
201010,GRZ,2,2,94,6586,0,0,6586,2010,10
201010,GRZ,2,3,0,1964,0,0,0,2010,10
201010,INN,1,1,446,20925,21830,40,0,2010,10
201010,INN,1,2,445,21182,19985,0,21182,2010,10
201010,INN,1,3,0,302,0,0,0,2010,10
201010,INN,2,1,58,5473,0,0,0,2010,10
201010,INN,2,2,59,4255,0,0,4255,2010,10
201010,INN,2,3,0,845,0,0,0,2010,10
201010,KLU,1,1,303,16247,45,0,0,2010,10
201010,KLU,1,2,302,16634,0,0,16634,2010,10
201010,KLU,2,1,34,1060,0,0,0,2010,10
201010,KLU,2,2,35,986,0,0,986,2010,10
201010,KLU,2,3,0,71,0,0,0,2010,10
201010,LNZ,1,1,531,21350,6632,822,0,2010,10
201010,LNZ,1,2,533,21418,18978,62,21418,2010,10
201010,LNZ,1,3,0,2982,134,0,0,2010,10
201010,LNZ,2,1,119,9348,174188,0,0,2010,10
201010,LNZ,2,2,118,7390,181193,0,7390,2010,10
201010,LNZ,2,3,0,1240,172981,0,0,2010,10
201010,SZG,1,1,583,36977,7294,1,0,2010,10
201010,SZG,1,2,584,38714,5151,0,38714,2010,10
201010,SZG,1,3,0,95,0,0,0,2010,10
201010,SZG,2,1,129,15333,0,0,0,2010,10
201010,SZG,2,2,130,14464,0,0,14464,2010,10
201010,SZG,2,3,0,1827,0,0,0,2010,10
201011,VIE,1,1,9975,766015,12687907,644844,0,2010,11
201011,VIE,1,2,9884,753856,6842040,561109,753856,2010,11
201011,VIE,1,3,0,2323,1885022,466,0,2010,11
201011,VIE,2,1,210,11363,135690,10,0,2010,11
201011,VIE,2,2,293,11160,115819,105,11160,2010,11
201011,VIE,2,3,0,4915,25111,0,0,2010,11
201011,GRZ,1,1,606,31211,8790,0,0,2010,11
201011,GRZ,1,2,606,31319,2933,0,31319,2010,11
201011,GRZ,2,1,55,3841,128,0,0,2010,11
201011,GRZ,2,2,55,3818,0,0,3818,2010,11
201011,GRZ,2,3,0,607,0,0,0,2010,11
201011,INN,1,1,440,21609,22711,0,0,2010,11
201011,INN,1,2,440,22121,16021,0,22121,2010,11
201011,INN,1,3,0,292,0,0,0,2010,11
201011,INN,2,1,25,1126,0,0,0,2010,11
201011,INN,2,2,24,831,0,0,831,2010,11
201011,KLU,1,1,261,12752,0,0,0,2010,11
201011,KLU,1,2,258,13290,0,0,13290,2010,11
201011,KLU,2,1,20,207,0,0,0,2010,11
201011,KLU,2,2,22,207,0,0,207,2010,11
201011,LNZ,1,1,344,14157,7566,451,0,2010,11
201011,LNZ,1,2,343,14014,6233,3,14014,2010,11
201011,LNZ,1,3,0,1599,34,0,0,2010,11
201011,LNZ,2,1,92,5171,158453,0,0,2010,11
201011,LNZ,2,2,90,4906,213157,0,4906,2010,11
201011,LNZ,2,3,0,363,193105,0,0,2010,11
201011,SZG,1,1,553,32858,6614,0,0,2010,11
201011,SZG,1,2,556,31557,11684,0,31557,2010,11
201011,SZG,2,1,81,9866,0,0,0,2010,11
201011,SZG,2,2,78,9308,0,0,9308,2010,11
201011,SZG,2,3,0,248,0,0,0,2010,11
201012,VIE,1,1,8965,699999,10048527,330639,0,2010,12
201012,VIE,1,2,8874,706996,6646413,732265,706996,2010,12
201012,VIE,1,3,0,2256,1292661,27,0,2010,12
201012,VIE,2,1,258,13211,175392,0,0,2010,12
201012,VIE,2,2,325,11116,255012,1738,11116,2010,12
201012,VIE,2,3,0,6236,96435,124,0,2010,12
201012,GRZ,1,1,514,25920,8878,0,0,2010,12
201012,GRZ,1,2,520,26476,2331,0,26476,2010,12
201012,GRZ,1,3,0,187,0,0,0,2010,12
201012,GRZ,2,1,53,3207,125,0,0,2010,12
201012,GRZ,2,2,52,3079,0,0,3079,2010,12
201012,GRZ,2,3,0,853,0,0,0,2010,12
201012,INN,1,1,554,40517,15983,0,0,2010,12
201012,INN,1,2,557,33303,16470,0,33303,2010,12
201012,INN,1,3,0,198,0,0,0,2010,12
201012,INN,2,1,67,9187,0,0,0,2010,12
201012,INN,2,2,63,4909,6,0,4909,2010,12
201012,KLU,1,1,247,14727,0,0,0,2010,12
201012,KLU,1,2,249,12764,0,0,12764,2010,12
201012,KLU,2,1,23,184,0,0,0,2010,12
201012,KLU,2,2,24,165,0,0,165,2010,12
201012,LNZ,1,1,276,11173,3566,632,0,2010,12
201012,LNZ,1,2,279,10914,5163,0,10914,2010,12
201012,LNZ,1,3,0,1690,98,0,0,2010,12
201012,LNZ,2,1,69,2563,160616,0,0,2010,12
201012,LNZ,2,2,69,2305,143673,0,2305,2010,12
201012,LNZ,2,3,0,551,147416,0,0,2010,12
201012,SZG,1,1,646,47638,8178,0,0,2010,12
201012,SZG,1,2,644,39112,10591,0,39112,2010,12
201012,SZG,1,3,0,65,0,0,0,2010,12
201012,SZG,2,1,148,18727,0,0,0,2010,12
201012,SZG,2,2,151,11040,0,0,11040,2010,12
201012,SZG,2,3,0,210,0,0,0,2010,12
201101,VIE,1,1,9051,622231,8911588,373859,0,2011,1
201101,VIE,1,2,9043,633035,6644434,563735,633035,2011,1
201101,VIE,1,3,0,2585,1957433,402,0,2011,1
201101,VIE,2,1,216,10533,34801,0,0,2011,1
201101,VIE,2,2,243,10108,63496,0,10108,2011,1
201101,VIE,2,3,0,2836,43185,2,0,2011,1
201101,GRZ,1,1,532,25359,11911,0,0,2011,1
201101,GRZ,1,2,523,26023,4027,0,26023,2011,1
201101,GRZ,1,3,0,515,0,0,0,2011,1
201101,GRZ,2,1,51,3591,0,0,0,2011,1
201101,GRZ,2,2,56,3277,277,0,3277,2011,1
201101,GRZ,2,3,0,328,0,0,0,2011,1
201101,INN,1,1,676,49431,16970,0,0,2011,1
201101,INN,1,2,690,53143,17365,0,53143,2011,1
201101,INN,1,3,0,233,0,0,0,2011,1
201101,INN,2,1,220,27380,0,0,0,2011,1
201101,INN,2,2,207,24895,80,0,24895,2011,1
201101,KLU,1,1,281,14874,0,0,0,2011,1
201101,KLU,1,2,279,16209,0,0,16209,2011,1
201101,KLU,2,1,12,20,0,0,0,2011,1
201101,KLU,2,2,12,40,0,0,40,2011,1
201101,LNZ,1,1,247,10850,5173,344,0,2011,1
201101,LNZ,1,2,241,11622,4950,2,11622,2011,1
201101,LNZ,1,3,0,789,0,0,0,2011,1
201101,LNZ,2,1,96,3478,487195,0,0,2011,1
201101,LNZ,2,2,99,3326,492686,0,3326,2011,1
201101,LNZ,2,3,0,489,165372,0,0,2011,1
201101,SZG,1,1,820,62117,7518,0,0,2011,1
201101,SZG,1,2,816,64508,4390,0,64508,2011,1
201101,SZG,1,3,0,28,0,0,0,2011,1
201101,SZG,2,1,380,46666,0,0,0,2011,1
201101,SZG,2,2,384,45534,12979,0,45534,2011,1
201101,SZG,2,3,0,431,0,0,0,2011,1
201102,VIE,1,1,8889,622083,8537588,591477,0,2011,2
201102,VIE,1,2,8835,622278,7281052,493947,622278,2011,2
201102,VIE,1,3,0,2386,1558386,9,0,2011,2
201102,VIE,2,1,136,4981,101946,0,0,2011,2
201102,VIE,2,2,188,4552,145520,0,4552,2011,2
201102,VIE,2,3,0,1569,55557,6,0,2011,2
201102,GRZ,1,1,559,27497,8359,0,0,2011,2
201102,GRZ,1,2,558,28033,1826,0,28033,2011,2
201102,GRZ,2,1,42,3250,0,0,0,2011,2
201102,GRZ,2,2,42,3413,0,0,3413,2011,2
201102,GRZ,2,3,0,160,0,0,0,2011,2
201102,INN,1,1,652,50033,15686,0,0,2011,2
201102,INN,1,2,651,49607,14247,0,49607,2011,2
201102,INN,1,3,0,275,0,0,0,2011,2
201102,INN,2,1,217,27010,0,0,0,2011,2
201102,INN,2,2,217,26914,152,0,26914,2011,2
201102,KLU,1,1,261,15720,0,0,0,2011,2
201102,KLU,1,2,261,15713,27,0,15713,2011,2
201102,KLU,2,1,11,157,0,0,0,2011,2
201102,KLU,2,2,11,304,0,0,304,2011,2
201102,LNZ,1,1,255,12262,5510,290,0,2011,2
201102,LNZ,1,2,254,12265,4675,66,12265,2011,2
201102,LNZ,1,3,0,247,0,0,0,2011,2
201102,LNZ,2,1,79,2880,187958,0,0,2011,2
201102,LNZ,2,2,81,3219,210701,0,3219,2011,2
201102,LNZ,2,3,0,203,154985,0,0,2011,2
201102,SZG,1,1,748,63001,6645,0,0,2011,2
201102,SZG,1,2,748,62446,10228,0,62446,2011,2
201102,SZG,2,1,237,33632,117,0,0,2011,2
201102,SZG,2,2,237,33801,13854,0,33801,2011,2
201103,VIE,1,1,10197,775702,11941681,554694,0,2011,3
201103,VIE,1,2,10147,761534,8174391,568011,761534,2011,3
201103,VIE,1,3,0,3079,1917284,0,0,2011,3
201103,VIE,2,1,176,9954,86704,0,0,2011,3
201103,VIE,2,2,229,11563,48194,0,11563,2011,3
201103,VIE,2,3,0,3153,68368,0,0,2011,3
201103,GRZ,1,1,620,30924,10409,0,0,2011,3
201103,GRZ,1,2,619,30811,4501,0,30811,2011,3
201103,GRZ,1,3,0,2,0,0,0,2011,3
201103,GRZ,2,1,55,4400,0,0,0,2011,3
201103,GRZ,2,2,57,4831,10,0,4831,2011,3
201103,GRZ,2,3,0,172,0,0,0,2011,3
201103,INN,1,1,708,51062,16775,0,0,2011,3
201103,INN,1,2,710,55195,17392,0,55195,2011,3
201103,INN,1,3,0,328,0,0,0,2011,3
201103,INN,2,1,168,19471,0,0,0,2011,3
201103,INN,2,2,166,23157,0,0,23157,2011,3
201103,INN,2,3,0,52,0,0,0,2011,3
201103,KLU,1,1,287,15721,1,0,0,2011,3
201103,KLU,1,2,288,17196,23,0,17196,2011,3
201103,KLU,2,1,23,371,0,0,0,2011,3
201103,KLU,2,2,22,166,0,0,166,2011,3
201103,LNZ,1,1,297,14132,6322,160,0,2011,3
201103,LNZ,1,2,298,14320,7443,1,14320,2011,3
201103,LNZ,1,3,0,317,0,0,0,2011,3
201103,LNZ,2,1,113,6719,222183,0,0,2011,3
201103,LNZ,2,2,113,8132,208243,0,8132,2011,3
201103,LNZ,2,3,0,382,211106,0,0,2011,3
201103,SZG,1,1,794,61519,7231,0,0,2011,3
201103,SZG,1,2,793,67369,9500,0,67369,2011,3
201103,SZG,2,1,215,23460,248,0,0,2011,3
201103,SZG,2,2,216,31443,2740,0,31443,2011,3
201103,SZG,2,3,0,470,0,0,0,2011,3
201104,VIE,1,1,9920,845702,10883004,531500,0,2011,4
201104,VIE,1,2,9877,838949,7612602,573071,838949,2011,4
201104,VIE,1,3,0,1794,1958835,0,0,2011,4
201104,VIE,2,1,210,18374,158521,0,0,2011,4
201104,VIE,2,2,252,20472,116931,0,20472,2011,4
201104,VIE,2,3,0,723,40981,0,0,2011,4
201104,GRZ,1,1,571,31954,9844,0,0,2011,4
201104,GRZ,1,2,577,32335,3831,0,32335,2011,4
201104,GRZ,1,3,0,137,0,0,0,2011,4
201104,GRZ,2,1,67,5603,4139,0,0,2011,4
201104,GRZ,2,2,62,5802,0,0,5802,2011,4
201104,GRZ,2,3,0,223,0,0,0,2011,4
201104,INN,1,1,514,30210,15465,0,0,2011,4
201104,INN,1,2,517,32484,11496,0,32484,2011,4
201104,INN,1,3,0,275,0,0,0,2011,4
201104,INN,2,1,72,6674,0,0,0,2011,4
201104,INN,2,2,69,10284,0,0,10284,2011,4
201104,INN,2,3,0,142,0,0,0,2011,4
201104,KLU,1,1,256,14263,1,0,0,2011,4
201104,KLU,1,2,257,13710,46,0,13710,2011,4
201104,KLU,2,1,24,345,0,0,0,2011,4
201104,KLU,2,2,21,399,0,0,399,2011,4
201104,KLU,2,3,0,242,0,0,0,2011,4
201104,LNZ,1,1,293,16479,8074,437,0,2011,4
201104,LNZ,1,2,293,16224,7604,2,16224,2011,4
201104,LNZ,1,3,0,232,0,0,0,2011,4
201104,LNZ,2,1,126,9621,182698,0,0,2011,4
201104,LNZ,2,2,127,9738,176498,0,9738,2011,4
201104,LNZ,2,3,0,213,195897,0,0,2011,4
201104,SZG,1,1,567,38575,6511,0,0,2011,4
201104,SZG,1,2,567,39586,3119,0,39586,2011,4
201104,SZG,2,1,109,12243,5,0,0,2011,4
201104,SZG,2,2,110,12839,0,0,12839,2011,4
201104,SZG,2,3,0,260,0,0,0,2011,4
201105,VIE,1,1,10676,929022,9583566,439522,0,2011,5
201105,VIE,1,2,10648,933499,7620801,551967,933499,2011,5
201105,VIE,1,3,0,1262,1705503,9,0,2011,5
201105,VIE,2,1,255,18843,18325,0,0,2011,5
201105,VIE,2,2,286,18372,43613,76,18372,2011,5
201105,VIE,2,3,0,1642,0,0,0,2011,5
201105,GRZ,1,1,632,36600,10794,0,0,2011,5
201105,GRZ,1,2,631,36125,3506,0,36125,2011,5
201105,GRZ,1,3,0,290,0,0,0,2011,5
201105,GRZ,2,1,106,5523,0,0,0,2011,5
201105,GRZ,2,2,106,6668,0,0,6668,2011,5
201105,GRZ,2,3,0,1513,0,0,0,2011,5
201105,INN,1,1,419,21272,15533,0,0,2011,5
201105,INN,1,2,420,21821,14031,0,21821,2011,5
201105,INN,1,3,0,423,0,0,0,2011,5
201105,INN,2,1,72,5829,0,0,0,2011,5
201105,INN,2,2,71,5593,0,0,5593,2011,5
201105,INN,2,3,0,458,0,0,0,2011,5
201105,KLU,1,1,271,15759,20,0,0,2011,5
201105,KLU,1,2,269,14840,7,0,14840,2011,5
201105,KLU,2,1,24,82,0,0,0,2011,5
201105,KLU,2,2,25,70,0,0,70,2011,5
201105,LNZ,1,1,318,19757,7216,455,0,2011,5
201105,LNZ,1,2,317,20041,7709,1,20041,2011,5
201105,LNZ,1,3,0,240,0,0,0,2011,5
201105,LNZ,2,1,160,9148,220988,0,0,2011,5
201105,LNZ,2,2,160,9655,275079,0,9655,2011,5
201105,LNZ,2,3,0,2174,230583,0,0,2011,5
201105,SZG,1,1,581,40377,6174,0,0,2011,5
201105,SZG,1,2,580,40659,4352,0,40659,2011,5
201105,SZG,1,3,0,53,0,0,0,2011,5
201105,SZG,2,1,149,15879,35,0,0,2011,5
201105,SZG,2,2,149,16758,0,0,16758,2011,5
201105,SZG,2,3,0,739,0,0,0,2011,5
201106,VIE,1,1,10358,929691,8010840,506918,0,2011,6
201106,VIE,1,2,10346,946575,6934398,530468,946575,2011,6
201106,VIE,1,3,0,1805,1658341,0,0,2011,6
201106,VIE,2,1,301,20804,159458,0,0,2011,6
201106,VIE,2,2,314,24819,195917,0,24819,2011,6
201106,VIE,2,3,0,1892,115543,194,0,2011,6
201106,GRZ,1,1,568,35341,7859,0,0,2011,6
201106,GRZ,1,2,569,34911,4379,0,34911,2011,6
201106,GRZ,1,3,0,135,0,0,0,2011,6
201106,GRZ,2,1,203,12744,333,0,0,2011,6
201106,GRZ,2,2,201,13933,333,0,13933,2011,6
201106,GRZ,2,3,0,3712,0,0,0,2011,6
201106,INN,1,1,393,22334,15036,0,0,2011,6
201106,INN,1,2,397,22446,17743,0,22446,2011,6
201106,INN,1,3,0,264,0,0,0,2011,6
201106,INN,2,1,115,10076,0,0,0,2011,6
201106,INN,2,2,110,9644,0,0,9644,2011,6
201106,INN,2,3,0,795,0,0,0,2011,6
201106,KLU,1,1,251,15856,2,0,0,2011,6
201106,KLU,1,2,249,14896,1,0,14896,2011,6
201106,KLU,2,1,41,706,0,0,0,2011,6
201106,KLU,2,2,42,984,0,0,984,2011,6
201106,LNZ,1,1,302,19924,5799,355,0,2011,6
201106,LNZ,1,2,303,20054,6272,2,20054,2011,6
201106,LNZ,1,3,0,409,0,0,0,2011,6
201106,LNZ,2,1,211,15098,189821,0,0,2011,6
201106,LNZ,2,2,211,17526,213448,0,17526,2011,6
201106,LNZ,2,3,0,2643,181508,0,0,2011,6
201106,SZG,1,1,540,39397,7161,0,0,2011,6
201106,SZG,1,2,540,39228,2909,0,39228,2011,6
201106,SZG,2,1,221,26495,5,0,0,2011,6
201106,SZG,2,2,221,26182,0,0,26182,2011,6
201106,SZG,2,3,0,1553,0,0,0,2011,6
201107,VIE,1,1,10618,1018372,7791978,530529,0,2011,7
201107,VIE,1,2,10610,1055731,6998442,561500,1055731,2011,7
201107,VIE,1,3,0,2563,1576992,166,0,2011,7
201107,VIE,2,1,344,35639,15840,0,0,2011,7
201107,VIE,2,2,358,40047,96609,0,40047,2011,7
201107,VIE,2,3,0,1353,0,0,0,2011,7
201107,GRZ,1,1,598,36770,8417,0,0,2011,7
201107,GRZ,1,2,598,38503,3544,0,38503,2011,7
201107,GRZ,1,3,0,82,0,0,0,2011,7
201107,GRZ,2,1,205,14976,284,0,0,2011,7
201107,GRZ,2,2,206,16364,515,0,16364,2011,7
201107,GRZ,2,3,0,3503,0,0,0,2011,7
201107,INN,1,1,359,22219,18208,0,0,2011,7
201107,INN,1,2,362,22099,12620,0,22099,2011,7
201107,INN,1,3,0,5,0,0,0,2011,7
201107,INN,2,1,128,12711,107,0,0,2011,7
201107,INN,2,2,125,12066,0,0,12066,2011,7
201107,INN,2,3,0,745,0,0,0,2011,7
201107,KLU,1,1,276,18555,3,0,0,2011,7
201107,KLU,1,2,276,17171,12,0,17171,2011,7
201107,KLU,2,1,56,1666,0,0,0,2011,7
201107,KLU,2,2,55,1568,0,0,1568,2011,7
201107,KLU,2,3,0,10,0,0,0,2011,7
201107,LNZ,1,1,340,20998,10071,476,0,2011,7
201107,LNZ,1,2,339,21848,6842,0,21848,2011,7
201107,LNZ,1,3,0,828,67,0,0,2011,7
201107,LNZ,2,1,236,19207,190551,0,0,2011,7
201107,LNZ,2,2,239,20968,238871,0,20968,2011,7
201107,LNZ,2,3,0,3464,193242,0,0,2011,7
201107,SZG,1,1,598,44760,6748,0,0,2011,7
201107,SZG,1,2,595,43593,4355,0,43593,2011,7
201107,SZG,1,3,0,618,0,0,0,2011,7
201107,SZG,2,1,257,28440,0,0,0,2011,7
201107,SZG,2,2,260,28987,0,0,28987,2011,7
201107,SZG,2,3,0,3541,0,0,0,2011,7
201108,VIE,1,1,10440,1011306,8127969,508529,0,2011,8
201108,VIE,1,2,10404,993470,6566717,549078,993470,2011,8
201108,VIE,1,3,0,1829,1324307,130,0,2011,8
201108,VIE,2,1,293,34318,47671,10,0,2011,8
201108,VIE,2,2,321,32270,2255,0,32270,2011,8
201108,VIE,2,3,0,2794,15055,0,0,2011,8
201108,GRZ,1,1,529,32374,7555,0,0,2011,8
201108,GRZ,1,2,529,33045,3381,0,33045,2011,8
201108,GRZ,2,1,186,15311,0,0,0,2011,8
201108,GRZ,2,2,186,15215,2,0,15215,2011,8
201108,GRZ,2,3,0,4384,0,0,0,2011,8
201108,INN,1,1,321,20257,15441,0,0,2011,8
201108,INN,1,2,330,21011,14599,0,21011,2011,8
201108,INN,2,1,103,10541,0,0,0,2011,8
201108,INN,2,2,95,10512,0,0,10512,2011,8
201108,INN,2,3,0,828,0,0,0,2011,8
201108,KLU,1,1,270,16973,1,0,0,2011,8
201108,KLU,1,2,268,17754,21,0,17754,2011,8
201108,KLU,2,1,47,1196,0,0,0,2011,8
201108,KLU,2,2,46,1078,0,0,1078,2011,8
201108,LNZ,1,1,311,20727,7557,385,0,2011,8
201108,LNZ,1,2,310,20850,8814,1,20850,2011,8
201108,LNZ,1,3,0,26,0,0,0,2011,8
201108,LNZ,2,1,215,20165,326211,0,0,2011,8
201108,LNZ,2,2,216,19899,202362,0,19899,2011,8
201108,LNZ,2,3,0,3341,164532,0,0,2011,8
201108,SZG,1,1,583,45010,8681,0,0,2011,8
201108,SZG,1,2,583,47620,3145,0,47620,2011,8
201108,SZG,2,1,220,27639,0,0,0,2011,8
201108,SZG,2,2,220,29081,2400,0,29081,2011,8
201108,SZG,2,3,0,3099,0,0,0,2011,8
201109,VIE,1,1,10654,1036182,9405055,637237,0,2011,9
201109,VIE,1,2,10631,997812,6663151,565416,997812,2011,9
201109,VIE,1,3,0,1918,1452683,0,0,2011,9
201109,VIE,2,1,321,29550,37919,0,0,2011,9
201109,VIE,2,2,349,26644,51210,149,26644,2011,9
201109,VIE,2,3,0,4773,35974,0,0,2011,9
201109,GRZ,1,1,541,38482,8610,0,0,2011,9
201109,GRZ,1,2,540,35820,3046,0,35820,2011,9
201109,GRZ,1,3,0,6,0,0,0,2011,9
201109,GRZ,2,1,186,12719,915,0,0,2011,9
201109,GRZ,2,2,187,10295,58801,0,10295,2011,9
201109,GRZ,2,3,0,3709,0,0,0,2011,9
201109,INN,1,1,357,22568,16021,0,0,2011,9
201109,INN,1,2,356,21192,15065,0,21192,2011,9
201109,INN,2,1,91,7290,0,0,0,2011,9
201109,INN,2,2,89,7498,0,0,7498,2011,9
201109,INN,2,3,0,964,0,0,0,2011,9
201109,KLU,1,1,254,16099,0,0,0,2011,9
201109,KLU,1,2,254,16353,0,0,16353,2011,9
201109,KLU,2,1,37,938,0,0,0,2011,9
201109,KLU,2,2,35,992,0,0,992,2011,9
201109,LNZ,1,1,312,22957,9893,344,0,2011,9
201109,LNZ,1,2,310,22130,6388,0,22130,2011,9
201109,LNZ,1,3,0,107,0,0,0,2011,9
201109,LNZ,2,1,218,16896,273614,0,0,2011,9
201109,LNZ,2,2,219,13594,281763,0,13594,2011,9
201109,LNZ,2,3,0,2889,225206,0,0,2011,9
201109,SZG,1,1,546,42919,6939,0,0,2011,9
201109,SZG,1,2,547,42292,4570,0,42292,2011,9
201109,SZG,1,3,0,2,0,0,0,2011,9
201109,SZG,2,1,213,25272,50,0,0,2011,9
201109,SZG,2,2,212,23993,72,0,23993,2011,9
201109,SZG,2,3,0,2542,0,0,0,2011,9
201110,VIE,1,1,10523,923320,10299168,596641,0,2011,10
201110,VIE,1,2,10485,943337,6972386,619122,943337,2011,10
201110,VIE,1,3,0,3300,1222260,0,0,2011,10
201110,VIE,2,1,288,21238,96907,68,0,2011,10
201110,VIE,2,2,326,18348,55280,515,18348,2011,10
201110,VIE,2,3,0,3779,55197,0,0,2011,10
201110,GRZ,1,1,532,35028,8209,0,0,2011,10
201110,GRZ,1,2,535,35184,3258,0,35184,2011,10
201110,GRZ,2,1,87,5628,0,0,0,2011,10
201110,GRZ,2,2,83,4532,5904,0,4532,2011,10
201110,GRZ,2,3,0,1859,0,0,0,2011,10
201110,INN,1,1,315,15767,18425,0,0,2011,10
201110,INN,1,2,314,16374,16559,0,16374,2011,10
201110,INN,2,1,48,4930,72,0,0,2011,10
201110,INN,2,2,50,3850,0,0,3850,2011,10
201110,INN,2,3,0,576,0,0,0,2011,10
201110,KLU,1,1,265,14060,0,0,0,2011,10
201110,KLU,1,2,264,14646,0,0,14646,2011,10
201110,KLU,2,1,24,721,0,0,0,2011,10
201110,KLU,2,2,25,587,0,0,587,2011,10
201110,KLU,2,3,0,1,0,0,0,2011,10
201110,LNZ,1,1,314,19892,5124,459,0,2011,10
201110,LNZ,1,2,313,19636,5304,95,19636,2011,10
201110,LNZ,1,3,0,1,0,0,0,2011,10
201110,LNZ,2,1,119,8014,179715,0,0,2011,10
201110,LNZ,2,2,121,6327,203875,0,6327,2011,10
201110,LNZ,2,3,0,715,206058,0,0,2011,10
201110,SZG,1,1,554,38168,5575,0,0,2011,10
201110,SZG,1,2,555,40085,1513,0,40085,2011,10
201110,SZG,1,3,0,1,0,0,0,2011,10
201110,SZG,2,1,119,13999,259,0,0,2011,10
201110,SZG,2,2,117,12969,0,0,12969,2011,10
201110,SZG,2,3,0,1236,0,0,0,2011,10
201111,VIE,1,1,9703,811508,10412066,631484,0,2011,11
201111,VIE,1,2,9649,779566,6439263,699587,779566,2011,11
201111,VIE,1,3,0,3064,1211968,55,0,2011,11
201111,VIE,2,1,188,14552,12055,123,0,2011,11
201111,VIE,2,2,233,13707,139720,356,13707,2011,11
201111,VIE,2,3,0,1134,1744,0,0,2011,11
201111,GRZ,1,1,504,30352,8686,0,0,2011,11
201111,GRZ,1,2,500,30006,2965,0,30006,2011,11
201111,GRZ,1,3,0,6,0,0,0,2011,11
201111,GRZ,2,1,65,4305,32,0,0,2011,11
201111,GRZ,2,2,71,4811,380,0,4811,2011,11
201111,GRZ,2,3,0,518,0,0,0,2011,11
201111,INN,1,1,304,15528,17067,0,0,2011,11
201111,INN,1,2,305,15647,14871,0,15647,2011,11
201111,INN,2,1,9,260,0,0,0,2011,11
201111,INN,2,2,7,189,0,0,189,2011,11
201111,INN,2,3,0,122,0,0,0,2011,11
201111,KLU,1,1,228,11034,6,0,0,2011,11
201111,KLU,1,2,227,10652,27,0,10652,2011,11
201111,KLU,2,1,8,23,0,0,0,2011,11
201111,KLU,2,2,10,23,0,0,23,2011,11
201111,LNZ,1,1,300,15612,7055,1823,0,2011,11
201111,LNZ,1,2,301,15484,10368,1,15484,2011,11
201111,LNZ,1,3,0,78,0,0,0,2011,11
201111,LNZ,2,1,112,6615,199226,0,0,2011,11
201111,LNZ,2,2,112,6301,244106,0,6301,2011,11
201111,LNZ,2,3,0,1012,228039,0,0,2011,11
201111,SZG,1,1,504,31546,5183,0,0,2011,11
201111,SZG,1,2,503,30169,1816,0,30169,2011,11
201111,SZG,1,3,0,243,0,0,0,2011,11
201111,SZG,2,1,107,13266,0,0,0,2011,11
201111,SZG,2,2,107,11995,0,0,11995,2011,11
201111,SZG,2,3,0,140,0,0,0,2011,11
201112,VIE,1,1,9075,770617,9359314,548287,0,2011,12
201112,VIE,1,2,9022,778741,6724803,812320,778741,2011,12
201112,VIE,1,3,0,3047,1011592,0,0,2011,12
201112,VIE,2,1,171,10195,65962,0,0,2011,12
201112,VIE,2,2,204,10569,117443,553,10569,2011,12
201112,VIE,2,3,0,1403,39276,0,0,2011,12
201112,GRZ,1,1,448,25302,7503,0,0,2011,12
201112,GRZ,1,2,451,24562,3621,0,24562,2011,12
201112,GRZ,1,3,0,3,0,0,0,2011,12
201112,GRZ,2,1,46,3179,0,0,0,2011,12
201112,GRZ,2,2,46,3020,0,0,3020,2011,12
201112,GRZ,2,3,0,426,0,0,0,2011,12
201112,INN,1,1,437,33195,15678,0,0,2011,12
201112,INN,1,2,437,25147,8885,0,25147,2011,12
201112,INN,2,1,57,8836,0,0,0,2011,12
201112,INN,2,2,55,4883,0,0,4883,2011,12
201112,KLU,1,1,237,13632,6,0,0,2011,12
201112,KLU,1,2,238,11750,2,0,11750,2011,12
201112,KLU,2,1,16,41,0,0,0,2011,12
201112,KLU,2,2,17,32,0,0,32,2011,12
201112,LNZ,1,1,271,13129,8450,3350,0,2011,12
201112,LNZ,1,2,270,12874,7782,2,12874,2011,12
201112,LNZ,1,3,0,373,0,0,0,2011,12
201112,LNZ,2,1,88,3124,170391,0,0,2011,12
201112,LNZ,2,2,89,3157,206471,0,3157,2011,12
201112,LNZ,2,3,0,1174,228913,0,0,2011,12
201112,SZG,1,1,583,49407,7086,0,0,2011,12
201112,SZG,1,2,577,40318,4598,0,40318,2011,12
201112,SZG,2,1,130,18474,0,0,0,2011,12
201112,SZG,2,2,136,12139,0,0,12139,2011,12
201112,SZG,2,3,0,172,0,0,0,2011,12
201201,VIE,1,1,8839,680713,7992138,484700,0,2012,1
201201,VIE,1,2,8844,694242,5593472,591142,694242,2012,1
201201,VIE,1,3,0,2838,913353,97,0,2012,1
201201,VIE,2,1,192,9494,42809,0,0,2012,1
201201,VIE,2,2,206,9347,51520,0,9347,2012,1
201201,VIE,2,3,0,1058,34271,0,0,2012,1
201201,GRZ,1,1,447,23100,6787,0,0,2012,1
201201,GRZ,1,2,441,24319,3055,0,24319,2012,1
201201,GRZ,2,1,69,2966,0,0,0,2012,1
201201,GRZ,2,2,72,3039,192096,0,3039,2012,1
201201,GRZ,2,3,0,572,0,0,0,2012,1
201201,INN,1,1,557,45324,10990,0,0,2012,1
201201,INN,1,2,562,47931,10753,1,47931,2012,1
201201,INN,1,3,0,2,0,0,0,2012,1
201201,INN,2,1,193,20721,0,0,0,2012,1
201201,INN,2,2,188,17483,0,0,17483,2012,1
201201,KLU,1,1,247,11907,3,0,0,2012,1
201201,KLU,1,2,244,13519,42,0,13519,2012,1
201201,KLU,2,1,20,127,0,0,0,2012,1
201201,KLU,2,2,22,114,0,0,114,2012,1
201201,LNZ,1,1,259,12644,7198,2743,0,2012,1
201201,LNZ,1,2,258,13139,5873,74,13139,2012,1
201201,LNZ,1,3,0,146,0,0,0,2012,1
201201,LNZ,2,1,81,3084,194907,0,0,2012,1
201201,LNZ,2,2,82,2706,211992,0,2706,2012,1
201201,LNZ,2,3,0,1477,165208,0,0,2012,1
201201,SZG,1,1,713,62266,5187,0,0,2012,1
201201,SZG,1,2,709,63543,3294,0,63543,2012,1
201201,SZG,2,1,310,42177,158,0,0,2012,1
201201,SZG,2,2,315,40253,20428,0,40253,2012,1
201201,SZG,2,3,0,401,0,0,0,2012,1
201202,VIE,1,1,8761,682857,8937513,575598,0,2012,2
201202,VIE,1,2,8754,677775,6466994,534340,677775,2012,2
201202,VIE,1,3,0,2743,1003414,10,0,2012,2
201202,VIE,2,1,216,12171,161619,119,0,2012,2
201202,VIE,2,2,228,11112,140188,119,11112,2012,2
201202,VIE,2,3,0,847,48878,0,0,2012,2
201202,GRZ,1,1,467,26489,5411,0,0,2012,2
201202,GRZ,1,2,465,26656,2249,0,26656,2012,2
201202,GRZ,2,1,82,4127,29,0,0,2012,2
201202,GRZ,2,2,82,4391,365289,0,4391,2012,2
201202,GRZ,2,3,0,632,0,0,0,2012,2
201202,INN,1,1,540,47271,11918,0,0,2012,2
201202,INN,1,2,541,45819,11175,0,45819,2012,2
201202,INN,2,1,203,27375,0,0,0,2012,2
201202,INN,2,2,204,27391,0,0,27391,2012,2
201202,KLU,1,1,167,12095,0,0,0,2012,2
201202,KLU,1,2,167,11739,17,0,11739,2012,2
201202,KLU,2,1,26,174,0,0,0,2012,2
201202,KLU,2,2,25,178,0,0,178,2012,2
201202,KLU,2,3,0,2,0,0,0,2012,2
201202,LNZ,1,1,266,13826,4563,1909,0,2012,2
201202,LNZ,1,2,267,13669,9388,0,13669,2012,2
201202,LNZ,2,1,98,3149,186175,0,0,2012,2
201202,LNZ,2,2,97,3387,101716,0,3387,2012,2
201202,LNZ,2,3,0,1224,365732,0,0,2012,2
201202,SZG,1,1,678,66893,4382,0,0,2012,2
201202,SZG,1,2,678,65740,4448,0,65740,2012,2
201202,SZG,2,1,255,37471,144,0,0,2012,2
201202,SZG,2,2,257,37717,58373,0,37717,2012,2
201202,SZG,2,3,0,201,0,0,0,2012,2
201203,VIE,1,1,9885,833199,9872050,644456,0,2012,3
201203,VIE,1,2,9861,837771,7268918,634020,837771,2012,3
201203,VIE,1,3,0,3630,863764,0,0,2012,3
201203,VIE,2,1,215,11748,578920,221,0,2012,3
201203,VIE,2,2,237,12635,122648,0,12635,2012,3
201203,VIE,2,3,0,1607,110861,0,0,2012,3
201203,GRZ,1,1,515,30754,6127,0,0,2012,3
201203,GRZ,1,2,517,31165,3101,0,31165,2012,3
201203,GRZ,1,3,0,108,0,0,0,2012,3
201203,GRZ,2,1,137,4505,150,0,0,2012,3
201203,GRZ,2,2,138,4770,570474,0,4770,2012,3
201203,GRZ,2,3,0,1354,0,0,0,2012,3
201203,INN,1,1,571,48275,14845,0,0,2012,3
201203,INN,1,2,570,51750,9603,260,51750,2012,3
201203,INN,2,1,222,27221,0,0,0,2012,3
201203,INN,2,2,220,29570,0,0,29570,2012,3
201203,INN,2,3,0,48,0,0,0,2012,3
201203,KLU,1,1,198,12549,0,0,0,2012,3
201203,KLU,1,2,198,13422,25,0,13422,2012,3
201203,KLU,2,1,20,276,0,0,0,2012,3
201203,KLU,2,2,21,299,0,0,299,2012,3
201203,LNZ,1,1,299,14999,6910,2851,0,2012,3
201203,LNZ,1,2,298,15911,8939,1,15911,2012,3
201203,LNZ,2,1,97,4344,205335,0,0,2012,3
201203,LNZ,2,2,98,4691,266481,0,4691,2012,3
201203,LNZ,2,3,0,331,250010,0,0,2012,3
201203,SZG,1,1,714,66612,3213,0,0,2012,3
201203,SZG,1,2,714,71368,4238,0,71368,2012,3
201203,SZG,2,1,236,26247,33,0,0,2012,3
201203,SZG,2,2,236,33506,16636,0,33506,2012,3
201203,SZG,2,3,0,456,0,0,0,2012,3
201204,VIE,1,1,10067,934472,9222375,374496,0,2012,4
201204,VIE,1,2,10056,916905,6715189,510836,916905,2012,4
201204,VIE,1,3,0,2645,1858942,1648,0,2012,4
201204,VIE,2,1,219,17111,24818,0,0,2012,4
201204,VIE,2,2,230,17556,35755,35,17556,2012,4
201204,VIE,2,3,0,1177,26003,200,0,2012,4
201204,GRZ,1,1,494,32608,4967,0,0,2012,4
201204,GRZ,1,2,493,31981,2371,0,31981,2012,4
201204,GRZ,1,3,0,119,0,0,0,2012,4
201204,GRZ,2,1,74,4945,0,0,0,2012,4
201204,GRZ,2,2,74,4368,88740,0,4368,2012,4
201204,GRZ,2,3,0,831,0,0,0,2012,4
201204,INN,1,1,371,21402,14164,0,0,2012,4
201204,INN,1,2,373,24639,7754,0,24639,2012,4
201204,INN,1,3,0,4,0,0,0,2012,4
201204,INN,2,1,60,3869,0,0,0,2012,4
201204,INN,2,2,60,8983,0,0,8983,2012,4
201204,INN,2,3,0,46,0,0,0,2012,4
201204,KLU,1,1,170,9689,0,0,0,2012,4
201204,KLU,1,2,171,9982,27,0,9982,2012,4
201204,KLU,2,1,28,184,0,0,0,2012,4
201204,KLU,2,2,24,592,0,0,592,2012,4
201204,KLU,2,3,0,228,0,0,0,2012,4
201204,LNZ,1,1,325,15685,3969,2392,0,2012,4
201204,LNZ,1,2,325,15511,4170,130,15511,2012,4
201204,LNZ,2,1,120,7776,146970,0,0,2012,4
201204,LNZ,2,2,120,8504,218226,0,8504,2012,4
201204,LNZ,2,3,0,636,285238,0,0,2012,4
201204,SZG,1,1,497,38011,4805,0,0,2012,4
201204,SZG,1,2,497,42313,5151,0,42313,2012,4
201204,SZG,2,1,91,9388,0,0,0,2012,4
201204,SZG,2,2,90,10710,0,0,10710,2012,4
201204,SZG,2,3,0,473,0,0,0,2012,4
201205,VIE,1,1,10639,966661,8660381,599171,0,2012,5
201205,VIE,1,2,10606,968582,6751617,556077,968582,2012,5
201205,VIE,1,3,0,2788,1958142,5791,0,2012,5
201205,VIE,2,1,279,21283,38196,495,0,2012,5
201205,VIE,2,2,317,24709,71687,384,24709,2012,5
201205,VIE,2,3,0,1098,9170,0,0,2012,5
201205,GRZ,1,1,521,35947,3610,0,0,2012,5
201205,GRZ,1,2,521,33845,3035,0,33845,2012,5
201205,GRZ,2,1,124,6582,0,0,0,2012,5
201205,GRZ,2,2,123,6956,113796,0,6956,2012,5
201205,GRZ,2,3,0,1846,0,0,0,2012,5
201205,INN,1,1,318,16885,13349,0,0,2012,5
201205,INN,1,2,317,16808,8034,0,16808,2012,5
201205,INN,2,1,83,6382,0,0,0,2012,5
201205,INN,2,2,83,6369,0,0,6369,2012,5
201205,INN,2,3,0,988,0,0,0,2012,5
201205,KLU,1,1,182,11268,0,0,0,2012,5
201205,KLU,1,2,180,10736,5,0,10736,2012,5
201205,KLU,2,1,38,1113,0,0,0,2012,5
201205,KLU,2,2,43,1268,0,0,1268,2012,5
201205,KLU,2,3,0,607,0,0,0,2012,5
201205,LNZ,1,1,369,18462,3145,1702,0,2012,5
201205,LNZ,1,2,366,19099,5028,1,19099,2012,5
201205,LNZ,1,3,0,363,1897,0,0,2012,5
201205,LNZ,2,1,150,8799,133241,0,0,2012,5
201205,LNZ,2,2,151,11357,242704,0,11357,2012,5
201205,LNZ,2,3,0,946,248917,0,0,2012,5
201205,SZG,1,1,457,36653,4435,0,0,2012,5
201205,SZG,1,2,457,36581,6101,0,36581,2012,5
201205,SZG,1,3,0,246,0,0,0,2012,5
201205,SZG,2,1,168,15299,0,0,0,2012,5
201205,SZG,2,2,168,17785,0,0,17785,2012,5
201205,SZG,2,3,0,1519,0,0,0,2012,5
201206,VIE,1,1,10615,992004,7456124,542130,0,2012,6
201206,VIE,1,2,10575,1010505,6959423,501124,1010505,2012,6
201206,VIE,1,3,0,2430,1699680,520,0,2012,6
201206,VIE,2,1,284,23254,27625,520,0,2012,6
201206,VIE,2,2,330,31562,59494,724,31562,2012,6
201206,VIE,2,3,0,2400,11892,0,0,2012,6
201206,GRZ,1,1,522,34711,2467,0,0,2012,6
201206,GRZ,1,2,525,34310,2737,0,34310,2012,6
201206,GRZ,1,3,0,80,0,0,0,2012,6
201206,GRZ,2,1,179,11666,0,0,0,2012,6
201206,GRZ,2,2,181,13621,0,0,13621,2012,6
201206,GRZ,2,3,0,4347,0,0,0,2012,6
201206,INN,1,1,322,19834,11822,0,0,2012,6
201206,INN,1,2,322,19079,8151,0,19079,2012,6
201206,INN,1,3,0,35,0,0,0,2012,6
201206,INN,2,1,119,10436,0,0,0,2012,6
201206,INN,2,2,118,10296,0,0,10296,2012,6
201206,INN,2,3,0,613,0,0,0,2012,6
201206,KLU,1,1,177,11593,0,0,0,2012,6
201206,KLU,1,2,177,10813,0,0,10813,2012,6
201206,KLU,2,1,55,685,0,0,0,2012,6
201206,KLU,2,2,55,729,0,0,729,2012,6
201206,KLU,2,3,0,791,0,0,0,2012,6
201206,LNZ,1,1,371,20478,2971,2192,0,2012,6
201206,LNZ,1,2,371,19993,6069,1,19993,2012,6
201206,LNZ,1,3,0,386,0,0,0,2012,6
201206,LNZ,2,1,219,16933,144267,0,0,2012,6
201206,LNZ,2,2,221,18566,243865,0,18566,2012,6
201206,LNZ,2,3,0,2102,262450,0,0,2012,6
201206,SZG,1,1,450,38372,2371,0,0,2012,6
201206,SZG,1,2,451,36432,7740,0,36432,2012,6
201206,SZG,1,3,0,103,0,0,0,2012,6
201206,SZG,2,1,229,26955,0,0,0,2012,6
201206,SZG,2,2,230,25319,0,0,25319,2012,6
201206,SZG,2,3,0,3001,0,0,0,2012,6
201207,VIE,1,1,10719,1042578,6441546,444126,0,2012,7
201207,VIE,1,2,10688,1075897,6708090,497985,1075897,2012,7
201207,VIE,1,3,0,1905,1263228,595,0,2012,7
201207,VIE,2,1,314,34018,44083,0,0,2012,7
201207,VIE,2,2,332,36470,24208,0,36470,2012,7
201207,VIE,2,3,0,1782,17328,0,0,2012,7
201207,GRZ,1,1,538,35808,4348,0,0,2012,7
201207,GRZ,1,2,536,37371,2734,0,37371,2012,7
201207,GRZ,1,3,0,174,0,0,0,2012,7
201207,GRZ,2,1,189,13929,758,0,0,2012,7
201207,GRZ,2,2,185,14485,0,0,14485,2012,7
201207,GRZ,2,3,0,3164,0,0,0,2012,7
201207,INN,1,1,323,19887,13059,0,0,2012,7
201207,INN,1,2,322,19586,8517,0,19586,2012,7
201207,INN,1,3,0,3,0,0,0,2012,7
201207,INN,2,1,116,10298,0,0,0,2012,7
201207,INN,2,2,118,10166,0,0,10166,2012,7
201207,INN,2,3,0,715,0,0,0,2012,7
201207,KLU,1,1,176,11752,4,0,0,2012,7
201207,KLU,1,2,175,11346,0,0,11346,2012,7
201207,KLU,2,1,51,1018,0,0,0,2012,7
201207,KLU,2,2,53,1226,0,0,1226,2012,7
201207,KLU,2,3,0,837,0,0,0,2012,7
201207,LNZ,1,1,368,18526,2942,1672,0,2012,7
201207,LNZ,1,2,368,19586,2970,71,19586,2012,7
201207,LNZ,2,1,216,19475,164682,0,0,2012,7
201207,LNZ,2,2,214,19786,222146,0,19786,2012,7
201207,LNZ,2,3,0,2448,295181,0,0,2012,7
201207,SZG,1,1,455,39149,3002,0,0,2012,7
201207,SZG,1,2,453,39015,10874,0,39015,2012,7
201207,SZG,2,1,219,26075,19,0,0,2012,7
201207,SZG,2,2,219,27427,0,0,27427,2012,7
201207,SZG,2,3,0,2462,0,0,0,2012,7
201208,VIE,1,1,10580,1047174,7009061,360677,0,2012,8
201208,VIE,1,2,10547,1023707,5937082,552282,1023707,2012,8
201208,VIE,1,3,0,1197,1903512,0,0,2012,8
201208,VIE,2,1,275,33555,90461,406,0,2012,8
201208,VIE,2,2,316,31542,62875,672,31542,2012,8
201208,VIE,2,3,0,1413,34122,0,0,2012,8
201208,GRZ,1,1,502,32480,5302,0,0,2012,8
201208,GRZ,1,2,504,32583,3294,0,32583,2012,8
201208,GRZ,1,3,0,118,0,0,0,2012,8
201208,GRZ,2,1,157,14380,0,0,0,2012,8
201208,GRZ,2,2,159,14068,17748,0,14068,2012,8
201208,GRZ,2,3,0,2739,0,0,0,2012,8
201208,INN,1,1,312,20030,11505,0,0,2012,8
201208,INN,1,2,312,20240,8789,80,20240,2012,8
201208,INN,2,1,95,8554,0,0,0,2012,8
201208,INN,2,2,93,8851,0,0,8851,2012,8
201208,INN,2,3,0,737,0,0,0,2012,8
201208,KLU,1,1,177,10282,0,0,0,2012,8
201208,KLU,1,2,177,11085,0,0,11085,2012,8
201208,KLU,2,1,75,1401,0,0,0,2012,8
201208,KLU,2,2,74,1479,0,0,1479,2012,8
201208,KLU,2,3,0,762,0,0,0,2012,8
201208,LNZ,1,1,350,18798,4221,370,0,2012,8
201208,LNZ,1,2,349,18491,2342,21,18491,2012,8
201208,LNZ,2,1,187,19319,165282,0,0,2012,8
201208,LNZ,2,2,188,19203,232372,0,19203,2012,8
201208,LNZ,2,3,0,2091,254460,0,0,2012,8
201208,SZG,1,1,455,40768,2320,0,0,2012,8
201208,SZG,1,2,458,42804,3017,0,42804,2012,8
201208,SZG,2,1,209,28016,0,0,0,2012,8
201208,SZG,2,2,206,28798,0,0,28798,2012,8
201208,SZG,2,3,0,2079,0,0,0,2012,8
201209,VIE,1,1,10550,1079158,7762925,467152,0,2012,9
201209,VIE,1,2,10488,1035029,6095894,529284,1035029,2012,9
201209,VIE,1,3,0,1263,1851388,1345,0,2012,9
201209,VIE,2,1,280,28746,56611,45,0,2012,9
201209,VIE,2,2,344,28925,101291,0,28925,2012,9
201209,VIE,2,3,0,535,14422,0,0,2012,9
201209,GRZ,1,1,527,37505,5134,0,0,2012,9
201209,GRZ,1,2,528,35267,3570,0,35267,2012,9
201209,GRZ,2,1,146,13009,110,0,0,2012,9
201209,GRZ,2,2,143,10686,0,0,10686,2012,9
201209,GRZ,2,3,0,2600,0,0,0,2012,9
201209,INN,1,1,320,20692,15338,0,0,2012,9
201209,INN,1,2,318,19156,9822,0,19156,2012,9
201209,INN,1,3,0,1,0,0,0,2012,9
201209,INN,2,1,105,8825,200,0,0,2012,9
201209,INN,2,2,109,8984,0,0,8984,2012,9
201209,INN,2,3,0,1183,0,0,0,2012,9
201209,KLU,1,1,175,10933,0,0,0,2012,9
201209,KLU,1,2,175,11146,0,0,11146,2012,9
201209,KLU,2,1,33,857,0,0,0,2012,9
201209,KLU,2,2,34,1047,0,0,1047,2012,9
201209,KLU,2,3,0,732,0,0,0,2012,9
201209,LNZ,1,1,359,20969,3601,34,0,2012,9
201209,LNZ,1,2,360,20311,2163,24,20311,2012,9
201209,LNZ,2,1,175,16156,163853,0,0,2012,9
201209,LNZ,2,2,174,12424,219089,0,12424,2012,9
201209,LNZ,2,3,0,2152,300187,0,0,2012,9
201209,SZG,1,1,456,40753,5412,0,0,2012,9
201209,SZG,1,2,455,39711,5040,0,39711,2012,9
201209,SZG,2,1,208,26289,0,0,0,2012,9
201209,SZG,2,2,209,24158,0,0,24158,2012,9
201209,SZG,2,3,0,2316,0,59,0,2012,9
201210,VIE,1,1,10612,963061,8557051,535161,0,2012,10
201210,VIE,1,2,10529,990484,6537630,589686,990484,2012,10
201210,VIE,1,3,0,1097,1712805,1319,0,2012,10
201210,VIE,2,1,189,17874,43563,0,0,2012,10
201210,VIE,2,2,263,16897,45624,181,16897,2012,10
201210,VIE,2,3,0,830,0,0,0,2012,10
201210,GRZ,1,1,534,34108,3270,0,0,2012,10
201210,GRZ,1,2,533,33511,5795,0,33511,2012,10
201210,GRZ,2,1,62,5069,100,0,0,2012,10
201210,GRZ,2,2,60,3939,0,0,3939,2012,10
201210,GRZ,2,3,0,414,0,0,0,2012,10
201210,INN,1,1,295,15363,17043,0,0,2012,10
201210,INN,1,2,294,15721,10046,0,15721,2012,10
201210,INN,2,1,31,3139,0,0,0,2012,10
201210,INN,2,2,32,2206,0,0,2206,2012,10
201210,INN,2,3,0,569,0,0,0,2012,10
201210,KLU,1,1,182,9706,0,0,0,2012,10
201210,KLU,1,2,182,10374,1,0,10374,2012,10
201210,KLU,2,1,29,841,0,0,0,2012,10
201210,KLU,2,2,29,580,0,0,580,2012,10
201210,KLU,2,3,0,532,0,0,0,2012,10
201210,LNZ,1,1,363,18463,3420,85,0,2012,10
201210,LNZ,1,2,363,18250,1995,175,18250,2012,10
201210,LNZ,1,3,0,65,0,0,0,2012,10
201210,LNZ,2,1,92,4857,191762,0,0,2012,10
201210,LNZ,2,2,92,3753,342085,0,3753,2012,10
201210,LNZ,2,3,0,281,343515,0,0,2012,10
201210,SZG,1,1,471,36510,6430,0,0,2012,10
201210,SZG,1,2,471,38037,4593,0,38037,2012,10
201210,SZG,2,1,94,12402,0,0,0,2012,10
201210,SZG,2,2,94,10774,0,0,10774,2012,10
201210,SZG,2,3,0,314,0,0,0,2012,10
201211,VIE,1,1,9502,834935,9150955,518867,0,2012,11
201211,VIE,1,2,9469,801894,6142242,590262,801894,2012,11
201211,VIE,1,3,0,652,1955891,904,0,2012,11
201211,VIE,2,1,172,10903,250,0,0,2012,11
201211,VIE,2,2,201,10151,85634,0,10151,2012,11
201211,VIE,2,3,0,436,0,0,0,2012,11
201211,GRZ,1,1,494,27043,5038,0,0,2012,11
201211,GRZ,1,2,491,26359,3779,0,26359,2012,11
201211,GRZ,2,1,46,3059,0,0,0,2012,11
201211,GRZ,2,2,51,2932,0,0,2932,2012,11
201211,GRZ,2,3,0,266,0,0,0,2012,11
201211,INN,1,1,277,15896,15665,0,0,2012,11
201211,INN,1,2,275,15116,10373,0,15116,2012,11
201211,INN,1,3,0,272,0,0,0,2012,11
201211,INN,2,1,6,35,0,0,0,2012,11
201211,INN,2,2,8,209,0,0,209,2012,11
201211,KLU,1,1,164,8251,0,0,0,2012,11
201211,KLU,1,2,164,8382,0,0,8382,2012,11
201211,KLU,2,1,16,41,0,0,0,2012,11
201211,KLU,2,2,13,47,0,0,47,2012,11
201211,KLU,2,3,0,78,0,0,0,2012,11
201211,LNZ,1,1,303,12671,975,0,0,2012,11
201211,LNZ,1,2,302,12691,1622,70,12691,2012,11
201211,LNZ,2,1,80,3475,187766,0,0,2012,11
201211,LNZ,2,2,82,2989,232191,0,2989,2012,11
201211,LNZ,2,3,0,1,326844,0,0,2012,11
201211,SZG,1,1,434,32044,4107,0,0,2012,11
201211,SZG,1,2,435,30309,6038,0,30309,2012,11
201211,SZG,2,1,69,8007,0,0,0,2012,11
201211,SZG,2,2,67,7623,0,0,7623,2012,11
201211,SZG,2,3,0,143,0,0,0,2012,11
201212,VIE,1,1,8753,784681,7464132,736668,0,2012,12
201212,VIE,1,2,8716,787278,6235879,766024,787278,2012,12
201212,VIE,1,3,0,579,1713398,3794,0,2012,12
201212,VIE,2,1,174,8552,73873,0,0,2012,12
201212,VIE,2,2,182,7210,123739,10,7210,2012,12
201212,VIE,2,3,0,396,0,0,0,2012,12
201212,GRZ,1,1,392,20454,1986,0,0,2012,12
201212,GRZ,1,2,397,19933,2299,0,19933,2012,12
201212,GRZ,1,3,0,62,0,0,0,2012,12
201212,GRZ,2,1,31,2534,0,0,0,2012,12
201212,GRZ,2,2,32,2689,0,0,2689,2012,12
201212,INN,1,1,434,38559,12148,0,0,2012,12
201212,INN,1,2,438,29891,9542,0,29891,2012,12
201212,INN,2,1,67,8483,85,0,0,2012,12
201212,INN,2,2,60,4634,0,0,4634,2012,12
201212,KLU,1,1,157,10200,0,0,0,2012,12
201212,KLU,1,2,158,8524,10,0,8524,2012,12
201212,KLU,2,1,15,155,0,0,0,2012,12
201212,KLU,2,2,18,141,0,0,141,2012,12
201212,LNZ,1,1,238,9701,1650,21,0,2012,12
201212,LNZ,1,2,242,8941,1956,100,8941,2012,12
201212,LNZ,1,3,0,210,440,0,0,2012,12
201212,LNZ,2,1,61,1480,162291,0,0,2012,12
201212,LNZ,2,2,60,1417,193756,0,1417,2012,12
201212,LNZ,2,3,0,80,304312,0,0,2012,12
201212,SZG,1,1,535,50139,5261,0,0,2012,12
201212,SZG,1,2,531,40771,6527,0,40771,2012,12
201212,SZG,1,3,0,71,0,0,0,2012,12
201212,SZG,2,1,157,22999,0,0,0,2012,12
201212,SZG,2,2,162,12513,558,0,12513,2012,12
201301,VIE,1,1,8405,670271,7139402,378530,0,2013,1
201301,VIE,1,2,8433,691093,5484023,572362,691093,2013,1
201301,VIE,1,3,0,955,1414905,3011,0,2013,1
201301,VIE,2,1,149,5584,80751,0,0,2013,1
201301,VIE,2,2,150,5710,29552,552,5710,2013,1
201301,VIE,2,3,0,543,12750,0,0,2013,1
201301,GRZ,1,1,482,20500,5247,0,0,2013,1
201301,GRZ,1,2,473,21788,3179,0,21788,2013,1
201301,GRZ,1,3,0,81,0,0,0,2013,1
201301,GRZ,2,1,29,1898,0,0,0,2013,1
201301,GRZ,2,2,32,1930,0,0,1930,2013,1
201301,INN,1,1,569,49939,11977,0,0,2013,1
201301,INN,1,2,568,51617,9204,0,51617,2013,1
201301,INN,2,1,185,22337,0,0,0,2013,1
201301,INN,2,2,189,20860,0,0,20860,2013,1
201301,KLU,1,1,173,8729,0,0,0,2013,1
201301,KLU,1,2,171,10015,0,0,10015,2013,1
201301,KLU,2,1,16,28,0,0,0,2013,1
201301,KLU,2,2,17,54,0,0,54,2013,1
201301,LNZ,1,1,280,10298,1241,119,0,2013,1
201301,LNZ,1,2,273,10785,1033,15,10785,2013,1
201301,LNZ,2,1,66,1200,170894,0,0,2013,1
201301,LNZ,2,2,70,1140,248310,0,1140,2013,1
201301,LNZ,2,3,0,0,274835,0,0,2013,1
201301,SZG,1,1,654,58635,2147,0,0,2013,1
201301,SZG,1,2,652,61571,4259,0,61571,2013,1
201301,SZG,1,3,0,113,0,0,0,2013,1
201301,SZG,2,1,283,37140,0,0,0,2013,1
201301,SZG,2,2,283,38711,3121,0,38711,2013,1
201301,SZG,2,3,0,101,0,0,0,2013,1
201302,VIE,1,1,7949,657390,6822411,504130,0,2013,2
201302,VIE,1,2,7967,657694,5811928,468568,657694,2013,2
201302,VIE,1,3,0,701,1783329,5581,0,2013,2
201302,VIE,2,1,168,7487,29797,1045,0,2013,2
201302,VIE,2,2,147,8109,57451,471,8109,2013,2
201302,VIE,2,3,0,236,14413,0,0,2013,2
201302,GRZ,1,1,486,22730,5501,0,0,2013,2
201302,GRZ,1,2,491,23420,3029,0,23420,2013,2
201302,GRZ,2,1,37,2110,0,0,0,2013,2
201302,GRZ,2,2,31,2189,0,0,2189,2013,2
201302,INN,1,1,535,52540,11367,0,0,2013,2
201302,INN,1,2,535,51231,9713,0,51231,2013,2
201302,INN,2,1,195,26328,0,0,0,2013,2
201302,INN,2,2,194,26147,0,260,26147,2013,2
201302,KLU,1,1,161,10028,0,0,0,2013,2
201302,KLU,1,2,161,10044,0,0,10044,2013,2
201302,KLU,2,1,20,34,0,0,0,2013,2
201302,KLU,2,2,20,41,0,0,41,2013,2
201302,LNZ,1,1,274,11103,3378,0,0,2013,2
201302,LNZ,1,2,277,11151,1706,7,11151,2013,2
201302,LNZ,2,1,72,2013,157097,0,0,2013,2
201302,LNZ,2,2,68,2396,240537,0,2396,2013,2
201302,LNZ,2,3,0,0,280941,0,0,2013,2
201302,SZG,1,1,608,60947,4698,0,0,2013,2
201302,SZG,1,2,611,60254,3639,0,60254,2013,2
201302,SZG,2,1,245,36169,96,0,0,2013,2
201302,SZG,2,2,243,34791,6623,0,34791,2013,2
201302,SZG,2,3,0,28,0,0,0,2013,2
201303,VIE,1,1,9212,841169,9319483,445472,0,2013,3
201303,VIE,1,2,9220,838154,7342978,570172,838154,2013,3
201303,VIE,1,3,0,467,1567469,3789,0,2013,3
201303,VIE,2,1,214,12098,171746,0,0,2013,3
201303,VIE,2,2,210,12472,313871,0,12472,2013,3
201303,VIE,2,3,0,1087,45210,0,0,2013,3
201303,GRZ,1,1,517,29172,7766,0,0,2013,3
201303,GRZ,1,2,521,28402,2879,0,28402,2013,3
201303,GRZ,1,3,0,121,0,0,0,2013,3
201303,GRZ,2,1,54,4207,0,0,0,2013,3
201303,GRZ,2,2,51,4401,57490,0,4401,2013,3
201303,GRZ,2,3,0,204,0,0,0,2013,3
201303,INN,1,1,587,55378,14866,0,0,2013,3
201303,INN,1,2,588,59221,9855,0,59221,2013,3
201303,INN,1,3,0,76,0,0,0,2013,3
201303,INN,2,1,208,26880,0,0,0,2013,3
201303,INN,2,2,208,29200,0,0,29200,2013,3
201303,INN,2,3,0,45,0,0,0,2013,3
201303,KLU,1,1,185,10719,0,0,0,2013,3
201303,KLU,1,2,186,10593,0,0,10593,2013,3
201303,KLU,2,1,19,111,0,0,0,2013,3
201303,KLU,2,2,15,149,0,0,149,2013,3
201303,KLU,2,3,0,222,0,0,0,2013,3
201303,LNZ,1,1,297,13107,3137,0,0,2013,3
201303,LNZ,1,2,302,13329,1572,2,13329,2013,3
201303,LNZ,2,1,87,3524,183654,0,0,2013,3
201303,LNZ,2,2,84,3959,244356,0,3959,2013,3
201303,LNZ,2,3,0,260,330763,0,0,2013,3
201303,SZG,1,1,680,66933,2923,0,0,2013,3
201303,SZG,1,2,683,70092,4329,0,70092,2013,3
201303,SZG,2,1,236,29454,90,0,0,2013,3
201303,SZG,2,2,234,36266,8366,0,36266,2013,3
201303,SZG,2,3,0,75,0,0,0,2013,3
201304,VIE,1,1,9471,892409,8649212,466647,0,2013,4
201304,VIE,1,2,9446,876577,6235180,540321,876577,2013,4
201304,VIE,1,3,0,1479,1436048,1747,0,2013,4
201304,VIE,2,1,168,12365,88707,0,0,2013,4
201304,VIE,2,2,198,13388,72811,0,13388,2013,4
201304,VIE,2,3,0,427,3657,0,0,2013,4
201304,GRZ,1,1,552,30193,3869,0,0,2013,4
201304,GRZ,1,2,551,30756,5327,0,30756,2013,4
201304,GRZ,1,3,0,5,0,0,0,2013,4
201304,GRZ,2,1,56,3935,1214,0,0,2013,4
201304,GRZ,2,2,56,4285,0,0,4285,2013,4
201304,GRZ,2,3,0,87,0,0,0,2013,4
201304,INN,1,1,330,21091,15245,0,0,2013,4
201304,INN,1,2,331,25485,8607,0,25485,2013,4
201304,INN,1,3,0,146,0,0,0,2013,4
201304,INN,2,1,45,2328,0,0,0,2013,4
201304,INN,2,2,43,6687,0,0,6687,2013,4
201304,KLU,1,1,177,8747,0,0,0,2013,4
201304,KLU,1,2,176,9554,0,0,9554,2013,4
201304,KLU,2,1,22,205,0,0,0,2013,4
201304,KLU,2,2,24,315,0,0,315,2013,4
201304,KLU,2,3,0,601,0,0,0,2013,4
201304,LNZ,1,1,303,13219,906,0,0,2013,4
201304,LNZ,1,2,300,13616,1487,34,13616,2013,4
201304,LNZ,1,3,0,368,0,0,0,2013,4
201304,LNZ,2,1,106,5429,189651,0,0,2013,4
201304,LNZ,2,2,107,6690,266971,0,6690,2013,4
201304,LNZ,2,3,0,488,358124,0,0,2013,4
201304,SZG,1,1,560,37103,5008,0,0,2013,4
201304,SZG,1,2,558,42039,4005,0,42039,2013,4
201304,SZG,1,3,0,391,0,0,0,2013,4
201304,SZG,2,1,84,8409,0,0,0,2013,4
201304,SZG,2,2,84,10381,0,0,10381,2013,4
201304,SZG,2,3,0,238,0,0,0,2013,4
201305,VIE,1,1,10094,953853,7854448,522573,0,2013,5
201305,VIE,1,2,10104,969845,6681438,522324,969845,2013,5
201305,VIE,1,3,0,1178,1559706,891,0,2013,5
201305,VIE,2,1,270,21629,51677,125,0,2013,5
201305,VIE,2,2,265,22428,4559,0,22428,2013,5
201305,VIE,2,3,0,867,29873,0,0,2013,5
201305,GRZ,1,1,545,31793,4565,0,0,2013,5
201305,GRZ,1,2,548,30592,3639,0,30592,2013,5
201305,GRZ,1,3,0,48,0,0,0,2013,5
201305,GRZ,2,1,108,7363,980,0,0,2013,5
201305,GRZ,2,2,107,8991,0,0,8991,2013,5
201305,GRZ,2,3,0,1518,0,0,0,2013,5
201305,INN,1,1,294,16707,13136,0,0,2013,5
201305,INN,1,2,297,17191,9671,0,17191,2013,5
201305,INN,2,1,81,7059,0,0,0,2013,5
201305,INN,2,2,78,7114,0,0,7114,2013,5
201305,INN,2,3,0,859,0,0,0,2013,5
201305,KLU,1,1,182,10393,0,0,0,2013,5
201305,KLU,1,2,180,9898,0,36,9898,2013,5
201305,KLU,2,1,34,686,0,0,0,2013,5
201305,KLU,2,2,37,655,0,0,655,2013,5
201305,KLU,2,3,0,1024,0,0,0,2013,5
201305,LNZ,1,1,326,15973,1057,0,0,2013,5
201305,LNZ,1,2,327,16943,1561,0,16943,2013,5
201305,LNZ,2,1,164,11020,152249,0,0,2013,5
201305,LNZ,2,2,163,12478,264261,0,12478,2013,5
201305,LNZ,2,3,0,793,357845,0,0,2013,5
201305,SZG,1,1,545,37366,5684,0,0,2013,5
201305,SZG,1,2,545,37532,3771,0,37532,2013,5
201305,SZG,1,3,0,89,0,0,0,2013,5
201305,SZG,2,1,144,16135,0,0,0,2013,5
201305,SZG,2,2,146,17205,60,0,17205,2013,5
201305,SZG,2,3,0,616,0,0,0,2013,5
201306,VIE,1,1,9991,998787,7600731,313437,0,2013,6
201306,VIE,1,2,9975,1011538,6641566,549901,1011538,2013,6
201306,VIE,1,3,0,1628,1795069,1223,0,2013,6
201306,VIE,2,1,288,24009,32812,211,0,2013,6
201306,VIE,2,2,310,26913,363334,0,26913,2013,6
201306,VIE,2,3,0,1188,17374,0,0,2013,6
201306,GRZ,1,1,565,34016,3609,0,0,2013,6
201306,GRZ,1,2,565,33188,4538,0,33188,2013,6
201306,GRZ,2,1,170,12834,0,0,0,2013,6
201306,GRZ,2,2,167,13764,0,0,13764,2013,6
201306,GRZ,2,3,0,2507,0,0,0,2013,6
201306,INN,1,1,305,21412,14652,0,0,2013,6
201306,INN,1,2,306,20994,12345,0,20994,2013,6
201306,INN,1,3,0,231,0,0,0,2013,6
201306,INN,2,1,141,13192,0,0,0,2013,6
201306,INN,2,2,140,12480,0,0,12480,2013,6
201306,INN,2,3,0,1040,0,0,0,2013,6
201306,KLU,1,1,175,11185,0,0,0,2013,6
201306,KLU,1,2,174,10276,0,0,10276,2013,6
201306,KLU,2,1,32,758,0,0,0,2013,6
201306,KLU,2,2,32,787,0,0,787,2013,6
201306,KLU,2,3,0,1076,0,0,0,2013,6
201306,LNZ,1,1,327,18263,1361,0,0,2013,6
201306,LNZ,1,2,327,17915,2603,62,17915,2013,6
201306,LNZ,2,1,201,16725,194391,0,0,2013,6
201306,LNZ,2,2,202,18049,274786,0,18049,2013,6
201306,LNZ,2,3,0,1438,335084,0,0,2013,6
201306,SZG,1,1,560,43047,5336,0,0,2013,6
201306,SZG,1,2,560,41940,4135,0,41940,2013,6
201306,SZG,1,3,0,284,0,0,0,2013,6
201306,SZG,2,1,232,27028,170,0,0,2013,6
201306,SZG,2,2,230,26227,0,0,26227,2013,6
201306,SZG,2,3,0,782,0,0,0,2013,6
201307,VIE,1,1,10261,1029658,6982208,317621,0,2013,7
201307,VIE,1,2,10271,1071935,6295466,503703,1071935,2013,7
201307,VIE,1,3,0,1528,1525735,319,0,2013,7
201307,VIE,2,1,305,30859,179214,17,0,2013,7
201307,VIE,2,2,292,30105,266881,330,30105,2013,7
201307,VIE,2,3,0,930,36635,0,0,2013,7
201307,GRZ,1,1,567,33422,7474,0,0,2013,7
201307,GRZ,1,2,567,34788,5390,0,34788,2013,7
201307,GRZ,2,1,186,13847,1268,0,0,2013,7
201307,GRZ,2,2,188,14054,0,0,14054,2013,7
201307,GRZ,2,3,0,1728,0,0,0,2013,7
201307,INN,1,1,310,20592,12099,0,0,2013,7
201307,INN,1,2,309,20188,11240,0,20188,2013,7
201307,INN,1,3,0,121,0,0,0,2013,7
201307,INN,2,1,111,10342,0,0,0,2013,7
201307,INN,2,2,114,9857,0,0,9857,2013,7
201307,INN,2,3,0,606,0,0,0,2013,7
201307,KLU,1,1,186,12495,0,0,0,2013,7
201307,KLU,1,2,186,12240,0,0,12240,2013,7
201307,KLU,2,1,55,1340,0,0,0,2013,7
201307,KLU,2,2,56,1429,0,0,1429,2013,7
201307,KLU,2,3,0,889,0,0,0,2013,7
201307,LNZ,1,1,323,15259,1397,0,0,2013,7
201307,LNZ,1,2,323,15955,1425,0,15955,2013,7
201307,LNZ,2,1,199,17151,198314,0,0,2013,7
201307,LNZ,2,2,198,16993,301074,0,16993,2013,7
201307,LNZ,2,3,0,1413,342155,0,0,2013,7
201307,SZG,1,1,595,44617,8380,0,0,2013,7
201307,SZG,1,2,593,45426,4387,0,45426,2013,7
201307,SZG,1,3,0,427,0,0,0,2013,7
201307,SZG,2,1,203,25175,0,0,0,2013,7
201307,SZG,2,2,206,25778,0,0,25778,2013,7
201307,SZG,2,3,0,771,0,0,0,2013,7
201308,VIE,1,1,10069,1070335,7552898,343402,0,2013,8
201308,VIE,1,2,10049,1051546,5884661,555079,1051546,2013,8
201308,VIE,1,3,0,1711,1648469,2036,0,2013,8
201308,VIE,2,1,291,31903,59423,727,0,2013,8
201308,VIE,2,2,314,28212,49924,0,28212,2013,8
201308,VIE,2,3,0,1765,43687,0,0,2013,8
201308,GRZ,1,1,508,30204,5788,0,0,2013,8
201308,GRZ,1,2,508,30444,5357,0,30444,2013,8
201308,GRZ,2,1,152,14163,8161,0,0,2013,8
201308,GRZ,2,2,156,13556,26036,0,13556,2013,8
201308,GRZ,2,3,0,1998,0,0,0,2013,8
201308,INN,1,1,291,20297,12595,0,0,2013,8
201308,INN,1,2,291,20694,7611,0,20694,2013,8
201308,INN,1,3,0,280,0,0,0,2013,8
201308,INN,2,1,106,9474,0,0,0,2013,8
201308,INN,2,2,104,9454,0,0,9454,2013,8
201308,INN,2,3,0,716,0,0,0,2013,8
201308,KLU,1,1,164,11491,0,0,0,2013,8
201308,KLU,1,2,164,12136,0,0,12136,2013,8
201308,KLU,2,1,45,1406,0,0,0,2013,8
201308,KLU,2,2,44,1233,0,0,1233,2013,8
201308,KLU,2,3,0,603,0,0,0,2013,8
201308,LNZ,1,1,308,14582,771,0,0,2013,8
201308,LNZ,1,2,311,15033,1135,84,15033,2013,8
201308,LNZ,2,1,191,18338,144114,0,0,2013,8
201308,LNZ,2,2,189,18655,234658,0,18655,2013,8
201308,LNZ,2,3,0,1746,282042,0,0,2013,8
201308,SZG,1,1,545,45222,6776,0,0,2013,8
201308,SZG,1,2,545,47633,13901,0,47633,2013,8
201308,SZG,1,3,0,337,0,0,0,2013,8
201308,SZG,2,1,217,27784,5586,0,0,2013,8
201308,SZG,2,2,218,28394,12587,0,28394,2013,8
201308,SZG,2,3,0,760,0,0,0,2013,8
201309,VIE,1,1,10100,1070573,8490458,335504,0,2013,9
201309,VIE,1,2,10069,1032950,6795874,553428,1032950,2013,9
201309,VIE,1,3,0,1682,1887314,2944,0,2013,9
201309,VIE,2,1,245,21710,320101,0,0,2013,9
201309,VIE,2,2,269,18451,106640,0,18451,2013,9
201309,VIE,2,3,0,698,110917,0,0,2013,9
201309,GRZ,1,1,574,37911,4247,0,0,2013,9
201309,GRZ,1,2,572,35173,4051,0,35173,2013,9
201309,GRZ,2,1,124,10002,0,0,0,2013,9
201309,GRZ,2,2,122,8229,0,0,8229,2013,9
201309,GRZ,2,3,0,1807,0,0,0,2013,9
201309,INN,1,1,302,21162,8130,0,0,2013,9
201309,INN,1,2,298,19343,7406,0,19343,2013,9
201309,INN,2,1,86,6806,0,0,0,2013,9
201309,INN,2,2,91,7743,0,0,7743,2013,9
201309,INN,2,3,0,713,0,0,0,2013,9
201309,KLU,1,1,179,11412,0,0,0,2013,9
201309,KLU,1,2,177,11789,0,0,11789,2013,9
201309,KLU,2,1,22,714,0,0,0,2013,9
201309,KLU,2,2,22,728,0,0,728,2013,9
201309,LNZ,1,1,327,18778,1352,0,0,2013,9
201309,LNZ,1,2,324,18257,2295,48,18257,2013,9
201309,LNZ,2,1,152,13449,186892,0,0,2013,9
201309,LNZ,2,2,154,10565,287767,0,10565,2013,9
201309,LNZ,2,3,0,1184,359441,0,0,2013,9
201309,SZG,1,1,539,43956,8227,0,0,2013,9
201309,SZG,1,2,539,42035,10025,0,42035,2013,9
201309,SZG,2,1,168,20167,0,0,0,2013,9
201309,SZG,2,2,167,19030,0,0,19030,2013,9
201309,SZG,2,3,0,921,0,0,0,2013,9
201310,VIE,1,1,10062,981551,9467681,178296,0,2013,10
201310,VIE,1,2,10013,996932,6817497,631864,996932,2013,10
201310,VIE,1,3,0,918,2363012,5377,0,2013,10
201310,VIE,2,1,197,16801,363634,0,0,2013,10
201310,VIE,2,2,240,12672,128864,0,12672,2013,10
201310,VIE,2,3,0,1316,63649,0,0,2013,10
201310,GRZ,1,1,597,35156,4333,0,0,2013,10
201310,GRZ,1,2,597,34388,5146,0,34388,2013,10
201310,GRZ,2,1,51,4471,0,0,0,2013,10
201310,GRZ,2,2,51,3527,90404,0,3527,2013,10
201310,GRZ,2,3,0,173,0,0,0,2013,10
201310,INN,1,1,278,16410,4407,0,0,2013,10
201310,INN,1,2,278,17005,9690,0,17005,2013,10
201310,INN,2,1,31,2924,0,0,0,2013,10
201310,INN,2,2,31,1757,0,0,1757,2013,10
201310,INN,2,3,0,292,0,0,0,2013,10
201310,KLU,1,1,178,10449,0,0,0,2013,10
201310,KLU,1,2,178,10736,0,0,10736,2013,10
201310,KLU,2,1,22,683,0,0,0,2013,10
201310,KLU,2,2,22,469,0,0,469,2013,10
201310,LNZ,1,1,327,15686,781,0,0,2013,10
201310,LNZ,1,2,326,15517,1961,1,15517,2013,10
201310,LNZ,2,1,103,5930,199687,0,0,2013,10
201310,LNZ,2,2,105,4987,435088,0,4987,2013,10
201310,LNZ,2,3,0,73,355150,0,0,2013,10
201310,SZG,1,1,553,39453,8129,0,0,2013,10
201310,SZG,1,2,554,40570,6506,0,40570,2013,10
201310,SZG,1,3,0,90,0,0,0,2013,10
201310,SZG,2,1,67,7878,0,0,0,2013,10
201310,SZG,2,2,67,6963,0,0,6963,2013,10
201310,SZG,2,3,0,305,0,0,0,2013,10
201311,VIE,1,1,8927,825876,9898614,400232,0,2013,11
201311,VIE,1,2,8893,799979,6830497,651797,799979,2013,11
201311,VIE,1,3,0,1127,2029958,835,0,2013,11
201311,VIE,2,1,146,9619,523067,0,0,2013,11
201311,VIE,2,2,169,8658,140758,906,8658,2013,11
201311,VIE,2,3,0,1628,152695,94,0,2013,11
201311,GRZ,1,1,540,29722,10305,0,0,2013,11
201311,GRZ,1,2,540,29517,6341,0,29517,2013,11
201311,GRZ,1,3,0,145,0,0,0,2013,11
201311,GRZ,2,1,24,2209,322,0,0,2013,11
201311,GRZ,2,2,25,2112,0,0,2112,2013,11
201311,GRZ,2,3,0,114,0,0,0,2013,11
201311,INN,1,1,262,15277,4968,0,0,2013,11
201311,INN,1,2,262,14981,8347,0,14981,2013,11
201311,INN,2,1,6,83,0,0,0,2013,11
201311,INN,2,2,6,84,0,0,84,2013,11
201311,KLU,1,1,132,6553,0,0,0,2013,11
201311,KLU,1,2,132,6801,0,0,6801,2013,11
201311,KLU,2,1,6,3,0,0,0,2013,11
201311,KLU,2,2,8,10,0,0,10,2013,11
201311,LNZ,1,1,303,13470,1545,0,0,2013,11
201311,LNZ,1,2,303,13634,1269,3,13634,2013,11
201311,LNZ,2,1,67,2516,198386,0,0,2013,11
201311,LNZ,2,2,68,1746,393586,0,1746,2013,11
201311,LNZ,2,3,0,130,323421,0,0,2013,11
201311,SZG,1,1,516,35651,6067,0,0,2013,11
201311,SZG,1,2,516,33228,11901,0,33228,2013,11
201311,SZG,2,1,57,6247,0,0,0,2013,11
201311,SZG,2,2,56,6174,0,0,6174,2013,11
201311,SZG,2,3,0,89,0,0,0,2013,11
201312,VIE,1,1,8466,789063,7888951,523953,0,2013,12
201312,VIE,1,2,8416,797838,6518057,836184,797838,2013,12
201312,VIE,1,3,0,972,1719217,1830,0,2013,12
201312,VIE,2,1,139,7738,223694,0,0,2013,12
201312,VIE,2,2,170,6993,161086,1293,6993,2013,12
201312,VIE,2,3,0,1860,117911,968,0,2013,12
201312,GRZ,1,1,444,23686,7186,0,0,2013,12
201312,GRZ,1,2,448,22900,4919,0,22900,2013,12
201312,GRZ,2,1,21,1525,1248,0,0,2013,12
201312,GRZ,2,2,22,1565,800,0,1565,2013,12
201312,GRZ,2,3,0,1,0,0,0,2013,12
201312,INN,1,1,431,39706,5132,0,0,2013,12
201312,INN,1,2,430,30310,5984,0,30310,2013,12
201312,INN,2,1,77,11569,0,0,0,2013,12
201312,INN,2,2,78,6517,0,0,6517,2013,12
201312,KLU,1,1,144,8413,0,0,0,2013,12
201312,KLU,1,2,146,7421,0,0,7421,2013,12
201312,KLU,2,1,20,680,0,0,0,2013,12
201312,KLU,2,2,19,286,0,0,286,2013,12
201312,LNZ,1,1,258,12062,1590,0,0,2013,12
201312,LNZ,1,2,257,10888,372,0,10888,2013,12
201312,LNZ,2,1,53,1177,181585,0,0,2013,12
201312,LNZ,2,2,55,1115,228857,0,1115,2013,12
201312,LNZ,2,3,0,0,317203,0,0,2013,12
201312,SZG,1,1,616,54379,5565,0,0,2013,12
201312,SZG,1,2,620,46684,5791,0,46684,2013,12
201312,SZG,1,3,0,108,0,0,0,2013,12
201312,SZG,2,1,128,17383,0,0,0,2013,12
201312,SZG,2,2,123,11107,0,0,11107,2013,12
201401,VIE,1,1,8301,690033,8073227,410172,0,2014,1
201401,VIE,1,2,8314,705248,5629969,646018,705248,2014,1
201401,VIE,1,3,0,1509,1909246,1155,0,2014,1
201401,VIE,2,1,137,4986,175201,0,0,2014,1
201401,VIE,2,2,164,3981,71193,0,3981,2014,1
201401,VIE,2,3,0,594,76316,0,0,2014,1
201401,GRZ,1,1,433,21082,9250,0,0,2014,1
201401,GRZ,1,2,428,22598,5006,0,22598,2014,1
201401,GRZ,2,1,24,1578,0,0,0,2014,1
201401,GRZ,2,2,24,1587,0,0,1587,2014,1
201401,INN,1,1,581,52270,9783,0,0,2014,1
201401,INN,1,2,577,53484,11476,0,53484,2014,1
201401,INN,2,1,191,21830,0,0,0,2014,1
201401,INN,2,2,191,20396,0,0,20396,2014,1
201401,KLU,1,1,150,7369,0,0,0,2014,1
201401,KLU,1,2,147,8046,0,0,8046,2014,1
201401,KLU,2,1,27,88,0,0,0,2014,1
201401,KLU,2,2,26,228,0,0,228,2014,1
201401,LNZ,1,1,281,11107,3347,0,0,2014,1
201401,LNZ,1,2,276,11382,334,8,11382,2014,1
201401,LNZ,2,1,53,1411,188955,0,0,2014,1
201401,LNZ,2,2,54,1278,384484,0,1278,2014,1
201401,LNZ,2,3,0,0,309083,0,0,2014,1
201401,SZG,1,1,798,69475,9227,0,0,2014,1
201401,SZG,1,2,796,71543,6873,0,71543,2014,1
201401,SZG,2,1,244,31578,29,0,0,2014,1
201401,SZG,2,2,245,33444,557,0,33444,2014,1
201402,VIE,1,1,7767,670971,7515853,308953,0,2014,2
201402,VIE,1,2,7730,668951,5837358,475671,668951,2014,2
201402,VIE,1,3,0,950,1743865,630,0,2014,2
201402,VIE,2,1,157,6474,326681,87,0,2014,2
201402,VIE,2,2,194,6935,285911,160,6935,2014,2
201402,VIE,2,3,0,657,105648,0,0,2014,2
201402,GRZ,1,1,455,24306,4586,0,0,2014,2
201402,GRZ,1,2,454,24988,5001,0,24988,2014,2
201402,GRZ,2,1,33,2106,0,0,0,2014,2
201402,GRZ,2,2,34,2302,0,0,2302,2014,2
201402,GRZ,2,3,0,264,0,0,0,2014,2
201402,INN,1,1,553,56908,7154,0,0,2014,2
201402,INN,1,2,557,55436,10820,0,55436,2014,2
201402,INN,2,1,195,24782,0,0,0,2014,2
201402,INN,2,2,188,24336,0,0,24336,2014,2
201402,INN,2,3,0,11,0,0,0,2014,2
201402,KLU,1,1,138,7771,0,0,0,2014,2
201402,KLU,1,2,138,7712,0,0,7712,2014,2
201402,KLU,2,1,12,231,0,0,0,2014,2
201402,KLU,2,2,14,266,0,0,266,2014,2
201402,LNZ,1,1,283,11949,283,0,0,2014,2
201402,LNZ,1,2,283,12008,2604,22,12008,2014,2
201402,LNZ,2,1,61,1963,174353,0,0,2014,2
201402,LNZ,2,2,62,2347,394652,0,2347,2014,2
201402,LNZ,2,3,0,71,301992,0,0,2014,2
201402,SZG,1,1,727,71186,14818,0,0,2014,2
201402,SZG,1,2,725,69686,11258,0,69686,2014,2
201402,SZG,1,3,0,73,0,0,0,2014,2
201402,SZG,2,1,231,34198,150,0,0,2014,2
201402,SZG,2,2,234,33175,399,0,33175,2014,2
201402,SZG,2,3,0,80,0,0,0,2014,2
201403,VIE,1,1,9109,830253,10522013,406196,0,2014,3
201403,VIE,1,2,9063,819464,6865235,607831,819464,2014,3
201403,VIE,1,3,0,1257,2008030,672,0,2014,3
201403,VIE,2,1,124,5219,376270,0,0,2014,3
201403,VIE,2,2,160,4776,163164,0,4776,2014,3
201403,VIE,2,3,0,386,181622,0,0,2014,3
201403,GRZ,1,1,544,28917,5649,0,0,2014,3
201403,GRZ,1,2,546,28910,6372,0,28910,2014,3
201403,GRZ,2,1,54,3370,64086,0,0,2014,3
201403,GRZ,2,2,52,3264,0,0,3264,2014,3
201403,GRZ,2,3,0,501,0,0,0,2014,3
201403,INN,1,1,593,55591,7547,0,0,2014,3
201403,INN,1,2,601,62770,9055,0,62770,2014,3
201403,INN,2,1,208,24597,3732,0,0,2014,3
201403,INN,2,2,206,27565,0,0,27565,2014,3
201403,INN,2,3,0,42,0,0,0,2014,3
201403,KLU,1,1,156,8531,0,0,0,2014,3
201403,KLU,1,2,157,9182,0,0,9182,2014,3
201403,KLU,2,1,12,18,0,0,0,2014,3
201403,KLU,2,2,12,19,0,0,19,2014,3
201403,LNZ,1,1,315,13209,1899,0,0,2014,3
201403,LNZ,1,2,314,13151,2493,0,13151,2014,3
201403,LNZ,2,1,71,2850,187986,0,0,2014,3
201403,LNZ,2,2,73,2738,508707,0,2738,2014,3
201403,LNZ,2,3,0,327,361717,0,0,2014,3
201403,SZG,1,1,832,72641,8473,0,0,2014,3
201403,SZG,1,2,833,80576,8835,0,80576,2014,3
201403,SZG,2,1,225,25213,0,0,0,2014,3
201403,SZG,2,2,224,31867,2,0,31867,2014,3
201403,SZG,2,3,0,68,0,0,0,2014,3
201404,VIE,1,1,9575,963091,9881434,369734,0,2014,4
201404,VIE,1,2,9543,953118,6260059,615155,953118,2014,4
201404,VIE,1,3,0,1259,2432574,940,0,2014,4
201404,VIE,2,1,170,8343,557883,179,0,2014,4
201404,VIE,2,2,206,10330,475147,555,10330,2014,4
201404,VIE,2,3,0,825,77312,0,0,2014,4
201404,GRZ,1,1,508,30468,2791,0,0,2014,4
201404,GRZ,1,2,507,30643,3174,0,30643,2014,4
201404,GRZ,1,3,0,79,0,0,0,2014,4
201404,GRZ,2,1,48,3698,0,0,0,2014,4
201404,GRZ,2,2,47,4407,96783,0,4407,2014,4
201404,GRZ,2,3,0,218,0,0,0,2014,4
201404,INN,1,1,356,25249,4120,0,0,2014,4
201404,INN,1,2,357,27580,7897,0,27580,2014,4
201404,INN,1,3,0,153,0,0,0,2014,4
201404,INN,2,1,65,5166,0,0,0,2014,4
201404,INN,2,2,64,9104,0,0,9104,2014,4
201404,INN,2,3,0,248,0,0,0,2014,4
201404,KLU,1,1,160,8333,0,0,0,2014,4
201404,KLU,1,2,159,8270,0,0,8270,2014,4
201404,KLU,2,1,15,204,0,0,0,2014,4
201404,KLU,2,2,15,254,0,0,254,2014,4
201404,LNZ,1,1,299,12950,792,0,0,2014,4
201404,LNZ,1,2,298,13164,1229,62,13164,2014,4
201404,LNZ,2,1,89,3657,178808,0,0,2014,4
201404,LNZ,2,2,89,4550,446020,0,4550,2014,4
201404,LNZ,2,3,0,201,378922,0,0,2014,4
201404,SZG,1,1,595,45646,4801,0,0,2014,4
201404,SZG,1,2,594,47930,10078,0,47930,2014,4
201404,SZG,2,1,71,6550,300,0,0,2014,4
201404,SZG,2,2,74,7799,0,0,7799,2014,4
201404,SZG,2,3,0,135,0,0,0,2014,4
201405,VIE,1,1,10204,994985,9436298,412593,0,2014,5
201405,VIE,1,2,10177,1008923,6195474,609839,1008923,2014,5
201405,VIE,1,3,0,3659,2603665,303,0,2014,5
201405,VIE,2,1,237,18061,188375,0,0,2014,5
201405,VIE,2,2,268,21732,52922,141,21732,2014,5
201405,VIE,2,3,0,690,25334,0,0,2014,5
201405,GRZ,1,1,508,34892,4768,0,0,2014,5
201405,GRZ,1,2,510,33799,5241,0,33799,2014,5
201405,GRZ,2,1,97,6458,4867,0,0,2014,5
201405,GRZ,2,2,99,7787,0,0,7787,2014,5
201405,GRZ,2,3,0,858,0,0,0,2014,5
201405,INN,1,1,308,19295,5053,0,0,2014,5
201405,INN,1,2,307,19816,9036,0,19816,2014,5
201405,INN,1,3,0,578,0,0,0,2014,5
201405,INN,2,1,85,5706,4,0,0,2014,5
201405,INN,2,2,83,5686,0,0,5686,2014,5
201405,INN,2,3,0,985,0,0,0,2014,5
201405,KLU,1,1,163,9028,0,0,0,2014,5
201405,KLU,1,2,164,8876,0,0,8876,2014,5
201405,KLU,2,1,35,586,0,0,0,2014,5
201405,KLU,2,2,34,553,0,0,553,2014,5
201405,KLU,2,3,0,264,0,0,0,2014,5
201405,LNZ,1,1,309,15380,1014,0,0,2014,5
201405,LNZ,1,2,310,16703,2059,0,16703,2014,5
201405,LNZ,1,3,0,155,0,0,0,2014,5
201405,LNZ,2,1,156,9002,182873,0,0,2014,5
201405,LNZ,2,2,158,11575,433781,0,11575,2014,5
201405,LNZ,2,3,0,1589,382787,0,0,2014,5
201405,SZG,1,1,562,46530,8226,0,0,2014,5
201405,SZG,1,2,563,46236,4907,0,46236,2014,5
201405,SZG,1,3,0,266,0,0,0,2014,5
201405,SZG,2,1,144,14609,0,0,0,2014,5
201405,SZG,2,2,144,16048,0,0,16048,2014,5
201405,SZG,2,3,0,949,0,0,0,2014,5
201406,VIE,1,1,10160,1029183,8270258,347501,0,2014,6
201406,VIE,1,2,10141,1056967,6271024,591098,1056967,2014,6
201406,VIE,1,3,0,8101,2836608,300,0,2014,6
201406,VIE,2,1,270,19826,282625,0,0,2014,6
201406,VIE,2,2,288,20674,151611,426,20674,2014,6
201406,VIE,2,3,0,724,159834,0,0,2014,6
201406,GRZ,1,1,523,34895,8612,0,0,2014,6
201406,GRZ,1,2,520,34288,4300,0,34288,2014,6
201406,GRZ,2,1,189,12578,0,0,0,2014,6
201406,GRZ,2,2,186,13880,1260,0,13880,2014,6
201406,GRZ,2,3,0,2534,0,0,0,2014,6
201406,INN,1,1,311,21454,4088,0,0,2014,6
201406,INN,1,2,314,21123,9531,0,21123,2014,6
201406,INN,1,3,0,510,0,0,0,2014,6
201406,INN,2,1,119,9950,0,0,0,2014,6
201406,INN,2,2,119,9357,0,0,9357,2014,6
201406,INN,2,3,0,837,0,0,0,2014,6
201406,KLU,1,1,164,9732,0,0,0,2014,6
201406,KLU,1,2,163,9038,3,0,9038,2014,6
201406,KLU,2,1,32,503,0,0,0,2014,6
201406,KLU,2,2,32,703,0,0,703,2014,6
201406,KLU,2,3,0,373,0,0,0,2014,6
201406,LNZ,1,1,339,17926,627,20,0,2014,6
201406,LNZ,1,2,337,18009,2896,2,18009,2014,6
201406,LNZ,2,1,204,17350,193533,0,0,2014,6
201406,LNZ,2,2,204,18372,487619,0,18372,2014,6
201406,LNZ,2,3,0,1575,297629,0,0,2014,6
201406,SZG,1,1,568,48899,6770,0,0,2014,6
201406,SZG,1,2,567,47494,6054,0,47494,2014,6
201406,SZG,1,3,0,332,0,0,0,2014,6
201406,SZG,2,1,209,26139,3,0,0,2014,6
201406,SZG,2,2,209,25678,0,0,25678,2014,6
201406,SZG,2,3,0,471,0,0,0,2014,6
201407,VIE,1,1,10397,1058849,8247707,425142,0,2014,7
201407,VIE,1,2,10383,1097330,6549973,559326,1097330,2014,7
201407,VIE,1,3,0,8581,2443655,890,0,2014,7
201407,VIE,2,1,290,24308,484496,152,0,2014,7
201407,VIE,2,2,297,25137,364380,493,25137,2014,7
201407,VIE,2,3,0,313,226009,0,0,2014,7
201407,GRZ,1,1,544,33477,5903,0,0,2014,7
201407,GRZ,1,2,545,34891,5148,0,34891,2014,7
201407,GRZ,2,1,185,14560,256,0,0,2014,7
201407,GRZ,2,2,186,15378,1,0,15378,2014,7
201407,GRZ,2,3,0,1821,0,0,0,2014,7
201407,INN,1,1,318,21854,3830,0,0,2014,7
201407,INN,1,2,318,21421,9414,0,21421,2014,7
201407,INN,1,3,0,152,0,0,0,2014,7
201407,INN,2,1,107,8195,0,0,0,2014,7
201407,INN,2,2,107,8038,0,0,8038,2014,7
201407,INN,2,3,0,576,0,0,0,2014,7
201407,KLU,1,1,171,10679,0,0,0,2014,7
201407,KLU,1,2,171,10278,0,0,10278,2014,7
201407,KLU,2,1,62,1289,0,0,0,2014,7
201407,KLU,2,2,63,1288,0,0,1288,2014,7
201407,KLU,2,3,0,227,0,0,0,2014,7
201407,LNZ,1,1,358,17873,1513,0,0,2014,7
201407,LNZ,1,2,357,18592,2350,0,18592,2014,7
201407,LNZ,1,3,0,234,0,0,0,2014,7
201407,LNZ,2,1,192,15096,196701,0,0,2014,7
201407,LNZ,2,2,193,15644,333509,0,15644,2014,7
201407,LNZ,2,3,0,2215,332035,0,0,2014,7
201407,SZG,1,1,602,50490,10532,0,0,2014,7
201407,SZG,1,2,601,51064,8462,0,51064,2014,7
201407,SZG,1,3,0,645,0,0,0,2014,7
201407,SZG,2,1,210,24301,17,0,0,2014,7
201407,SZG,2,2,211,24584,0,0,24584,2014,7
201407,SZG,2,3,0,417,0,0,0,2014,7
201408,VIE,1,1,10250,1114971,8495209,387232,0,2014,8
201408,VIE,1,2,10225,1096145,6465295,508751,1096145,2014,8
201408,VIE,1,3,0,11619,2256230,196,0,2014,8
201408,VIE,2,1,259,26507,465700,0,0,2014,8
201408,VIE,2,2,291,25899,192030,439,25899,2014,8
201408,VIE,2,3,0,792,164197,3,0,2014,8
201408,GRZ,1,1,488,30320,3306,0,0,2014,8
201408,GRZ,1,2,489,29905,4171,0,29905,2014,8
201408,GRZ,2,1,175,16104,60,0,0,2014,8
201408,GRZ,2,2,174,15484,1930,0,15484,2014,8
201408,GRZ,2,3,0,2479,0,0,0,2014,8
201408,INN,1,1,292,22213,3762,0,0,2014,8
201408,INN,1,2,293,22566,8149,0,22566,2014,8
201408,INN,1,3,0,621,0,0,0,2014,8
201408,INN,2,1,108,8807,0,0,0,2014,8
201408,INN,2,2,105,8874,0,0,8874,2014,8
201408,INN,2,3,0,1279,0,0,0,2014,8
201408,KLU,1,1,171,9764,0,0,0,2014,8
201408,KLU,1,2,171,10479,0,0,10479,2014,8
201408,KLU,2,1,52,1492,0,0,0,2014,8
201408,KLU,2,2,52,1601,0,0,1601,2014,8
201408,KLU,2,3,0,253,0,0,0,2014,8
201408,LNZ,1,1,344,17360,406,0,0,2014,8
201408,LNZ,1,2,347,17678,1951,0,17678,2014,8
201408,LNZ,1,3,0,74,0,0,0,2014,8
201408,LNZ,2,1,178,17030,152370,0,0,2014,8
201408,LNZ,2,2,175,16212,262183,0,16212,2014,8
201408,LNZ,2,3,0,1998,261573,0,0,2014,8
201408,SZG,1,1,593,52522,4981,0,0,2014,8
201408,SZG,1,2,592,55534,7027,0,55534,2014,8
201408,SZG,1,3,0,471,0,0,0,2014,8
201408,SZG,2,1,216,28334,1705,0,0,2014,8
201408,SZG,2,2,216,30037,80,0,30037,2014,8
201408,SZG,2,3,0,648,0,0,0,2014,8
201409,VIE,1,1,10194,1087139,9401277,450507,0,2014,9
201409,VIE,1,2,10151,1051708,7039258,592647,1051708,2014,9
201409,VIE,1,3,0,9405,2266871,500,0,2014,9
201409,VIE,2,1,225,20194,469348,0,0,2014,9
201409,VIE,2,2,261,17920,145292,0,17920,2014,9
201409,VIE,2,3,0,435,261290,0,0,2014,9
201409,GRZ,1,1,575,37969,2554,0,0,2014,9
201409,GRZ,1,2,574,35820,5039,0,35820,2014,9
201409,GRZ,1,3,0,103,0,0,0,2014,9
201409,GRZ,2,1,136,11853,0,0,0,2014,9
201409,GRZ,2,2,137,9845,4381,0,9845,2014,9
201409,GRZ,2,3,0,2616,0,0,0,2014,9
201409,INN,1,1,315,22830,3230,0,0,2014,9
201409,INN,1,2,313,21532,11247,0,21532,2014,9
201409,INN,2,1,84,5211,0,0,0,2014,9
201409,INN,2,2,85,5994,0,0,5994,2014,9
201409,INN,2,3,0,1270,0,0,0,2014,9
201409,KLU,1,1,159,9981,0,0,0,2014,9
201409,KLU,1,2,159,10401,0,0,10401,2014,9
201409,KLU,2,1,39,1279,0,0,0,2014,9
201409,KLU,2,2,39,1348,0,0,1348,2014,9
201409,KLU,2,3,0,109,0,0,0,2014,9
201409,LNZ,1,1,354,19720,590,4,0,2014,9
201409,LNZ,1,2,353,19319,2746,0,19319,2014,9
201409,LNZ,1,3,0,144,0,0,0,2014,9
201409,LNZ,2,1,164,14877,164732,0,0,2014,9
201409,LNZ,2,2,165,12522,395499,0,12522,2014,9
201409,LNZ,2,3,0,1497,325873,0,0,2014,9
201409,SZG,1,1,577,51855,7535,0,0,2014,9
201409,SZG,1,2,577,49686,8750,0,49686,2014,9
201409,SZG,1,3,0,726,0,0,0,2014,9
201409,SZG,2,1,181,23183,0,0,0,2014,9
201409,SZG,2,2,182,21141,0,0,21141,2014,9
201409,SZG,2,3,0,867,0,0,0,2014,9
201410,VIE,1,1,10137,1002601,10585106,483768,0,2014,10
201410,VIE,1,2,10094,1003539,7724532,678815,1003539,2014,10
201410,VIE,1,3,0,8041,2634748,229,0,2014,10
201410,VIE,2,1,188,12985,544953,1,0,2014,10
201410,VIE,2,2,235,10926,322545,0,10926,2014,10
201410,VIE,2,3,0,832,100307,0,0,2014,10
201410,GRZ,1,1,579,34894,2908,0,0,2014,10
201410,GRZ,1,2,577,33794,7411,0,33794,2014,10
201410,GRZ,2,1,63,4946,89451,0,0,2014,10
201410,GRZ,2,2,66,3751,0,0,3751,2014,10
201410,GRZ,2,3,0,180,0,0,0,2014,10
201410,INN,1,1,277,16017,5534,0,0,2014,10
201410,INN,1,2,276,15202,9951,0,15202,2014,10
201410,INN,2,1,29,1779,0,0,0,2014,10
201410,INN,2,2,30,1131,0,0,1131,2014,10
201410,INN,2,3,0,700,0,0,0,2014,10
201410,KLU,1,1,162,8951,0,0,0,2014,10
201410,KLU,1,2,161,8980,0,0,8980,2014,10
201410,KLU,2,1,26,612,0,0,0,2014,10
201410,KLU,2,2,24,566,0,0,566,2014,10
201410,KLU,2,3,0,3,0,0,0,2014,10
201410,LNZ,1,1,354,17009,1359,1,0,2014,10
201410,LNZ,1,2,354,16705,2872,0,16705,2014,10
201410,LNZ,2,1,109,6067,185234,0,0,2014,10
201410,LNZ,2,2,109,4493,445548,0,4493,2014,10
201410,LNZ,2,3,0,792,372882,0,0,2014,10
201410,SZG,1,1,585,46108,11015,0,0,2014,10
201410,SZG,1,2,585,46655,8920,0,46655,2014,10
201410,SZG,1,3,0,567,0,0,0,2014,10
201410,SZG,2,1,82,8992,0,0,0,2014,10
201410,SZG,2,2,80,8071,0,0,8071,2014,10
201410,SZG,2,3,0,257,0,0,0,2014,10
201411,VIE,1,1,8784,805661,11437006,497730,0,2014,11
201411,VIE,1,2,8749,795268,7354078,710148,795268,2014,11
201411,VIE,1,3,0,7141,2424589,2847,0,2014,11
201411,VIE,2,1,129,7091,817002,0,0,2014,11
201411,VIE,2,2,167,6334,238169,5458,6334,2014,11
201411,VIE,2,3,0,1073,225828,0,0,2014,11
201411,GRZ,1,1,513,29082,4856,0,0,2014,11
201411,GRZ,1,2,512,29334,4727,0,29334,2014,11
201411,GRZ,2,1,36,2506,1064,0,0,2014,11
201411,GRZ,2,2,36,2420,14,0,2420,2014,11
201411,INN,1,1,262,14581,5454,0,0,2014,11
201411,INN,1,2,264,14434,7130,0,14434,2014,11
201411,INN,1,3,0,341,0,0,0,2014,11
201411,INN,2,1,6,21,0,0,0,2014,11
201411,INN,2,2,8,60,0,0,60,2014,11
201411,KLU,1,1,144,7016,0,0,0,2014,11
201411,KLU,1,2,144,7248,0,0,7248,2014,11
201411,KLU,2,1,16,51,0,0,0,2014,11
201411,KLU,2,2,19,37,0,0,37,2014,11
201411,LNZ,1,1,324,14927,890,0,0,2014,11
201411,LNZ,1,2,323,15038,5423,0,15038,2014,11
201411,LNZ,2,1,78,2820,173560,0,0,2014,11
201411,LNZ,2,2,77,2416,390637,0,2416,2014,11
201411,LNZ,2,3,0,328,332382,0,0,2014,11
201411,SZG,1,1,576,41068,7147,0,0,2014,11
201411,SZG,1,2,577,39161,11274,0,39161,2014,11
201411,SZG,1,3,0,493,0,0,0,2014,11
201411,SZG,2,1,56,7014,0,0,0,2014,11
201411,SZG,2,2,57,6355,0,0,6355,2014,11
201412,VIE,1,1,8191,782732,8822746,580261,0,2014,12
201412,VIE,1,2,8134,793796,7016225,900839,793796,2014,12
201412,VIE,1,3,0,8261,2041151,14691,0,2014,12
201412,VIE,2,1,133,7505,435183,0,0,2014,12
201412,VIE,2,2,158,7515,278481,185,7515,2014,12
201412,VIE,2,3,0,1196,120916,0,0,2014,12
201412,GRZ,1,1,395,22001,1726,0,0,2014,12
201412,GRZ,1,2,400,21541,5479,0,21541,2014,12
201412,GRZ,2,1,24,1320,0,0,0,2014,12
201412,GRZ,2,2,24,1392,309,0,1392,2014,12
201412,GRZ,2,3,0,130,0,0,0,2014,12
201412,INN,1,1,403,36839,6591,0,0,2014,12
201412,INN,1,2,402,28462,10787,0,28462,2014,12
201412,INN,2,1,79,11315,0,0,0,2014,12
201412,INN,2,2,77,6226,0,0,6226,2014,12
201412,KLU,1,1,136,8335,0,0,0,2014,12
201412,KLU,1,2,137,7263,0,0,7263,2014,12
201412,KLU,2,1,17,81,0,0,0,2014,12
201412,KLU,2,2,18,53,0,0,53,2014,12
201412,LNZ,1,1,242,11869,11057,0,0,2014,12
201412,LNZ,1,2,245,11308,2885,0,11308,2014,12
201412,LNZ,2,1,59,689,168873,0,0,2014,12
201412,LNZ,2,2,61,800,321331,0,800,2014,12
201412,LNZ,2,3,0,0,325790,0,0,2014,12
201412,SZG,1,1,667,62464,5934,0,0,2014,12
201412,SZG,1,2,667,53261,5635,0,53261,2014,12
201412,SZG,1,3,0,531,0,0,0,2014,12
201412,SZG,2,1,115,15689,80,0,0,2014,12
201412,SZG,2,2,116,9466,0,0,9466,2014,12
201412,SZG,2,3,0,349,0,0,0,2014,12
201501,VIE,1,1,7923,641536,7862682,442267,0,2015,1
201501,VIE,1,2,7903,658106,5471408,692189,658106,2015,1
201501,VIE,1,3,0,9518,2648023,10678,0,2015,1
201501,VIE,2,1,144,6234,405190,0,0,2015,1
201501,VIE,2,2,185,7062,185118,4589,7062,2015,1
201501,VIE,2,3,0,1226,152268,0,0,2015,1
201501,GRZ,1,1,435,21095,2274,0,0,2015,1
201501,GRZ,1,2,434,22657,4967,0,22657,2015,1
201501,GRZ,2,1,30,1734,0,0,0,2015,1
201501,GRZ,2,2,30,1938,0,0,1938,2015,1
201501,GRZ,2,3,0,192,0,0,0,2015,1
201501,INN,1,1,575,52855,5377,0,0,2015,1
201501,INN,1,2,565,53277,8166,0,53277,2015,1
201501,INN,2,1,225,26742,7,0,0,2015,1
201501,INN,2,2,229,25491,0,0,25491,2015,1
201501,KLU,1,1,143,7245,0,0,0,2015,1
201501,KLU,1,2,142,7919,0,0,7919,2015,1
201501,KLU,2,1,29,156,0,0,0,2015,1
201501,KLU,2,2,27,248,0,0,248,2015,1
201501,LNZ,1,1,281,11881,1597,0,0,2015,1
201501,LNZ,1,2,279,12580,2270,71,12580,2015,1
201501,LNZ,2,1,51,1043,150677,0,0,2015,1
201501,LNZ,2,2,50,912,250329,0,912,2015,1
201501,LNZ,2,3,0,95,207795,0,0,2015,1
201501,SZG,1,1,811,74468,6138,0,0,2015,1
201501,SZG,1,2,812,75768,7245,0,75768,2015,1
201501,SZG,1,3,0,483,0,0,0,2015,1
201501,SZG,2,1,268,35995,5,0,0,2015,1
201501,SZG,2,2,264,36195,0,0,36195,2015,1
201501,SZG,2,3,0,168,0,0,0,2015,1
201502,VIE,1,1,7430,641002,7754958,327083,0,2015,2
201502,VIE,1,2,7413,634938,5887898,548724,634938,2015,2
201502,VIE,1,3,0,8455,1964676,12875,0,2015,2
201502,VIE,2,1,158,7290,295365,0,0,2015,2
201502,VIE,2,2,178,6591,143611,1808,6591,2015,2
201502,VIE,2,3,0,183,167905,0,0,2015,2
201502,GRZ,1,1,463,24569,3269,0,0,2015,2
201502,GRZ,1,2,462,25030,6668,0,25030,2015,2
201502,GRZ,1,3,0,106,0,0,0,2015,2
201502,GRZ,2,1,22,1450,0,0,0,2015,2
201502,GRZ,2,2,23,1516,34747,0,1516,2015,2
201502,INN,1,1,548,56291,5324,0,0,2015,2
201502,INN,1,2,544,54978,6815,0,54978,2015,2
201502,INN,2,1,182,24514,9,0,0,2015,2
201502,INN,2,2,188,24132,1830,0,24132,2015,2
201502,KLU,1,1,132,7591,0,0,0,2015,2
201502,KLU,1,2,132,7454,0,0,7454,2015,2
201502,KLU,2,1,9,18,0,0,0,2015,2
201502,KLU,2,2,10,18,0,0,18,2015,2
201502,LNZ,1,1,250,12525,1604,0,0,2015,2
201502,LNZ,1,2,250,12421,1302,0,12421,2015,2
201502,LNZ,1,3,0,46,0,0,0,2015,2
201502,LNZ,2,1,55,1308,160846,0,0,2015,2
201502,LNZ,2,2,55,1314,288543,0,1314,2015,2
201502,LNZ,2,3,0,585,229624,0,0,2015,2
201502,SZG,1,1,730,73612,7431,0,0,2015,2
201502,SZG,1,2,733,72555,9787,0,72555,2015,2
201502,SZG,1,3,0,761,0,0,0,2015,2
201502,SZG,2,1,227,31346,307,0,0,2015,2
201502,SZG,2,2,224,30849,0,0,30849,2015,2
201502,SZG,2,3,0,88,0,0,0,2015,2
201503,VIE,1,1,8956,822871,9245588,422436,0,2015,3
201503,VIE,1,2,8945,833194,7265298,664840,833194,2015,3
201503,VIE,1,3,0,7742,1887155,4701,0,2015,3
201503,VIE,2,1,202,6970,427438,0,0,2015,3
201503,VIE,2,2,221,6808,419983,827,6808,2015,3
201503,VIE,2,3,0,866,130494,28,0,2015,3
201503,GRZ,1,1,547,29622,3233,0,0,2015,3
201503,GRZ,1,2,543,30906,5927,0,30906,2015,3
201503,GRZ,2,1,36,2459,0,0,0,2015,3
201503,GRZ,2,2,36,2494,16,0,2494,2015,3
201503,GRZ,2,3,0,276,0,0,0,2015,3
201503,INN,1,1,589,56586,5049,0,0,2015,3
201503,INN,1,2,588,61880,6387,0,61880,2015,3
201503,INN,2,1,180,21757,1,0,0,2015,3
201503,INN,2,2,187,23717,311,0,23717,2015,3
201503,KLU,1,1,151,8691,0,0,0,2015,3
201503,KLU,1,2,150,8979,0,0,8979,2015,3
201503,KLU,2,1,14,294,0,0,0,2015,3
201503,KLU,2,2,15,299,0,0,299,2015,3
201503,KLU,2,3,0,1,0,0,0,2015,3
201503,LNZ,1,1,300,13945,1036,0,0,2015,3
201503,LNZ,1,2,298,14990,2229,11,14990,2015,3
201503,LNZ,2,1,54,1691,176934,0,0,2015,3
201503,LNZ,2,2,57,1970,311778,0,1970,2015,3
201503,LNZ,2,3,0,122,121701,0,0,2015,3
201503,SZG,1,1,798,72621,3997,0,0,2015,3
201503,SZG,1,2,798,79478,11085,0,79478,2015,3
201503,SZG,1,3,0,913,0,0,0,2015,3
201503,SZG,2,1,167,17977,5,0,0,2015,3
201503,SZG,2,2,170,23026,0,0,23026,2015,3
201503,SZG,2,3,0,236,0,0,0,2015,3
201504,VIE,1,1,9427,953873,8786536,365986,0,2015,4
201504,VIE,1,2,9407,922655,7331374,630695,922655,2015,4
201504,VIE,1,3,0,6334,2083432,6349,0,2015,4
201504,VIE,2,1,233,14793,454162,0,0,2015,4
201504,VIE,2,2,248,16424,292021,60,16424,2015,4
201504,VIE,2,3,0,1154,64657,0,0,2015,4
201504,GRZ,1,1,568,33936,2556,0,0,2015,4
201504,GRZ,1,2,568,33280,5264,0,33280,2015,4
201504,GRZ,1,3,0,80,0,0,0,2015,4
201504,GRZ,2,1,40,3592,0,0,0,2015,4
201504,GRZ,2,2,41,4371,0,0,4371,2015,4
201504,GRZ,2,3,0,13,0,0,0,2015,4
201504,INN,1,1,348,23350,5597,0,0,2015,4
201504,INN,1,2,350,27568,5512,0,27568,2015,4
201504,INN,1,3,0,265,0,0,0,2015,4
201504,INN,2,1,78,5147,4,0,0,2015,4
201504,INN,2,2,77,9796,0,0,9796,2015,4
201504,INN,2,3,0,93,0,0,0,2015,4
201504,KLU,1,1,154,8079,0,0,0,2015,4
201504,KLU,1,2,154,8404,0,0,8404,2015,4
201504,KLU,2,1,27,263,0,0,0,2015,4
201504,KLU,2,2,28,461,0,0,461,2015,4
201504,KLU,2,3,0,74,0,0,0,2015,4
201504,LNZ,1,1,201,13348,595,62,0,2015,4
201504,LNZ,1,2,201,13319,3043,0,13319,2015,4
201504,LNZ,2,1,113,4787,176899,0,0,2015,4
201504,LNZ,2,2,112,6181,434843,0,6181,2015,4
201504,LNZ,2,3,0,379,326232,0,0,2015,4
201504,SZG,1,1,632,46116,7903,0,0,2015,4
201504,SZG,1,2,630,49728,9462,0,49728,2015,4
201504,SZG,1,3,0,645,0,0,0,2015,4
201504,SZG,2,1,73,7573,0,0,0,2015,4
201504,SZG,2,2,74,9050,0,0,9050,2015,4
201504,SZG,2,3,0,161,0,0,0,2015,4
201505,VIE,1,1,9895,1010016,8523939,346455,0,2015,5
201505,VIE,1,2,9889,1016938,7310283,603655,1016938,2015,5
201505,VIE,1,3,0,5375,2207449,6002,0,2015,5
201505,VIE,2,1,259,18917,366117,0,0,2015,5
201505,VIE,2,2,274,17415,108060,895,17415,2015,5
201505,VIE,2,3,0,1070,136073,0,0,2015,5
201505,GRZ,1,1,572,36223,2270,0,0,2015,5
201505,GRZ,1,2,571,35578,4187,0,35578,2015,5
201505,GRZ,2,1,126,7668,103703,0,0,2015,5
201505,GRZ,2,2,126,8709,0,0,8709,2015,5
201505,GRZ,2,3,0,789,0,0,0,2015,5
201505,INN,1,1,308,18232,5638,0,0,2015,5
201505,INN,1,2,311,19294,6516,0,19294,2015,5
201505,INN,1,3,0,147,0,0,0,2015,5
201505,INN,2,1,72,4655,0,0,0,2015,5
201505,INN,2,2,68,5119,0,0,5119,2015,5
201505,INN,2,3,0,382,0,0,0,2015,5
201505,KLU,1,1,160,9639,0,0,0,2015,5
201505,KLU,1,2,158,9286,0,0,9286,2015,5
201505,KLU,2,1,38,678,0,0,0,2015,5
201505,KLU,2,2,38,652,0,0,652,2015,5
201505,LNZ,1,1,214,15504,1383,0,0,2015,5
201505,LNZ,1,2,216,15911,2225,0,15911,2015,5
201505,LNZ,1,3,0,0,145,0,0,2015,5
201505,LNZ,2,1,151,8973,141579,0,0,2015,5
201505,LNZ,2,2,150,10874,440221,0,10874,2015,5
201505,LNZ,2,3,0,960,283897,0,0,2015,5
201505,SZG,1,1,612,48935,5807,0,0,2015,5
201505,SZG,1,2,611,50340,9144,0,50340,2015,5
201505,SZG,1,3,0,570,0,0,0,2015,5
201505,SZG,2,1,140,13444,0,0,0,2015,5
201505,SZG,2,2,139,15861,0,0,15861,2015,5
201505,SZG,2,3,0,637,0,0,0,2015,5
201506,VIE,1,1,10083,1056589,7947183,327343,0,2015,6
201506,VIE,1,2,10068,1072478,6966685,575434,1072478,2015,6
201506,VIE,1,3,0,8765,2331644,11653,0,2015,6
201506,VIE,2,1,267,16114,287258,0,0,2015,6
201506,VIE,2,2,272,15854,406634,61,15854,2015,6
201506,VIE,2,3,0,1098,297306,0,0,2015,6
201506,GRZ,1,1,610,37905,2110,0,0,2015,6
201506,GRZ,1,2,609,38100,6185,0,38100,2015,6
201506,GRZ,1,3,0,3,0,0,0,2015,6
201506,GRZ,2,1,186,12488,0,0,0,2015,6
201506,GRZ,2,2,188,13515,3166,0,13515,2015,6
201506,GRZ,2,3,0,2801,0,0,0,2015,6
201506,INN,1,1,336,24532,3452,0,0,2015,6
201506,INN,1,2,337,23181,7296,0,23181,2015,6
201506,INN,1,3,0,157,0,0,0,2015,6
201506,INN,2,1,119,7655,0,0,0,2015,6
201506,INN,2,2,119,7005,607,0,7005,2015,6
201506,INN,2,3,0,577,0,0,0,2015,6
201506,KLU,1,1,160,9960,0,0,0,2015,6
201506,KLU,1,2,161,9308,0,0,9308,2015,6
201506,KLU,2,1,33,179,0,0,0,2015,6
201506,KLU,2,2,34,426,0,0,426,2015,6
201506,KLU,2,3,0,33,0,0,0,2015,6
201506,LNZ,1,1,245,17559,1864,0,0,2015,6
201506,LNZ,1,2,245,17858,2018,0,17858,2015,6
201506,LNZ,1,3,0,197,0,0,0,2015,6
201506,LNZ,2,1,199,14153,157155,0,0,2015,6
201506,LNZ,2,2,199,14721,476686,0,14721,2015,6
201506,LNZ,2,3,0,1445,271339,0,0,2015,6
201506,SZG,1,1,625,52438,5426,0,0,2015,6
201506,SZG,1,2,625,49359,11289,0,49359,2015,6
201506,SZG,1,3,0,655,0,0,0,2015,6
201506,SZG,2,1,205,22609,0,0,0,2015,6
201506,SZG,2,2,207,20820,0,0,20820,2015,6
201506,SZG,2,3,0,1274,0,0,0,2015,6
201507,VIE,1,1,10371,1130786,7774810,360601,0,2015,7
201507,VIE,1,2,10361,1188129,7702880,593396,1188129,2015,7
201507,VIE,1,3,0,8480,2169660,14127,0,2015,7
201507,VIE,2,1,246,17220,311841,0,0,2015,7
201507,VIE,2,2,262,18721,302321,1581,18721,2015,7
201507,VIE,2,3,0,449,270876,0,0,2015,7
201507,GRZ,1,1,618,38212,6091,0,0,2015,7
201507,GRZ,1,2,614,40456,8714,0,40456,2015,7
201507,GRZ,1,3,0,79,0,0,0,2015,7
201507,GRZ,2,1,185,13181,0,0,0,2015,7
201507,GRZ,2,2,186,14216,295,0,14216,2015,7
201507,GRZ,2,3,0,1411,0,0,0,2015,7
201507,INN,1,1,351,24811,4109,0,0,2015,7
201507,INN,1,2,348,24955,6766,0,24955,2015,7
201507,INN,1,3,0,139,0,0,0,2015,7
201507,INN,2,1,96,6393,0,0,0,2015,7
201507,INN,2,2,97,6407,201,0,6407,2015,7
201507,INN,2,3,0,543,0,0,0,2015,7
201507,KLU,1,1,168,11895,0,0,0,2015,7
201507,KLU,1,2,166,10903,0,0,10903,2015,7
201507,KLU,2,1,59,992,0,0,0,2015,7
201507,KLU,2,2,58,1121,0,0,1121,2015,7
201507,KLU,2,3,0,49,0,0,0,2015,7
201507,LNZ,1,1,253,16890,1452,0,0,2015,7
201507,LNZ,1,2,254,17929,3058,0,17929,2015,7
201507,LNZ,2,1,174,13276,193211,0,0,2015,7
201507,LNZ,2,2,173,13900,536607,0,13900,2015,7
201507,LNZ,2,3,0,1281,322926,0,0,2015,7
201507,SZG,1,1,657,54722,13658,0,0,2015,7
201507,SZG,1,2,658,54953,13388,0,54953,2015,7
201507,SZG,1,3,0,833,0,0,0,2015,7
201507,SZG,2,1,219,22977,0,0,0,2015,7
201507,SZG,2,2,218,24328,0,0,24328,2015,7
201507,SZG,2,3,0,287,0,0,0,2015,7
201508,VIE,1,1,10220,1171265,8004219,349175,0,2015,8
201508,VIE,1,2,10210,1168061,7213132,592034,1168061,2015,8
201508,VIE,1,3,0,7809,1851297,0,0,2015,8
201508,VIE,2,1,232,19053,688969,0,0,2015,8
201508,VIE,2,2,242,19074,215578,0,19074,2015,8
201508,VIE,2,3,0,994,178507,0,0,2015,8
201508,GRZ,1,1,566,35363,2653,0,0,2015,8
201508,GRZ,1,2,564,35643,5525,0,35643,2015,8
201508,GRZ,2,1,192,15824,0,0,0,2015,8
201508,GRZ,2,2,194,15579,50,0,15579,2015,8
201508,GRZ,2,3,0,1707,0,0,0,2015,8
201508,INN,1,1,324,25285,4254,0,0,2015,8
201508,INN,1,2,324,26293,5679,0,26293,2015,8
201508,INN,1,3,0,446,0,0,0,2015,8
201508,INN,2,1,81,5855,0,0,0,2015,8
201508,INN,2,2,83,6272,20,0,6272,2015,8
201508,INN,2,3,0,719,0,0,0,2015,8
201508,KLU,1,1,171,10140,0,0,0,2015,8
201508,KLU,1,2,170,11466,0,0,11466,2015,8
201508,KLU,2,1,71,1499,0,0,0,2015,8
201508,KLU,2,2,74,1543,0,0,1543,2015,8
201508,KLU,2,3,0,98,0,0,0,2015,8
201508,LNZ,1,1,246,17455,1903,168,0,2015,8
201508,LNZ,1,2,246,17876,966,150,17876,2015,8
201508,LNZ,1,3,0,212,0,0,0,2015,8
201508,LNZ,2,1,180,17047,172206,0,0,2015,8
201508,LNZ,2,2,180,16884,478339,0,16884,2015,8
201508,LNZ,2,3,0,1840,279918,0,0,2015,8
201508,SZG,1,1,642,55124,7721,0,0,2015,8
201508,SZG,1,2,642,58098,14110,0,58098,2015,8
201508,SZG,1,3,0,806,0,0,0,2015,8
201508,SZG,2,1,191,25124,0,0,0,2015,8
201508,SZG,2,2,191,25277,0,0,25277,2015,8
201508,SZG,2,3,0,320,0,0,0,2015,8
201509,VIE,1,1,10229,1148291,9164568,385544,0,2015,9
201509,VIE,1,2,10201,1097996,7458885,658661,1097996,2015,9
201509,VIE,1,3,0,7237,2214631,9342,0,2015,9
201509,VIE,2,1,201,13247,515377,0,0,2015,9
201509,VIE,2,2,226,12131,201006,1206,12131,2015,9
201509,VIE,2,3,0,898,83347,0,0,2015,9
201509,GRZ,1,1,644,42646,2244,0,0,2015,9
201509,GRZ,1,2,642,40508,6682,0,40508,2015,9
201509,GRZ,2,1,140,12044,0,0,0,2015,9
201509,GRZ,2,2,143,9721,128215,0,9721,2015,9
201509,GRZ,2,3,0,1869,0,0,0,2015,9
201509,INN,1,1,342,26496,3624,0,0,2015,9
201509,INN,1,2,341,25083,8231,0,25083,2015,9
201509,INN,1,3,0,151,0,0,0,2015,9
201509,INN,2,1,89,4670,0,0,0,2015,9
201509,INN,2,2,89,4941,0,0,4941,2015,9
201509,INN,2,3,0,744,0,0,0,2015,9
201509,KLU,1,1,159,9981,0,0,0,2015,9
201509,KLU,1,2,159,10153,0,0,10153,2015,9
201509,KLU,2,1,34,971,0,0,0,2015,9
201509,KLU,2,2,33,698,0,0,698,2015,9
201509,KLU,2,3,0,36,0,0,0,2015,9
201509,LNZ,1,1,240,19400,1429,0,0,2015,9
201509,LNZ,1,2,240,18921,1574,6,18921,2015,9
201509,LNZ,2,1,162,12622,187900,0,0,2015,9
201509,LNZ,2,2,162,9831,532129,0,9831,2015,9
201509,LNZ,2,3,0,915,319822,0,0,2015,9
201509,SZG,1,1,619,54958,9183,0,0,2015,9
201509,SZG,1,2,617,53463,11710,0,53463,2015,9
201509,SZG,1,3,0,707,0,0,0,2015,9
201509,SZG,2,1,153,19399,0,0,0,2015,9
201509,SZG,2,2,155,17309,0,0,17309,2015,9
201509,SZG,2,3,0,213,0,0,0,2015,9
201510,VIE,1,1,9843,998603,9695319,454056,0,2015,10
201510,VIE,1,2,9802,1007881,8011348,742791,1007881,2015,10
201510,VIE,1,3,0,7771,2050141,2725,0,2015,10
201510,VIE,2,1,167,9621,481426,0,0,2015,10
201510,VIE,2,2,196,8993,160421,0,8993,2015,10
201510,VIE,2,3,0,933,66253,260,0,2015,10
201510,GRZ,1,1,644,40343,3451,0,0,2015,10
201510,GRZ,1,2,646,39122,6545,0,39122,2015,10
201510,GRZ,2,1,62,4651,85,0,0,2015,10
201510,GRZ,2,2,62,3701,0,0,3701,2015,10
201510,GRZ,2,3,0,1174,0,0,0,2015,10
201510,INN,1,1,286,17990,6159,0,0,2015,10
201510,INN,1,2,283,17158,6063,0,17158,2015,10
201510,INN,1,3,0,58,0,0,0,2015,10
201510,INN,2,1,22,1008,0,0,0,2015,10
201510,INN,2,2,24,756,0,0,756,2015,10
201510,INN,2,3,0,418,0,0,0,2015,10
201510,KLU,1,1,159,9188,0,0,0,2015,10
201510,KLU,1,2,160,9481,0,0,9481,2015,10
201510,KLU,2,1,33,702,0,0,0,2015,10
201510,KLU,2,2,33,615,0,0,615,2015,10
201510,KLU,2,3,0,6,0,0,0,2015,10
201510,LNZ,1,1,234,15866,2335,0,0,2015,10
201510,LNZ,1,2,237,15966,4540,0,15966,2015,10
201510,LNZ,1,3,0,108,0,0,0,2015,10
201510,LNZ,2,1,104,5353,187807,0,0,2015,10
201510,LNZ,2,2,102,3962,520153,0,3962,2015,10
201510,LNZ,2,3,0,608,316325,0,0,2015,10
201510,SZG,1,1,627,50045,10703,0,0,2015,10
201510,SZG,1,2,627,51506,9593,0,51506,2015,10
201510,SZG,1,3,0,786,0,0,0,2015,10
201510,SZG,2,1,58,6684,155,0,0,2015,10
201510,SZG,2,2,58,5423,0,0,5423,2015,10
201510,SZG,2,3,0,832,0,0,0,2015,10
201511,VIE,1,1,8552,829970,10161754,458574,0,2015,11
201511,VIE,1,2,8548,817366,8074911,784257,817366,2015,11
201511,VIE,1,3,0,6910,1928927,12212,0,2015,11
201511,VIE,2,1,117,6569,7675,0,0,2015,11
201511,VIE,2,2,124,6599,916,0,6599,2015,11
201511,VIE,2,3,0,1397,7050,0,0,2015,11
201511,GRZ,1,1,517,30714,3925,0,0,2015,11
201511,GRZ,1,2,516,31804,6991,0,31804,2015,11
201511,GRZ,1,3,0,189,0,0,0,2015,11
201511,GRZ,2,1,24,1706,0,0,0,2015,11
201511,GRZ,2,2,25,1482,194,0,1482,2015,11
201511,GRZ,2,3,0,373,0,0,0,2015,11
201511,INN,1,1,260,14970,3897,0,0,2015,11
201511,INN,1,2,260,14679,6192,0,14679,2015,11
201511,INN,1,3,0,144,0,0,0,2015,11
201511,INN,2,1,14,163,0,0,0,2015,11
201511,INN,2,2,15,70,0,0,70,2015,11
201511,KLU,1,1,153,7579,0,0,0,2015,11
201511,KLU,1,2,151,7885,0,0,7885,2015,11
201511,KLU,2,1,26,90,0,0,0,2015,11
201511,KLU,2,2,27,72,0,0,72,2015,11
201511,LNZ,1,1,208,12031,2861,0,0,2015,11
201511,LNZ,1,2,206,12538,2317,0,12538,2015,11
201511,LNZ,1,3,0,58,0,0,0,2015,11
201511,LNZ,2,1,62,1144,169152,0,0,2015,11
201511,LNZ,2,2,63,892,362481,0,892,2015,11
201511,LNZ,2,3,0,366,289812,0,0,2015,11
201511,SZG,1,1,524,40921,8871,0,0,2015,11
201511,SZG,1,2,524,39625,5698,0,39625,2015,11
201511,SZG,1,3,0,159,0,0,0,2015,11
201511,SZG,2,1,35,4278,328,0,0,2015,11
201511,SZG,2,2,34,4126,0,0,4126,2015,11
201511,SZG,2,3,0,383,0,0,0,2015,11
201512,VIE,1,1,8108,776422,7929716,546568,0,2015,12
201512,VIE,1,2,8084,790239,7425971,967867,790239,2015,12
201512,VIE,1,3,0,6826,1858598,13233,0,2015,12
201512,VIE,2,1,141,5427,340927,39,0,2015,12
201512,VIE,2,2,148,5516,285644,326,5516,2015,12
201512,VIE,2,3,0,1540,42687,0,0,2015,12
201512,GRZ,1,1,427,26427,5427,0,0,2015,12
201512,GRZ,1,2,432,25892,6145,0,25892,2015,12
201512,GRZ,1,3,0,30,0,0,0,2015,12
201512,GRZ,2,1,22,889,0,0,0,2015,12
201512,GRZ,2,2,21,953,0,0,953,2015,12
201512,GRZ,2,3,0,183,0,0,0,2015,12
201512,INN,1,1,443,42262,2878,0,0,2015,12
201512,INN,1,2,439,32459,6561,0,32459,2015,12
201512,INN,2,1,59,6358,0,0,0,2015,12
201512,INN,2,2,63,3184,0,0,3184,2015,12
201512,KLU,1,1,139,8052,0,0,0,2015,12
201512,KLU,1,2,141,7291,0,0,7291,2015,12
201512,KLU,2,1,11,32,0,0,0,2015,12
201512,KLU,2,2,11,29,0,0,29,2015,12
201512,LNZ,1,1,170,10544,1279,0,0,2015,12
201512,LNZ,1,2,172,10275,1663,63,10275,2015,12
201512,LNZ,2,1,33,131,176532,0,0,2015,12
201512,LNZ,2,2,34,128,321949,0,128,2015,12
201512,LNZ,2,3,0,0,88968,0,0,2015,12
201512,SZG,1,1,658,62861,5631,0,0,2015,12
201512,SZG,1,2,657,53141,7615,0,53141,2015,12
201512,SZG,2,1,107,13066,5,0,0,2015,12
201512,SZG,2,2,110,8452,0,0,8452,2015,12
201512,SZG,2,3,0,369,0,0,0,2015,12
201601,VIE,1,1,7648,653790,7486068,388942,0,2016,1
201601,VIE,1,2,7682,669932,6514391,674046,669932,2016,1
201601,VIE,1,3,0,8307,1241989,8503,0,2016,1
201601,VIE,2,1,146,3769,574753,103,0,2016,1
201601,VIE,2,2,140,3768,159771,0,3768,2016,1
201601,VIE,2,3,0,80,216212,0,0,2016,1
201601,GRZ,1,1,435,24406,3643,0,0,2016,1
201601,GRZ,1,2,428,25317,6132,0,25317,2016,1
201601,GRZ,2,1,20,1205,0,0,0,2016,1
201601,GRZ,2,2,23,1248,80,0,1248,2016,1
201601,GRZ,2,3,0,294,0,0,0,2016,1
201601,INN,1,1,637,62425,3939,0,0,2016,1
201601,INN,1,2,627,62985,5900,0,62985,2016,1
201601,INN,2,1,166,18480,107,0,0,2016,1
201601,INN,2,2,177,17533,0,0,17533,2016,1
201601,KLU,1,1,138,6946,0,0,0,2016,1
201601,KLU,1,2,134,7553,0,0,7553,2016,1
201601,KLU,2,1,25,49,0,0,0,2016,1
201601,KLU,2,2,27,65,0,0,65,2016,1
201601,KLU,2,3,0,137,0,0,0,2016,1
201601,LNZ,1,1,193,10103,726,0,0,2016,1
201601,LNZ,1,2,188,10775,1146,2,10775,2016,1
201601,LNZ,1,3,0,100,24,0,0,2016,1
201601,LNZ,2,1,35,0,140094,0,0,2016,1
201601,LNZ,2,2,37,0,274203,0,0,2016,1
201601,LNZ,2,3,0,304,228443,0,0,2016,1
201601,SZG,1,1,799,77240,6862,0,0,2016,1
201601,SZG,1,2,796,78736,9229,0,78736,2016,1
201601,SZG,2,1,250,32749,0,0,0,2016,1
201601,SZG,2,2,250,31351,0,0,31351,2016,1
201601,SZG,2,3,0,207,0,0,0,2016,1
201602,VIE,1,1,7561,669216,7279004,362968,0,2016,2
201602,VIE,1,2,7546,659561,6706984,576541,659561,2016,2
201602,VIE,1,3,0,8208,1390800,5525,0,2016,2
201602,VIE,2,1,148,5236,156604,7,0,2016,2
201602,VIE,2,2,147,5100,63015,816,5100,2016,2
201602,VIE,2,3,0,1480,126737,68,0,2016,2
201602,GRZ,1,1,485,28947,4362,0,0,2016,2
201602,GRZ,1,2,485,29400,8462,0,29400,2016,2
201602,GRZ,2,1,20,950,180,0,0,2016,2
201602,GRZ,2,2,20,873,0,0,873,2016,2
201602,GRZ,2,3,0,6,0,0,0,2016,2
201602,INN,1,1,613,64730,3879,0,0,2016,2
201602,INN,1,2,608,62248,7565,0,62248,2016,2
201602,INN,2,1,165,18646,0,0,0,2016,2
201602,INN,2,2,170,18233,85,0,18233,2016,2
201602,KLU,1,1,135,7703,0,0,0,2016,2
201602,KLU,1,2,136,7680,0,0,7680,2016,2
201602,KLU,2,1,15,38,0,0,0,2016,2
201602,KLU,2,2,15,41,0,0,41,2016,2
201602,LNZ,1,1,197,11028,1780,95,0,2016,2
201602,LNZ,1,2,198,11450,24848,81,11450,2016,2
201602,LNZ,2,1,39,504,147381,0,0,2016,2
201602,LNZ,2,2,38,643,328945,0,643,2016,2
201602,LNZ,2,3,0,404,95172,0,0,2016,2
201602,SZG,1,1,759,77985,5656,0,0,2016,2
201602,SZG,1,2,758,76413,12742,0,76413,2016,2
201602,SZG,2,1,226,29590,0,0,0,2016,2
201602,SZG,2,2,228,28613,648,0,28613,2016,2
201602,SZG,2,3,0,184,0,0,0,2016,2
201603,VIE,1,1,8775,857839,9005451,426066,0,2016,3
201603,VIE,1,2,8784,839628,7776543,679320,839628,2016,3
201603,VIE,1,3,0,6710,1569931,16840,0,2016,3
201603,VIE,2,1,127,3064,196653,214,0,2016,3
201603,VIE,2,2,126,3099,59476,536,3099,2016,3
201603,VIE,2,3,0,589,19617,707,0,2016,3
201603,GRZ,1,1,524,33745,5254,0,0,2016,3
201603,GRZ,1,2,524,33548,6655,0,33548,2016,3
201603,GRZ,2,1,24,1218,33475,0,0,2016,3
201603,GRZ,2,2,24,1177,0,0,1177,2016,3
201603,GRZ,2,3,0,192,0,0,0,2016,3
201603,INN,1,1,618,65183,3187,0,0,2016,3
201603,INN,1,2,616,67327,5085,0,67327,2016,3
201603,INN,2,1,152,16303,0,0,0,2016,3
201603,INN,2,2,153,17843,0,0,17843,2016,3
201603,INN,2,3,0,13,0,0,0,2016,3
201603,KLU,1,1,149,8936,0,0,0,2016,3
201603,KLU,1,2,148,8820,0,0,8820,2016,3
201603,KLU,2,1,22,287,0,0,0,2016,3
201603,KLU,2,2,22,263,0,0,263,2016,3
201603,LNZ,1,1,203,11893,2583,0,0,2016,3
201603,LNZ,1,2,204,11755,1469,113,11755,2016,3
201603,LNZ,2,1,46,1007,190381,0,0,2016,3
201603,LNZ,2,2,45,1236,371473,0,1236,2016,3
201603,LNZ,2,3,0,131,141788,0,0,2016,3
201603,SZG,1,1,798,78677,5030,0,0,2016,3
201603,SZG,1,2,799,82331,13233,0,82331,2016,3
201603,SZG,2,1,178,20091,0,0,0,2016,3
201603,SZG,2,2,178,24451,0,0,24451,2016,3
201604,VIE,1,1,9279,915174,9428255,443293,0,2016,4
201604,VIE,1,2,9278,909154,7611879,665985,909154,2016,4
201604,VIE,1,3,0,5920,1490791,15884,0,2016,4
201604,VIE,2,1,205,8471,783133,291,0,2016,4
201604,VIE,2,2,197,10677,246547,165,10677,2016,4
201604,VIE,2,3,0,895,81287,0,0,2016,4
201604,GRZ,1,1,529,34139,5367,0,0,2016,4
201604,GRZ,1,2,529,34928,4494,0,34928,2016,4
201604,GRZ,1,3,0,35,182,0,0,2016,4
201604,GRZ,2,1,56,1998,0,0,0,2016,4
201604,GRZ,2,2,58,2790,0,0,2790,2016,4
201604,GRZ,2,3,0,247,0,0,0,2016,4
201604,INN,1,1,344,22767,3459,0,0,2016,4
201604,INN,1,2,349,29957,3655,0,29957,2016,4
201604,INN,1,3,0,12,0,0,0,2016,4
201604,INN,2,1,63,3259,0,0,0,2016,4
201604,INN,2,2,59,6996,0,0,6996,2016,4
201604,INN,2,3,0,31,0,0,0,2016,4
201604,KLU,1,1,147,7254,0,0,0,2016,4
201604,KLU,1,2,149,7614,0,0,7614,2016,4
201604,KLU,2,1,32,218,0,0,0,2016,4
201604,KLU,2,2,31,346,0,0,346,2016,4
201604,KLU,2,3,0,8,0,0,0,2016,4
201604,LNZ,1,1,209,11832,852,0,0,2016,4
201604,LNZ,1,2,209,12473,2091,0,12473,2016,4
201604,LNZ,2,1,111,4961,173965,0,0,2016,4
201604,LNZ,2,2,112,6091,344326,0,6091,2016,4
201604,LNZ,2,3,0,559,295910,0,0,2016,4
201604,SZG,1,1,592,44028,5729,0,0,2016,4
201604,SZG,1,2,592,49912,18975,0,49912,2016,4
201604,SZG,1,3,0,4,0,0,0,2016,4
201604,SZG,2,1,66,4767,0,0,0,2016,4
201604,SZG,2,2,66,5925,0,0,5925,2016,4
201604,SZG,2,3,0,125,0,0,0,2016,4
201605,VIE,1,1,10090,1036262,9730289,408324,0,2016,5
201605,VIE,1,2,10097,1035608,7290676,584532,1035608,2016,5
201605,VIE,1,3,0,5773,1401306,16430,0,2016,5
201605,VIE,2,1,220,12066,710345,26,0,2016,5
201605,VIE,2,2,222,11746,173044,2763,11746,2016,5
201605,VIE,2,3,0,833,183527,0,0,2016,5
201605,GRZ,1,1,534,38170,6097,0,0,2016,5
201605,GRZ,1,2,527,37397,4293,0,37397,2016,5
201605,GRZ,2,1,116,6168,0,0,0,2016,5
201605,GRZ,2,2,119,6215,92136,0,6215,2016,5
201605,GRZ,2,3,0,284,0,0,0,2016,5
201605,INN,1,1,308,19685,3131,0,0,2016,5
201605,INN,1,2,309,20221,4602,0,20221,2016,5
201605,INN,1,3,0,44,0,0,0,2016,5
201605,INN,2,1,60,3033,0,0,0,2016,5
201605,INN,2,2,58,3043,0,0,3043,2016,5
201605,INN,2,3,0,402,0,0,0,2016,5
201605,KLU,1,1,165,9305,0,0,0,2016,5
201605,KLU,1,2,163,8864,0,0,8864,2016,5
201605,KLU,2,1,33,451,0,0,0,2016,5
201605,KLU,2,2,33,326,0,0,326,2016,5
201605,KLU,2,3,0,337,0,0,0,2016,5
201605,LNZ,1,1,209,12979,2218,0,0,2016,5
201605,LNZ,1,2,207,13183,1572,0,13183,2016,5
201605,LNZ,1,3,0,120,0,0,0,2016,5
201605,LNZ,2,1,147,8386,207707,0,0,2016,5
201605,LNZ,2,2,148,9019,344700,0,9019,2016,5
201605,LNZ,2,3,0,413,271903,0,0,2016,5
201605,SZG,1,1,538,47832,6483,0,0,2016,5
201605,SZG,1,2,538,47936,11895,0,47936,2016,5
201605,SZG,1,3,0,195,0,0,0,2016,5
201605,SZG,2,1,108,9960,0,0,0,2016,5
201605,SZG,2,2,107,11176,0,0,11176,2016,5
201605,SZG,2,3,0,658,0,0,0,2016,5
201606,VIE,1,1,9958,1046911,9503206,363877,0,2016,6
201606,VIE,1,2,9965,1072456,7089659,591129,1072456,2016,6
201606,VIE,1,3,0,5184,933469,12217,0,2016,6
201606,VIE,2,1,238,11089,695819,20,0,2016,6
201606,VIE,2,2,230,12048,148229,0,12048,2016,6
201606,VIE,2,3,0,859,110737,0,0,2016,6
201606,GRZ,1,1,562,41877,8680,0,0,2016,6
201606,GRZ,1,2,560,41767,8233,0,41767,2016,6
201606,GRZ,1,3,0,146,0,0,0,2016,6
201606,GRZ,2,1,132,7806,0,0,0,2016,6
201606,GRZ,2,2,134,8553,0,0,8553,2016,6
201606,GRZ,2,3,0,849,0,0,0,2016,6
201606,INN,1,1,322,22601,4324,0,0,2016,6
201606,INN,1,2,322,22920,4200,0,22920,2016,6
201606,INN,2,1,92,5217,0,0,0,2016,6
201606,INN,2,2,95,4858,0,0,4858,2016,6
201606,INN,2,3,0,88,0,0,0,2016,6
201606,KLU,1,1,137,9579,0,0,0,2016,6
201606,KLU,1,2,138,9139,0,0,9139,2016,6
201606,KLU,2,1,45,167,0,0,0,2016,6
201606,KLU,2,2,45,250,0,0,250,2016,6
201606,KLU,2,3,0,17,0,0,0,2016,6
201606,LNZ,1,1,228,14837,1313,83,0,2016,6
201606,LNZ,1,2,227,15196,2067,118,15196,2016,6
201606,LNZ,1,3,0,253,0,0,0,2016,6
201606,LNZ,2,1,139,6767,187736,0,0,2016,6
201606,LNZ,2,2,141,8008,396038,0,8008,2016,6
201606,LNZ,2,3,0,992,335571,0,0,2016,6
201606,SZG,1,1,516,48871,7967,0,0,2016,6
201606,SZG,1,2,516,48442,18480,0,48442,2016,6
201606,SZG,1,3,0,12,0,0,0,2016,6
201606,SZG,2,1,138,15168,0,0,0,2016,6
201606,SZG,2,2,136,14279,0,0,14279,2016,6
201606,SZG,2,3,0,145,0,0,0,2016,6
201607,VIE,1,1,10233,1169822,8815024,422821,0,2016,7
201607,VIE,1,2,10236,1220042,7370976,589170,1220042,2016,7
201607,VIE,1,3,0,8552,1733579,2936,0,2016,7
201607,VIE,2,1,237,14370,501110,5,0,2016,7
201607,VIE,2,2,238,16748,242244,100,16748,2016,7
201607,VIE,2,3,0,1785,142781,0,0,2016,7
201607,GRZ,1,1,535,39224,10865,0,0,2016,7
201607,GRZ,1,2,538,42009,9279,0,42009,2016,7
201607,GRZ,2,1,168,10434,710,0,0,2016,7
201607,GRZ,2,2,167,12197,0,0,12197,2016,7
201607,GRZ,2,3,0,410,0,0,0,2016,7
201607,INN,1,1,339,25974,3611,0,0,2016,7
201607,INN,1,2,337,25783,4013,0,25783,2016,7
201607,INN,1,3,0,1,0,0,0,2016,7
201607,INN,2,1,109,6468,0,0,0,2016,7
201607,INN,2,2,108,6635,165,0,6635,2016,7
201607,INN,2,3,0,74,0,0,0,2016,7
201607,KLU,1,1,142,10927,0,0,0,2016,7
201607,KLU,1,2,142,10251,0,0,10251,2016,7
201607,KLU,2,1,52,461,0,0,0,2016,7
201607,KLU,2,2,51,427,0,0,427,2016,7
201607,KLU,2,3,0,4,0,0,0,2016,7
201607,LNZ,1,1,234,14515,721,0,0,2016,7
201607,LNZ,1,2,233,15041,1533,0,15041,2016,7
201607,LNZ,1,3,0,571,0,0,0,2016,7
201607,LNZ,2,1,158,10662,177076,0,0,2016,7
201607,LNZ,2,2,158,11126,353588,0,11126,2016,7
201607,LNZ,2,3,0,429,289166,0,0,2016,7
201607,SZG,1,1,546,51826,5973,0,0,2016,7
201607,SZG,1,2,546,52630,16529,0,52630,2016,7
201607,SZG,2,1,160,18215,0,0,0,2016,7
201607,SZG,2,2,163,18271,0,0,18271,2016,7
201607,SZG,2,3,0,432,0,0,0,2016,7
201608,VIE,1,1,10217,1181422,8105997,451615,0,2016,8
201608,VIE,1,2,10221,1177088,6835160,572570,1177088,2016,8
201608,VIE,1,3,0,8246,1393243,19656,0,2016,8
201608,VIE,2,1,192,11570,638757,265,0,2016,8
201608,VIE,2,2,186,11957,331330,0,11957,2016,8
201608,VIE,2,3,0,1273,117737,0,0,2016,8
201608,GRZ,1,1,523,37899,5359,0,0,2016,8
201608,GRZ,1,2,524,38239,9634,0,38239,2016,8
201608,GRZ,1,3,0,30,0,0,0,2016,8
201608,GRZ,2,1,123,10766,0,0,0,2016,8
201608,GRZ,2,2,120,10385,0,0,10385,2016,8
201608,GRZ,2,3,0,310,0,0,0,2016,8
201608,INN,1,1,302,24054,2890,0,0,2016,8
201608,INN,1,2,303,24757,4515,0,24757,2016,8
201608,INN,2,1,70,4649,0,0,0,2016,8
201608,INN,2,2,70,4831,0,0,4831,2016,8
201608,INN,2,3,0,90,0,0,0,2016,8
201608,KLU,1,1,141,9682,0,0,0,2016,8
201608,KLU,1,2,139,10700,0,0,10700,2016,8
201608,KLU,2,1,49,392,0,0,0,2016,8
201608,KLU,2,2,52,462,0,0,462,2016,8
201608,KLU,2,3,0,8,0,0,0,2016,8
201608,LNZ,1,1,229,13689,829,0,0,2016,8
201608,LNZ,1,2,229,14279,1985,61,14279,2016,8
201608,LNZ,1,3,0,161,0,0,0,2016,8
201608,LNZ,2,1,147,11279,168236,0,0,2016,8
201608,LNZ,2,2,147,11313,365848,0,11313,2016,8
201608,LNZ,2,3,0,380,302426,0,0,2016,8
201608,SZG,1,1,542,51371,10302,0,0,2016,8
201608,SZG,1,2,541,54380,12215,0,54380,2016,8
201608,SZG,2,1,148,16469,153,0,0,2016,8
201608,SZG,2,2,148,17006,0,0,17006,2016,8
201608,SZG,2,3,0,411,0,0,0,2016,8
201609,VIE,1,1,10287,1185473,9295072,493140,0,2016,9
201609,VIE,1,2,10287,1138506,7652908,594939,1138506,2016,9
201609,VIE,1,3,0,7946,2009385,11945,0,2016,9
201609,VIE,2,1,179,10033,609479,0,0,2016,9
201609,VIE,2,2,180,9291,241885,0,9291,2016,9
201609,VIE,2,3,0,778,185611,0,0,2016,9
201609,GRZ,1,1,583,46542,7412,0,0,2016,9
201609,GRZ,1,2,582,42663,9124,0,42663,2016,9
201609,GRZ,2,1,120,9058,0,0,0,2016,9
201609,GRZ,2,2,121,7553,0,0,7553,2016,9
201609,GRZ,2,3,0,46,0,0,0,2016,9
201609,INN,1,1,333,24963,2868,0,0,2016,9
201609,INN,1,2,331,25090,6356,0,25090,2016,9
201609,INN,2,1,78,4423,0,0,0,2016,9
201609,INN,2,2,79,4637,0,0,4637,2016,9
201609,INN,2,3,0,302,0,0,0,2016,9
201609,KLU,1,1,50,3538,0,0,0,2016,9
201609,KLU,1,2,51,3556,0,0,3556,2016,9
201609,KLU,2,1,10,141,0,0,0,2016,9
201609,KLU,2,2,10,101,0,0,101,2016,9
201609,KLU,2,3,0,13,0,0,0,2016,9
201609,LNZ,1,1,235,17057,558,136,0,2016,9
201609,LNZ,1,2,236,16832,1799,1612,16832,2016,9
201609,LNZ,2,1,135,9219,186787,0,0,2016,9
201609,LNZ,2,2,134,7490,365827,0,7490,2016,9
201609,LNZ,2,3,0,165,376123,0,0,2016,9
201609,SZG,1,1,530,54259,7916,0,0,2016,9
201609,SZG,1,2,530,52903,15663,0,52903,2016,9
201609,SZG,2,1,124,14079,0,0,0,2016,9
201609,SZG,2,2,125,14381,0,0,14381,2016,9
201609,SZG,2,3,0,130,0,0,0,2016,9
201610,VIE,1,1,9994,1052140,10297627,538695,0,2016,10
201610,VIE,1,2,9984,1084123,7850603,640837,1084123,2016,10
201610,VIE,1,3,0,8284,1626008,21312,0,2016,10
201610,VIE,2,1,184,10945,733843,24,0,2016,10
201610,VIE,2,2,187,10752,275262,2801,10752,2016,10
201610,VIE,2,3,0,566,206309,0,0,2016,10
201610,GRZ,1,1,576,41678,5990,0,0,2016,10
201610,GRZ,1,2,575,41815,10004,0,41815,2016,10
201610,GRZ,1,3,0,1,0,0,0,2016,10
201610,GRZ,2,1,57,3955,0,0,0,2016,10
201610,GRZ,2,2,58,3229,0,0,3229,2016,10
201610,GRZ,2,3,0,188,0,0,0,2016,10
201610,INN,1,1,281,17544,3672,0,0,2016,10
201610,INN,1,2,278,17125,2388,0,17125,2016,10
201610,INN,2,1,18,703,0,0,0,2016,10
201610,INN,2,2,21,210,0,0,210,2016,10
201610,INN,2,3,0,29,0,0,0,2016,10
201610,KLU,1,1,135,6859,0,0,0,2016,10
201610,KLU,1,2,133,7335,0,0,7335,2016,10
201610,KLU,2,1,19,47,0,0,0,2016,10
201610,KLU,2,2,19,56,0,0,56,2016,10
201610,KLU,2,3,0,3,0,0,0,2016,10
201610,LNZ,1,1,221,14508,1914,70,0,2016,10
201610,LNZ,1,2,219,14298,2222,83,14298,2016,10
201610,LNZ,2,1,89,3138,148956,0,0,2016,10
201610,LNZ,2,2,91,2127,333765,0,2127,2016,10
201610,LNZ,2,3,0,189,342237,0,0,2016,10
201610,SZG,1,1,533,48126,7097,0,0,2016,10
201610,SZG,1,2,534,50496,16545,0,50496,2016,10
201610,SZG,1,3,0,1,0,0,0,2016,10
201610,SZG,2,1,33,3924,0,0,0,2016,10
201610,SZG,2,2,32,2472,0,0,2472,2016,10
201610,SZG,2,3,0,177,0,0,0,2016,10
201611,VIE,1,1,8635,891979,9555035,521408,0,2016,11
201611,VIE,1,2,8652,855007,7161871,765782,855007,2016,11
201611,VIE,1,3,0,7589,1579347,29474,0,2016,11
201611,VIE,2,1,147,6280,846261,279,0,2016,11
201611,VIE,2,2,133,5206,415702,170,5206,2016,11
201611,VIE,2,3,0,852,154609,0,0,2016,11
201611,GRZ,1,1,531,36023,7214,0,0,2016,11
201611,GRZ,1,2,530,35505,10872,0,35505,2016,11
201611,GRZ,2,1,29,1530,5,0,0,2016,11
201611,GRZ,2,2,31,1186,0,0,1186,2016,11
201611,INN,1,1,258,14808,2224,0,0,2016,11
201611,INN,1,2,258,14737,3817,0,14737,2016,11
201611,INN,2,1,19,17,0,0,0,2016,11
201611,INN,2,2,21,20,0,0,20,2016,11
201611,KLU,1,1,151,6477,0,0,0,2016,11
201611,KLU,1,2,150,6721,0,0,6721,2016,11
201611,KLU,2,1,23,31,0,0,0,2016,11
201611,KLU,2,2,24,27,0,0,27,2016,11
201611,KLU,2,3,0,6,0,0,0,2016,11
201611,LNZ,1,1,212,12666,895,62,0,2016,11
201611,LNZ,1,2,211,12674,1251,130,12674,2016,11
201611,LNZ,2,1,71,1575,178265,0,0,2016,11
201611,LNZ,2,2,72,1405,423819,0,1405,2016,11
201611,LNZ,2,3,0,143,355644,0,0,2016,11
201611,SZG,1,1,485,40421,3968,0,0,2016,11
201611,SZG,1,2,486,38098,12340,0,38098,2016,11
201611,SZG,1,3,0,71,0,0,0,2016,11
201611,SZG,2,1,35,2727,104,0,0,2016,11
201611,SZG,2,2,33,3548,100,0,3548,2016,11
201611,SZG,2,3,0,3,0,0,0,2016,11
201612,VIE,1,1,8341,854491,7691152,630271,0,2016,12
201612,VIE,1,2,8335,863852,7209150,951009,863852,2016,12
201612,VIE,1,3,0,8851,1272625,13181,0,2016,12
201612,VIE,2,1,159,6560,651105,6282,0,2016,12
201612,VIE,2,2,142,6457,315280,2081,6457,2016,12
201612,VIE,2,3,0,1114,214163,0,0,2016,12
201612,GRZ,1,1,459,30444,6757,0,0,2016,12
201612,GRZ,1,2,465,29792,8232,0,29792,2016,12
201612,GRZ,2,1,24,1192,0,0,0,2016,12
201612,GRZ,2,2,25,1200,0,0,1200,2016,12
201612,GRZ,2,3,0,308,0,0,0,2016,12
201612,INN,1,1,495,50968,3937,0,0,2016,12
201612,INN,1,2,493,39796,4103,0,39796,2016,12
201612,INN,1,3,0,0,87,0,0,2016,12
201612,INN,2,1,65,6816,2,0,0,2016,12
201612,INN,2,2,64,4109,0,0,4109,2016,12
201612,INN,2,3,0,0,491,0,0,2016,12
201612,KLU,1,1,144,7563,0,0,0,2016,12
201612,KLU,1,2,146,6590,0,0,6590,2016,12
201612,KLU,1,3,0,166,0,0,0,2016,12
201612,KLU,2,1,18,34,0,0,0,2016,12
201612,KLU,2,2,17,18,0,0,18,2016,12
201612,LNZ,1,1,153,9575,486,0,0,2016,12
201612,LNZ,1,2,154,9106,2120,0,9106,2016,12
201612,LNZ,1,3,0,99,0,0,0,2016,12
201612,LNZ,2,1,55,980,181147,0,0,2016,12
201612,LNZ,2,2,57,976,479230,0,976,2016,12
201612,LNZ,2,3,0,399,80887,0,0,2016,12
201612,SZG,1,1,646,65110,6060,0,0,2016,12
201612,SZG,1,2,648,56520,14809,0,56520,2016,12
201612,SZG,1,3,0,1,0,0,0,2016,12
201612,SZG,2,1,105,13475,0,0,0,2016,12
201612,SZG,2,2,106,9302,367,0,9302,2016,12
201701,VIE,1,1,7678,705438,7166769,495689,0,2017,1
201701,VIE,1,2,7705,718143,5946051,686845,718143,2017,1
201701,VIE,1,3,0,11176,1213211,23902,0,2017,1
201701,VIE,2,1,182,4909,663473,373,0,2017,1
201701,VIE,2,2,178,4489,290448,4,4489,2017,1
201701,VIE,2,3,0,957,212204,0,0,2017,1
201701,GRZ,1,1,481,27594,6182,0,0,2017,1
201701,GRZ,1,2,471,28394,6952,0,28394,2017,1
201701,GRZ,1,3,0,65,0,0,0,2017,1
201701,GRZ,2,1,28,1068,0,0,0,2017,1
201701,GRZ,2,2,31,1098,0,0,1098,2017,1
201701,GRZ,2,3,0,200,0,0,0,2017,1
201701,INN,1,1,694,71318,4732,0,0,2017,1
201701,INN,1,2,687,72135,4183,0,72135,2017,1
201701,INN,2,1,157,17677,17,0,0,2017,1
201701,INN,2,2,168,15894,0,0,15894,2017,1
201701,KLU,1,1,145,6779,0,0,0,2017,1
201701,KLU,1,2,144,7629,0,0,7629,2017,1
201701,KLU,2,1,19,28,0,0,0,2017,1
201701,KLU,2,2,19,30,0,0,30,2017,1
201701,KLU,2,3,0,2,0,0,0,2017,1
201701,LNZ,1,1,167,9470,654,15,0,2017,1
201701,LNZ,1,2,163,9818,934,0,9818,2017,1
201701,LNZ,1,3,0,120,0,0,0,2017,1
201701,LNZ,2,1,63,836,158135,0,0,2017,1
201701,LNZ,2,2,65,819,308692,0,819,2017,1
201701,LNZ,2,3,0,351,294570,0,0,2017,1
201701,SZG,1,1,855,86606,4510,0,0,2017,1
201701,SZG,1,2,853,87370,10333,0,87370,2017,1
201701,SZG,2,1,167,21913,0,0,0,2017,1
201701,SZG,2,2,164,20333,0,0,20333,2017,1
201702,VIE,1,1,7145,688636,7037856,442023,0,2017,2
201702,VIE,1,2,7160,686876,6691894,556897,686876,2017,2
201702,VIE,1,3,0,9235,901092,24535,0,2017,2
201702,VIE,2,1,164,3688,694971,8,0,2017,2
201702,VIE,2,2,147,3434,297614,0,3434,2017,2
201702,VIE,2,3,0,540,269241,0,0,2017,2
201702,GRZ,1,1,477,29658,4455,0,0,2017,2
201702,GRZ,1,2,475,29895,10658,0,29895,2017,2
201702,GRZ,1,3,0,44,0,0,0,2017,2
201702,GRZ,2,1,27,1097,0,0,0,2017,2
201702,GRZ,2,2,29,1038,0,0,1038,2017,2
201702,GRZ,2,3,0,315,0,0,0,2017,2
201702,INN,1,1,655,73993,2480,0,0,2017,2
201702,INN,1,2,652,73421,4796,0,73421,2017,2
201702,INN,2,1,157,19981,6,0,0,2017,2
201702,INN,2,2,157,19490,0,0,19490,2017,2
201702,KLU,1,1,135,7522,0,0,0,2017,2
201702,KLU,1,2,134,7618,0,0,7618,2017,2
201702,KLU,2,1,30,138,0,0,0,2017,2
201702,KLU,2,2,31,75,0,0,75,2017,2
201702,KLU,2,3,0,15,0,0,0,2017,2
201702,LNZ,1,1,169,10297,2760,1,0,2017,2
201702,LNZ,1,2,170,10545,2391,82,10545,2017,2
201702,LNZ,1,3,0,159,0,0,0,2017,2
201702,LNZ,2,1,69,1500,172155,0,0,2017,2
201702,LNZ,2,2,67,1156,323440,0,1156,2017,2
201702,LNZ,2,3,0,609,363871,0,0,2017,2
201702,SZG,1,1,852,93239,3514,0,0,2017,2
201702,SZG,1,2,852,91550,15975,0,91550,2017,2
201702,SZG,1,3,0,126,0,0,0,2017,2
201702,SZG,2,1,190,24942,0,0,0,2017,2
201702,SZG,2,2,192,24862,0,0,24862,2017,2
201702,SZG,2,3,0,55,0,0,0,2017,2
201703,VIE,1,1,8562,860855,9663124,528822,0,2017,3
201703,VIE,1,2,8598,843947,8256592,617834,843947,2017,3
201703,VIE,1,3,0,7909,1380312,25629,0,2017,3
201703,VIE,2,1,183,5737,609509,373,0,2017,3
201703,VIE,2,2,162,5259,368918,0,5259,2017,3
201703,VIE,2,3,0,1596,92030,0,0,2017,3
201703,GRZ,1,1,575,36681,5045,0,0,2017,3
201703,GRZ,1,2,575,36877,9039,0,36877,2017,3
201703,GRZ,2,1,39,1384,0,0,0,2017,3
201703,GRZ,2,2,39,1651,0,0,1651,2017,3
201703,GRZ,2,3,0,298,0,0,0,2017,3
201703,INN,1,1,704,76618,3245,0,0,2017,3
201703,INN,1,2,704,79097,4373,0,79097,2017,3
201703,INN,2,1,163,17540,4,0,0,2017,3
201703,INN,2,2,160,19843,10,0,19843,2017,3
201703,INN,2,3,0,43,0,0,0,2017,3
201703,KLU,1,1,153,8559,0,0,0,2017,3
201703,KLU,1,2,153,8958,0,0,8958,2017,3
201703,KLU,2,1,18,39,0,0,0,2017,3
201703,KLU,2,2,18,50,0,0,50,2017,3
201703,KLU,2,3,0,10,0,0,0,2017,3
201703,LNZ,1,1,200,12444,1515,0,0,2017,3
201703,LNZ,1,2,200,12459,1724,0,12459,2017,3
201703,LNZ,2,1,78,1071,209459,0,0,2017,3
201703,LNZ,2,2,78,1214,383592,0,1214,2017,3
201703,LNZ,2,3,0,382,440327,0,0,2017,3
201703,SZG,1,1,903,89671,8495,0,0,2017,3
201703,SZG,1,2,905,97967,10844,0,97967,2017,3
201703,SZG,2,1,113,11432,0,0,0,2017,3
201703,SZG,2,2,111,15561,43,0,15561,2017,3
201704,VIE,1,1,9103,1045942,8541639,464839,0,2017,4
201704,VIE,1,2,9150,1049548,7841917,573020,1049548,2017,4
201704,VIE,1,3,0,4652,2103848,26164,0,2017,4
201704,VIE,2,1,211,11021,806539,650,0,2017,4
201704,VIE,2,2,167,9589,341132,0,9589,2017,4
201704,VIE,2,3,0,46,39732,0,0,2017,4
201704,GRZ,1,1,532,35486,5781,0,0,2017,4
201704,GRZ,1,2,532,36249,9253,0,36249,2017,4
201704,GRZ,2,1,54,3216,0,0,0,2017,4
201704,GRZ,2,2,54,2924,79,0,2924,2017,4
201704,GRZ,2,3,0,554,0,0,0,2017,4
201704,INN,1,1,420,35783,2052,0,0,2017,4
201704,INN,1,2,421,42592,3267,0,42592,2017,4
201704,INN,2,1,66,4870,58,0,0,2017,4
201704,INN,2,2,69,7847,121,0,7847,2017,4
201704,INN,2,3,0,43,0,0,0,2017,4
201704,KLU,1,1,139,7630,0,0,0,2017,4
201704,KLU,1,2,136,7774,0,0,7774,2017,4
201704,KLU,2,1,30,316,0,0,0,2017,4
201704,KLU,2,2,33,413,0,0,413,2017,4
201704,KLU,2,3,0,167,0,0,0,2017,4
201704,LNZ,1,1,177,10777,615,0,0,2017,4
201704,LNZ,1,2,178,11304,2076,0,11304,2017,4
201704,LNZ,2,1,91,3512,168188,0,0,2017,4
201704,LNZ,2,2,90,4993,314563,0,4993,2017,4
201704,LNZ,2,3,0,175,360585,0,0,2017,4
201704,SZG,1,1,705,63098,5812,0,0,2017,4
201704,SZG,1,2,704,67139,11353,0,67139,2017,4
201704,SZG,1,3,0,215,0,0,0,2017,4
201704,SZG,2,1,32,2031,0,0,0,2017,4
201704,SZG,2,2,35,3042,0,0,3042,2017,4
201705,VIE,1,1,10046,1102539,7668391,508064,0,2017,5
201705,VIE,1,2,10037,1094272,7891957,563788,1094272,2017,5
201705,VIE,1,3,0,4868,813036,10534,0,2017,5
201705,VIE,2,1,208,12241,716313,294,0,2017,5
201705,VIE,2,2,209,11825,306122,0,11825,2017,5
201705,VIE,2,3,0,1994,19852,0,0,2017,5
201705,GRZ,1,1,574,41826,5520,0,0,2017,5
201705,GRZ,1,2,574,41253,8476,0,41253,2017,5
201705,GRZ,2,1,75,3521,0,0,0,2017,5
201705,GRZ,2,2,74,4500,0,0,4500,2017,5
201705,GRZ,2,3,0,380,0,0,0,2017,5
201705,INN,1,1,292,19292,2445,0,0,2017,5
201705,INN,1,2,293,19817,4043,0,19817,2017,5
201705,INN,2,1,70,3692,0,0,0,2017,5
201705,INN,2,2,68,4055,0,0,4055,2017,5
201705,INN,2,3,0,99,0,0,0,2017,5
201705,KLU,1,1,151,9051,0,0,0,2017,5
201705,KLU,1,2,151,8935,0,0,8935,2017,5
201705,KLU,2,1,34,216,0,0,0,2017,5
201705,KLU,2,2,33,112,0,0,112,2017,5
201705,KLU,2,3,0,75,0,0,0,2017,5
201705,LNZ,1,1,198,12665,525,152,0,2017,5
201705,LNZ,1,2,196,12794,1354,10,12794,2017,5
201705,LNZ,1,3,0,224,0,0,0,2017,5
201705,LNZ,2,1,125,5791,178152,0,0,2017,5
201705,LNZ,2,2,126,5690,351917,0,5690,2017,5
201705,LNZ,2,3,0,785,422080,0,0,2017,5
201705,SZG,1,1,666,58557,5851,0,0,2017,5
201705,SZG,1,2,662,58762,9746,0,58762,2017,5
201705,SZG,1,3,0,423,0,0,0,2017,5
201705,SZG,2,1,70,5950,0,0,0,2017,5
201705,SZG,2,2,73,5783,0,0,5783,2017,5
201705,SZG,2,3,0,288,0,0,0,2017,5
201706,VIE,1,1,9990,1121904,8149390,541905,0,2017,6
201706,VIE,1,2,9996,1151592,8168100,566863,1151592,2017,6
201706,VIE,1,3,0,7603,1607970,10240,0,2017,6
201706,VIE,2,1,221,14007,761351,59,0,2017,6
201706,VIE,2,2,219,15814,399942,5622,15814,2017,6
201706,VIE,2,3,0,1332,82351,0,0,2017,6
201706,GRZ,1,1,522,37374,3612,0,0,2017,6
201706,GRZ,1,2,525,38076,7596,0,38076,2017,6
201706,GRZ,1,3,0,42,0,0,0,2017,6
201706,GRZ,2,1,118,7037,25,0,0,2017,6
201706,GRZ,2,2,117,7249,0,0,7249,2017,6
201706,GRZ,2,3,0,1271,0,0,0,2017,6
201706,INN,1,1,283,20976,2695,0,0,2017,6
201706,INN,1,2,280,20073,5994,0,20073,2017,6
201706,INN,2,1,99,6882,0,0,0,2017,6
201706,INN,2,2,102,6791,0,0,6791,2017,6
201706,INN,2,3,0,517,0,0,0,2017,6
201706,KLU,1,1,146,9670,0,0,0,2017,6
201706,KLU,1,2,146,8991,0,0,8991,2017,6
201706,KLU,2,1,64,500,0,0,0,2017,6
201706,KLU,2,2,62,477,0,0,477,2017,6
201706,LNZ,1,1,191,13134,225,0,0,2017,6
201706,LNZ,1,2,191,13411,2766,0,13411,2017,6
201706,LNZ,1,3,0,39,20202,0,0,2017,6
201706,LNZ,2,1,136,6895,187091,0,0,2017,6
201706,LNZ,2,2,138,7319,341161,0,7319,2017,6
201706,LNZ,2,3,0,1084,386425,0,0,2017,6
201706,SZG,1,1,705,64742,4718,0,0,2017,6
201706,SZG,1,2,706,65154,13365,0,65154,2017,6
201706,SZG,1,3,0,330,0,0,0,2017,6
201706,SZG,2,1,101,9936,0,0,0,2017,6
201706,SZG,2,2,100,8251,0,0,8251,2017,6
201706,SZG,2,3,0,181,0,0,0,2017,6
201707,VIE,1,1,10280,1214203,7710339,553847,0,2017,7
201707,VIE,1,2,10286,1265850,8354079,572101,1265850,2017,7
201707,VIE,1,3,0,8997,1994524,28188,0,2017,7
201707,VIE,2,1,289,25117,948281,40,0,2017,7
201707,VIE,2,2,282,26894,501314,2679,26894,2017,7
201707,VIE,2,3,0,1066,46475,2311,0,2017,7
201707,GRZ,1,1,528,37347,4095,0,0,2017,7
201707,GRZ,1,2,529,40159,6638,0,40159,2017,7
201707,GRZ,1,3,0,583,0,0,0,2017,7
201707,GRZ,2,1,153,7925,1463,0,0,2017,7
201707,GRZ,2,2,153,8431,0,0,8431,2017,7
201707,GRZ,2,3,0,1078,0,0,0,2017,7
201707,INN,1,1,297,22485,1929,0,0,2017,7
201707,INN,1,2,296,22688,5831,0,22688,2017,7
201707,INN,2,1,123,8577,0,0,0,2017,7
201707,INN,2,2,125,8413,0,0,8413,2017,7
201707,INN,2,3,0,370,0,0,0,2017,7
201707,KLU,1,1,150,10556,0,0,0,2017,7
201707,KLU,1,2,151,10230,0,0,10230,2017,7
201707,KLU,1,3,0,57,0,0,0,2017,7
201707,KLU,2,1,64,573,0,0,0,2017,7
201707,KLU,2,2,66,692,0,0,692,2017,7
201707,KLU,2,3,0,5,0,0,0,2017,7
201707,LNZ,1,1,210,13081,672,0,0,2017,7
201707,LNZ,1,2,209,13918,1451,0,13918,2017,7
201707,LNZ,1,3,0,1245,0,0,0,2017,7
201707,LNZ,2,1,142,7362,168940,0,0,2017,7
201707,LNZ,2,2,142,7445,362819,0,7445,2017,7
201707,LNZ,2,3,0,1134,409869,0,0,2017,7
201707,SZG,1,1,727,67117,6258,0,0,2017,7
201707,SZG,1,2,728,67606,12035,0,67606,2017,7
201707,SZG,1,3,0,303,0,0,0,2017,7
201707,SZG,2,1,108,10515,0,0,0,2017,7
201707,SZG,2,2,106,10410,0,0,10410,2017,7
201708,VIE,1,1,10151,1223721,7958470,530984,0,2017,8
201708,VIE,1,2,10168,1212636,7992585,595072,1212636,2017,8
201708,VIE,1,3,0,5331,1181924,16613,0,2017,8
201708,VIE,2,1,286,22995,1102285,104,0,2017,8
201708,VIE,2,2,272,21637,421076,0,21637,2017,8
201708,VIE,2,3,0,1165,118108,7295,0,2017,8
201708,GRZ,1,1,502,35210,4978,0,0,2017,8
201708,GRZ,1,2,501,35350,7222,0,35350,2017,8
201708,GRZ,1,3,0,286,0,0,0,2017,8
201708,GRZ,2,1,109,7448,0,0,0,2017,8
201708,GRZ,2,2,107,7778,0,0,7778,2017,8
201708,GRZ,2,3,0,876,0,0,0,2017,8
201708,INN,1,1,270,21151,2286,0,0,2017,8
201708,INN,1,2,271,21545,5935,0,21545,2017,8
201708,INN,2,1,94,6492,0,0,0,2017,8
201708,INN,2,2,94,6547,0,0,6547,2017,8
201708,INN,2,3,0,437,0,0,0,2017,8
201708,KLU,1,1,154,10112,0,0,0,2017,8
201708,KLU,1,2,154,10873,0,0,10873,2017,8
201708,KLU,2,1,42,343,0,0,0,2017,8
201708,KLU,2,2,40,297,0,0,297,2017,8
201708,LNZ,1,1,217,13161,798,68,0,2017,8
201708,LNZ,1,2,210,12913,1680,77,12913,2017,8
201708,LNZ,1,3,0,1022,0,0,0,2017,8
201708,LNZ,2,1,145,7462,189630,0,0,2017,8
201708,LNZ,2,2,152,7686,343904,0,7686,2017,8
201708,LNZ,2,3,0,1125,397574,0,0,2017,8
201708,SZG,1,1,721,65652,9384,0,0,2017,8
201708,SZG,1,2,722,69728,12783,0,69728,2017,8
201708,SZG,1,3,0,467,0,0,0,2017,8
201708,SZG,2,1,97,9604,0,0,0,2017,8
201708,SZG,2,2,96,10234,0,0,10234,2017,8
201709,VIE,1,1,10177,1213146,8895461,612717,0,2017,9
201709,VIE,1,2,10186,1170479,8140069,657883,1170479,2017,9
201709,VIE,1,3,0,9163,1450509,33233,0,2017,9
201709,VIE,2,1,248,20366,926948,22,0,2017,9
201709,VIE,2,2,234,15268,432333,0,15268,2017,9
201709,VIE,2,3,0,1714,35547,50,0,2017,9
201709,GRZ,1,1,563,43887,4362,0,0,2017,9
201709,GRZ,1,2,564,41031,8761,0,41031,2017,9
201709,GRZ,2,1,109,6349,0,0,0,2017,9
201709,GRZ,2,2,109,4893,0,0,4893,2017,9
201709,GRZ,2,3,0,1053,0,0,0,2017,9
201709,INN,1,1,301,22376,2132,0,0,2017,9
201709,INN,1,2,301,22013,4554,0,22013,2017,9
201709,INN,2,1,92,6275,80,0,0,2017,9
201709,INN,2,2,91,6259,0,0,6259,2017,9
201709,INN,2,3,0,649,0,0,0,2017,9
201709,KLU,1,1,150,9908,0,0,0,2017,9
201709,KLU,1,2,152,9973,0,0,9973,2017,9
201709,KLU,2,1,38,813,0,0,0,2017,9
201709,KLU,2,2,38,741,0,0,741,2017,9
201709,KLU,2,3,0,1,0,0,0,2017,9
201709,LNZ,1,1,206,15304,644,0,0,2017,9
201709,LNZ,1,2,205,15323,751,0,15323,2017,9
201709,LNZ,2,1,121,6721,196758,0,0,2017,9
201709,LNZ,2,2,125,5594,351750,0,5594,2017,9
201709,LNZ,2,3,0,970,429766,0,0,2017,9
201709,SZG,1,1,716,68039,8208,0,0,2017,9
201709,SZG,1,2,716,64832,12041,0,64832,2017,9
201709,SZG,1,3,0,222,0,0,0,2017,9
201709,SZG,2,1,69,5788,153,0,0,2017,9
201709,SZG,2,2,70,7175,0,0,7175,2017,9
201710,VIE,1,1,9940,1063417,8920609,390042,0,2017,10
201710,VIE,1,2,9943,1090813,8234315,647584,1090813,2017,10
201710,VIE,1,3,0,8250,1201359,12614,0,2017,10
201710,VIE,2,1,214,10992,782382,4,0,2017,10
201710,VIE,2,2,194,10993,270949,0,10993,2017,10
201710,VIE,2,3,0,1113,24782,0,0,2017,10
201710,GRZ,1,1,573,39899,6703,0,0,2017,10
201710,GRZ,1,2,569,40099,7307,0,40099,2017,10
201710,GRZ,2,1,40,1788,800,0,0,2017,10
201710,GRZ,2,2,44,1606,0,0,1606,2017,10
201710,GRZ,2,3,0,407,0,0,0,2017,10
201710,INN,1,1,296,19667,2604,0,0,2017,10
201710,INN,1,2,296,19993,4708,0,19993,2017,10
201710,INN,2,1,17,1155,0,0,0,2017,10
201710,INN,2,2,19,633,0,0,633,2017,10
201710,INN,2,3,0,410,0,0,0,2017,10
201710,KLU,1,1,155,8754,0,0,0,2017,10
201710,KLU,1,2,154,9302,0,0,9302,2017,10
201710,KLU,2,1,57,1884,0,0,0,2017,10
201710,KLU,2,2,56,1952,0,0,1952,2017,10
201710,KLU,2,3,0,5,0,0,0,2017,10
201710,LNZ,1,1,204,13904,664,0,0,2017,10
201710,LNZ,1,2,197,13738,1791,0,13738,2017,10
201710,LNZ,1,3,0,69,0,0,0,2017,10
201710,LNZ,2,1,70,2784,179776,0,0,2017,10
201710,LNZ,2,2,74,2908,389693,0,2908,2017,10
201710,LNZ,2,3,0,461,70365,0,0,2017,10
201710,SZG,1,1,679,54579,7822,0,0,2017,10
201710,SZG,1,2,681,55541,14771,0,55541,2017,10
201710,SZG,1,3,0,249,0,0,0,2017,10
201710,SZG,2,1,45,3661,0,0,0,2017,10
201710,SZG,2,2,43,3489,0,0,3489,2017,10
201711,VIE,1,1,8579,886307,9195084,594874,0,2017,11
201711,VIE,1,2,8599,855123,8061993,671221,855123,2017,11
201711,VIE,1,3,0,6933,1479330,27561,0,2017,11
201711,VIE,2,1,170,9102,1003902,409,0,2017,11
201711,VIE,2,2,159,6815,312049,0,6815,2017,11
201711,VIE,2,3,0,1299,86861,0,0,2017,11
201711,GRZ,1,1,559,35728,4782,0,0,2017,11
201711,GRZ,1,2,560,35752,7339,0,35752,2017,11
201711,GRZ,1,3,0,42,0,0,0,2017,11
201711,GRZ,2,1,25,1707,0,0,0,2017,11
201711,GRZ,2,2,25,1920,0,0,1920,2017,11
201711,GRZ,2,3,0,325,0,0,0,2017,11
201711,INN,1,1,289,18435,2251,0,0,2017,11
201711,INN,1,2,288,17935,4616,0,17935,2017,11
201711,INN,2,1,6,27,0,0,0,2017,11
201711,INN,2,2,7,27,0,0,27,2017,11
201711,KLU,1,1,133,6809,0,0,0,2017,11
201711,KLU,1,2,133,7006,0,0,7006,2017,11
201711,KLU,2,1,19,14,0,0,0,2017,11
201711,KLU,2,2,20,18,0,0,18,2017,11
201711,KLU,2,3,0,6,0,0,0,2017,11
201711,LNZ,1,1,195,12769,1203,0,0,2017,11
201711,LNZ,1,2,196,12618,1350,0,12618,2017,11
201711,LNZ,1,3,0,146,0,0,0,2017,11
201711,LNZ,2,1,58,1773,218342,0,0,2017,11
201711,LNZ,2,2,57,1619,407659,0,1619,2017,11
201711,LNZ,2,3,0,459,61703,0,0,2017,11
201711,SZG,1,1,451,40793,6119,0,0,2017,11
201711,SZG,1,2,451,38415,9839,0,38415,2017,11
201711,SZG,1,3,0,29,0,0,0,2017,11
201711,SZG,2,1,32,1742,0,0,0,2017,11
201711,SZG,2,2,32,1586,42,0,1586,2017,11
201711,SZG,2,3,0,46,0,0,0,2017,11
201712,VIE,1,1,8096,861049,8636711,676448,0,2017,12
201712,VIE,1,2,8088,874066,7780390,813236,874066,2017,12
201712,VIE,1,3,0,7641,1174438,30281,0,2017,12
201712,VIE,2,1,163,7157,736760,201,0,2017,12
201712,VIE,2,2,143,5976,319759,0,5976,2017,12
201712,VIE,2,3,0,1722,83742,0,0,2017,12
201712,GRZ,1,1,438,28895,3778,0,0,2017,12
201712,GRZ,1,2,444,28709,6965,0,28709,2017,12
201712,GRZ,2,1,35,1457,0,0,0,2017,12
201712,GRZ,2,2,34,1478,0,0,1478,2017,12
201712,GRZ,2,3,0,1037,0,0,0,2017,12
201712,INN,1,1,419,42778,1711,0,0,2017,12
201712,INN,1,2,423,34140,5602,0,34140,2017,12
201712,INN,2,1,53,6469,0,0,0,2017,12
201712,INN,2,2,51,4222,0,0,4222,2017,12
201712,KLU,1,1,130,8210,0,0,0,2017,12
201712,KLU,1,2,131,7321,0,0,7321,2017,12
201712,KLU,2,1,13,29,0,0,0,2017,12
201712,KLU,2,2,13,18,0,0,18,2017,12
201712,LNZ,1,1,157,10069,371,0,0,2017,12
201712,LNZ,1,2,158,9511,1168,0,9511,2017,12
201712,LNZ,1,3,0,308,0,0,0,2017,12
201712,LNZ,2,1,56,1240,195423,0,0,2017,12
201712,LNZ,2,2,58,1226,358065,0,1226,2017,12
201712,LNZ,2,3,0,1097,98177,0,0,2017,12
201712,SZG,1,1,660,74794,11638,0,0,2017,12
201712,SZG,1,2,650,60893,11919,0,60893,2017,12
201712,SZG,1,3,0,55,0,0,0,2017,12
201712,SZG,2,1,76,10434,0,0,0,2017,12
201712,SZG,2,2,87,6657,0,0,6657,2017,12
201801,VIE,1,1,7686,714543,7877141,642796,0,2018,1
201801,VIE,1,2,7723,737243,6623104,683298,737243,2018,1
201801,VIE,1,3,0,6946,1200689,31945,0,2018,1
201801,VIE,2,1,181,6202,849021,474,0,2018,1
201801,VIE,2,2,168,5753,421505,0,5753,2018,1
201801,VIE,2,3,0,1515,85750,8412,0,2018,1
201801,GRZ,1,1,479,27494,4433,0,0,2018,1
201801,GRZ,1,2,472,28665,7891,0,28665,2018,1
201801,GRZ,2,1,27,733,7500,0,0,2018,1
201801,GRZ,2,2,26,754,305,0,754,2018,1
201801,GRZ,2,3,0,590,0,0,0,2018,1
201801,INN,1,1,636,65424,1949,0,0,2018,1
201801,INN,1,2,635,66047,4764,0,66047,2018,1
201801,INN,2,1,147,17264,0,0,0,2018,1
201801,INN,2,2,144,15596,0,0,15596,2018,1
201801,KLU,1,1,125,6954,0,0,0,2018,1
201801,KLU,1,2,124,7745,0,0,7745,2018,1
201801,KLU,2,1,10,1244,0,0,0,2018,1
201801,KLU,2,2,10,1090,0,0,1090,2018,1
201801,LNZ,1,1,175,10324,796,0,0,2018,1
201801,LNZ,1,2,172,10568,881,0,10568,2018,1
201801,LNZ,2,1,58,833,195057,0,0,2018,1
201801,LNZ,2,2,57,776,356070,0,776,2018,1
201801,LNZ,2,3,0,719,110393,0,0,2018,1
201801,SZG,1,1,821,87504,7792,0,0,2018,1
201801,SZG,1,2,822,90134,7865,0,90134,2018,1
201801,SZG,2,1,138,17552,0,0,0,2018,1
201801,SZG,2,2,136,16830,0,0,16830,2018,1
201802,VIE,1,1,7281,738266,7207298,508956,0,2018,2
201802,VIE,1,2,7299,727350,6825945,509998,727350,2018,2
201802,VIE,1,3,0,6808,1207470,12911,0,2018,2
201802,VIE,2,1,158,4706,700945,368,0,2018,2
201802,VIE,2,2,144,5275,264849,20,5275,2018,2
201802,VIE,2,3,0,955,197560,0,0,2018,2
201802,GRZ,1,1,471,29309,7700,0,0,2018,2
201802,GRZ,1,2,472,29344,9131,0,29344,2018,2
201802,GRZ,2,1,28,1054,0,0,0,2018,2
201802,GRZ,2,2,28,1102,200,0,1102,2018,2
201802,GRZ,2,3,0,265,0,0,0,2018,2
201802,INN,1,1,613,69432,1754,0,0,2018,2
201802,INN,1,2,606,67151,4922,0,67151,2018,2
201802,INN,2,1,150,19641,0,0,0,2018,2
201802,INN,2,2,158,19318,0,0,19318,2018,2
201802,KLU,1,1,115,7795,0,0,0,2018,2
201802,KLU,1,2,115,7830,0,0,7830,2018,2
201802,KLU,2,1,1,77,0,0,0,2018,2
201802,KLU,2,2,1,144,0,0,144,2018,2
201802,LNZ,1,1,174,10780,1030,68,0,2018,2
201802,LNZ,1,2,174,10761,1876,0,10761,2018,2
201802,LNZ,2,1,54,1533,194039,0,0,2018,2
201802,LNZ,2,2,56,1311,411085,0,1311,2018,2
201802,LNZ,2,3,0,615,64274,0,0,2018,2
201802,SZG,1,1,791,89403,3150,0,0,2018,2
201802,SZG,1,2,791,89109,8932,0,89109,2018,2
201802,SZG,2,1,160,21276,0,0,0,2018,2
201802,SZG,2,2,162,20808,0,0,20808,2018,2
201802,SZG,2,3,0,31,0,0,0,2018,2
201803,VIE,1,1,8828,939206,9136111,617823,0,2018,3
201803,VIE,1,2,8842,944112,8667660,629675,944112,2018,3
201803,VIE,1,3,0,7451,1744328,22261,0,2018,3
201803,VIE,2,1,188,7707,836258,0,0,2018,3
201803,VIE,2,2,174,8516,276046,0,8516,2018,3
201803,VIE,2,3,0,1623,123667,0,0,2018,3
201803,GRZ,1,1,549,36099,5264,0,0,2018,3
201803,GRZ,1,2,551,35823,13407,0,35823,2018,3
201803,GRZ,2,1,38,1950,82,0,0,2018,3
201803,GRZ,2,2,39,2046,0,0,2046,2018,3
201803,GRZ,2,3,0,212,0,0,0,2018,3
201803,INN,1,1,664,75529,1564,0,0,2018,3
201803,INN,1,2,661,77753,4932,0,77753,2018,3
201803,INN,2,1,176,20811,5,0,0,2018,3
201803,INN,2,2,176,22606,0,0,22606,2018,3
201803,INN,2,3,0,35,0,0,0,2018,3
201803,KLU,1,1,131,9282,0,0,0,2018,3
201803,KLU,1,2,131,9181,0,0,9181,2018,3
201803,KLU,2,1,1,0,0,0,0,2018,3
201803,KLU,2,2,1,42,0,0,42,2018,3
201803,KLU,2,3,0,50,0,0,0,2018,3
201803,LNZ,1,1,197,12407,1546,0,0,2018,3
201803,LNZ,1,2,197,12593,3196,0,12593,2018,3
201803,LNZ,2,1,79,3100,324906,0,0,2018,3
201803,LNZ,2,2,80,3397,438074,0,3397,2018,3
201803,LNZ,2,3,0,76,45564,0,0,2018,3
201803,SZG,1,1,880,92836,4117,0,0,2018,3
201803,SZG,1,2,879,100015,11842,0,100015,2018,3
201803,SZG,1,3,0,15,0,0,0,2018,3
201803,SZG,2,1,142,14294,0,0,0,2018,3
201803,SZG,2,2,142,18856,0,0,18856,2018,3
201804,VIE,1,1,9578,1074730,8936873,624518,0,2018,4
201804,VIE,1,2,9598,1061486,8063003,606875,1061486,2018,4
201804,VIE,1,3,0,4847,1818224,11417,0,2018,4
201804,VIE,2,1,201,11415,820692,0,0,2018,4
201804,VIE,2,2,188,12694,172147,0,12694,2018,4
201804,VIE,2,3,0,2445,29756,60,0,2018,4
201804,GRZ,1,1,534,36474,2941,0,0,2018,4
201804,GRZ,1,2,534,37702,7706,0,37702,2018,4
201804,GRZ,2,1,53,3083,0,0,0,2018,4
201804,GRZ,2,2,52,3538,0,0,3538,2018,4
201804,GRZ,2,3,0,503,0,0,0,2018,4
201804,INN,1,1,383,29594,1623,0,0,2018,4
201804,INN,1,2,383,36561,4075,0,36561,2018,4
201804,INN,2,1,38,2041,0,0,0,2018,4
201804,INN,2,2,40,5221,0,0,5221,2018,4
201804,INN,2,3,0,35,0,0,0,2018,4
201804,KLU,1,1,142,8253,0,0,0,2018,4
201804,KLU,1,2,142,9039,0,0,9039,2018,4
201804,KLU,2,1,4,452,0,0,0,2018,4
201804,KLU,2,2,4,618,0,0,618,2018,4
201804,LNZ,1,1,183,11956,1299,77,0,2018,4
201804,LNZ,1,2,181,12149,1604,0,12149,2018,4
201804,LNZ,2,1,91,5769,208431,0,0,2018,4
201804,LNZ,2,2,92,6329,452253,0,6329,2018,4
201804,LNZ,2,3,0,227,38977,0,0,2018,4
201804,SZG,1,1,616,50989,10104,0,0,2018,4
201804,SZG,1,2,615,57281,9372,0,57281,2018,4
201804,SZG,2,1,39,2461,0,0,0,2018,4
201804,SZG,2,2,38,3905,0,0,3905,2018,4
201804,SZG,2,3,0,112,0,0,0,2018,4
201805,VIE,1,1,10264,1131544,8466010,545506,0,2018,5
201805,VIE,1,2,10266,1138728,7406842,543504,1138728,2018,5
201805,VIE,1,3,0,3921,2191652,16653,0,2018,5
201805,VIE,2,1,260,18051,1068318,0,0,2018,5
201805,VIE,2,2,260,19097,210097,0,19097,2018,5
201805,VIE,2,3,0,1933,243808,0,0,2018,5
201805,GRZ,1,1,564,38628,3324,0,0,2018,5
201805,GRZ,1,2,565,39360,8514,0,39360,2018,5
201805,GRZ,2,1,112,4947,317,0,0,2018,5
201805,GRZ,2,2,111,6081,502,0,6081,2018,5
201805,GRZ,2,3,0,595,0,0,0,2018,5
201805,INN,1,1,287,19449,1105,0,0,2018,5
201805,INN,1,2,288,19545,4138,0,19545,2018,5
201805,INN,2,1,62,3642,0,0,0,2018,5
201805,INN,2,2,62,4560,0,0,4560,2018,5
201805,INN,2,3,0,139,0,0,0,2018,5
201805,KLU,1,1,145,9590,0,0,0,2018,5
201805,KLU,1,2,144,9222,0,0,9222,2018,5
201805,KLU,2,1,8,211,0,0,0,2018,5
201805,KLU,2,2,8,144,0,0,144,2018,5
201805,LNZ,1,1,196,13312,674,0,0,2018,5
201805,LNZ,1,2,195,13951,3280,0,13951,2018,5
201805,LNZ,1,3,0,177,0,0,0,2018,5
201805,LNZ,2,1,121,7130,188581,0,0,2018,5
201805,LNZ,2,2,121,8060,431992,0,8060,2018,5
201805,LNZ,2,3,0,632,44349,0,0,2018,5
201805,SZG,1,1,596,52677,4776,0,0,2018,5
201805,SZG,1,2,597,54669,9451,0,54669,2018,5
201805,SZG,1,3,0,319,0,0,0,2018,5
201805,SZG,2,1,91,7487,0,0,0,2018,5
201805,SZG,2,2,92,7083,0,0,7083,2018,5
201805,SZG,2,3,0,319,0,0,0,2018,5
201806,VIE,1,1,10458,1210262,9628067,464275,0,2018,6
201806,VIE,1,2,10466,1225135,8329891,515889,1225135,2018,6
201806,VIE,1,3,0,6502,1746175,6630,0,2018,6
201806,VIE,2,1,317,24390,683668,802,0,2018,6
201806,VIE,2,2,307,27170,98730,1667,27170,2018,6
201806,VIE,2,3,0,1354,153434,0,0,2018,6
201806,GRZ,1,1,577,42100,4011,0,0,2018,6
201806,GRZ,1,2,576,42157,8707,0,42157,2018,6
201806,GRZ,1,3,0,79,0,0,0,2018,6
201806,GRZ,2,1,162,9746,3247,0,0,2018,6
201806,GRZ,2,2,161,9939,0,0,9939,2018,6
201806,GRZ,2,3,0,1517,0,0,0,2018,6
201806,INN,1,1,298,23199,3039,0,0,2018,6
201806,INN,1,2,297,22034,6036,0,22034,2018,6
201806,INN,2,1,132,10305,0,0,0,2018,6
201806,INN,2,2,132,10259,0,0,10259,2018,6
201806,INN,2,3,0,69,0,0,0,2018,6
201806,KLU,1,1,145,9874,0,0,0,2018,6
201806,KLU,1,2,146,9345,0,0,9345,2018,6
201806,KLU,2,1,8,331,0,0,0,2018,6
201806,KLU,2,2,8,387,0,0,387,2018,6
201806,LNZ,1,1,209,15848,867,0,0,2018,6
201806,LNZ,1,2,211,16345,2595,0,16345,2018,6
201806,LNZ,1,3,0,458,0,0,0,2018,6
201806,LNZ,2,1,152,10484,209649,0,0,2018,6
201806,LNZ,2,2,152,10697,404590,0,10697,2018,6
201806,LNZ,2,3,0,804,33774,0,0,2018,6
201806,SZG,1,1,591,56778,7978,0,0,2018,6
201806,SZG,1,2,591,56004,10065,0,56004,2018,6
201806,SZG,1,3,0,267,99,0,0,2018,6
201806,SZG,2,1,113,11263,0,0,0,2018,6
201806,SZG,2,2,113,10604,0,0,10604,2018,6
201806,SZG,2,3,0,529,7092,791,0,2018,6
201807,VIE,1,1,10861,1297852,8893281,513025,0,2018,7
201807,VIE,1,2,10884,1353989,8900005,522874,1353989,2018,7
201807,VIE,1,3,0,9756,1639945,3378,0,2018,7
201807,VIE,2,1,342,33870,1035989,186,0,2018,7
201807,VIE,2,2,318,34288,229450,0,34288,2018,7
201807,VIE,2,3,0,804,277310,0,0,2018,7
201807,GRZ,1,1,559,39566,7845,0,0,2018,7
201807,GRZ,1,2,557,42945,5217,0,42945,2018,7
201807,GRZ,2,1,153,11782,0,0,0,2018,7
201807,GRZ,2,2,156,12975,0,0,12975,2018,7
201807,GRZ,2,3,0,1086,0,0,0,2018,7
201807,INN,1,1,301,24651,2313,0,0,2018,7
201807,INN,1,2,302,25147,5546,0,25147,2018,7
201807,INN,2,1,119,9132,0,0,0,2018,7
201807,INN,2,2,119,8909,0,0,8909,2018,7
201807,KLU,1,1,154,11418,0,0,0,2018,7
201807,KLU,1,2,153,11297,0,0,11297,2018,7
201807,KLU,2,1,21,611,0,0,0,2018,7
201807,KLU,2,2,21,510,0,0,510,2018,7
201807,LNZ,1,1,212,15341,702,0,0,2018,7
201807,LNZ,1,2,207,16178,2108,0,16178,2018,7
201807,LNZ,1,3,0,77,0,0,0,2018,7
201807,LNZ,2,1,158,12364,203553,0,0,2018,7
201807,LNZ,2,2,161,12902,446336,0,12902,2018,7
201807,LNZ,2,3,0,755,40209,0,0,2018,7
201807,SZG,1,1,639,62667,5806,0,0,2018,7
201807,SZG,1,2,639,64190,6657,0,64190,2018,7
201807,SZG,1,3,0,312,0,0,0,2018,7
201807,SZG,2,1,111,10886,361,0,0,2018,7
201807,SZG,2,2,111,10483,0,0,10483,2018,7
201807,SZG,2,3,0,152,0,0,0,2018,7
201808,VIE,1,1,11056,1360378,8713943,475909,0,2018,8
201808,VIE,1,2,11072,1350572,7904935,524456,1350572,2018,8
201808,VIE,1,3,0,8895,1305001,5487,0,2018,8
201808,VIE,2,1,304,32081,879849,0,0,2018,8
201808,VIE,2,2,293,30781,342467,0,30781,2018,8
201808,VIE,2,3,0,755,263019,0,0,2018,8
201808,GRZ,1,1,525,38494,4933,0,0,2018,8
201808,GRZ,1,2,528,39679,5946,0,39679,2018,8
201808,GRZ,2,1,152,11860,0,0,0,2018,8
201808,GRZ,2,2,152,12109,0,0,12109,2018,8
201808,GRZ,2,3,0,1522,0,0,0,2018,8
201808,INN,1,1,269,23266,1226,0,0,2018,8
201808,INN,1,2,271,24184,5265,0,24184,2018,8
201808,INN,2,1,112,7833,0,0,0,2018,8
201808,INN,2,2,108,8306,0,0,8306,2018,8
201808,INN,2,3,0,18,0,0,0,2018,8
201808,KLU,1,1,158,10942,0,0,0,2018,8
201808,KLU,1,2,158,11534,0,0,11534,2018,8
201808,KLU,2,1,15,365,0,0,0,2018,8
201808,KLU,2,2,15,577,0,0,577,2018,8
201808,LNZ,1,1,205,15153,980,0,0,2018,8
201808,LNZ,1,2,204,15498,2418,0,15498,2018,8
201808,LNZ,2,1,150,12388,194423,0,0,2018,8
201808,LNZ,2,2,151,12172,412678,0,12172,2018,8
201808,LNZ,2,3,0,877,49504,0,0,2018,8
201808,SZG,1,1,650,63866,8736,0,0,2018,8
201808,SZG,1,2,650,67687,7142,0,67687,2018,8
201808,SZG,1,3,0,480,0,0,0,2018,8
201808,SZG,2,1,115,11653,0,0,0,2018,8
201808,SZG,2,2,115,12608,0,0,12608,2018,8
201808,SZG,2,3,0,395,0,0,0,2018,8
201809,VIE,1,1,10940,1343301,9746858,504933,0,2018,9
201809,VIE,1,2,10952,1297122,7873887,536168,1297122,2018,9
201809,VIE,1,3,0,7159,1665483,9955,0,2018,9
201809,VIE,2,1,274,25680,864004,0,0,2018,9
201809,VIE,2,2,262,21958,231911,0,21958,2018,9
201809,VIE,2,3,0,1175,161012,0,0,2018,9
201809,GRZ,1,1,578,45163,3723,0,0,2018,9
201809,GRZ,1,2,577,43066,7503,0,43066,2018,9
201809,GRZ,1,3,0,91,0,0,0,2018,9
201809,GRZ,2,1,139,10299,789,0,0,2018,9
201809,GRZ,2,2,136,8535,49849,0,8535,2018,9
201809,GRZ,2,3,0,1285,0,0,0,2018,9
201809,INN,1,1,303,25141,896,0,0,2018,9
201809,INN,1,2,301,23732,3632,0,23732,2018,9
201809,INN,2,1,108,8213,0,0,0,2018,9
201809,INN,2,2,112,7915,0,0,7915,2018,9
201809,INN,2,3,0,85,0,0,0,2018,9
201809,KLU,1,1,151,9954,0,0,0,2018,9
201809,KLU,1,2,151,10132,0,0,10132,2018,9
201809,KLU,2,1,12,530,0,0,0,2018,9
201809,KLU,2,2,12,346,0,0,346,2018,9
201809,LNZ,1,1,218,17005,1432,0,0,2018,9
201809,LNZ,1,2,215,16635,2423,53,16635,2018,9
201809,LNZ,1,3,0,453,0,0,0,2018,9
201809,LNZ,2,1,133,10501,309770,0,0,2018,9
201809,LNZ,2,2,136,8853,542025,0,8853,2018,9
201809,LNZ,2,3,0,441,56724,0,0,2018,9
201809,SZG,1,1,611,62352,10700,0,0,2018,9
201809,SZG,1,2,611,60826,6148,0,60826,2018,9
201809,SZG,1,3,0,118,0,0,0,2018,9
201809,SZG,2,1,108,7989,0,0,0,2018,9
201809,SZG,2,2,108,8568,0,0,8568,2018,9
201809,SZG,2,3,0,116,0,0,0,2018,9
201810,VIE,1,1,11155,1252454,10380247,574741,0,2018,10
201810,VIE,1,2,11143,1294841,8615605,569975,1294841,2018,10
201810,VIE,1,3,0,5762,1723846,7043,0,2018,10
201810,VIE,2,1,191,15264,1007194,0,0,2018,10
201810,VIE,2,2,195,14341,232275,45,14341,2018,10
201810,VIE,2,3,0,1279,144938,0,0,2018,10
201810,GRZ,1,1,592,42577,4177,0,0,2018,10
201810,GRZ,1,2,592,43637,9248,0,43637,2018,10
201810,GRZ,2,1,59,3473,2350,0,0,2018,10
201810,GRZ,2,2,58,2591,162,0,2591,2018,10
201810,GRZ,2,3,0,392,0,0,0,2018,10
201810,INN,1,1,300,20960,1437,0,0,2018,10
201810,INN,1,2,301,22588,4216,0,22588,2018,10
201810,INN,2,1,19,1034,0,0,0,2018,10
201810,INN,2,2,19,359,0,0,359,2018,10
201810,INN,2,3,0,36,0,0,0,2018,10
201810,KLU,1,1,156,9098,0,0,0,2018,10
201810,KLU,1,2,156,9567,0,0,9567,2018,10
201810,LNZ,1,1,202,14108,1517,0,0,2018,10
201810,LNZ,1,2,206,14499,1371,0,14499,2018,10
201810,LNZ,1,3,0,188,0,0,0,2018,10
201810,LNZ,2,1,85,4171,200608,0,0,2018,10
201810,LNZ,2,2,82,3130,426982,0,3130,2018,10
201810,LNZ,2,3,0,300,40246,0,0,2018,10
201810,SZG,1,1,614,55433,8424,0,0,2018,10
201810,SZG,1,2,614,56419,7293,0,56419,2018,10
201810,SZG,1,3,0,57,0,0,0,2018,10
201810,SZG,2,1,39,4135,0,0,0,2018,10
201810,SZG,2,2,39,4524,0,0,4524,2018,10
201811,VIE,1,1,9989,1113774,9749620,554669,0,2018,11
201811,VIE,1,2,9982,1055581,8192199,612061,1055581,2018,11
201811,VIE,1,3,0,6281,2390635,14773,0,2018,11
201811,VIE,2,1,142,8389,1086486,0,0,2018,11
201811,VIE,2,2,143,8045,320096,0,8045,2018,11
201811,VIE,2,3,0,588,106616,11784,0,2018,11
201811,GRZ,1,1,548,38219,4561,0,0,2018,11
201811,GRZ,1,2,549,37636,14234,0,37636,2018,11
201811,GRZ,1,3,0,153,0,0,0,2018,11
201811,GRZ,2,1,35,1963,0,0,0,2018,11
201811,GRZ,2,2,37,1929,0,0,1929,2018,11
201811,GRZ,2,3,0,505,0,0,0,2018,11
201811,INN,1,1,309,21488,1979,0,0,2018,11
201811,INN,1,2,309,20567,3264,0,20567,2018,11
201811,INN,2,1,3,216,0,0,0,2018,11
201811,INN,2,2,3,106,0,0,106,2018,11
201811,KLU,1,1,146,7832,0,0,0,2018,11
201811,KLU,1,2,147,8203,0,0,8203,2018,11
201811,LNZ,1,1,166,10716,1901,0,0,2018,11
201811,LNZ,1,2,165,10509,825,2,10509,2018,11
201811,LNZ,2,1,56,2283,213594,0,0,2018,11
201811,LNZ,2,2,57,1991,384509,0,1991,2018,11
201811,LNZ,2,3,0,560,39598,0,0,2018,11
201811,SZG,1,1,537,43376,6582,0,0,2018,11
201811,SZG,1,2,537,41234,8845,0,41234,2018,11
201811,SZG,2,1,23,2907,0,0,0,2018,11
201811,SZG,2,2,23,1761,0,0,1761,2018,11
201812,VIE,1,1,9669,1081136,8212522,650289,0,2018,12
201812,VIE,1,2,9651,1102506,8234582,755054,1102506,2018,12
201812,VIE,1,3,0,4802,1971541,19755,0,2018,12
201812,VIE,2,1,181,10402,518398,15,0,2018,12
201812,VIE,2,2,170,10506,184896,125,10506,2018,12
201812,VIE,2,3,0,1069,99067,0,0,2018,12
201812,GRZ,1,1,472,31151,2904,0,0,2018,12
201812,GRZ,1,2,477,30849,7393,0,30849,2018,12
201812,GRZ,2,1,38,1456,249,0,0,2018,12
201812,GRZ,2,2,38,1456,0,0,1456,2018,12
201812,GRZ,2,3,0,596,0,0,0,2018,12
201812,INN,1,1,534,56211,1834,0,0,2018,12
201812,INN,1,2,531,44895,1682,0,44895,2018,12
201812,INN,2,1,49,7153,0,0,0,2018,12
201812,INN,2,2,53,3942,0,0,3942,2018,12
201812,KLU,1,1,134,8746,0,0,0,2018,12
201812,KLU,1,2,136,7667,0,0,7667,2018,12
201812,KLU,2,1,1,143,0,0,0,2018,12
201812,LNZ,1,1,134,8400,545,0,0,2018,12
201812,LNZ,1,2,135,7945,521,1,7945,2018,12
201812,LNZ,1,3,0,205,0,0,0,2018,12
201812,LNZ,2,1,49,1766,180793,0,0,2018,12
201812,LNZ,2,2,50,1501,335592,0,1501,2018,12
201812,LNZ,2,3,0,600,29094,0,0,2018,12
201812,SZG,1,1,705,72734,4730,0,0,2018,12
201812,SZG,1,2,706,61851,7772,0,61851,2018,12
201812,SZG,1,3,0,3,0,0,0,2018,12
201812,SZG,2,1,98,13279,0,0,0,2018,12
201812,SZG,2,2,98,9881,0,0,9881,2018,12
201812,SZG,2,3,0,116,0,0,0,2018,12
201901,VIE,1,1,8877,891789,7887051,691200,0,2019,1
201901,VIE,1,2,8923,914699,6455182,609031,914699,2019,1
201901,VIE,1,3,0,4027,2388143,7213,0,2019,1
201901,VIE,2,1,194,9697,714407,2662,0,2019,1
201901,VIE,2,2,177,8497,248584,0,8497,2019,1
201901,VIE,2,3,0,2201,97957,0,0,2019,1
201901,GRZ,1,1,481,28003,6022,0,0,2019,1
201901,GRZ,1,2,475,29375,6558,0,29375,2019,1
201901,GRZ,2,1,32,1199,2066,0,0,2019,1
201901,GRZ,2,2,30,1110,1445,0,1110,2019,1
201901,GRZ,2,3,0,434,0,0,0,2019,1
201901,INN,1,1,665,70546,2961,0,0,2019,1
201901,INN,1,2,665,71634,1950,0,71634,2019,1
201901,INN,2,1,122,13502,0,0,0,2019,1
201901,INN,2,2,121,12145,0,0,12145,2019,1
201901,KLU,1,1,126,7179,0,0,0,2019,1
201901,KLU,1,2,125,8406,0,0,8406,2019,1
201901,KLU,2,1,12,1300,0,0,0,2019,1
201901,KLU,2,2,12,1035,0,0,1035,2019,1
201901,LNZ,1,1,146,8147,933,0,0,2019,1
201901,LNZ,1,2,144,8362,1000,0,8362,2019,1
201901,LNZ,1,3,0,451,0,0,0,2019,1
201901,LNZ,2,1,64,2524,198568,0,0,2019,1
201901,LNZ,2,2,64,2459,411148,0,2459,2019,1
201901,LNZ,2,3,0,478,36366,0,0,2019,1
201901,SZG,1,1,869,89516,4445,0,0,2019,1
201901,SZG,1,2,873,92000,5503,0,92000,2019,1
201901,SZG,1,3,0,0,200,0,0,2019,1
201901,SZG,2,1,156,21907,0,0,0,2019,1
201901,SZG,2,2,151,20344,0,0,20344,2019,1
201902,VIE,1,1,8444,926656,6642346,646159,0,2019,2
201902,VIE,1,2,8449,914966,7051391,467516,914966,2019,2
201902,VIE,1,3,0,4318,1915132,5895,0,2019,2
201902,VIE,2,1,190,7315,632950,156,0,2019,2
201902,VIE,2,2,180,7469,153975,0,7469,2019,2
201902,VIE,2,3,0,2863,149020,48,0,2019,2
201902,GRZ,1,1,463,30180,5051,0,0,2019,2
201902,GRZ,1,2,463,30424,7062,0,30424,2019,2
201902,GRZ,2,1,23,1121,100,0,0,2019,2
201902,GRZ,2,2,25,1092,0,0,1092,2019,2
201902,GRZ,2,3,0,229,0,0,0,2019,2
201902,INN,1,1,652,75343,0,0,0,2019,2
201902,INN,1,2,650,73876,0,0,73876,2019,2
201902,INN,2,1,152,18806,0,0,0,2019,2
201902,INN,2,2,154,16882,0,0,16882,2019,2
201902,KLU,1,1,116,7949,0,0,0,2019,2
201902,KLU,1,2,116,8103,0,0,8103,2019,2
201902,KLU,2,1,2,106,0,0,0,2019,2
201902,KLU,2,2,2,191,0,0,191,2019,2
201902,LNZ,1,1,146,9034,627,0,0,2019,2
201902,LNZ,1,2,143,9014,940,0,9014,2019,2
201902,LNZ,2,1,49,1211,176033,0,0,2019,2
201902,LNZ,2,2,52,1215,400330,0,1215,2019,2
201902,LNZ,2,3,0,519,38826,0,0,2019,2
201902,SZG,1,1,841,95950,5946,0,0,2019,2
201902,SZG,1,2,847,95378,6081,0,95378,2019,2
201902,SZG,2,1,185,26222,0,0,0,2019,2
201902,SZG,2,2,178,24424,0,0,24424,2019,2
201903,VIE,1,1,10195,1169769,9013821,759554,0,2019,3
201903,VIE,1,2,10224,1156607,8030881,546499,1156607,2019,3
201903,VIE,1,3,0,4349,2751745,11369,0,2019,3
201903,VIE,2,1,260,8945,1061712,4790,0,2019,3
201903,VIE,2,2,230,8162,204288,0,8162,2019,3
201903,VIE,2,3,0,17427,399207,43485,0,2019,3
201903,GRZ,1,1,549,35570,2964,0,0,2019,3
201903,GRZ,1,2,549,35679,7509,0,35679,2019,3
201903,GRZ,2,1,45,1836,1813,0,0,2019,3
201903,GRZ,2,2,45,2059,390,0,2059,2019,3
201903,GRZ,2,3,0,425,0,0,0,2019,3
201903,INN,1,1,739,82086,0,0,0,2019,3
201903,INN,1,2,735,87611,0,0,87611,2019,3
201903,INN,2,1,162,17774,0,0,0,2019,3
201903,INN,2,2,166,20333,0,0,20333,2019,3
201903,INN,2,3,0,12,0,0,0,2019,3
201903,KLU,1,1,127,8906,0,0,0,2019,3
201903,KLU,1,2,126,9429,0,0,9429,2019,3
201903,LNZ,1,1,172,10406,3014,0,0,2019,3
201903,LNZ,1,2,171,10502,1228,0,10502,2019,3
201903,LNZ,2,1,56,1854,230449,0,0,2019,3
201903,LNZ,2,2,57,2179,375603,0,2179,2019,3
201903,LNZ,2,3,0,270,40203,0,0,2019,3
201903,SZG,1,1,936,95709,3164,0,0,2019,3
201903,SZG,1,2,938,107463,4723,0,107463,2019,3
201903,SZG,2,1,150,15919,0,0,0,2019,3
201903,SZG,2,2,150,21061,0,0,21061,2019,3
201904,VIE,1,1,11182,1346224,8505864,738531,0,2019,4
201904,VIE,1,2,11186,1351002,7231243,593895,1351002,2019,4
201904,VIE,1,3,0,4950,3486600,17047,0,2019,4
201904,VIE,2,1,239,10106,875090,0,0,2019,4
201904,VIE,2,2,235,11306,127324,4300,11306,2019,4
201904,VIE,2,3,0,20545,520683,51859,0,2019,4
201904,GRZ,1,1,541,38964,1312,0,0,2019,4
201904,GRZ,1,2,542,39410,3316,0,39410,2019,4
201904,GRZ,2,1,54,2644,1193,0,0,2019,4
201904,GRZ,2,2,53,3165,450,0,3165,2019,4
201904,GRZ,2,3,0,515,0,0,0,2019,4
201904,INN,1,1,389,32699,0,0,0,2019,4
201904,INN,1,2,390,37849,0,0,37849,2019,4
201904,INN,2,1,33,2901,0,0,0,2019,4
201904,INN,2,2,31,4841,0,0,4841,2019,4
201904,INN,2,3,0,100,0,0,0,2019,4
201904,KLU,1,1,116,7163,0,0,0,2019,4
201904,KLU,1,2,117,6812,0,0,6812,2019,4
201904,KLU,2,1,4,255,0,0,0,2019,4
201904,KLU,2,2,4,390,0,0,390,2019,4
201904,LNZ,1,1,178,11663,2,0,0,2019,4
201904,LNZ,1,2,179,11977,1012,0,11977,2019,4
201904,LNZ,2,1,87,4641,210477,0,0,2019,4
201904,LNZ,2,2,86,5364,379066,0,5364,2019,4
201904,LNZ,2,3,0,496,61491,0,0,2019,4
201904,SZG,1,1,423,38894,2172,0,0,2019,4
201904,SZG,1,2,427,40117,468,0,40117,2019,4
201904,SZG,2,1,22,1295,0,0,0,2019,4
201904,SZG,2,2,20,1712,0,0,1712,2019,4
201905,VIE,1,1,11886,1408502,8174218,652815,0,2019,5
201905,VIE,1,2,11896,1408863,7444045,554401,1408863,2019,5
201905,VIE,1,3,0,4149,2734336,14868,0,2019,5
201905,VIE,2,1,302,16800,1169208,417,0,2019,5
201905,VIE,2,2,293,17623,192282,0,17623,2019,5
201905,VIE,2,3,0,21090,382483,38788,0,2019,5
201905,GRZ,1,1,578,43170,2051,0,0,2019,5
201905,GRZ,1,2,580,42442,5864,0,42442,2019,5
201905,GRZ,2,1,99,4372,85,0,0,2019,5
201905,GRZ,2,2,98,6267,0,0,6267,2019,5
201905,GRZ,2,3,0,576,0,0,0,2019,5
201905,INN,1,1,298,21530,0,0,0,2019,5
201905,INN,1,2,298,21594,0,0,21594,2019,5
201905,INN,2,1,61,3617,0,0,0,2019,5
201905,INN,2,2,58,5091,0,0,5091,2019,5
201905,INN,2,3,0,3,0,0,0,2019,5
201905,KLU,1,1,120,7858,0,0,0,2019,5
201905,KLU,1,2,120,7429,0,0,7429,2019,5
201905,KLU,2,1,7,414,0,0,0,2019,5
201905,KLU,2,2,7,850,0,0,850,2019,5
201905,KLU,2,3,0,62,0,0,0,2019,5
201905,LNZ,1,1,196,14021,3454,0,0,2019,5
201905,LNZ,1,2,195,14229,1015,0,14229,2019,5
201905,LNZ,2,1,141,9258,214073,0,0,2019,5
201905,LNZ,2,2,142,10283,351900,0,10283,2019,5
201905,LNZ,2,3,0,799,59534,0,0,2019,5
201905,SZG,1,1,53,3558,795,0,0,2019,5
201905,SZG,1,2,50,4562,283,0,4562,2019,5
201905,SZG,2,1,3,233,0,0,0,2019,5
201905,SZG,2,2,3,137,0,0,137,2019,5
201906,VIE,1,1,11834,1448088,7811936,517332,0,2019,6
201906,VIE,1,2,11853,1474200,6996205,489484,1474200,2019,6
201906,VIE,1,3,0,5420,2981672,11315,0,2019,6
201906,VIE,2,1,319,21677,1080010,4,0,2019,6
201906,VIE,2,2,315,24796,150490,0,24796,2019,6
201906,VIE,2,3,0,10729,282446,48844,0,2019,6
201906,GRZ,1,1,553,40498,2788,0,0,2019,6
201906,GRZ,1,2,552,40334,8101,0,40334,2019,6
201906,GRZ,1,3,0,104,0,0,0,2019,6
201906,GRZ,2,1,165,12484,2050,0,0,2019,6
201906,GRZ,2,2,164,12144,0,0,12144,2019,6
201906,GRZ,2,3,0,1161,0,0,0,2019,6
201906,INN,1,1,295,23625,0,0,0,2019,6
201906,INN,1,2,294,22799,0,0,22799,2019,6
201906,INN,2,1,128,10641,0,0,0,2019,6
201906,INN,2,2,132,10451,0,0,10451,2019,6
201906,INN,2,3,0,120,0,0,0,2019,6
201906,KLU,1,1,141,9208,0,0,0,2019,6
201906,KLU,1,2,140,8610,0,0,8610,2019,6
201906,KLU,2,1,18,1256,0,0,0,2019,6
201906,KLU,2,2,18,895,0,0,895,2019,6
201906,KLU,2,3,0,179,0,0,0,2019,6
201906,LNZ,1,1,172,11762,231,0,0,2019,6
201906,LNZ,1,2,172,11797,633,0,11797,2019,6
201906,LNZ,1,3,0,1205,0,0,0,2019,6
201906,LNZ,2,1,151,13264,197410,0,0,2019,6
201906,LNZ,2,2,150,13973,323485,0,13973,2019,6
201906,LNZ,2,3,0,1005,45509,0,0,2019,6
201906,SZG,1,1,585,58208,4125,0,0,2019,6
201906,SZG,1,2,585,59791,3444,0,59791,2019,6
201906,SZG,1,3,0,441,0,0,0,2019,6
201906,SZG,2,1,101,10623,0,0,0,2019,6
201906,SZG,2,2,101,10649,79,0,10649,2019,6
201907,VIE,1,1,12273,1518124,7643018,539123,0,2019,7
201907,VIE,1,2,12274,1570072,8183439,578251,1570072,2019,7
201907,VIE,1,3,0,7628,2583775,24246,0,2019,7
201907,VIE,2,1,316,27933,896735,0,0,2019,7
201907,VIE,2,2,306,29839,231327,422,29839,2019,7
201907,VIE,2,3,0,7804,224021,23333,0,2019,7
201907,GRZ,1,1,565,38627,4196,0,0,2019,7
201907,GRZ,1,2,566,41607,5527,0,41607,2019,7
201907,GRZ,1,3,0,165,0,0,0,2019,7
201907,GRZ,2,1,151,12739,0,0,0,2019,7
201907,GRZ,2,2,152,13549,0,0,13549,2019,7
201907,GRZ,2,3,0,776,0,0,0,2019,7
201907,INN,1,1,300,24237,0,0,0,2019,7
201907,INN,1,2,299,25174,0,0,25174,2019,7
201907,INN,2,1,116,8884,0,0,0,2019,7
201907,INN,2,2,118,8351,0,0,8351,2019,7
201907,INN,2,3,0,7,0,0,0,2019,7
201907,KLU,1,1,144,10169,0,0,0,2019,7
201907,KLU,1,2,144,9693,0,0,9693,2019,7
201907,KLU,2,1,17,638,0,0,0,2019,7
201907,KLU,2,2,17,696,0,0,696,2019,7
201907,KLU,2,3,0,84,0,0,0,2019,7
201907,LNZ,1,1,175,11429,0,0,0,2019,7
201907,LNZ,1,2,176,11805,739,0,11805,2019,7
201907,LNZ,1,3,0,149,0,0,0,2019,7
201907,LNZ,2,1,184,15929,223459,0,0,2019,7
201907,LNZ,2,2,183,15826,410840,0,15826,2019,7
201907,LNZ,2,3,0,834,62511,0,0,2019,7
201907,SZG,1,1,602,60834,2131,0,0,2019,7
201907,SZG,1,2,602,61996,5999,0,61996,2019,7
201907,SZG,2,1,112,11869,0,0,0,2019,7
201907,SZG,2,2,111,11393,0,0,11393,2019,7
201908,VIE,1,1,12056,1544075,8204596,719311,0,2019,8
201908,VIE,1,2,12056,1532867,7974607,532274,1532867,2019,8
201908,VIE,1,3,0,7802,2424923,10962,0,2019,8
201908,VIE,2,1,291,32924,910123,190,0,2019,8
201908,VIE,2,2,293,31594,207663,0,31594,2019,8
201908,VIE,2,3,0,1748,44326,0,0,2019,8
201908,GRZ,1,1,517,36171,1664,0,0,2019,8
201908,GRZ,1,2,518,36923,5117,0,36923,2019,8
201908,GRZ,2,1,133,13001,4230,0,0,2019,8
201908,GRZ,2,2,132,13135,0,0,13135,2019,8
201908,GRZ,2,3,0,1147,0,0,0,2019,8
201908,INN,1,1,275,22907,0,0,0,2019,8
201908,INN,1,2,275,23571,0,0,23571,2019,8
201908,INN,2,1,110,8303,0,0,0,2019,8
201908,INN,2,2,108,8525,0,0,8525,2019,8
201908,KLU,1,1,145,9640,0,0,0,2019,8
201908,KLU,1,2,146,10202,0,0,10202,2019,8
201908,KLU,2,1,11,641,0,0,0,2019,8
201908,KLU,2,2,11,807,0,0,807,2019,8
201908,KLU,2,3,0,153,0,0,0,2019,8
201908,LNZ,1,1,163,10802,98,0,0,2019,8
201908,LNZ,1,2,163,10638,757,0,10638,2019,8
201908,LNZ,2,1,161,16189,203666,0,0,2019,8
201908,LNZ,2,2,162,15834,319504,0,15834,2019,8
201908,LNZ,2,3,0,741,43440,0,0,2019,8
201908,SZG,1,1,625,62897,4787,0,0,2019,8
201908,SZG,1,2,625,65936,4906,0,65936,2019,8
201908,SZG,2,1,107,11935,0,0,0,2019,8
201908,SZG,2,2,107,13114,0,0,13114,2019,8
201909,VIE,1,1,11857,1485046,8498296,798294,0,2019,9
201909,VIE,1,2,11867,1442771,8601904,555608,1442771,2019,9
201909,VIE,1,3,0,5699,2165261,15549,0,2019,9
201909,VIE,2,1,256,22298,804775,0,0,2019,9
201909,VIE,2,2,251,19211,121746,0,19211,2019,9
201909,VIE,2,3,0,2386,65867,157,0,2019,9
201909,GRZ,1,1,578,45109,3955,0,0,2019,9
201909,GRZ,1,2,580,43006,5081,0,43006,2019,9
201909,GRZ,2,1,124,10707,1030,0,0,2019,9
201909,GRZ,2,2,121,8945,0,0,8945,2019,9
201909,GRZ,2,3,0,867,0,0,0,2019,9
201909,INN,1,1,297,23284,0,0,0,2019,9
201909,INN,1,2,297,22943,0,0,22943,2019,9
201909,INN,2,1,92,7356,0,0,0,2019,9
201909,INN,2,2,93,6843,0,0,6843,2019,9
201909,KLU,1,1,142,9408,0,0,0,2019,9
201909,KLU,1,2,141,9339,0,0,9339,2019,9
201909,KLU,2,1,12,954,0,0,0,2019,9
201909,KLU,2,2,12,701,0,0,701,2019,9
201909,KLU,2,3,0,169,0,0,0,2019,9
201909,LNZ,1,1,179,12664,110,0,0,2019,9
201909,LNZ,1,2,179,12490,753,0,12490,2019,9
201909,LNZ,1,3,0,154,0,0,0,2019,9
201909,LNZ,2,1,137,12359,217399,0,0,2019,9
201909,LNZ,2,2,136,10254,435929,0,10254,2019,9
201909,LNZ,2,3,0,425,57588,0,0,2019,9
201909,SZG,1,1,599,62123,3309,0,0,2019,9
201909,SZG,1,2,600,59424,6680,0,59424,2019,9
201909,SZG,2,1,68,6117,0,0,0,2019,9
201909,SZG,2,2,68,7437,0,0,7437,2019,9
201910,VIE,1,1,11572,1393664,9465985,955215,0,2019,10
201910,VIE,1,2,11566,1419263,8624257,682789,1419263,2019,10
201910,VIE,1,3,0,5667,2819588,16603,0,2019,10
201910,VIE,2,1,214,13734,988574,0,0,2019,10
201910,VIE,2,2,205,14679,113869,0,14679,2019,10
201910,VIE,2,3,0,1050,13715,0,0,2019,10
201910,GRZ,1,1,594,42214,3258,0,0,2019,10
201910,GRZ,1,2,593,42969,6075,0,42969,2019,10
201910,GRZ,2,1,64,3259,6305,0,0,2019,10
201910,GRZ,2,2,65,2407,72,0,2407,2019,10
201910,GRZ,2,3,0,506,0,0,0,2019,10
201910,INN,1,1,288,19696,0,0,0,2019,10
201910,INN,1,2,287,20661,0,0,20661,2019,10
201910,INN,2,1,21,1178,0,0,0,2019,10
201910,INN,2,2,23,495,0,0,495,2019,10
201910,INN,2,3,0,47,0,0,0,2019,10
201910,KLU,1,1,117,7857,0,0,0,2019,10
201910,KLU,1,2,118,8049,0,0,8049,2019,10
201910,KLU,2,1,7,468,0,0,0,2019,10
201910,KLU,2,2,7,362,0,0,362,2019,10
201910,LNZ,1,1,179,10546,144,0,0,2019,10
201910,LNZ,1,2,179,10786,861,0,10786,2019,10
201910,LNZ,2,1,92,4841,257568,0,0,2019,10
201910,LNZ,2,2,93,4209,439997,0,4209,2019,10
201910,LNZ,2,3,0,290,56310,0,0,2019,10
201910,SZG,1,1,569,51907,3508,0,0,2019,10
201910,SZG,1,2,572,52008,7329,0,52008,2019,10
201910,SZG,1,3,0,34,0,0,0,2019,10
201910,SZG,2,1,31,3742,0,0,0,2019,10
201910,SZG,2,2,28,2945,0,0,2945,2019,10
201911,VIE,1,1,10155,1212089,9630201,923467,0,2019,11
201911,VIE,1,2,10151,1158230,7853564,618802,1158230,2019,11
201911,VIE,1,3,0,4545,3001554,21621,0,2019,11
201911,VIE,2,1,154,8406,1221195,0,0,2019,11
201911,VIE,2,2,140,7104,299814,0,7104,2019,11
201911,VIE,2,3,0,834,119262,0,0,2019,11
201911,GRZ,1,1,531,37813,3053,0,0,2019,11
201911,GRZ,1,2,533,37272,7628,0,37272,2019,11
201911,GRZ,2,1,32,2254,0,0,0,2019,11
201911,GRZ,2,2,32,2163,0,0,2163,2019,11
201911,GRZ,2,3,0,85,0,0,0,2019,11
201911,INN,1,1,297,21461,0,0,0,2019,11
201911,INN,1,2,297,20775,0,0,20775,2019,11
201911,INN,2,1,2,0,0,0,0,2019,11
201911,INN,2,2,2,0,0,0,0,2019,11
201911,KLU,1,1,101,5761,0,0,0,2019,11
201911,KLU,1,2,101,5859,0,0,5859,2019,11
201911,LNZ,1,1,168,9802,200,0,0,2019,11
201911,LNZ,1,2,167,9673,298,17,9673,2019,11
201911,LNZ,2,1,58,2868,223043,0,0,2019,11
201911,LNZ,2,2,59,2196,435790,0,2196,2019,11
201911,LNZ,2,3,0,199,50725,0,0,2019,11
201911,SZG,1,1,483,38836,6796,0,0,2019,11
201911,SZG,1,2,484,37346,4140,0,37346,2019,11
201911,SZG,1,3,0,72,0,0,0,2019,11
201911,SZG,2,1,33,2947,0,0,0,2019,11
201911,SZG,2,2,33,2639,0,0,2639,2019,11
201911,SZG,2,3,0,37,0,0,0,2019,11
201912,VIE,1,1,10175,1212974,7893263,1176808,0,2019,12
201912,VIE,1,2,10168,1229780,7565403,764398,1229780,2019,12
201912,VIE,1,3,0,5484,2474918,26107,0,2019,12
201912,VIE,2,1,164,8403,661489,0,0,2019,12
201912,VIE,2,2,159,8879,282911,7994,8879,2019,12
201912,VIE,2,3,0,1295,76695,0,0,2019,12
201912,GRZ,1,1,456,29896,3669,0,0,2019,12
201912,GRZ,1,2,460,29168,6474,0,29168,2019,12
201912,GRZ,2,1,32,1822,0,0,0,2019,12
201912,GRZ,2,2,33,1635,1938,0,1635,2019,12
201912,GRZ,2,3,0,2,0,0,0,2019,12
201912,INN,1,1,504,54856,0,0,0,2019,12
201912,INN,1,2,506,43611,0,0,43611,2019,12
201912,INN,2,1,55,8232,0,0,0,2019,12
201912,INN,2,2,54,4733,0,0,4733,2019,12
201912,KLU,1,1,112,7216,0,0,0,2019,12
201912,KLU,1,2,113,6220,0,0,6220,2019,12
201912,KLU,2,1,2,183,0,0,0,2019,12
201912,KLU,2,2,2,180,0,0,180,2019,12
201912,LNZ,1,1,130,7232,158,0,0,2019,12
201912,LNZ,1,2,131,6941,444,0,6941,2019,12
201912,LNZ,2,1,62,1710,197315,0,0,2019,12
201912,LNZ,2,2,63,1847,332516,0,1847,2019,12
201912,LNZ,2,3,0,0,382465,0,0,2019,12
201912,SZG,1,1,681,72771,4785,0,0,2019,12
201912,SZG,1,2,680,60818,6460,0,60818,2019,12
201912,SZG,2,1,79,12098,0,0,0,2019,12
201912,SZG,2,2,80,8603,0,0,8603,2019,12
202001,VIE,1,1,9547,1026778,7944890,856136,0,2020,1
202001,VIE,1,2,9574,1043561,5696001,604208,1043561,2020,1
202001,VIE,1,3,0,2976,2249536,19412,0,2020,1
202001,VIE,2,1,196,10014,640196,0,0,2020,1
202001,VIE,2,2,190,10029,192957,21670,10029,2020,1
202001,VIE,2,3,0,377,87626,0,0,2020,1
202001,GRZ,1,1,496,29241,3288,0,0,2020,1
202001,GRZ,1,2,491,30136,3093,0,30136,2020,1
202001,GRZ,2,1,28,1348,0,0,0,2020,1
202001,GRZ,2,2,28,1388,0,0,1388,2020,1
202001,GRZ,2,3,0,1,0,0,0,2020,1
202001,INN,1,1,664,71926,0,0,0,2020,1
202001,INN,1,2,662,72787,0,0,72787,2020,1
202001,INN,2,1,133,16015,0,0,0,2020,1
202001,INN,2,2,128,14983,0,0,14983,2020,1
202001,KLU,1,1,121,6783,0,0,0,2020,1
202001,KLU,1,2,120,7715,0,0,7715,2020,1
202001,KLU,2,1,6,540,0,0,0,2020,1
202001,KLU,2,2,6,423,0,0,423,2020,1
202001,LNZ,1,1,144,7346,1709,0,0,2020,1
202001,LNZ,1,2,143,7509,418,0,7509,2020,1
202001,LNZ,1,3,0,46,0,0,0,2020,1
202001,LNZ,2,1,53,1722,213781,0,0,2020,1
202001,LNZ,2,2,52,1563,361711,0,1563,2020,1
202001,LNZ,2,3,0,0,126329,0,0,2020,1
202001,SZG,1,1,867,91809,3874,0,0,2020,1
202001,SZG,1,2,867,93970,6115,0,93970,2020,1
202001,SZG,2,1,128,18586,0,0,0,2020,1
202001,SZG,2,2,128,18016,0,0,18016,2020,1
202002,VIE,1,1,9106,1003691,7082345,563876,0,2020,2
202002,VIE,1,2,9105,992637,6780725,428172,992637,2020,2
202002,VIE,1,3,0,502,1788525,15961,0,2020,2
202002,VIE,2,1,213,10161,894416,0,0,2020,2
202002,VIE,2,2,203,10262,306352,0,10262,2020,2
202002,VIE,2,3,0,518,142314,0,0,2020,2
202002,GRZ,1,1,476,29138,3650,0,0,2020,2
202002,GRZ,1,2,477,29058,2813,0,29058,2020,2
202002,GRZ,1,3,0,145,0,0,0,2020,2
202002,GRZ,2,1,16,1323,220,0,0,2020,2
202002,GRZ,2,2,16,1322,0,0,1322,2020,2
202002,INN,1,1,650,74110,0,0,0,2020,2
202002,INN,1,2,650,73767,0,0,73767,2020,2
202002,INN,2,1,187,24707,0,0,0,2020,2
202002,INN,2,2,187,24062,0,0,24062,2020,2
202002,KLU,1,1,110,7222,0,0,0,2020,2
202002,KLU,1,2,110,7443,0,0,7443,2020,2
202002,LNZ,1,1,158,8985,322,0,0,2020,2
202002,LNZ,1,2,157,8166,594,0,8166,2020,2
202002,LNZ,2,1,53,1781,182938,0,0,2020,2
202002,LNZ,2,2,54,1805,464071,0,1805,2020,2
202002,LNZ,2,3,0,98,56055,0,0,2020,2
202002,SZG,1,1,902,105693,5807,0,0,2020,2
202002,SZG,1,2,902,103726,8985,0,103726,2020,2
202002,SZG,2,1,171,24777,0,0,0,2020,2
202002,SZG,2,2,170,24636,3907,0,24636,2020,2
202002,SZG,2,3,0,20,0,0,0,2020,2
202003,VIE,1,1,5012,407093,7963224,412758,0,2020,3
202003,VIE,1,2,4976,384914,5551537,242310,384914,2020,3
202003,VIE,1,3,0,1090,2372664,8848,0,2020,3
202003,VIE,2,1,245,10594,1304218,921,0,2020,3
202003,VIE,2,2,245,4663,436528,0,4663,2020,3
202003,VIE,2,3,0,312,120470,28,0,2020,3
202003,GRZ,1,1,230,11629,579,0,0,2020,3
202003,GRZ,1,2,232,10547,1001,0,10547,2020,3
202003,GRZ,2,1,11,799,0,0,0,2020,3
202003,GRZ,2,2,11,617,0,0,617,2020,3
202003,GRZ,2,3,0,6,0,0,0,2020,3
202003,INN,1,1,350,27898,0,0,0,2020,3
202003,INN,1,2,358,37090,0,0,37090,2020,3
202003,INN,2,1,65,3949,0,0,0,2020,3
202003,INN,2,2,65,8156,0,0,8156,2020,3
202003,KLU,1,1,58,2600,0,0,0,2020,3
202003,KLU,1,2,59,2956,0,0,2956,2020,3
202003,LNZ,1,1,69,3010,789,0,0,2020,3
202003,LNZ,1,2,69,2731,269,0,2731,2020,3
202003,LNZ,2,1,48,682,190761,0,0,2020,3
202003,LNZ,2,2,50,499,348242,0,499,2020,3
202003,LNZ,2,3,0,0,80956,0,0,2020,3
202003,SZG,1,1,480,34691,5199,0,0,2020,3
202003,SZG,1,2,483,47121,5202,0,47121,2020,3
202003,SZG,2,1,63,4775,0,0,0,2020,3
202003,SZG,2,2,63,9050,0,0,9050,2020,3
202004,VIE,1,1,334,5562,5327953,48417,0,2020,4
202004,VIE,1,2,334,3857,2197145,35995,3857,2020,4
202004,VIE,1,3,0,16,1596480,7782,0,2020,4
202004,VIE,2,1,147,2359,2133844,3178,0,2020,4
202004,VIE,2,2,145,809,490293,264,809,2020,4
202004,VIE,2,3,0,29,120704,1544,0,2020,4
202004,GRZ,1,2,1,0,0,0,0,2020,4
202004,GRZ,2,1,5,2,0,0,0,2020,4
202004,GRZ,2,2,5,3,0,0,3,2020,4
202004,GRZ,2,3,0,9,0,0,0,2020,4
202004,INN,2,1,1,143,0,0,0,2020,4
202004,INN,2,2,1,0,0,0,0,2020,4
202004,LNZ,2,1,63,0,227984,0,0,2020,4
202004,LNZ,2,2,63,0,540368,0,0,2020,4
202004,LNZ,2,3,0,0,94299,0,0,2020,4
202004,SZG,1,1,2,6,0,0,0,2020,4
202004,SZG,1,2,2,5,0,0,5,2020,4
202005,VIE,1,1,407,10199,5761728,59743,0,2020,5
202005,VIE,1,2,376,8415,1966516,42011,8415,2020,5
202005,VIE,1,3,0,106,2486649,16458,0,2020,5
202005,VIE,2,1,119,250,2295762,25217,0,2020,5
202005,VIE,2,2,165,1139,821914,5065,1139,2020,5
202005,VIE,2,3,0,93,221026,1601,0,2020,5
202005,GRZ,2,1,7,18,0,0,0,2020,5
202005,GRZ,2,2,7,14,0,0,14,2020,5
202005,LNZ,2,1,46,723,232391,0,0,2020,5
202005,LNZ,2,2,46,0,562617,0,0,2020,5
202005,LNZ,2,3,0,0,63270,0,0,2020,5
202005,SZG,1,1,10,133,0,0,0,2020,5
202005,SZG,1,2,10,104,0,0,104,2020,5
202005,SZG,2,1,1,5,0,0,0,2020,5
202005,SZG,2,2,1,5,0,0,5,2020,5
202006,VIE,1,1,1146,67105,5414885,91471,0,2020,6
202006,VIE,1,2,1143,70065,2715975,113067,70065,2020,6
202006,VIE,1,3,0,26,2282280,13850,0,2020,6
202006,VIE,2,1,81,347,725750,6373,0,2020,6
202006,VIE,2,2,83,581,381627,0,581,2020,6
202006,VIE,2,3,0,0,212314,570,0,2020,6
202006,GRZ,1,1,9,294,0,0,0,2020,6
202006,GRZ,1,2,10,326,0,0,326,2020,6
202006,GRZ,2,1,26,358,0,0,0,2020,6
202006,GRZ,2,2,25,78,0,0,78,2020,6
202006,GRZ,2,3,0,34,0,0,0,2020,6
202006,INN,1,1,9,220,0,0,0,2020,6
202006,INN,1,2,9,272,0,0,272,2020,6
202006,LNZ,2,1,44,0,216536,0,0,2020,6
202006,LNZ,2,2,44,30,640485,0,30,2020,6
202006,LNZ,2,3,0,0,53364,0,0,2020,6
202006,SZG,1,1,14,851,0,0,0,2020,6
202006,SZG,1,2,14,782,0,0,782,2020,6
202007,VIE,1,1,3733,272221,6386558,169940,0,2020,7
202007,VIE,1,2,3755,301380,3531987,168571,301380,2020,7
202007,VIE,1,3,0,412,2878076,2114,0,2020,7
202007,VIE,2,1,78,758,642106,0,0,2020,7
202007,VIE,2,2,82,1509,152011,0,1509,2020,7
202007,VIE,2,3,0,144,184597,1366,0,2020,7
202007,GRZ,1,1,89,3903,278,0,0,2020,7
202007,GRZ,1,2,87,4298,96,0,4298,2020,7
202007,GRZ,2,1,43,711,270,0,0,2020,7
202007,GRZ,2,2,44,1096,0,0,1096,2020,7
202007,GRZ,2,3,0,104,0,0,0,2020,7
202007,INN,1,1,68,2837,0,0,0,2020,7
202007,INN,1,2,65,2799,0,0,2799,2020,7
202007,INN,1,3,0,14,0,0,0,2020,7
202007,INN,2,1,26,1225,0,0,0,2020,7
202007,INN,2,2,26,1863,0,0,1863,2020,7
202007,KLU,1,1,14,1461,0,0,0,2020,7
202007,KLU,1,2,14,1255,0,0,1255,2020,7
202007,LNZ,1,1,3,1,0,0,0,2020,7
202007,LNZ,1,2,3,0,0,0,0,2020,7
202007,LNZ,1,3,0,128,0,0,0,2020,7
202007,LNZ,2,1,59,242,232884,0,0,2020,7
202007,LNZ,2,2,59,310,648403,0,310,2020,7
202007,LNZ,2,3,0,234,54643,0,0,2020,7
202007,SZG,1,1,143,7901,1967,0,0,2020,7
202007,SZG,1,2,142,10307,251,0,10307,2020,7
202007,SZG,1,3,0,26,0,0,0,2020,7
202007,SZG,2,1,3,94,0,0,0,2020,7
202007,SZG,2,2,2,49,0,0,49,2020,7
202008,VIE,1,1,5190,402928,6075201,187350,0,2020,8
202008,VIE,1,2,5180,391192,3202288,226883,391192,2020,8
202008,VIE,1,3,0,842,1986552,934,0,2020,8
202008,VIE,2,1,61,713,1132228,3019,0,2020,8
202008,VIE,2,2,63,1733,275130,0,1733,2020,8
202008,VIE,2,3,0,462,322320,2033,0,2020,8
202008,GRZ,1,1,93,4833,453,0,0,2020,8
202008,GRZ,1,2,94,5280,58,0,5280,2020,8
202008,GRZ,2,1,45,1236,0,0,0,2020,8
202008,GRZ,2,2,43,1527,0,0,1527,2020,8
202008,GRZ,2,3,0,187,0,0,0,2020,8
202008,INN,1,1,69,3832,0,0,0,2020,8
202008,INN,1,2,69,3949,0,0,3949,2020,8
202008,INN,1,3,0,76,0,0,0,2020,8
202008,INN,2,1,27,1911,0,0,0,2020,8
202008,INN,2,2,28,2065,0,0,2065,2020,8
202008,KLU,1,1,18,1448,0,0,0,2020,8
202008,KLU,1,2,18,1732,0,0,1732,2020,8
202008,KLU,2,1,1,0,0,0,0,2020,8
202008,KLU,2,2,1,45,0,0,45,2020,8
202008,LNZ,2,1,62,516,181352,0,0,2020,8
202008,LNZ,2,2,62,604,658996,0,604,2020,8
202008,LNZ,2,3,0,560,44339,0,0,2020,8
202008,SZG,1,1,179,14693,1010,0,0,2020,8
202008,SZG,1,2,179,14804,500,0,14804,2020,8
202008,SZG,1,3,0,131,0,0,0,2020,8
202008,SZG,2,1,11,345,0,0,0,2020,8
202008,SZG,2,2,12,480,0,0,480,2020,8
202008,SZG,2,3,0,251,0,0,0,2020,8
202009,VIE,1,1,4596,291003,6842790,245183,0,2020,9
202009,VIE,1,2,4598,268512,3384534,308037,268512,2020,9
202009,VIE,1,3,0,1043,2294285,575,0,2020,9
202009,VIE,2,1,71,587,1439987,1554,0,2020,9
202009,VIE,2,2,70,474,457181,3757,474,2020,9
202009,VIE,2,3,0,628,351901,1173,0,2020,9
202009,GRZ,1,1,105,5294,1070,0,0,2020,9
202009,GRZ,1,2,105,5621,188,0,5621,2020,9
202009,GRZ,2,1,39,1143,0,0,0,2020,9
202009,GRZ,2,2,41,852,716,0,852,2020,9
202009,GRZ,2,3,0,170,0,0,0,2020,9
202009,INN,1,1,70,3130,0,0,0,2020,9
202009,INN,1,2,69,2941,0,0,2941,2020,9
202009,INN,1,3,0,27,0,0,0,2020,9
202009,INN,2,1,19,1738,0,0,0,2020,9
202009,INN,2,2,19,1543,0,0,1543,2020,9
202009,KLU,1,1,33,1697,0,0,0,2020,9
202009,KLU,1,2,33,1807,0,0,1807,2020,9
202009,KLU,2,1,5,129,0,0,0,2020,9
202009,KLU,2,2,5,96,0,0,96,2020,9
202009,LNZ,2,1,57,528,266612,0,0,2020,9
202009,LNZ,2,2,57,505,758620,0,505,2020,9
202009,LNZ,2,3,0,231,56214,0,0,2020,9
202009,SZG,1,1,150,10862,784,0,0,2020,9
202009,SZG,1,2,150,10007,625,0,10007,2020,9
202009,SZG,1,3,0,29,0,0,0,2020,9
202009,SZG,2,1,17,1549,0,0,0,2020,9
202009,SZG,2,2,17,1191,0,0,1191,2020,9
202009,SZG,2,3,0,73,0,0,0,2020,9
202010,VIE,1,1,3424,189490,7435798,254037,0,2020,10
202010,VIE,1,2,3435,185938,3805296,322655,185938,2020,10
202010,VIE,1,3,0,1914,2362149,1966,0,2020,10
202010,VIE,2,1,61,362,1537885,9422,0,2020,10
202010,VIE,2,2,66,268,346464,946,268,2020,10
202010,VIE,2,3,0,135,287608,6,0,2020,10
202010,GRZ,1,1,140,4782,232,0,0,2020,10
202010,GRZ,1,2,140,4982,267,0,4982,2020,10
202010,GRZ,2,1,27,114,0,0,0,2020,10
202010,GRZ,2,2,27,66,0,0,66,2020,10
202010,GRZ,2,3,0,62,0,0,0,2020,10
202010,INN,1,1,60,1690,0,0,0,2020,10
202010,INN,1,2,61,1771,0,0,1771,2020,10
202010,INN,2,1,4,414,0,0,0,2020,10
202010,INN,2,2,6,90,0,0,90,2020,10
202010,INN,2,3,0,33,0,0,0,2020,10
202010,KLU,1,1,45,1403,0,0,0,2020,10
202010,KLU,1,2,45,1557,0,0,1557,2020,10
202010,KLU,2,1,9,144,0,0,0,2020,10
202010,KLU,2,2,9,288,0,0,288,2020,10
202010,LNZ,2,1,52,206,271957,0,0,2020,10
202010,LNZ,2,2,52,95,823597,0,95,2020,10
202010,LNZ,2,3,0,0,74979,0,0,2020,10
202010,SZG,1,1,127,6700,6,0,0,2020,10
202010,SZG,1,2,127,6702,191,0,6702,2020,10
202010,SZG,2,1,12,877,0,0,0,2020,10
202010,SZG,2,2,12,820,0,0,820,2020,10
202011,VIE,1,1,2047,88794,7815390,217338,0,2020,11
202011,VIE,1,2,2040,89375,3799743,271294,89375,2020,11
202011,VIE,1,3,0,1349,2123285,1151,0,2020,11
202011,VIE,2,1,77,472,1675345,9322,0,2020,11
202011,VIE,2,2,83,641,268672,1403,641,2020,11
202011,VIE,2,3,0,484,225372,11002,0,2020,11
202011,GRZ,1,1,53,1181,46,0,0,2020,11
202011,GRZ,1,2,54,1474,17,0,1474,2020,11
202011,GRZ,2,1,14,77,0,0,0,2020,11
202011,GRZ,2,2,14,159,0,0,159,2020,11
202011,GRZ,2,3,0,1,0,0,0,2020,11
202011,INN,1,1,32,623,0,0,0,2020,11
202011,INN,1,2,32,676,0,0,676,2020,11
202011,KLU,1,1,11,144,0,0,0,2020,11
202011,KLU,1,2,11,204,0,0,204,2020,11
202011,LNZ,2,1,52,125,253795,0,0,2020,11
202011,LNZ,2,2,52,128,844093,0,128,2020,11
202011,LNZ,2,3,0,0,79525,0,0,2020,11
202011,SZG,1,1,12,353,0,0,0,2020,11
202011,SZG,1,2,13,324,0,0,324,2020,11
202011,SZG,2,1,1,0,0,0,0,2020,11
202011,SZG,2,2,1,47,0,0,47,2020,11
202012,VIE,1,1,1981,106501,7884137,260698,0,2020,12
202012,VIE,1,2,1982,116921,4147543,248573,116921,2020,12
202012,VIE,1,3,0,2638,2104557,1113,0,2020,12
202012,VIE,2,1,59,295,540330,21871,0,2020,12
202012,VIE,2,2,55,424,371907,0,424,2020,12
202012,VIE,2,3,0,71,135475,2852,0,2020,12
202012,GRZ,1,1,44,1303,125,0,0,2020,12
202012,GRZ,1,2,44,1201,79,0,1201,2020,12
202012,GRZ,2,1,5,10,0,0,0,2020,12
202012,GRZ,2,2,5,9,0,0,9,2020,12
202012,INN,1,1,49,1157,0,0,0,2020,12
202012,INN,1,2,54,948,0,0,948,2020,12
202012,INN,2,1,5,0,0,0,0,2020,12
202012,KLU,1,1,5,88,0,0,0,2020,12
202012,KLU,1,2,5,38,0,0,38,2020,12
202012,KLU,2,1,3,71,0,0,0,2020,12
202012,KLU,2,2,3,106,0,0,106,2020,12
202012,LNZ,2,1,48,100,240878,0,0,2020,12
202012,LNZ,2,2,48,97,917984,0,97,2020,12
202012,LNZ,2,3,0,0,75312,0,0,2020,12
202012,SZG,1,1,35,1025,0,0,0,2020,12
202012,SZG,1,2,35,814,2,0,814,2020,12
202012,SZG,2,1,6,495,0,0,0,2020,12
202012,SZG,2,2,6,80,0,0,80,2020,12
202101,VIE,1,1,1806,100353,8670390,210738,0,2021,1
202101,VIE,1,2,1845,94825,3626700,234234,94825,2021,1
202101,VIE,1,3,0,2611,1997858,1292,0,2021,1
202101,VIE,2,1,56,317,220628,0,0,2021,1
202101,VIE,2,2,26,181,51043,0,181,2021,1
202101,VIE,2,3,0,8,6263,3709,0,2021,1
202101,GRZ,1,1,46,1110,43,0,0,2021,1
202101,GRZ,1,2,45,1410,0,0,1410,2021,1
202101,GRZ,2,1,12,84,0,0,0,2021,1
202101,GRZ,2,2,12,110,0,0,110,2021,1
202101,INN,1,1,31,567,0,0,0,2021,1
202101,INN,1,2,38,731,0,0,731,2021,1
202101,INN,2,1,8,0,0,0,0,2021,1
202101,KLU,1,1,2,6,0,0,0,2021,1
202101,KLU,1,2,2,42,0,0,42,2021,1
202101,LNZ,2,1,43,0,293772,0,0,2021,1
202101,LNZ,2,2,42,0,666813,0,0,2021,1
202101,LNZ,2,3,0,0,66493,0,0,2021,1
202101,SZG,1,1,15,251,0,0,0,2021,1
202101,SZG,1,2,15,398,0,0,398,2021,1
202101,SZG,2,1,4,177,0,0,0,2021,1
202101,SZG,2,2,4,171,0,0,171,2021,1
202102,VIE,1,1,1350,79499,7540726,169623,0,2021,2
202102,VIE,1,2,1353,77047,3728351,154424,77047,2021,2
202102,VIE,1,3,0,1587,1715635,2337,0,2021,2
202102,VIE,2,1,55,365,608089,0,0,2021,2
202102,VIE,2,2,48,288,108791,0,288,2021,2
202102,GRZ,1,1,41,959,2,0,0,2021,2
202102,GRZ,1,2,41,1105,0,0,1105,2021,2
202102,GRZ,2,1,9,20,45677,0,0,2021,2
202102,GRZ,2,2,9,81,0,0,81,2021,2
202102,INN,1,1,23,451,0,0,0,2021,2
202102,INN,1,2,23,499,0,0,499,2021,2
202102,KLU,2,1,1,0,0,0,0,2021,2
202102,KLU,2,2,1,47,0,0,47,2021,2
202102,LNZ,2,1,40,0,273894,0,0,2021,2
202102,LNZ,2,2,40,0,641931,1655,0,2021,2
202102,LNZ,2,3,0,0,59622,0,0,2021,2
202102,SZG,1,1,9,112,0,0,0,2021,2
202102,SZG,1,2,9,120,0,0,120,2021,2
202102,SZG,2,1,3,113,0,0,0,2021,2
202102,SZG,2,2,3,115,0,0,115,2021,2
202103,VIE,1,1,1868,103216,8751272,248283,0,2021,3
202103,VIE,1,2,1868,108900,4590884,228723,108900,2021,3
202103,VIE,1,3,0,2462,2412605,4447,0,2021,3
202103,VIE,2,1,72,465,446539,1166,0,2021,3
202103,VIE,2,2,71,348,127197,0,348,2021,3
202103,VIE,2,3,0,246,241900,4118,0,2021,3
202103,GRZ,1,1,43,1335,332,0,0,2021,3
202103,GRZ,1,2,43,1389,9,0,1389,2021,3
202103,GRZ,2,1,17,15,473424,0,0,2021,3
202103,GRZ,2,2,17,42,0,0,42,2021,3
202103,GRZ,2,3,0,3,0,0,0,2021,3
202103,INN,1,1,23,585,0,0,0,2021,3
202103,INN,1,2,24,590,0,0,590,2021,3
202103,LNZ,2,1,63,0,789866,0,0,2021,3
202103,LNZ,2,2,64,0,1211853,1483,0,2021,3
202103,LNZ,2,3,0,0,78112,0,0,2021,3
202103,SZG,1,1,9,232,0,0,0,2021,3
202103,SZG,1,2,9,218,0,0,218,2021,3
202104,VIE,1,1,2444,136732,8551608,260314,0,2021,4
202104,VIE,1,2,2446,129728,4629069,328645,129728,2021,4
202104,VIE,1,3,0,1873,2989199,6886,0,2021,4
202104,VIE,2,1,56,302,687095,22,0,2021,4
202104,VIE,2,2,63,532,382191,0,532,2021,4
202104,VIE,2,3,0,0,257740,6517,0,2021,4
202104,GRZ,1,1,61,1599,260,0,0,2021,4
202104,GRZ,1,2,60,1749,277,0,1749,2021,4
202104,GRZ,2,1,57,158,1112602,0,0,2021,4
202104,GRZ,2,2,52,100,0,0,100,2021,4
202104,INN,1,1,27,556,0,0,0,2021,4
202104,INN,1,2,27,616,0,0,616,2021,4
202104,LNZ,1,1,3,0,0,0,0,2021,4
202104,LNZ,1,2,3,0,0,0,0,2021,4
202104,LNZ,2,1,60,0,743563,0,0,2021,4
202104,LNZ,2,2,59,0,794258,1416,0,2021,4
202104,LNZ,2,3,0,0,146624,0,0,2021,4
202104,SZG,1,1,12,553,862,0,0,2021,4
202104,SZG,1,2,12,463,1385,0,463,2021,4
202105,VIE,1,1,2849,197924,8917937,240444,0,2021,5
202105,VIE,1,2,2849,197202,4734098,298548,197202,2021,5
202105,VIE,1,3,0,2202,2826995,7419,0,2021,5
202105,VIE,2,1,56,921,701436,12172,0,2021,5
202105,VIE,2,2,52,1305,714,0,1305,2021,5
202105,GRZ,1,1,67,2285,433,0,0,2021,5
202105,GRZ,1,2,68,2492,783,0,2492,2021,5
202105,GRZ,2,1,55,84,646033,0,0,2021,5
202105,GRZ,2,2,59,117,0,0,117,2021,5
202105,GRZ,2,3,0,5,0,0,0,2021,5
202105,INN,1,1,27,860,0,0,0,2021,5
202105,INN,1,2,27,872,0,0,872,2021,5
202105,INN,2,1,5,102,0,0,0,2021,5
202105,INN,2,2,5,214,0,0,214,2021,5
202105,KLU,2,1,1,49,0,0,0,2021,5
202105,KLU,2,2,1,0,0,0,0,2021,5
202105,KLU,2,3,0,39,0,0,0,2021,5
202105,LNZ,1,1,1,0,0,0,0,2021,5
202105,LNZ,1,2,1,0,0,0,0,2021,5
202105,LNZ,2,1,52,64,830783,0,0,2021,5
202105,LNZ,2,2,52,0,632017,0,0,2021,5
202105,LNZ,2,3,0,0,47384,0,0,2021,5
202105,SZG,2,1,6,251,0,0,0,2021,5
202105,SZG,2,2,6,218,0,0,218,2021,5
202106,VIE,1,1,4037,349390,8343339,219345,0,2021,6
202106,VIE,1,2,4046,368232,4750842,291480,368232,2021,6
202106,VIE,1,3,0,3253,2851661,4223,0,2021,6
202106,VIE,2,1,74,1771,216109,102,0,2021,6
202106,VIE,2,2,65,2172,38649,0,2172,2021,6
202106,VIE,2,3,0,509,2491,0,0,2021,6
202106,GRZ,1,1,105,4620,247,0,0,2021,6
202106,GRZ,1,2,105,4725,465,0,4725,2021,6
202106,GRZ,2,1,91,1577,0,0,0,2021,6
202106,GRZ,2,2,91,1540,0,0,1540,2021,6
202106,GRZ,2,3,0,677,0,0,0,2021,6
202106,INN,1,1,39,1641,0,0,0,2021,6
202106,INN,1,2,38,1726,0,0,1726,2021,6
202106,INN,2,1,40,1779,0,0,0,2021,6
202106,INN,2,2,40,2792,0,0,2792,2021,6
202106,INN,2,3,0,28,0,0,0,2021,6
202106,KLU,1,1,5,228,0,0,0,2021,6
202106,KLU,1,2,5,138,0,0,138,2021,6
202106,KLU,2,1,9,344,0,0,0,2021,6
202106,KLU,2,2,9,346,0,0,346,2021,6
202106,KLU,2,3,0,2,0,0,0,2021,6
202106,LNZ,1,1,3,28,0,0,0,2021,6
202106,LNZ,1,2,3,73,0,0,73,2021,6
202106,LNZ,2,1,62,450,494077,0,0,2021,6
202106,LNZ,2,2,62,1022,745141,0,1022,2021,6
202106,LNZ,2,3,0,17,56064,0,0,2021,6
202106,SZG,1,1,41,3265,0,0,0,2021,6
202106,SZG,1,2,39,4459,0,0,4459,2021,6
202106,SZG,1,3,0,109,0,0,0,2021,6
202106,SZG,2,1,23,880,0,0,0,2021,6
202106,SZG,2,2,23,953,0,0,953,2021,6
202106,SZG,2,3,0,117,0,0,0,2021,6
202107,VIE,1,1,6683,693663,8302025,193447,0,2021,7
202107,VIE,1,2,6713,766421,5051101,289967,766421,2021,7
202107,VIE,1,3,0,5085,3155459,4078,0,2021,7
202107,VIE,2,1,95,3528,317611,0,0,2021,7
202107,VIE,2,2,87,5233,121332,0,5233,2021,7
202107,VIE,2,3,0,704,105,0,0,2021,7
202107,GRZ,1,1,176,10169,848,0,0,2021,7
202107,GRZ,1,2,176,10764,531,0,10764,2021,7
202107,GRZ,2,1,127,5503,0,0,0,2021,7
202107,GRZ,2,2,127,7898,508,0,7898,2021,7
202107,GRZ,2,3,0,179,0,0,0,2021,7
202107,INN,1,1,80,4922,0,0,0,2021,7
202107,INN,1,2,80,4999,0,0,4999,2021,7
202107,INN,2,1,58,4361,0,0,0,2021,7
202107,INN,2,2,57,4800,0,0,4800,2021,7
202107,KLU,1,1,33,2743,0,0,0,2021,7
202107,KLU,1,2,33,2306,0,0,2306,2021,7
202107,KLU,2,1,10,285,0,0,0,2021,7
202107,KLU,2,2,10,445,0,0,445,2021,7
202107,KLU,2,3,0,1,0,0,0,2021,7
202107,LNZ,1,1,33,1145,0,0,0,2021,7
202107,LNZ,1,2,33,1407,0,0,1407,2021,7
202107,LNZ,1,3,0,239,0,0,0,2021,7
202107,LNZ,2,1,98,4341,766343,0,0,2021,7
202107,LNZ,2,2,97,5798,1065220,0,5798,2021,7
202107,LNZ,2,3,0,370,60156,0,0,2021,7
202107,SZG,1,1,213,17945,1541,0,0,2021,7
202107,SZG,1,2,212,19818,429,0,19818,2021,7
202107,SZG,1,3,0,93,0,0,0,2021,7
202107,SZG,2,1,32,1677,0,0,0,2021,7
202107,SZG,2,2,33,1958,0,0,1958,2021,7
202108,VIE,1,1,7550,906210,7937110,172841,0,2021,8
202108,VIE,1,2,7533,857669,4926505,256612,857669,2021,8
202108,VIE,1,3,0,4763,2967554,12558,0,2021,8
202108,VIE,2,1,92,5233,107956,0,0,2021,8
202108,VIE,2,2,95,4281,24440,0,4281,2021,8
202108,VIE,2,3,0,123,0,0,0,2021,8
202108,GRZ,1,1,184,11514,260,0,0,2021,8
202108,GRZ,1,2,184,12512,458,0,12512,2021,8
202108,GRZ,1,3,0,226,0,0,0,2021,8
202108,GRZ,2,1,106,7139,180,0,0,2021,8
202108,GRZ,2,2,106,7019,25016,0,7019,2021,8
202108,INN,1,1,103,7437,0,0,0,2021,8
202108,INN,1,2,103,7785,0,0,7785,2021,8
202108,INN,2,1,50,4425,0,0,0,2021,8
202108,INN,2,2,51,4758,0,0,4758,2021,8
202108,KLU,1,1,36,2696,0,0,0,2021,8
202108,KLU,1,2,36,2901,0,0,2901,2021,8
202108,KLU,2,1,10,417,0,0,0,2021,8
202108,KLU,2,2,10,430,0,0,430,2021,8
202108,LNZ,1,1,32,1924,0,0,0,2021,8
202108,LNZ,1,2,31,2023,0,0,2023,2021,8
202108,LNZ,1,3,0,397,0,0,0,2021,8
202108,LNZ,2,1,97,6324,293785,0,0,2021,8
202108,LNZ,2,2,99,6142,743745,0,6142,2021,8
202108,LNZ,2,3,0,134,56630,0,0,2021,8
202108,SZG,1,1,249,27287,5116,0,0,2021,8
202108,SZG,1,2,250,27359,3840,0,27359,2021,8
202108,SZG,2,1,29,2110,0,0,0,2021,8
202108,SZG,2,2,28,2206,0,0,2206,2021,8
202108,SZG,2,3,0,108,0,0,0,2021,8
202109,VIE,1,1,7228,812518,8913554,204591,0,2021,9
202109,VIE,1,2,7240,751928,4963612,317374,751928,2021,9
202109,VIE,1,3,0,3819,2919265,2093,0,2021,9
202109,VIE,2,1,103,3498,224154,0,0,2021,9
202109,VIE,2,2,103,3205,108841,0,3205,2021,9
202109,VIE,2,3,0,347,28933,0,0,2021,9
202109,GRZ,1,1,196,15232,2030,0,0,2021,9
202109,GRZ,1,2,194,14103,407,0,14103,2021,9
202109,GRZ,2,1,121,6833,0,0,0,2021,9
202109,GRZ,2,2,118,5669,0,0,5669,2021,9
202109,GRZ,2,3,0,537,0,0,0,2021,9
202109,INN,1,1,63,5466,0,0,0,2021,9
202109,INN,1,2,63,5083,0,0,5083,2021,9
202109,INN,2,1,33,3641,0,0,0,2021,9
202109,INN,2,2,34,2205,0,0,2205,2021,9
202109,KLU,1,1,37,2417,0,0,0,2021,9
202109,KLU,1,2,36,2492,0,0,2492,2021,9
202109,KLU,2,1,6,335,0,0,0,2021,9
202109,KLU,2,2,6,289,0,0,289,2021,9
202109,LNZ,1,1,48,2330,0,0,0,2021,9
202109,LNZ,1,2,48,2173,0,0,2173,2021,9
202109,LNZ,1,3,0,117,0,0,0,2021,9
202109,LNZ,2,1,96,5429,432493,0,0,2021,9
202109,LNZ,2,2,96,4870,762149,0,4870,2021,9
202109,LNZ,2,3,0,303,70199,0,0,2021,9
202109,SZG,1,1,278,29525,2007,0,0,2021,9
202109,SZG,1,2,277,27194,2716,0,27194,2021,9
202109,SZG,1,3,0,42,0,0,0,2021,9
202109,SZG,2,1,28,2131,0,0,0,2021,9
202109,SZG,2,2,28,1635,0,0,1635,2021,9
202110,VIE,1,1,7164,781730,10051399,234366,0,2021,10
202110,VIE,1,2,7154,780060,5763264,360162,780060,2021,10
202110,VIE,1,3,0,3090,2628973,3774,0,2021,10
202110,VIE,2,1,103,3944,447358,0,0,2021,10
202110,VIE,2,2,112,4294,29161,0,4294,2021,10
202110,VIE,2,3,0,37,243786,0,0,2021,10
202110,GRZ,1,1,251,15300,503,0,0,2021,10
202110,GRZ,1,2,250,15997,333,0,15997,2021,10
202110,GRZ,2,1,68,2500,240,0,0,2021,10
202110,GRZ,2,2,70,2223,0,0,2223,2021,10
202110,GRZ,2,3,0,35,0,0,0,2021,10
202110,INN,1,1,45,2329,0,0,0,2021,10
202110,INN,1,2,44,2695,0,0,2695,2021,10
202110,KLU,1,1,54,2393,0,0,0,2021,10
202110,KLU,1,2,54,2545,0,0,2545,2021,10
202110,KLU,2,1,2,56,0,0,0,2021,10
202110,KLU,2,2,2,0,0,0,0,2021,10
202110,LNZ,1,1,81,2532,0,0,0,2021,10
202110,LNZ,1,2,80,2872,0,0,2872,2021,10
202110,LNZ,2,1,79,3484,527148,0,0,2021,10
202110,LNZ,2,2,79,2912,709459,0,2912,2021,10
202110,LNZ,2,3,0,0,45430,0,0,2021,10
202110,SZG,1,1,267,24018,1176,0,0,2021,10
202110,SZG,1,2,263,23711,5096,0,23711,2021,10
202110,SZG,1,3,0,50,0,0,0,2021,10
202110,SZG,2,1,7,186,0,0,0,2021,10
202110,SZG,2,2,9,874,0,0,874,2021,10
202111,VIE,1,1,6104,554224,9584247,241704,0,2021,11
202111,VIE,1,2,6097,551788,5225748,378026,551788,2021,11
202111,VIE,1,3,0,2850,2426835,6022,0,2021,11
202111,VIE,2,1,107,3593,973008,544,0,2021,11
202111,VIE,2,2,100,3245,435503,1,3245,2021,11
202111,VIE,2,3,0,364,11518,0,0,2021,11
202111,GRZ,1,1,246,11871,368,0,0,2021,11
202111,GRZ,1,2,248,12790,1448,0,12790,2021,11
202111,GRZ,1,3,0,143,0,0,0,2021,11
202111,GRZ,2,1,39,1457,0,0,0,2021,11
202111,GRZ,2,2,39,1436,0,0,1436,2021,11
202111,GRZ,2,3,0,9,0,0,0,2021,11
202111,INN,1,1,78,4471,0,0,0,2021,11
202111,INN,1,2,78,4549,0,0,4549,2021,11
202111,INN,2,1,2,30,0,0,0,2021,11
202111,INN,2,2,3,50,0,0,50,2021,11
202111,KLU,1,1,36,1316,0,0,0,2021,11
202111,KLU,1,2,37,1480,0,0,1480,2021,11
202111,KLU,1,3,0,176,0,0,0,2021,11
202111,KLU,2,1,8,201,0,0,0,2021,11
202111,KLU,2,2,8,220,0,0,220,2021,11
202111,LNZ,1,1,71,2071,0,0,0,2021,11
202111,LNZ,1,2,71,2122,0,0,2122,2021,11
202111,LNZ,2,1,66,1272,348681,0,0,2021,11
202111,LNZ,2,2,68,1224,611511,0,1224,2021,11
202111,LNZ,2,3,0,0,52320,0,0,2021,11
202111,SZG,1,1,227,14551,485,0,0,2021,11
202111,SZG,1,2,228,14383,3234,0,14383,2021,11
202111,SZG,2,1,10,369,0,0,0,2021,11
202111,SZG,2,2,12,345,0,0,345,2021,11
202112,VIE,1,1,5735,442208,8978121,295839,0,2021,12
202112,VIE,1,2,5731,470418,5885587,487997,470418,2021,12
202112,VIE,1,3,0,3883,2495331,5607,0,2021,12
202112,VIE,2,1,91,2057,943714,79,0,2021,12
202112,VIE,2,2,92,2691,83651,0,2691,2021,12
202112,VIE,2,3,0,345,0,430,0,2021,12
202112,GRZ,1,1,180,8300,449,0,0,2021,12
202112,GRZ,1,2,181,7644,750,0,7644,2021,12
202112,GRZ,2,1,30,1015,0,0,0,2021,12
202112,GRZ,2,2,30,1141,0,0,1141,2021,12
202112,GRZ,2,3,0,12,0,0,0,2021,12
202112,INN,1,1,237,19619,0,0,0,2021,12
202112,INN,1,2,234,13222,0,0,13222,2021,12
202112,INN,1,3,0,23,0,0,0,2021,12
202112,INN,2,1,33,2221,0,0,0,2021,12
202112,INN,2,2,36,1795,0,0,1795,2021,12
202112,KLU,1,1,20,1246,0,0,0,2021,12
202112,KLU,1,2,20,876,0,0,876,2021,12
202112,KLU,2,1,2,35,0,0,0,2021,12
202112,KLU,2,2,2,35,0,0,35,2021,12
202112,LNZ,1,1,30,633,0,0,0,2021,12
202112,LNZ,1,2,30,549,0,0,549,2021,12
202112,LNZ,2,1,62,813,1334682,0,0,2021,12
202112,LNZ,2,2,62,905,553805,0,905,2021,12
202112,LNZ,2,3,0,0,50387,0,0,2021,12
202112,SZG,1,1,348,24214,53122,0,0,2021,12
202112,SZG,1,2,347,18274,4158,0,18274,2021,12
202112,SZG,1,3,0,43,0,0,0,2021,12
202112,SZG,2,1,30,3006,0,0,0,2021,12
202112,SZG,2,2,30,1558,0,0,1558,2021,12
202201,VIE,1,1,4811,421383,8111780,205366,0,2022,1
202201,VIE,1,2,4820,389961,4620394,310609,389961,2022,1
202201,VIE,1,3,0,3984,2948598,7791,0,2022,1
202201,VIE,2,1,88,2252,1106239,67,0,2022,1
202201,VIE,2,2,82,1888,238801,0,1888,2022,1
202201,VIE,2,3,0,206,1546,0,0,2022,1
202201,GRZ,1,1,135,6029,308,0,0,2022,1
202201,GRZ,1,2,135,6643,706,0,6643,2022,1
202201,GRZ,2,1,32,831,4030,0,0,2022,1
202201,GRZ,2,2,32,646,317,0,646,2022,1
202201,GRZ,2,3,0,4,0,0,0,2022,1
202201,INN,1,1,360,29939,0,0,0,2022,1
202201,INN,1,2,356,30814,0,0,30814,2022,1
202201,INN,1,3,0,16,0,0,0,2022,1
202201,INN,2,1,92,11974,0,0,0,2022,1
202201,INN,2,2,96,9095,0,0,9095,2022,1
202201,INN,2,3,0,48,0,0,0,2022,1
202201,KLU,1,1,14,578,0,0,0,2022,1
202201,KLU,1,2,14,936,0,0,936,2022,1
202201,LNZ,1,1,26,544,0,0,0,2022,1
202201,LNZ,1,2,26,468,0,0,468,2022,1
202201,LNZ,2,1,61,1281,879076,0,0,2022,1
202201,LNZ,2,2,60,853,487986,0,853,2022,1
202201,LNZ,2,3,0,289,44197,0,0,2022,1
202201,SZG,1,1,487,35514,3653,0,0,2022,1
202201,SZG,1,2,487,34812,413,0,34812,2022,1
202201,SZG,1,3,0,82,0,0,0,2022,1
202201,SZG,2,1,114,13293,0,0,0,2022,1
202201,SZG,2,2,114,11210,0,0,11210,2022,1
202202,VIE,1,1,4306,431792,7102700,185555,0,2022,2
202202,VIE,1,2,4314,432733,4389785,270120,432733,2022,2
202202,VIE,1,3,0,3267,1921469,4959,0,2022,2
202202,VIE,2,1,65,2904,339735,0,0,2022,2
202202,VIE,2,2,50,3300,62577,0,3300,2022,2
202202,VIE,2,3,0,61,1477,0,0,2022,2
202202,GRZ,1,1,115,6682,261,0,0,2022,2
202202,GRZ,1,2,113,6638,289,0,6638,2022,2
202202,GRZ,2,1,20,680,1200,0,0,2022,2
202202,GRZ,2,2,20,866,0,0,866,2022,2
202202,INN,1,1,404,48283,0,0,0,2022,2
202202,INN,1,2,397,44492,0,0,44492,2022,2
202202,INN,1,3,0,4,0,0,0,2022,2
202202,INN,2,1,95,15412,0,0,0,2022,2
202202,INN,2,2,102,14348,0,0,14348,2022,2
202202,KLU,1,1,10,759,0,0,0,2022,2
202202,KLU,1,2,10,586,0,0,586,2022,2
202202,LNZ,1,1,23,407,0,0,0,2022,2
202202,LNZ,1,2,23,461,0,0,461,2022,2
202202,LNZ,2,1,57,799,932031,0,0,2022,2
202202,LNZ,2,2,58,1013,530148,0,1013,2022,2
202202,LNZ,2,3,0,10,50313,0,0,2022,2
202202,SZG,1,1,515,54930,2559,0,0,2022,2
202202,SZG,1,2,514,51185,1209,0,51185,2022,2
202202,SZG,1,3,0,20,0,0,0,2022,2
202202,SZG,2,1,115,16459,0,0,0,2022,2
202202,SZG,2,2,116,16499,0,0,16499,2022,2
202203,VIE,1,1,5752,614679,8593346,203497,0,2022,3
202203,VIE,1,2,5808,611194,5656533,318577,611194,2022,3
202203,VIE,1,3,0,3664,3083370,8052,0,2022,3
202203,VIE,2,1,137,4553,121062,0,0,2022,3
202203,VIE,2,2,96,4006,182044,4416,4006,2022,3
202203,VIE,2,3,0,1645,82916,4311,0,2022,3
202203,GRZ,1,1,211,11460,1065,0,0,2022,3
202203,GRZ,1,2,212,11971,980,0,11971,2022,3
202203,GRZ,2,1,45,1494,0,0,0,2022,3
202203,GRZ,2,2,45,1360,0,0,1360,2022,3
202203,GRZ,2,3,0,10,0,0,0,2022,3
202203,INN,1,1,450,54379,0,0,0,2022,3
202203,INN,1,2,442,57879,0,0,57879,2022,3
202203,INN,2,1,99,13388,0,0,0,2022,3
202203,INN,2,2,106,15364,0,0,15364,2022,3
202203,KLU,1,1,34,1556,0,0,0,2022,3
202203,KLU,1,2,34,1812,0,0,1812,2022,3
202203,LNZ,1,1,41,1205,0,0,0,2022,3
202203,LNZ,1,2,41,1156,0,0,1156,2022,3
202203,LNZ,2,1,56,1612,407033,0,0,2022,3
202203,LNZ,2,2,56,1863,423631,0,1863,2022,3
202203,LNZ,2,3,0,0,71224,0,0,2022,3
202203,SZG,1,1,581,58738,3128,0,0,2022,3
202203,SZG,1,2,581,63259,3080,0,63259,2022,3
202203,SZG,2,1,92,9571,0,0,0,2022,3
202203,SZG,2,2,92,12814,0,0,12814,2022,3
202204,VIE,1,1,7425,879955,9013089,179898,0,2022,4
202204,VIE,1,2,7441,885279,5296620,283611,885279,2022,4
202204,VIE,1,3,0,5700,2443883,9278,0,2022,4
202204,VIE,2,1,161,6712,242988,0,0,2022,4
202204,VIE,2,2,147,7892,127180,1,7892,2022,4
202204,VIE,2,3,0,4737,460564,0,0,2022,4
202204,GRZ,1,1,283,18992,1874,0,0,2022,4
202204,GRZ,1,2,284,19408,1783,0,19408,2022,4
202204,GRZ,2,1,45,1880,900,0,0,2022,4
202204,GRZ,2,2,45,2053,0,0,2053,2022,4
202204,GRZ,2,3,0,11,0,0,0,2022,4
202204,INN,1,1,199,19279,0,0,0,2022,4
202204,INN,1,2,201,23852,0,0,23852,2022,4
202204,INN,2,1,31,2768,0,0,0,2022,4
202204,INN,2,2,30,4944,0,0,4944,2022,4
202204,KLU,1,1,46,2338,0,0,0,2022,4
202204,KLU,1,2,46,2502,0,0,2502,2022,4
202204,KLU,2,1,5,133,0,0,0,2022,4
202204,KLU,2,2,5,409,0,0,409,2022,4
202204,KLU,2,3,0,219,0,0,0,2022,4
202204,LNZ,1,1,69,3070,0,0,0,2022,4
202204,LNZ,1,2,68,3319,0,0,3319,2022,4
202204,LNZ,2,1,69,4032,376924,0,0,2022,4
202204,LNZ,2,2,68,4450,411953,0,4450,2022,4
202204,LNZ,2,3,0,0,41659,0,0,2022,4
202204,SZG,1,1,356,34124,832,0,0,2022,4
202204,SZG,1,2,356,35554,3394,0,35554,2022,4
202204,SZG,2,1,19,1413,0,0,0,2022,4
202204,SZG,2,2,19,1741,0,0,1741,2022,4
202205,VIE,1,1,8553,1044189,8378973,172883,0,2022,5
202205,VIE,1,2,8560,1046076,5307593,259493,1046076,2022,5
202205,VIE,1,3,0,4716,2385749,8626,0,2022,5
202205,VIE,2,1,133,8392,96906,88,0,2022,5
202205,VIE,2,2,128,8084,43138,0,8084,2022,5
202205,VIE,2,3,0,1825,137031,0,0,2022,5
202205,GRZ,1,1,348,25303,668,0,0,2022,5
202205,GRZ,1,2,346,25577,2830,0,25577,2022,5
202205,GRZ,2,1,97,4620,0,0,0,2022,5
202205,GRZ,2,2,97,6113,0,0,6113,2022,5
202205,GRZ,2,3,0,11,0,0,0,2022,5
202205,INN,1,1,157,10684,0,0,0,2022,5
202205,INN,1,2,156,10174,0,0,10174,2022,5
202205,INN,2,1,37,2539,0,0,0,2022,5
202205,INN,2,2,37,3720,0,0,3720,2022,5
202205,KLU,1,1,63,3807,0,0,0,2022,5
202205,KLU,1,2,63,3864,0,0,3864,2022,5
202205,KLU,2,1,6,311,0,0,0,2022,5
202205,KLU,2,2,6,287,0,0,287,2022,5
202205,KLU,2,3,0,80,0,0,0,2022,5
202205,LNZ,1,1,87,5172,0,0,0,2022,5
202205,LNZ,1,2,87,5277,0,0,5277,2022,5
202205,LNZ,1,3,0,315,0,0,0,2022,5
202205,LNZ,2,1,103,5984,343369,0,0,2022,5
202205,LNZ,2,2,103,7369,519343,0,7369,2022,5
202205,LNZ,2,3,0,0,58254,0,0,2022,5
202205,SZG,1,1,381,36810,4024,0,0,2022,5
202205,SZG,1,2,380,37292,7300,0,37292,2022,5
202205,SZG,1,3,0,453,485,0,0,2022,5
202205,SZG,2,1,49,4623,0,0,0,2022,5
202205,SZG,2,2,50,3955,0,0,3955,2022,5
202205,SZG,2,3,0,319,0,0,0,2022,5
202206,VIE,1,1,8939,1175041,8332812,181144,0,2022,6
202206,VIE,1,2,8964,1200472,5023411,282835,1200472,2022,6
202206,VIE,1,3,0,6425,2583685,5613,0,2022,6
202206,VIE,2,1,129,8371,24197,0,0,2022,6
202206,VIE,2,2,108,9397,45267,0,9397,2022,6
202206,VIE,2,3,0,809,1832,0,0,2022,6
202206,GRZ,1,1,320,24420,298,0,0,2022,6
202206,GRZ,1,2,322,24699,2547,0,24699,2022,6
202206,GRZ,1,3,0,45,0,0,0,2022,6
202206,GRZ,2,1,151,9233,569,0,0,2022,6
202206,GRZ,2,2,152,9764,0,0,9764,2022,6
202206,GRZ,2,3,0,45,0,0,0,2022,6
202206,INN,1,1,190,13808,0,0,0,2022,6
202206,INN,1,2,191,13531,0,0,13531,2022,6
202206,INN,2,1,67,6183,0,0,0,2022,6
202206,INN,2,2,65,6620,0,0,6620,2022,6
202206,KLU,1,1,67,4697,0,0,0,2022,6
202206,KLU,1,2,66,4448,0,0,4448,2022,6
202206,KLU,2,1,11,643,0,0,0,2022,6
202206,KLU,2,2,11,523,0,0,523,2022,6
202206,LNZ,1,1,91,5515,0,0,0,2022,6
202206,LNZ,1,2,94,5528,0,0,5528,2022,6
202206,LNZ,1,3,0,72,0,0,0,2022,6
202206,LNZ,2,1,123,10516,310140,0,0,2022,6
202206,LNZ,2,2,120,10834,398325,0,10834,2022,6
202206,LNZ,2,3,0,55,55132,0,0,2022,6
202206,SZG,1,1,407,44186,4215,0,0,2022,6
202206,SZG,1,2,408,42830,6326,0,42830,2022,6
202206,SZG,1,3,0,135,3853,0,0,2022,6
202206,SZG,2,1,60,6347,0,0,0,2022,6
202206,SZG,2,2,60,6223,0,0,6223,2022,6
202207,VIE,1,1,9474,1335744,8076702,176393,0,2022,7
202207,VIE,1,2,9504,1399596,5637014,354588,1399596,2022,7
202207,VIE,1,3,0,6635,2512589,4654,0,2022,7
202207,VIE,2,1,186,13704,159607,0,0,2022,7
202207,VIE,2,2,155,16675,173567,0,16675,2022,7
202207,VIE,2,3,0,1275,60760,0,0,2022,7
202207,GRZ,1,1,278,19053,71,0,0,2022,7
202207,GRZ,1,2,277,21088,1549,0,21088,2022,7
202207,GRZ,2,1,185,11628,0,0,0,2022,7
202207,GRZ,2,2,186,12751,0,0,12751,2022,7
202207,GRZ,2,3,0,425,0,0,0,2022,7
202207,INN,1,1,146,13401,0,0,0,2022,7
202207,INN,1,2,185,14701,0,0,14701,2022,7
202207,INN,2,1,112,7124,0,0,0,2022,7
202207,INN,2,2,74,6993,0,0,6993,2022,7
202207,KLU,1,1,57,4178,0,0,0,2022,7
202207,KLU,1,2,58,4264,0,0,4264,2022,7
202207,KLU,2,1,15,606,0,0,0,2022,7
202207,KLU,2,2,15,657,0,0,657,2022,7
202207,LNZ,1,1,58,3966,0,0,0,2022,7
202207,LNZ,1,2,81,4401,0,0,4401,2022,7
202207,LNZ,1,3,0,16,0,0,0,2022,7
202207,LNZ,2,1,151,10772,356360,0,0,2022,7
202207,LNZ,2,2,127,11447,394151,0,11447,2022,7
202207,LNZ,2,3,0,442,53479,0,0,2022,7
202207,SZG,1,1,460,47680,4749,0,0,2022,7
202207,SZG,1,2,457,48805,5614,0,48805,2022,7
202207,SZG,2,1,87,7033,0,0,0,2022,7
202207,SZG,2,2,88,7175,0,0,7175,2022,7
202207,SZG,2,3,0,236,0,0,0,2022,7
202208,VIE,1,1,9754,1381428,8161780,177091,0,2022,8
202208,VIE,1,2,9764,1346604,5466941,357383,1346604,2022,8
202208,VIE,1,3,0,4016,2512664,6435,0,2022,8
202208,VIE,2,1,168,18431,23520,0,0,2022,8
202208,VIE,2,2,160,16264,758,0,16264,2022,8
202208,VIE,2,3,0,1266,0,0,0,2022,8
202208,GRZ,1,1,313,19696,90,0,0,2022,8
202208,GRZ,1,2,313,20098,536,0,20098,2022,8
202208,GRZ,2,1,148,11505,0,0,0,2022,8
202208,GRZ,2,2,148,10813,0,0,10813,2022,8
202208,GRZ,2,3,0,786,0,0,0,2022,8
202208,INN,1,1,170,14807,0,0,0,2022,8
202208,INN,1,2,177,15277,0,0,15277,2022,8
202208,INN,2,1,66,6230,0,0,0,2022,8
202208,INN,2,2,58,6536,0,0,6536,2022,8
202208,KLU,1,1,57,3741,0,0,0,2022,8
202208,KLU,1,2,56,4170,0,0,4170,2022,8
202208,KLU,2,1,17,657,0,0,0,2022,8
202208,KLU,2,2,17,587,0,0,587,2022,8
202208,KLU,2,3,0,30,0,0,0,2022,8
202208,LNZ,1,1,75,4344,0,0,0,2022,8
202208,LNZ,1,2,82,4486,0,0,4486,2022,8
202208,LNZ,2,1,139,10345,413502,0,0,2022,8
202208,LNZ,2,2,133,10260,523714,0,10260,2022,8
202208,LNZ,2,3,0,902,56388,0,0,2022,8
202208,SZG,1,1,448,50561,7298,0,0,2022,8
202208,SZG,1,2,449,52512,5318,0,52512,2022,8
202208,SZG,2,1,48,5114,0,0,0,2022,8
202208,SZG,2,2,47,5070,0,0,5070,2022,8
202208,SZG,2,3,0,304,0,0,0,2022,8
202209,VIE,1,1,9597,1336592,8991535,194567,0,2022,9
202209,VIE,1,2,9613,1286171,5751709,424988,1286171,2022,9
202209,VIE,1,3,0,4751,2515538,1782,0,2022,9
202209,VIE,2,1,149,11141,31436,0,0,2022,9
202209,VIE,2,2,136,8745,34904,996,8745,2022,9
202209,VIE,2,3,0,3192,31178,1242,0,2022,9
202209,GRZ,1,1,340,25013,524,0,0,2022,9
202209,GRZ,1,2,340,24007,1606,0,24007,2022,9
202209,GRZ,2,1,143,9775,600,0,0,2022,9
202209,GRZ,2,2,143,7624,0,0,7624,2022,9
202209,GRZ,2,3,0,1453,0,0,0,2022,9
202209,INN,1,1,187,14380,0,0,0,2022,9
202209,INN,1,2,186,14122,0,0,14122,2022,9
202209,INN,2,1,58,6178,0,0,0,2022,9
202209,INN,2,2,58,5423,0,0,5423,2022,9
202209,KLU,1,1,63,4042,0,0,0,2022,9
202209,KLU,1,2,63,3987,0,0,3987,2022,9
202209,KLU,2,1,11,596,0,0,0,2022,9
202209,KLU,2,2,10,479,0,0,479,2022,9
202209,LNZ,1,1,90,5432,0,0,0,2022,9
202209,LNZ,1,2,90,5076,0,0,5076,2022,9
202209,LNZ,1,3,0,183,0,0,0,2022,9
202209,LNZ,2,1,144,9528,501396,0,0,2022,9
202209,LNZ,2,2,143,8077,410567,0,8077,2022,9
202209,LNZ,2,3,0,1208,58942,0,0,2022,9
202209,SZG,1,1,411,46090,3232,0,0,2022,9
202209,SZG,1,2,412,43384,5203,0,43384,2022,9
202209,SZG,1,3,0,747,66,0,0,2022,9
202209,SZG,2,1,50,4003,0,0,0,2022,9
202209,SZG,2,2,51,4469,0,0,4469,2022,9
202209,SZG,2,3,0,540,0,0,0,2022,9
202210,VIE,1,1,9181,1206336,9655033,254239,0,2022,10
202210,VIE,1,2,9180,1218838,6446668,363598,1218838,2022,10
202210,VIE,1,3,0,4578,2658697,457,0,2022,10
202210,VIE,2,1,129,6993,97330,10,0,2022,10
202210,VIE,2,2,118,7563,2574,0,7563,2022,10
202210,VIE,2,3,0,1545,0,8,0,2022,10
202210,GRZ,1,1,333,22260,810,0,0,2022,10
202210,GRZ,1,2,332,22856,2305,0,22856,2022,10
202210,GRZ,2,1,72,3866,0,0,0,2022,10
202210,GRZ,2,2,74,3534,3300,0,3534,2022,10
202210,GRZ,2,3,0,720,0,0,0,2022,10
202210,INN,1,1,184,10708,0,0,0,2022,10
202210,INN,1,2,183,11276,0,0,11276,2022,10
202210,INN,2,1,9,1067,0,0,0,2022,10
202210,INN,2,2,11,255,0,0,255,2022,10
202210,KLU,1,1,56,2765,0,0,0,2022,10
202210,KLU,1,2,57,3054,0,0,3054,2022,10
202210,KLU,2,1,4,257,0,0,0,2022,10
202210,KLU,2,2,5,206,0,0,206,2022,10
202210,LNZ,1,1,83,3760,0,0,0,2022,10
202210,LNZ,1,2,84,3664,0,0,3664,2022,10
202210,LNZ,1,3,0,309,0,0,0,2022,10
202210,LNZ,2,1,100,3963,476927,0,0,2022,10
202210,LNZ,2,2,100,3426,639165,0,3426,2022,10
202210,LNZ,2,3,0,423,57704,0,0,2022,10
202210,SZG,1,1,389,38536,3263,0,0,2022,10
202210,SZG,1,2,389,38450,7587,0,38450,2022,10
202210,SZG,1,3,0,503,112,0,0,2022,10
202210,SZG,2,1,17,1096,0,0,0,2022,10
202210,SZG,2,2,16,817,0,0,817,2022,10
202210,SZG,2,3,0,98,0,0,0,2022,10
202211,VIE,1,1,7409,956840,8562685,248209,0,2022,11
202211,VIE,1,2,7413,909431,5924592,369530,909431,2022,11
202211,VIE,1,3,0,4590,2826816,537,0,2022,11
202211,VIE,2,1,101,6971,170371,627,0,2022,11
202211,VIE,2,2,102,5284,147874,0,5284,2022,11
202211,VIE,2,3,0,1033,164906,152,0,2022,11
202211,GRZ,1,1,331,22120,416,0,0,2022,11
202211,GRZ,1,2,331,22312,4011,0,22312,2022,11
202211,GRZ,2,1,51,2111,0,0,0,2022,11
202211,GRZ,2,2,50,1312,0,0,1312,2022,11
202211,GRZ,2,3,0,263,0,0,0,2022,11
202211,INN,1,1,165,11182,0,0,0,2022,11
202211,INN,1,2,166,10361,0,0,10361,2022,11
202211,KLU,1,1,57,3592,0,0,0,2022,11
202211,KLU,1,2,57,3733,0,0,3733,2022,11
202211,KLU,2,1,1,32,0,0,0,2022,11
202211,KLU,2,2,1,33,0,0,33,2022,11
202211,LNZ,1,1,82,3991,0,0,0,2022,11
202211,LNZ,1,2,82,3745,0,0,3745,2022,11
202211,LNZ,2,1,80,1721,523623,0,0,2022,11
202211,LNZ,2,2,81,1176,693962,0,1176,2022,11
202211,LNZ,2,3,0,57,62306,0,0,2022,11
202211,SZG,1,1,317,30474,734,0,0,2022,11
202211,SZG,1,2,316,27941,6065,0,27941,2022,11
202211,SZG,2,1,14,1221,0,0,0,2022,11
202211,SZG,2,2,15,1347,0,0,1347,2022,11
202211,SZG,2,3,0,58,0,0,0,2022,11
202212,VIE,1,1,7437,937933,7501757,299096,0,2022,12
202212,VIE,1,2,7415,962097,5726963,513452,962097,2022,12
202212,VIE,1,3,0,5659,3221673,1771,0,2022,12
202212,VIE,2,1,125,7500,36946,0,0,2022,12
202212,VIE,2,2,125,7129,248567,0,7129,2022,12
202212,VIE,2,3,0,2039,9408,0,0,2022,12
202212,GRZ,1,1,281,17826,1197,0,0,2022,12
202212,GRZ,1,2,284,17503,3082,0,17503,2022,12
202212,GRZ,2,1,22,522,0,0,0,2022,12
202212,GRZ,2,2,23,656,470,0,656,2022,12
202212,GRZ,2,3,0,311,0,0,0,2022,12
202212,INN,1,1,401,42344,0,0,0,2022,12
202212,INN,1,2,401,32822,0,0,32822,2022,12
202212,INN,2,1,46,7605,0,0,0,2022,12
202212,INN,2,2,47,5083,0,0,5083,2022,12
202212,KLU,1,1,70,5868,0,0,0,2022,12
202212,KLU,1,2,70,4738,0,0,4738,2022,12
202212,LNZ,1,1,70,2935,0,0,0,2022,12
202212,LNZ,1,2,71,2743,0,0,2743,2022,12
202212,LNZ,1,3,0,162,0,0,0,2022,12
202212,LNZ,2,1,64,589,477322,0,0,2022,12
202212,LNZ,2,2,64,748,563104,0,748,2022,12
202212,LNZ,2,3,0,0,44754,0,0,2022,12
202212,SZG,1,1,525,60583,434,0,0,2022,12
202212,SZG,1,2,526,51913,4067,0,51913,2022,12
202212,SZG,2,1,73,10665,0,0,0,2022,12
202212,SZG,2,2,73,7679,0,0,7679,2022,12
202301,VIE,1,1,7129,820216,7823693,255195,0,2023,1
202301,VIE,1,2,7143,833948,4669775,339018,833948,2023,1
202301,VIE,1,3,0,4105,2595633,898,0,2023,1
202301,VIE,2,1,81,5155,0,0,0,2023,1
202301,VIE,2,2,75,4234,36146,0,4234,2023,1
202301,VIE,2,3,0,1908,20484,144,0,2023,1
202301,GRZ,1,1,260,14294,574,0,0,2023,1
202301,GRZ,1,2,257,15066,594,0,15066,2023,1
202301,GRZ,1,3,0,148,0,0,0,2023,1
202301,GRZ,2,1,32,699,0,0,0,2023,1
202301,GRZ,2,2,32,537,0,0,537,2023,1
202301,GRZ,2,3,0,241,0,0,0,2023,1
202301,INN,1,1,590,60335,0,0,0,2023,1
202301,INN,1,2,587,61313,0,0,61313,2023,1
202301,INN,2,1,84,14593,0,0,0,2023,1
202301,INN,2,2,86,12979,0,0,12979,2023,1
202301,INN,2,3,0,88,0,0,0,2023,1
202301,KLU,1,1,77,4500,0,0,0,2023,1
202301,KLU,1,2,77,5070,0,0,5070,2023,1
202301,KLU,2,1,1,18,0,0,0,2023,1
202301,KLU,2,2,1,0,0,0,0,2023,1
202301,LNZ,1,1,47,1710,0,0,0,2023,1
202301,LNZ,1,2,47,1813,0,0,1813,2023,1
202301,LNZ,1,3,0,308,0,0,0,2023,1
202301,LNZ,2,1,68,573,499161,0,0,2023,1
202301,LNZ,2,2,68,277,584987,0,277,2023,1
202301,LNZ,2,3,0,0,51481,0,0,2023,1
202301,SZG,1,1,724,76290,3040,0,0,2023,1
202301,SZG,1,2,723,75479,5822,0,75479,2023,1
202301,SZG,2,1,115,19093,0,0,0,2023,1
202301,SZG,2,2,115,17530,0,0,17530,2023,1
202302,VIE,1,1,6367,797437,7231791,229137,0,2023,2
202302,VIE,1,2,6373,792116,5099029,295304,792116,2023,2
202302,VIE,1,3,0,3944,2242420,485,0,2023,2
202302,VIE,2,1,96,5236,36600,0,0,2023,2
202302,VIE,2,2,93,5736,6996,0,5736,2023,2
202302,VIE,2,3,0,630,3934,0,0,2023,2
202302,GRZ,1,1,277,16672,1650,0,0,2023,2
202302,GRZ,1,2,277,16781,660,0,16781,2023,2
202302,GRZ,2,1,25,707,0,0,0,2023,2
202302,GRZ,2,2,25,767,0,0,767,2023,2
202302,GRZ,2,3,0,1,0,0,0,2023,2
202302,INN,1,1,563,66745,0,0,0,2023,2
202302,INN,1,2,563,63651,0,0,63651,2023,2
202302,INN,2,1,99,16912,0,0,0,2023,2
202302,INN,2,2,99,16268,0,0,16268,2023,2
202302,KLU,1,1,61,4798,0,0,0,2023,2
202302,KLU,1,2,61,5038,0,0,5038,2023,2
202302,KLU,2,1,4,296,0,0,0,2023,2
202302,KLU,2,2,4,429,0,0,429,2023,2
202302,LNZ,1,1,57,2515,0,0,0,2023,2
202302,LNZ,1,2,57,2433,0,0,2433,2023,2
202302,LNZ,2,1,67,527,536950,0,0,2023,2
202302,LNZ,2,2,65,660,621581,0,660,2023,2
202302,LNZ,2,3,0,0,61596,0,0,2023,2
202302,SZG,1,1,723,84415,2127,0,0,2023,2
202302,SZG,1,2,723,82493,7587,0,82493,2023,2
202302,SZG,2,1,128,19918,0,0,0,2023,2
202302,SZG,2,2,128,20107,0,0,20107,2023,2
202303,VIE,1,1,7943,1015324,9685379,274619,0,2023,3
202303,VIE,1,2,7969,1017508,6203746,379213,1017508,2023,3
202303,VIE,1,3,0,4941,2766662,499,0,2023,3
202303,VIE,2,1,112,5684,68917,0,0,2023,3
202303,VIE,2,2,90,5652,43233,0,5652,2023,3
202303,VIE,2,3,0,1427,7495,0,0,2023,3
202303,GRZ,1,1,313,20196,2101,0,0,2023,3
202303,GRZ,1,2,313,20220,2301,0,20220,2023,3
202303,GRZ,2,1,36,1244,0,0,0,2023,3
202303,GRZ,2,2,36,1563,0,0,1563,2023,3
202303,GRZ,2,3,0,461,0,0,0,2023,3
202303,INN,1,1,568,65901,0,0,0,2023,3
202303,INN,1,2,569,71925,0,0,71925,2023,3
202303,INN,2,1,92,13992,0,0,0,2023,3
202303,INN,2,2,92,15742,0,0,15742,2023,3
202303,KLU,1,1,70,4356,0,0,0,2023,3
202303,KLU,1,2,70,5117,0,0,5117,2023,3
202303,KLU,2,1,3,191,0,0,0,2023,3
202303,KLU,2,2,2,200,0,0,200,2023,3
202303,LNZ,1,1,66,2922,0,0,0,2023,3
202303,LNZ,1,2,67,2933,0,0,2933,2023,3
202303,LNZ,2,1,68,1253,462346,0,0,2023,3
202303,LNZ,2,2,69,1670,554475,0,1670,2023,3
202303,LNZ,2,3,0,0,60267,0,0,2023,3
202303,SZG,1,1,735,78762,1184,0,0,2023,3
202303,SZG,1,2,737,86666,10594,0,86666,2023,3
202303,SZG,2,1,108,12601,0,0,0,2023,3
202303,SZG,2,2,109,16420,0,0,16420,2023,3
202303,SZG,2,3,0,138,0,0,0,2023,3
202304,VIE,1,1,9165,1223009,8889359,223692,0,2023,4
202304,VIE,1,2,9206,1213717,5444363,303603,1213717,2023,4
202304,VIE,1,3,0,5272,2847183,699,0,2023,4
202304,VIE,2,1,168,10647,40213,0,0,2023,4
202304,VIE,2,2,127,11609,20290,0,11609,2023,4
202304,VIE,2,3,0,975,24737,26,0,2023,4
202304,GRZ,1,1,296,23291,2905,0,0,2023,4
202304,GRZ,1,2,297,23386,3542,0,23386,2023,4
202304,GRZ,2,1,50,2435,0,0,0,2023,4
202304,GRZ,2,2,49,2523,0,0,2523,2023,4
202304,GRZ,2,3,0,14,0,0,0,2023,4
202304,INN,1,1,242,20560,0,0,0,2023,4
202304,INN,1,2,244,24318,0,0,24318,2023,4
202304,INN,2,1,39,3236,0,0,0,2023,4
202304,INN,2,2,35,5973,0,0,5973,2023,4
202304,INN,2,3,0,74,0,0,0,2023,4
202304,KLU,1,1,68,5757,0,0,0,2023,4
202304,KLU,1,2,68,6124,0,0,6124,2023,4
202304,KLU,2,1,10,140,0,0,0,2023,4
202304,KLU,2,2,11,279,0,0,279,2023,4
202304,KLU,2,3,0,77,0,0,0,2023,4
202304,LNZ,1,1,57,3030,0,0,0,2023,4
202304,LNZ,1,2,56,2767,0,0,2767,2023,4
202304,LNZ,2,1,69,3734,307304,0,0,2023,4
202304,LNZ,2,2,69,4911,490224,0,4911,2023,4
202304,LNZ,2,3,0,0,44611,0,0,2023,4
202304,SZG,1,1,445,45644,2849,0,0,2023,4
202304,SZG,1,2,444,48526,6124,0,48526,2023,4
202304,SZG,1,3,0,60,0,0,0,2023,4
202304,SZG,2,1,17,1412,0,0,0,2023,4
202304,SZG,2,2,16,1889,0,0,1889,2023,4
202305,VIE,1,1,10077,1343286,8716816,207147,0,2023,5
202305,VIE,1,2,10080,1333225,5360626,276848,1333225,2023,5
202305,VIE,1,3,0,5044,2302345,187,0,2023,5
202305,VIE,2,1,145,9334,38055,121,0,2023,5
202305,VIE,2,2,138,8988,0,0,8988,2023,5
202305,VIE,2,3,0,848,0,0,0,2023,5
202305,GRZ,1,1,315,26157,3284,0,0,2023,5
202305,GRZ,1,2,315,26313,4555,0,26313,2023,5
202305,GRZ,1,3,0,155,0,0,0,2023,5
202305,GRZ,2,1,139,6164,16705,0,0,2023,5
202305,GRZ,2,2,138,8161,0,0,8161,2023,5
202305,GRZ,2,3,0,92,0,0,0,2023,5
202305,INN,1,1,189,12670,0,0,0,2023,5
202305,INN,1,2,193,13274,0,0,13274,2023,5
202305,INN,2,1,35,2040,0,0,0,2023,5
202305,INN,2,2,33,3059,0,0,3059,2023,5
202305,KLU,1,1,83,7442,0,0,0,2023,5
202305,KLU,1,2,83,7300,0,0,7300,2023,5
202305,KLU,2,1,16,798,0,0,0,2023,5
202305,KLU,2,2,16,742,0,0,742,2023,5
202305,KLU,2,3,0,291,0,0,0,2023,5
202305,LNZ,1,1,46,2892,0,0,0,2023,5
202305,LNZ,1,2,47,2758,0,0,2758,2023,5
202305,LNZ,2,1,118,8160,331596,0,0,2023,5
202305,LNZ,2,2,117,9297,597240,0,9297,2023,5
202305,LNZ,2,3,0,564,53255,0,0,2023,5
202305,SZG,1,1,410,43194,5492,0,0,2023,5
202305,SZG,1,2,410,45110,5213,0,45110,2023,5
202305,SZG,1,3,0,112,0,0,0,2023,5
202305,SZG,2,1,50,4419,0,0,0,2023,5
202305,SZG,2,2,50,4330,0,0,4330,2023,5
202305,SZG,2,3,0,295,0,0,0,2023,5
202306,VIE,1,1,10189,1391302,8645801,181781,0,2023,6
202306,VIE,1,2,10211,1416308,5783824,262966,1416308,2023,6
202306,VIE,1,3,0,5798,2660563,1126,0,2023,6
202306,VIE,2,1,164,10097,2183,0,0,2023,6
202306,VIE,2,2,151,11065,50930,0,11065,2023,6
202306,VIE,2,3,0,1879,86793,0,0,2023,6
202306,GRZ,1,1,297,25950,3686,0,0,2023,6
202306,GRZ,1,2,297,25146,7100,0,25146,2023,6
202306,GRZ,2,1,168,12199,0,0,0,2023,6
202306,GRZ,2,2,164,12407,43769,0,12407,2023,6
202306,GRZ,2,3,0,358,0,0,0,2023,6
202306,INN,1,1,215,18318,0,0,0,2023,6
202306,INN,1,2,217,17305,0,0,17305,2023,6
202306,INN,2,1,54,4137,0,0,0,2023,6
202306,INN,2,2,50,4169,0,0,4169,2023,6
202306,KLU,1,1,75,7319,0,0,0,2023,6
202306,KLU,1,2,75,7358,0,0,7358,2023,6
202306,KLU,2,1,10,394,0,0,0,2023,6
202306,KLU,2,2,10,383,0,0,383,2023,6
202306,LNZ,1,1,49,3045,0,0,0,2023,6
202306,LNZ,1,2,50,2918,0,0,2918,2023,6
202306,LNZ,1,3,0,176,0,0,0,2023,6
202306,LNZ,2,1,129,11342,361630,0,0,2023,6
202306,LNZ,2,2,127,11547,590037,0,11547,2023,6
202306,LNZ,2,3,0,389,45152,0,0,2023,6
202306,SZG,1,1,448,53416,4817,0,0,2023,6
202306,SZG,1,2,449,50206,7430,0,50206,2023,6
202306,SZG,1,3,0,0,0,1,0,2023,6
202306,SZG,2,1,47,5156,0,0,0,2023,6
202306,SZG,2,2,46,4431,0,0,4431,2023,6
202307,VIE,1,1,10707,1518448,8745623,171492,0,2023,7
202307,VIE,1,2,10721,1584376,5944347,257550,1584376,2023,7
202307,VIE,1,3,0,6950,3119876,1716,0,2023,7
202307,VIE,2,1,187,16306,40140,33,0,2023,7
202307,VIE,2,2,164,16744,0,0,16744,2023,7
202307,VIE,2,3,0,1749,0,0,0,2023,7
202307,GRZ,1,1,282,24632,1883,0,0,2023,7
202307,GRZ,1,2,283,26347,6237,0,26347,2023,7
202307,GRZ,2,1,186,13984,440,0,0,2023,7
202307,GRZ,2,2,190,15408,0,0,15408,2023,7
202307,GRZ,2,3,0,225,0,0,0,2023,7
202307,INN,1,1,208,18579,0,0,0,2023,7
202307,INN,1,2,210,19268,0,0,19268,2023,7
202307,INN,2,1,53,4102,0,0,0,2023,7
202307,INN,2,2,51,4006,0,0,4006,2023,7
202307,KLU,1,1,78,8310,0,0,0,2023,7
202307,KLU,1,2,78,8188,0,0,8188,2023,7
202307,KLU,2,1,17,465,0,0,0,2023,7
202307,KLU,2,2,17,441,0,0,441,2023,7
202307,LNZ,1,1,50,2567,0,0,0,2023,7
202307,LNZ,1,2,50,2819,0,0,2819,2023,7
202307,LNZ,2,1,140,13047,358580,0,0,2023,7
202307,LNZ,2,2,140,13999,485317,0,13999,2023,7
202307,LNZ,2,3,0,224,48607,0,0,2023,7
202307,SZG,1,1,482,58717,6347,0,0,2023,7
202307,SZG,1,2,482,59673,10267,0,59673,2023,7
202307,SZG,1,3,0,233,0,0,0,2023,7
202307,SZG,2,1,69,6116,0,0,0,2023,7
202307,SZG,2,2,69,6487,0,0,6487,2023,7
202307,SZG,2,3,0,58,0,0,0,2023,7
202308,VIE,1,1,10656,1545803,8625903,179869,0,2023,8
202308,VIE,1,2,10660,1520042,5462901,239598,1520042,2023,8
202308,VIE,1,3,0,5681,3012779,3246,0,2023,8
202308,VIE,2,1,180,15755,4304,7,0,2023,8
202308,VIE,2,2,180,14125,192,5,14125,2023,8
202308,VIE,2,3,0,2490,5615,771,0,2023,8
202308,GRZ,1,1,271,22925,3262,0,0,2023,8
202308,GRZ,1,2,271,24457,4348,0,24457,2023,8
202308,GRZ,2,1,163,14822,716,0,0,2023,8
202308,GRZ,2,2,162,15126,0,0,15126,2023,8
202308,GRZ,2,3,0,124,0,0,0,2023,8
202308,INN,1,1,197,17875,0,0,0,2023,8
202308,INN,1,2,195,18778,0,0,18778,2023,8
202308,INN,2,1,37,3869,0,0,0,2023,8
202308,INN,2,2,38,4056,0,0,4056,2023,8
202308,KLU,1,1,79,7961,0,0,0,2023,8
202308,KLU,1,2,79,8576,0,0,8576,2023,8
202308,KLU,2,1,4,112,0,0,0,2023,8
202308,KLU,2,2,4,172,0,0,172,2023,8
202308,LNZ,1,1,55,2907,0,0,0,2023,8
202308,LNZ,1,2,55,3023,0,0,3023,2023,8
202308,LNZ,1,3,0,171,0,0,0,2023,8
202308,LNZ,2,1,145,15023,299320,0,0,2023,8
202308,LNZ,2,2,145,15407,633407,0,15407,2023,8
202308,LNZ,2,3,0,0,42528,0,0,2023,8
202308,SZG,1,1,492,60197,2219,0,0,2023,8
202308,SZG,1,2,491,64788,12192,0,64788,2023,8
202308,SZG,2,1,51,6130,0,0,0,2023,8
202308,SZG,2,2,51,5846,0,0,5846,2023,8
202309,VIE,1,1,10237,1477278,8927764,199708,0,2023,9
202309,VIE,1,2,10244,1414707,5557143,259212,1414707,2023,9
202309,VIE,1,3,0,4675,3007464,24521,0,2023,9
202309,VIE,2,1,127,12655,2270,0,0,2023,9
202309,VIE,2,2,121,9809,17036,0,9809,2023,9
202309,VIE,2,3,0,455,12459,1397,0,2023,9
202309,GRZ,1,1,356,30743,2087,0,0,2023,9
202309,GRZ,1,2,357,30066,6871,0,30066,2023,9
202309,GRZ,2,1,190,13912,1140,0,0,2023,9
202309,GRZ,2,2,189,12301,0,0,12301,2023,9
202309,GRZ,2,3,0,433,0,0,0,2023,9
202309,INN,1,1,214,18802,0,0,0,2023,9
202309,INN,1,2,213,18577,0,0,18577,2023,9
202309,INN,2,1,36,3804,0,0,0,2023,9
202309,INN,2,2,38,3294,0,0,3294,2023,9
202309,KLU,1,1,83,8276,0,0,0,2023,9
202309,KLU,1,2,83,8266,0,0,8266,2023,9
202309,KLU,2,1,12,610,0,0,0,2023,9
202309,KLU,2,2,12,472,0,0,472,2023,9
202309,LNZ,1,1,53,3718,0,0,0,2023,9
202309,LNZ,1,2,53,3591,0,0,3591,2023,9
202309,LNZ,1,3,0,107,0,0,0,2023,9
202309,LNZ,2,1,153,15007,358644,0,0,2023,9
202309,LNZ,2,2,153,12827,528318,0,12827,2023,9
202309,LNZ,2,3,0,272,46420,0,0,2023,9
202309,SZG,1,1,467,58955,3869,0,0,2023,9
202309,SZG,1,2,467,56448,9127,0,56448,2023,9
202309,SZG,1,3,0,106,0,0,0,2023,9
202309,SZG,2,1,34,3492,0,0,0,2023,9
202309,SZG,2,2,34,4049,0,0,4049,2023,9
202310,VIE,1,1,10096,1337324,9522854,194065,0,2023,10
202310,VIE,1,2,10098,1374948,5663693,253404,1374948,2023,10
202310,VIE,1,3,0,6454,2805791,1810,0,2023,10
202310,VIE,2,1,167,9866,30564,202,0,2023,10
202310,VIE,2,2,163,9507,114465,0,9507,2023,10
202310,VIE,2,3,0,1242,2278,0,0,2023,10
202310,GRZ,1,1,382,30315,2388,0,0,2023,10
202310,GRZ,1,2,379,32152,6934,0,32152,2023,10
202310,GRZ,2,1,85,4882,2121,0,0,2023,10
202310,GRZ,2,2,87,3856,0,0,3856,2023,10
202310,GRZ,2,3,0,6,0,0,0,2023,10
202310,INN,1,1,197,14282,0,0,0,2023,10
202310,INN,1,2,194,15159,0,0,15159,2023,10
202310,INN,2,1,9,691,0,0,0,2023,10
202310,INN,2,2,13,184,0,0,184,2023,10
202310,KLU,1,1,83,7557,0,0,0,2023,10
202310,KLU,1,2,83,7602,0,0,7602,2023,10
202310,KLU,2,1,2,122,0,0,0,2023,10
202310,KLU,2,2,2,122,0,0,122,2023,10
202310,LNZ,1,1,55,3064,0,0,0,2023,10
202310,LNZ,1,2,55,3386,0,0,3386,2023,10
202310,LNZ,2,1,85,5095,310067,0,0,2023,10
202310,LNZ,2,2,85,4638,482591,0,4638,2023,10
202310,LNZ,2,3,0,1,50153,0,0,2023,10
202310,SZG,1,1,442,49190,3294,0,0,2023,10
202310,SZG,1,2,442,51121,9580,0,51121,2023,10
202310,SZG,1,3,0,26,0,0,0,2023,10
202310,SZG,2,1,12,1093,0,0,0,2023,10
202310,SZG,2,2,12,561,0,0,561,2023,10
202311,VIE,1,1,8189,1081970,9696371,204658,0,2023,11
202311,VIE,1,2,8198,1008599,5622993,312625,1008599,2023,11
202311,VIE,1,3,0,5988,3290374,3079,0,2023,11
202311,VIE,2,1,111,7581,40701,0,0,2023,11
202311,VIE,2,2,107,4518,8861,0,4518,2023,11
202311,VIE,2,3,0,705,9337,0,0,2023,11
202311,GRZ,1,1,335,27643,1913,0,0,2023,11
202311,GRZ,1,2,336,27595,6942,0,27595,2023,11
202311,GRZ,2,1,52,3410,460,0,0,2023,11
202311,GRZ,2,2,53,2692,0,0,2692,2023,11
202311,GRZ,2,3,0,161,0,0,0,2023,11
202311,INN,1,1,176,14210,0,0,0,2023,11
202311,INN,1,2,176,13629,0,0,13629,2023,11
202311,INN,2,1,2,19,0,0,0,2023,11
202311,INN,2,2,3,19,0,0,19,2023,11
202311,KLU,1,1,43,2572,0,0,0,2023,11
202311,KLU,1,2,43,2554,0,0,2554,2023,11
202311,LNZ,1,1,68,3688,0,0,0,2023,11
202311,LNZ,1,2,68,3754,0,0,3754,2023,11
202311,LNZ,2,1,96,3361,370973,0,0,2023,11
202311,LNZ,2,2,97,3898,757397,0,3898,2023,11
202311,LNZ,2,3,0,57,48973,0,0,2023,11
202311,SZG,1,1,338,39056,3113,0,0,2023,11
202311,SZG,1,2,338,34980,8044,0,34980,2023,11
202311,SZG,2,1,10,899,0,0,0,2023,11
202311,SZG,2,2,10,610,0,0,610,2023,11
202312,VIE,1,1,8130,1071726,8724455,272844,0,2023,12
202312,VIE,1,2,8107,1093953,5594775,384831,1093953,2023,12
202312,VIE,1,3,0,6168,2945092,5343,0,2023,12
202312,VIE,2,1,127,7486,37331,0,0,2023,12
202312,VIE,2,2,126,7583,0,0,7583,2023,12
202312,VIE,2,3,0,1770,10674,0,0,2023,12
202312,GRZ,1,1,275,23057,2653,0,0,2023,12
202312,GRZ,1,2,277,22570,2436,0,22570,2023,12
202312,GRZ,2,1,43,2413,4670,0,0,2023,12
202312,GRZ,2,2,43,2541,0,0,2541,2023,12
202312,INN,1,1,428,51091,0,0,0,2023,12
202312,INN,1,2,426,40885,0,0,40885,2023,12
202312,INN,2,1,43,7213,0,0,0,2023,12
202312,INN,2,2,45,4686,0,0,4686,2023,12
202312,KLU,1,1,45,3553,0,0,0,2023,12
202312,KLU,1,2,45,3188,0,0,3188,2023,12
202312,LNZ,1,1,65,4148,0,0,0,2023,12
202312,LNZ,1,2,66,2915,0,0,2915,2023,12
202312,LNZ,1,3,0,5,0,0,0,2023,12
202312,LNZ,2,1,67,2485,290467,0,0,2023,12
202312,LNZ,2,2,67,516,762307,0,516,2023,12
202312,LNZ,2,3,0,67,39257,0,0,2023,12
202312,SZG,1,1,555,69937,2009,0,0,2023,12
202312,SZG,1,2,555,62804,8864,0,62804,2023,12
202312,SZG,2,1,56,8697,0,0,0,2023,12
202312,SZG,2,2,57,6144,0,0,6144,2023,12
202312,SZG,2,3,0,76,0,0,0,2023,12
202401,VIE,1,1,7474,897170,9117875,196780,0,2024,1
202401,VIE,1,2,7496,915233,5492188,266145,915233,2024,1
202401,VIE,1,3,0,6214,2584847,1738,0,2024,1
202401,VIE,2,1,106,4609,42861,0,0,2024,1
202401,VIE,2,2,99,3687,258,0,3687,2024,1
202401,VIE,2,3,0,1644,24809,79,0,2024,1
202401,GRZ,1,1,246,17413,2670,0,0,2024,1
202401,GRZ,1,2,244,19165,2596,0,19165,2024,1
202401,GRZ,1,3,0,150,0,0,0,2024,1
202401,GRZ,2,1,38,2210,0,0,0,2024,1
202401,GRZ,2,2,38,1802,0,0,1802,2024,1
202401,INN,1,1,547,66064,0,0,0,2024,1
202401,INN,1,2,548,65083,0,0,65083,2024,1
202401,INN,2,1,91,14030,0,0,0,2024,1
202401,INN,2,2,89,12746,0,0,12746,2024,1
202401,KLU,1,1,40,2254,0,0,0,2024,1
202401,KLU,1,2,40,2844,0,0,2844,2024,1
202401,LNZ,1,1,69,2831,0,0,0,2024,1
202401,LNZ,1,2,67,2715,0,0,2715,2024,1
202401,LNZ,2,1,59,186,318982,0,0,2024,1
202401,LNZ,2,2,60,24,815580,0,24,2024,1
202401,LNZ,2,3,0,359,43862,0,0,2024,1
202401,SZG,1,1,631,76567,2991,0,0,2024,1
202401,SZG,1,2,631,76246,6836,0,76246,2024,1
202401,SZG,2,1,129,20011,0,0,0,2024,1
202401,SZG,2,2,128,19131,0,0,19131,2024,1
202402,VIE,1,1,7148,934635,8805530,179938,0,2024,2
202402,VIE,1,2,7177,926052,5880506,242794,926052,2024,2
202402,VIE,1,3,0,5838,2488306,1893,0,2024,2
202402,VIE,2,1,127,4056,38477,0,0,2024,2
202402,VIE,2,2,99,4287,0,0,4287,2024,2
202402,VIE,2,3,0,207,0,0,0,2024,2
202402,GRZ,1,1,286,21463,2879,0,0,2024,2
202402,GRZ,1,2,285,22037,1918,0,22037,2024,2
202402,GRZ,2,1,39,2619,0,0,0,2024,2
202402,GRZ,2,2,39,2987,0,0,2987,2024,2
202402,GRZ,2,3,0,8,0,0,0,2024,2
202402,INN,1,1,604,73848,0,0,0,2024,2
202402,INN,1,2,605,71992,0,0,71992,2024,2
202402,INN,2,1,107,16904,0,0,0,2024,2
202402,INN,2,2,106,16662,0,0,16662,2024,2
202402,KLU,1,1,41,2818,0,0,0,2024,2
202402,KLU,1,2,41,2962,0,0,2962,2024,2
202402,KLU,2,1,2,354,0,0,0,2024,2
202402,KLU,2,2,2,181,0,0,181,2024,2
202402,LNZ,1,1,59,2679,0,0,0,2024,2
202402,LNZ,1,2,59,2586,0,0,2586,2024,2
202402,LNZ,2,1,59,373,298249,0,0,2024,2
202402,LNZ,2,2,59,503,837308,0,503,2024,2
202402,LNZ,2,3,0,0,46947,0,0,2024,2
202402,SZG,1,1,701,85663,5515,0,0,2024,2
202402,SZG,1,2,701,84929,8087,0,84929,2024,2
202402,SZG,2,1,125,19468,0,0,0,2024,2
202402,SZG,2,2,125,19351,0,0,19351,2024,2
202403,VIE,1,1,8106,1091857,10415148,188778,0,2024,3
202403,VIE,1,2,8145,1094641,7220180,247233,1094641,2024,3
202403,VIE,1,3,0,5695,2871186,2836,0,2024,3
202403,VIE,2,1,174,6747,204887,177,0,2024,3
202403,VIE,2,2,143,7444,152743,0,7444,2024,3
202403,VIE,2,3,0,307,15865,0,0,2024,3
202403,GRZ,1,1,307,26607,1796,0,0,2024,3
202403,GRZ,1,2,309,25277,612,0,25277,2024,3
202403,GRZ,2,1,64,4006,0,0,0,2024,3
202403,GRZ,2,2,64,3894,1815,0,3894,2024,3
202403,GRZ,2,3,0,4,0,0,0,2024,3
202403,INN,1,1,625,75549,0,0,0,2024,3
202403,INN,1,2,627,79034,0,0,79034,2024,3
202403,INN,2,1,114,16495,0,0,0,2024,3
202403,INN,2,2,113,18309,0,0,18309,2024,3
202403,KLU,1,1,41,2866,0,0,0,2024,3
202403,KLU,1,2,41,3048,0,0,3048,2024,3
202403,LNZ,1,1,63,3026,0,0,0,2024,3
202403,LNZ,1,2,65,2706,0,0,2706,2024,3
202403,LNZ,2,1,66,1177,359844,0,0,2024,3
202403,LNZ,2,2,65,1426,1021158,0,1426,2024,3
202403,LNZ,2,3,0,0,46565,0,0,2024,3
202403,SZG,1,1,765,89560,4689,0,0,2024,3
202403,SZG,1,2,768,95407,11151,0,95407,2024,3
202403,SZG,2,1,102,11426,0,0,0,2024,3
202403,SZG,2,2,100,15390,0,0,15390,2024,3
202404,VIE,1,1,9745,1299398,10023414,186957,0,2024,4
202404,VIE,1,2,9752,1281463,6438553,244457,1281463,2024,4
202404,VIE,1,3,0,5792,3009894,3857,0,2024,4
202404,VIE,2,1,164,10094,13435,5,0,2024,4
202404,VIE,2,2,154,10416,0,0,10416,2024,4
202404,VIE,2,3,0,3008,39845,253,0,2024,4
202404,GRZ,1,1,328,26017,960,0,0,2024,4
202404,GRZ,1,2,327,27479,0,0,27479,2024,4
202404,GRZ,2,1,64,4618,0,0,0,2024,4
202404,GRZ,2,2,64,4864,0,0,4864,2024,4
202404,GRZ,2,3,0,50,0,0,0,2024,4
202404,INN,1,1,143,12195,0,0,0,2024,4
202404,INN,1,2,143,17230,0,0,17230,2024,4
202404,INN,2,1,23,934,0,0,0,2024,4
202404,INN,2,2,22,3443,0,0,3443,2024,4
202404,KLU,1,1,85,6115,0,0,0,2024,4
202404,KLU,1,2,84,7099,0,0,7099,2024,4
202404,KLU,2,1,2,188,0,0,0,2024,4
202404,KLU,2,2,2,372,0,0,372,2024,4
202404,LNZ,1,1,9,157,0,0,0,2024,4
202404,LNZ,1,2,9,188,0,0,188,2024,4
202404,LNZ,2,1,83,2574,393399,0,0,2024,4
202404,LNZ,2,2,83,3173,904748,0,3173,2024,4
202404,LNZ,2,3,0,205,50787,0,0,2024,4
202404,SZG,1,1,443,48243,3205,0,0,2024,4
202404,SZG,1,2,442,51532,9046,0,51532,2024,4
202404,SZG,1,3,0,43,0,0,0,2024,4
202404,SZG,2,1,9,535,0,0,0,2024,4
202404,SZG,2,2,9,1200,0,0,1200,2024,4
202405,VIE,1,1,10672,1404878,10373578,164372,0,2024,5
202405,VIE,1,2,10681,1411968,6214861,229871,1411968,2024,5
202405,VIE,1,3,0,5262,3424454,3523,0,2024,5
202405,VIE,2,1,184,10264,319981,0,0,2024,5
202405,VIE,2,2,172,9931,36784,0,9931,2024,5
202405,VIE,2,3,0,2445,320195,0,0,2024,5
202405,GRZ,1,1,344,26691,258,0,0,2024,5
202405,GRZ,1,2,346,26800,0,0,26800,2024,5
202405,GRZ,1,3,0,418,0,0,0,2024,5
202405,GRZ,2,1,143,9440,0,0,0,2024,5
202405,GRZ,2,2,142,11402,0,0,11402,2024,5
202405,GRZ,2,3,0,318,0,0,0,2024,5
202405,INN,1,1,101,9023,0,0,0,2024,5
202405,INN,1,2,101,10050,0,0,10050,2024,5
202405,INN,2,1,39,2046,0,0,0,2024,5
202405,INN,2,2,39,2769,0,0,2769,2024,5
202405,KLU,1,1,89,7206,0,0,0,2024,5
202405,KLU,1,2,89,7137,0,0,7137,2024,5
202405,KLU,2,1,3,367,0,0,0,2024,5
202405,KLU,2,2,3,228,0,0,228,2024,5
202405,LNZ,1,1,8,75,0,0,0,2024,5
202405,LNZ,1,2,8,78,0,0,78,2024,5
202405,LNZ,2,1,132,7687,324419,0,0,2024,5
202405,LNZ,2,2,131,10049,866864,0,10049,2024,5
202405,LNZ,2,3,0,192,77623,0,0,2024,5
202405,SZG,1,1,480,56400,4183,0,0,2024,5
202405,SZG,1,2,482,58432,8164,0,58432,2024,5
202405,SZG,1,3,0,124,0,0,0,2024,5
202405,SZG,2,1,35,3664,0,0,0,2024,5
202405,SZG,2,2,35,3451,0,0,3451,2024,5
202405,SZG,2,3,0,243,0,0,0,2024,5
202406,VIE,1,1,10764,1489735,10884312,185670,0,2024,6
202406,VIE,1,2,10778,1502678,6517151,233990,1502678,2024,6
202406,VIE,1,3,0,7338,3469020,4715,0,2024,6
202406,VIE,2,1,170,9270,503250,0,0,2024,6
202406,VIE,2,2,162,10194,39980,0,10194,2024,6
202406,VIE,2,3,0,1634,0,0,0,2024,6
202406,GRZ,1,1,323,28662,608,0,0,2024,6
202406,GRZ,1,2,322,28406,0,0,28406,2024,6
202406,GRZ,1,3,0,116,0,0,0,2024,6
202406,GRZ,2,1,198,14083,0,0,0,2024,6
202406,GRZ,2,2,194,14262,0,0,14262,2024,6
202406,GRZ,2,3,0,51,0,0,0,2024,6
202406,INN,1,1,111,12722,0,0,0,2024,6
202406,INN,1,2,111,12837,0,0,12837,2024,6
202406,INN,2,1,60,4012,0,0,0,2024,6
202406,INN,2,2,60,3615,0,0,3615,2024,6
202406,KLU,1,1,84,7371,0,0,0,2024,6
202406,KLU,1,2,85,7425,0,0,7425,2024,6
202406,KLU,2,1,7,327,0,0,0,2024,6
202406,KLU,2,2,7,292,0,0,292,2024,6
202406,LNZ,1,1,8,211,0,0,0,2024,6
202406,LNZ,1,2,8,124,0,0,124,2024,6
202406,LNZ,2,1,147,11738,355470,0,0,2024,6
202406,LNZ,2,2,146,11335,1028621,0,11335,2024,6
202406,LNZ,2,3,0,47,59221,0,0,2024,6
202406,SZG,1,1,496,63056,4231,0,0,2024,6
202406,SZG,1,2,494,59375,9634,0,59375,2024,6
202406,SZG,2,1,58,6383,0,0,0,2024,6
202406,SZG,2,2,58,5436,0,0,5436,2024,6
202407,VIE,1,1,11245,1611888,11288687,179908,0,2024,7
202407,VIE,1,2,11256,1673194,6748386,234837,1673194,2024,7
202407,VIE,1,3,0,8617,2682432,4988,0,2024,7
202407,VIE,2,1,171,13485,88956,0,0,2024,7
202407,VIE,2,2,157,14458,70266,0,14458,2024,7
202407,VIE,2,3,0,2454,26619,203,0,2024,7
202407,GRZ,1,1,335,26167,601,0,0,2024,7
202407,GRZ,1,2,335,28716,0,0,28716,2024,7
202407,GRZ,1,3,0,102,0,0,0,2024,7
202407,GRZ,2,1,196,16611,0,0,0,2024,7
202407,GRZ,2,2,200,18640,0,0,18640,2024,7
202407,GRZ,2,3,0,2,0,0,0,2024,7
202407,INN,1,1,118,13636,0,0,0,2024,7
202407,INN,1,2,118,14062,0,0,14062,2024,7
202407,INN,2,1,62,3352,0,0,0,2024,7
202407,INN,2,2,61,3260,0,0,3260,2024,7
202407,KLU,1,1,85,7551,0,0,0,2024,7
202407,KLU,1,2,84,7621,0,0,7621,2024,7
202407,KLU,2,1,7,256,0,0,0,2024,7
202407,KLU,2,2,7,205,0,0,205,2024,7
202407,LNZ,1,1,11,262,0,0,0,2024,7
202407,LNZ,1,2,11,132,0,0,132,2024,7
202407,LNZ,1,3,0,196,0,0,0,2024,7
202407,LNZ,2,1,167,12496,370946,0,0,2024,7
202407,LNZ,2,2,168,13202,1103373,0,13202,2024,7
202407,LNZ,2,3,0,0,69019,0,0,2024,7
202407,SZG,1,1,509,65913,3415,0,0,2024,7
202407,SZG,1,2,509,67843,9237,0,67843,2024,7
202407,SZG,1,3,0,171,0,0,0,2024,7
202407,SZG,2,1,67,6287,0,0,0,2024,7
202407,SZG,2,2,67,7073,0,0,7073,2024,7
202408,VIE,1,1,11216,1662625,10557764,186353,0,2024,8
202408,VIE,1,2,11223,1628501,6442655,231859,1628501,2024,8
202408,VIE,1,3,0,7478,2902907,5923,0,2024,8
202408,VIE,2,1,176,16422,38133,0,0,2024,8
202408,VIE,2,2,170,14798,1363,0,14798,2024,8
202408,VIE,2,3,0,1521,128499,914,0,2024,8
202408,GRZ,1,1,335,26135,724,0,0,2024,8
202408,GRZ,1,2,337,26737,53,0,26737,2024,8
202408,GRZ,1,3,0,167,0,0,0,2024,8
202408,GRZ,2,1,202,18639,0,0,0,2024,8
202408,GRZ,2,2,200,18037,0,0,18037,2024,8
202408,GRZ,2,3,0,11,0,0,0,2024,8
202408,INN,1,1,117,13524,0,0,0,2024,8
202408,INN,1,2,117,14548,0,0,14548,2024,8
202408,INN,2,1,55,3029,0,0,0,2024,8
202408,INN,2,2,54,3638,0,0,3638,2024,8
202408,KLU,1,1,85,7755,0,0,0,2024,8
202408,KLU,1,2,86,7897,0,0,7897,2024,8
202408,KLU,2,1,7,197,0,0,0,2024,8
202408,KLU,2,2,7,287,0,0,287,2024,8
202408,LNZ,1,1,15,141,0,0,0,2024,8
202408,LNZ,1,2,15,166,0,0,166,2024,8
202408,LNZ,1,3,0,767,0,0,0,2024,8
202408,LNZ,2,1,156,14285,349038,0,0,2024,8
202408,LNZ,2,2,156,14369,763155,0,14369,2024,8
202408,LNZ,2,3,0,188,35807,0,0,2024,8
202408,SZG,1,1,526,72522,4809,0,0,2024,8
202408,SZG,1,2,526,75292,10151,0,75292,2024,8
202408,SZG,1,3,0,219,0,0,0,2024,8
202408,SZG,2,1,66,7830,0,0,0,2024,8
202408,SZG,2,2,66,7628,0,0,7628,2024,8
202409,VIE,1,1,10890,1553883,11368332,192276,0,2024,9
202409,VIE,1,2,10892,1498490,6722388,240598,1498490,2024,9
202409,VIE,1,3,0,7109,2345072,6303,0,2024,9
202409,VIE,2,1,138,9653,2701,0,0,2024,9
202409,VIE,2,2,130,8011,630,0,8011,2024,9
202409,VIE,2,3,0,946,522,1015,0,2024,9
202409,GRZ,1,1,349,30560,577,0,0,2024,9
202409,GRZ,1,2,348,29962,0,0,29962,2024,9
202409,GRZ,2,1,197,15529,0,0,0,2024,9
202409,GRZ,2,2,199,13837,0,0,13837,2024,9
202409,GRZ,2,3,0,26,0,0,0,2024,9
202409,INN,1,1,107,11990,0,0,0,2024,9
202409,INN,1,2,107,12528,0,0,12528,2024,9
202409,INN,2,1,59,3856,0,0,0,2024,9
202409,INN,2,2,60,3492,0,0,3492,2024,9
202409,KLU,1,1,86,7559,0,0,0,2024,9
202409,KLU,1,2,85,7858,0,0,7858,2024,9
202409,KLU,2,1,4,280,0,0,0,2024,9
202409,KLU,2,2,4,250,0,0,250,2024,9
202409,LNZ,1,1,8,157,0,0,0,2024,9
202409,LNZ,1,2,8,170,0,0,170,2024,9
202409,LNZ,2,1,141,12702,352539,0,0,2024,9
202409,LNZ,2,2,141,10690,799591,0,10690,2024,9
202409,LNZ,2,3,0,0,64289,0,0,2024,9
202409,SZG,1,1,513,66702,4700,0,0,2024,9
202409,SZG,1,2,513,64214,11585,0,64214,2024,9
202409,SZG,1,3,0,560,0,0,0,2024,9
202409,SZG,2,1,42,3629,0,0,0,2024,9
202409,SZG,2,2,40,3969,0,0,3969,2024,9
202409,SZG,2,3,0,101,0,0,0,2024,9
202410,VIE,1,1,10763,1446783,12546884,204195,0,2024,10
202410,VIE,1,2,10771,1480824,7664334,253233,1480824,2024,10
202410,VIE,1,3,0,7456,2956606,4690,0,2024,10
202410,VIE,2,1,149,9081,52769,0,0,2024,10
202410,VIE,2,2,141,8035,443,0,8035,2024,10
202410,VIE,2,3,0,2086,10667,0,0,2024,10
202410,GRZ,1,1,342,27277,84,0,0,2024,10
202410,GRZ,1,2,342,28825,0,0,28825,2024,10
202410,GRZ,2,1,97,6872,0,0,0,2024,10
202410,GRZ,2,2,97,6102,0,0,6102,2024,10
202410,GRZ,2,3,0,181,0,0,0,2024,10
202410,INN,1,1,100,9208,0,0,0,2024,10
202410,INN,1,2,100,9136,0,0,9136,2024,10
202410,INN,2,1,9,592,0,0,0,2024,10
202410,INN,2,2,10,43,0,0,43,2024,10
202410,KLU,1,1,83,6467,0,0,0,2024,10
202410,KLU,1,2,83,6823,0,0,6823,2024,10
202410,KLU,2,1,6,696,0,0,0,2024,10
202410,KLU,2,2,6,499,0,0,499,2024,10
202410,LNZ,1,1,21,498,0,0,0,2024,10
202410,LNZ,1,2,21,604,0,0,604,2024,10
202410,LNZ,2,1,97,4895,392915,0,0,2024,10
202410,LNZ,2,2,96,4736,761383,0,4736,2024,10
202410,LNZ,2,3,0,0,64706,0,0,2024,10
202410,SZG,1,1,460,56939,2621,0,0,2024,10
202410,SZG,1,2,460,58075,10230,0,58075,2024,10
202410,SZG,1,3,0,46,680,0,0,2024,10
202410,SZG,2,1,24,1892,171,0,0,2024,10
202410,SZG,2,2,26,1477,0,0,1477,2024,10
202411,VIE,1,1,8516,1158168,11047010,212798,0,2024,11
202411,VIE,1,2,8507,1082805,7233219,271968,1082805,2024,11
202411,VIE,1,3,0,5315,2724812,2952,0,2024,11
202411,VIE,2,1,136,9830,36938,0,0,2024,11
202411,VIE,2,2,132,7580,38910,0,7580,2024,11
202411,VIE,2,3,0,1238,6168,552,0,2024,11
202411,GRZ,1,1,303,25661,316,0,0,2024,11
202411,GRZ,1,2,304,25207,0,0,25207,2024,11
202411,GRZ,2,1,73,4636,337,0,0,2024,11
202411,GRZ,2,2,73,3681,0,0,3681,2024,11
202411,GRZ,2,3,0,190,0,0,0,2024,11
202411,INN,1,1,138,10860,0,0,0,2024,11
202411,INN,1,2,138,10412,0,0,10412,2024,11
202411,INN,2,1,1,29,0,0,0,2024,11
202411,INN,2,2,1,0,0,0,0,2024,11
202411,KLU,1,1,62,3105,0,0,0,2024,11
202411,KLU,1,2,63,3471,0,0,3471,2024,11
202411,KLU,2,1,2,143,0,0,0,2024,11
202411,KLU,2,2,2,140,0,0,140,2024,11
202411,KLU,2,3,0,37,0,0,0,2024,11
202411,LNZ,1,1,97,4059,0,0,0,2024,11
202411,LNZ,1,2,98,4240,0,0,4240,2024,11
202411,LNZ,2,1,75,2990,394130,0,0,2024,11
202411,LNZ,2,2,75,1713,780314,0,1713,2024,11
202411,LNZ,2,3,0,0,50758,0,0,2024,11
202411,SZG,1,1,356,44073,2750,0,0,2024,11
202411,SZG,1,2,355,40314,13321,0,40314,2024,11
202411,SZG,2,1,16,1197,0,0,0,2024,11
202411,SZG,2,2,17,1201,0,0,1201,2024,11
202412,VIE,1,1,8730,1157341,10159879,246853,0,2024,12
202412,VIE,1,2,8723,1201998,6861805,319811,1201998,2024,12
202412,VIE,1,3,0,5864,2625690,3169,0,2024,12
202412,VIE,2,1,109,7349,0,0,0,2024,12
202412,VIE,2,2,105,6779,37465,0,6779,2024,12
202412,VIE,2,3,0,1360,0,0,0,2024,12
202412,GRZ,1,1,264,21215,160,0,0,2024,12
202412,GRZ,1,2,265,20212,2,0,20212,2024,12
202412,GRZ,2,1,52,2664,0,0,0,2024,12
202412,GRZ,2,2,52,3351,0,0,3351,2024,12
202412,GRZ,2,3,0,2,0,0,0,2024,12
202412,INN,1,1,416,51822,0,0,0,2024,12
202412,INN,1,2,415,41061,0,0,41061,2024,12
202412,INN,2,1,40,6735,0,0,0,2024,12
202412,INN,2,2,41,3797,0,0,3797,2024,12
202412,KLU,1,1,56,3971,0,0,0,2024,12
202412,KLU,1,2,56,3322,0,0,3322,2024,12
202412,LNZ,1,1,92,3653,0,0,0,2024,12
202412,LNZ,1,2,91,3523,0,0,3523,2024,12
202412,LNZ,1,3,0,35,0,0,0,2024,12
202412,LNZ,2,1,55,603,301291,0,0,2024,12
202412,LNZ,2,2,56,589,708241,0,589,2024,12
202412,LNZ,2,3,0,0,53724,0,0,2024,12
202412,SZG,1,1,558,75395,1917,0,0,2024,12
202412,SZG,1,2,559,68642,8279,0,68642,2024,12
202412,SZG,2,1,68,9882,0,0,0,2024,12
202412,SZG,2,2,68,6652,0,0,6652,2024,12
202412,SZG,2,3,0,165,0,0,0,2024,12
202501,VIE,1,1,7775,930231,8866829,192849,0,2025,1
202501,VIE,1,2,7794,941711,5554527,228831,941711,2025,1
202501,VIE,1,3,0,6575,1737176,3853,0,2025,1
202501,VIE,2,1,106,5626,3995,500,0,2025,1
202501,VIE,2,2,103,5459,75739,0,5459,2025,1
202501,VIE,2,3,0,500,0,0,0,2025,1
202501,GRZ,1,1,247,16649,45,0,0,2025,1
202501,GRZ,1,2,244,17818,0,0,17818,2025,1
202501,GRZ,2,1,53,3027,0,0,0,2025,1
202501,GRZ,2,2,53,2378,0,0,2378,2025,1
202501,GRZ,2,3,0,3,0,0,0,2025,1
202501,INN,1,1,610,72861,0,0,0,2025,1
202501,INN,1,2,608,71186,0,0,71186,2025,1
202501,INN,2,1,87,13494,0,0,0,2025,1
202501,INN,2,2,89,12247,0,0,12247,2025,1
202501,KLU,1,1,43,2529,0,0,0,2025,1
202501,KLU,1,2,43,3100,0,0,3100,2025,1
202501,KLU,2,1,1,98,0,0,0,2025,1
202501,KLU,2,2,1,97,0,0,97,2025,1
202501,LNZ,1,1,98,3131,0,0,0,2025,1
202501,LNZ,1,2,98,3521,0,0,3521,2025,1
202501,LNZ,1,3,0,174,0,0,0,2025,1
202501,LNZ,2,1,50,189,343884,0,0,2025,1
202501,LNZ,2,2,50,35,616138,0,35,2025,1
202501,LNZ,2,3,0,0,47106,0,0,2025,1
202501,SZG,1,1,634,79494,2355,0,0,2025,1
202501,SZG,1,2,639,79338,11259,0,79338,2025,1
202501,SZG,2,1,123,18017,0,0,0,2025,1
202501,SZG,2,2,119,16836,0,0,16836,2025,1
202502,VIE,1,1,7394,943738,8050604,180954,0,2025,2
202502,VIE,1,2,7408,939418,6862349,207416,939418,2025,2
202502,VIE,1,3,0,6130,1196826,2919,0,2025,2
202502,VIE,2,1,98,5234,1824,0,0,2025,2
202502,VIE,2,2,86,5468,74173,0,5468,2025,2
202502,VIE,2,3,0,1077,70395,1479,0,2025,2
202502,GRZ,1,1,258,19300,0,0,0,2025,2
202502,GRZ,1,2,258,19450,0,0,19450,2025,2
202502,GRZ,2,1,47,2972,0,0,0,2025,2
202502,GRZ,2,2,47,3167,388,0,3167,2025,2
202502,GRZ,2,3,0,187,0,0,0,2025,2
202502,INN,1,1,583,75096,0,0,0,2025,2
202502,INN,1,2,583,74544,0,0,74544,2025,2
202502,INN,2,1,104,16461,0,0,0,2025,2
202502,INN,2,2,104,16417,0,0,16417,2025,2
202502,KLU,1,1,49,3604,0,0,0,2025,2
202502,KLU,1,2,49,3857,0,0,3857,2025,2
202502,KLU,2,1,1,0,0,0,0,2025,2
202502,KLU,2,2,1,182,0,0,182,2025,2
202502,LNZ,1,1,86,4063,0,0,0,2025,2
202502,LNZ,1,2,88,4120,0,0,4120,2025,2
202502,LNZ,2,1,63,671,300288,0,0,2025,2
202502,LNZ,2,2,61,780,804570,0,780,2025,2
202502,LNZ,2,3,0,0,38488,0,0,2025,2
202502,SZG,1,1,647,83035,1864,0,0,2025,2
202502,SZG,1,2,652,81281,7731,0,81281,2025,2
202502,SZG,2,1,122,17193,0,0,0,2025,2
202502,SZG,2,2,117,17061,0,0,17061,2025,2
202503,VIE,1,1,8786,1120971,11226169,197314,0,2025,3
202503,VIE,1,2,8816,1088794,7729855,228710,1088794,2025,3
202503,VIE,1,3,0,4474,1619440,2159,0,2025,3
202503,VIE,2,1,133,5969,714,0,0,2025,3
202503,VIE,2,2,104,5557,709,0,5557,2025,3
202503,VIE,2,3,0,1272,38443,0,0,2025,3
202503,GRZ,1,1,310,22843,0,0,0,2025,3
202503,GRZ,1,2,311,23106,0,0,23106,2025,3
202503,GRZ,2,1,55,3333,0,0,0,2025,3
202503,GRZ,2,2,56,3097,0,0,3097,2025,3
202503,GRZ,2,3,0,1,0,0,0,2025,3
202503,INN,1,1,600,71589,0,0,0,2025,3
202503,INN,1,2,601,78739,0,0,78739,2025,3
202503,INN,2,1,105,14015,0,0,0,2025,3
202503,INN,2,2,104,16326,0,0,16326,2025,3
202503,KLU,1,1,72,3870,0,0,0,2025,3
202503,KLU,1,2,71,4411,0,0,4411,2025,3
202503,LNZ,1,1,92,4478,0,0,0,2025,3
202503,LNZ,1,2,91,4403,0,0,4403,2025,3
202503,LNZ,2,1,62,701,392459,0,0,2025,3
202503,LNZ,2,2,63,796,939095,0,796,2025,3
202503,LNZ,2,3,0,52,57125,0,0,2025,3
202503,SZG,1,1,716,79866,1620,0,0,2025,3
202503,SZG,1,2,717,88540,9447,0,88540,2025,3
202503,SZG,2,1,94,9091,0,0,0,2025,3
202503,SZG,2,2,93,12499,0,0,12499,2025,3
202504,VIE,1,1,10098,1380014,11021132,178197,0,2025,4
202504,VIE,1,2,10116,1394993,7034697,220204,1394993,2025,4
202504,VIE,1,3,0,5098,1571033,11532,0,2025,4
202504,VIE,2,1,178,6393,842,0,0,2025,4
202504,VIE,2,2,164,6924,76475,0,6924,2025,4
202504,VIE,2,3,0,15345,137365,5445,0,2025,4
202504,GRZ,1,1,351,25924,279,0,0,2025,4
202504,GRZ,1,2,351,26203,0,0,26203,2025,4
202504,GRZ,2,1,74,5598,0,0,0,2025,4
202504,GRZ,2,2,72,6432,0,0,6432,2025,4
202504,GRZ,2,3,0,135,0,0,0,2025,4
202504,INN,1,1,129,13433,0,0,0,2025,4
202504,INN,1,2,129,16720,0,0,16720,2025,4
202504,INN,2,1,26,2292,0,0,0,2025,4
202504,INN,2,2,26,4001,0,0,4001,2025,4
202504,INN,2,3,0,86,0,0,0,2025,4
202504,KLU,1,1,88,7191,0,0,0,2025,4
202504,KLU,1,2,88,7850,0,0,7850,2025,4
202504,KLU,2,1,1,0,0,0,0,2025,4
202504,KLU,2,2,1,92,0,0,92,2025,4
202504,KLU,2,3,0,72,0,0,0,2025,4
202504,LNZ,1,1,113,7164,0,0,0,2025,4
202504,LNZ,1,2,114,7463,0,0,7463,2025,4
202504,LNZ,1,3,0,276,0,0,0,2025,4
202504,LNZ,2,1,65,1231,393019,0,0,2025,4
202504,LNZ,2,2,62,1702,831810,0,1702,2025,4
202504,LNZ,2,3,0,0,48493,0,0,2025,4
202504,SZG,1,1,447,46663,1690,0,0,2025,4
202504,SZG,1,2,446,49322,11353,0,49322,2025,4
202504,SZG,2,1,13,889,0,0,0,2025,4
202504,SZG,2,2,13,1492,0,0,1492,2025,4
202505,VIE,1,1,10585,1414555,10760920,176689,0,2025,5
202505,VIE,1,2,10602,1414845,7550777,207860,1414845,2025,5
202505,VIE,1,3,0,4840,2082369,4095,0,2025,5
202505,VIE,2,1,329,9700,1695,0,0,2025,5
202505,VIE,2,2,312,9533,84303,0,9533,2025,5
202505,VIE,2,3,0,47503,752667,17478,0,2025,5
202505,GRZ,1,1,351,28706,1,0,0,2025,5
202505,GRZ,1,2,352,28452,0,0,28452,2025,5
202505,GRZ,1,3,0,350,0,0,0,2025,5
202505,GRZ,2,1,139,8813,0,0,0,2025,5
202505,GRZ,2,2,139,10652,0,0,10652,2025,5
202505,GRZ,2,3,0,48,0,0,0,2025,5
202505,INN,1,1,108,10117,0,0,0,2025,5
202505,INN,1,2,108,11613,0,0,11613,2025,5
202505,INN,2,1,37,1764,0,0,0,2025,5
202505,INN,2,2,36,2516,0,0,2516,2025,5
202505,KLU,1,1,101,10031,0,0,0,2025,5
202505,KLU,1,2,102,9490,0,0,9490,2025,5
202505,KLU,2,1,14,630,0,0,0,2025,5
202505,KLU,2,2,14,583,0,0,583,2025,5
202505,KLU,2,3,0,1,0,0,0,2025,5
202505,LNZ,1,1,125,7781,0,0,0,2025,5
202505,LNZ,1,2,125,7752,0,0,7752,2025,5
202505,LNZ,1,3,0,721,0,0,0,2025,5
202505,LNZ,2,1,129,6456,391203,0,0,2025,5
202505,LNZ,2,2,132,7607,928856,0,7607,2025,5
202505,LNZ,2,3,0,484,30643,0,0,2025,5
202505,SZG,1,1,507,53556,2255,0,0,2025,5
202505,SZG,1,2,507,55501,9153,0,55501,2025,5
202505,SZG,1,3,0,258,0,0,0,2025,5
202505,SZG,2,1,49,5008,0,0,0,2025,5
202505,SZG,2,2,48,4783,0,0,4783,2025,5
202505,SZG,2,3,0,198,0,0,0,2025,5
202506,VIE,1,1,10721,1460518,10569092,156107,0,2025,6
202506,VIE,1,2,10725,1493628,6641337,184210,1493628,2025,6
202506,VIE,1,3,0,6791,1397791,3324,0,2025,6
202506,VIE,2,1,264,11320,170,135,0,2025,6
202506,VIE,2,2,259,10993,96840,0,10993,2025,6
202506,VIE,2,3,0,25272,397868,24146,0,2025,6
202506,GRZ,1,1,345,28303,284,0,0,2025,6
202506,GRZ,1,2,345,27919,0,0,27919,2025,6
202506,GRZ,1,3,0,189,0,0,0,2025,6
202506,GRZ,2,1,218,15355,0,0,0,2025,6
202506,GRZ,2,2,215,15876,0,0,15876,2025,6
202506,GRZ,2,3,0,6,0,0,0,2025,6
202506,INN,1,1,119,14328,0,0,0,2025,6
202506,INN,1,2,119,14060,0,0,14060,2025,6
202506,INN,2,1,53,3431,0,0,0,2025,6
202506,INN,2,2,53,3210,0,0,3210,2025,6
202506,KLU,1,1,99,10252,0,0,0,2025,6
202506,KLU,1,2,98,10065,0,0,10065,2025,6
202506,KLU,2,1,13,360,0,0,0,2025,6
202506,KLU,2,2,13,333,0,0,333,2025,6
202506,LNZ,1,1,105,7206,0,0,0,2025,6
202506,LNZ,1,2,106,7178,0,0,7178,2025,6
202506,LNZ,1,3,0,188,0,0,0,2025,6
202506,LNZ,2,1,135,9794,354943,0,0,2025,6
202506,LNZ,2,2,133,10443,671440,0,10443,2025,6
202506,LNZ,2,3,0,118,34543,0,0,2025,6
202506,SZG,1,1,521,61151,2519,0,0,2025,6
202506,SZG,1,2,521,59938,10097,0,59938,2025,6
202506,SZG,1,3,0,199,0,0,0,2025,6
202506,SZG,2,1,61,7729,0,0,0,2025,6
202506,SZG,2,2,62,7209,0,0,7209,2025,6
202507,VIE,1,1,11227,1584058,11618544,159244,0,2025,7
202507,VIE,1,2,11246,1647004,7250389,203001,1647004,2025,7
202507,VIE,1,3,0,6887,1019065,2636,0,2025,7
202507,VIE,2,1,238,14679,3634,0,0,2025,7
202507,VIE,2,2,222,13313,39546,0,13313,2025,7
202507,VIE,2,3,0,17808,432729,13783,0,2025,7
202507,GRZ,1,1,338,26408,367,0,0,2025,7
202507,GRZ,1,2,338,29572,0,0,29572,2025,7
202507,GRZ,1,3,0,265,0,0,0,2025,7
202507,GRZ,2,1,180,16320,0,0,0,2025,7
202507,GRZ,2,2,182,17622,0,0,17622,2025,7
202507,INN,1,1,129,14749,0,0,0,2025,7
202507,INN,1,2,129,15357,0,0,15357,2025,7
202507,INN,2,1,56,2908,0,0,0,2025,7
202507,INN,2,2,56,2973,0,0,2973,2025,7
202507,KLU,1,1,108,10623,0,0,0,2025,7
202507,KLU,1,2,108,10570,0,0,10570,2025,7
202507,KLU,2,1,5,134,0,0,0,2025,7
202507,KLU,2,2,5,86,0,0,86,2025,7
202507,LNZ,1,1,115,7650,0,0,0,2025,7
202507,LNZ,1,2,115,7821,0,0,7821,2025,7
202507,LNZ,1,3,0,340,0,0,0,2025,7
202507,LNZ,2,1,156,10700,409919,0,0,2025,7
202507,LNZ,2,2,155,11227,870528,0,11227,2025,7
202507,LNZ,2,3,0,0,41247,0,0,2025,7
202507,SZG,1,1,594,69065,3048,0,0,2025,7
202507,SZG,1,2,594,69383,8753,0,69383,2025,7
202507,SZG,1,3,0,214,0,0,0,2025,7
202507,SZG,2,1,77,7999,0,0,0,2025,7
202507,SZG,2,2,77,9105,0,0,9105,2025,7
202508,VIE,1,1,11397,1698293,10679608,162266,0,2025,8
202508,VIE,1,2,11395,1654293,6674153,195628,1654293,2025,8
202508,VIE,1,3,0,5191,2199188,4431,0,2025,8
202508,VIE,2,1,220,14315,1750,0,0,2025,8
202508,VIE,2,2,215,13569,12875,0,13569,2025,8
202508,VIE,2,3,0,21698,368092,25564,0,2025,8
202508,GRZ,1,1,310,27683,758,0,0,2025,8
202508,GRZ,1,2,310,27386,28,0,27386,2025,8
202508,GRZ,2,1,185,18474,0,0,0,2025,8
202508,GRZ,2,2,184,18469,0,0,18469,2025,8
202508,INN,1,1,126,15308,0,0,0,2025,8
202508,INN,1,2,124,16490,0,0,16490,2025,8
202508,INN,2,1,60,3374,0,0,0,2025,8
202508,INN,2,2,62,3568,0,0,3568,2025,8
202508,INN,2,3,0,35,0,0,0,2025,8
202508,KLU,1,1,106,11375,0,0,0,2025,8
202508,KLU,1,2,106,11488,0,0,11488,2025,8
202508,KLU,2,1,22,774,0,0,0,2025,8
202508,KLU,2,2,21,717,0,0,717,2025,8
202508,LNZ,1,1,112,7705,5,0,0,2025,8
202508,LNZ,1,2,112,7901,0,0,7901,2025,8
202508,LNZ,2,1,151,12992,334336,0,0,2025,8
202508,LNZ,2,2,151,13086,972100,0,13086,2025,8
202508,LNZ,2,3,0,0,35293,0,0,2025,8
202508,SZG,1,1,583,72445,3570,0,0,2025,8
202508,SZG,1,2,584,76985,10565,0,76985,2025,8
202508,SZG,2,1,73,9547,118,0,0,2025,8
202508,SZG,2,2,72,9903,0,0,9903,2025,8
202509,VIE,1,1,11058,1583324,10745430,174975,0,2025,9
202509,VIE,1,2,11056,1522389,6934088,190260,1522389,2025,9
202509,VIE,1,3,0,5421,1901190,8925,0,2025,9
202509,VIE,2,1,182,11900,10655,0,0,2025,9
202509,VIE,2,2,185,9816,49600,0,9816,2025,9
202509,VIE,2,3,0,12097,278479,33791,0,2025,9
202509,GRZ,1,1,365,30612,0,0,0,2025,9
202509,GRZ,1,2,365,29526,18,0,29526,2025,9
202509,GRZ,2,1,181,15711,0,0,0,2025,9
202509,GRZ,2,2,182,14163,30,0,14163,2025,9
202509,GRZ,2,3,0,6,0,0,0,2025,9
202509,INN,1,1,121,13755,0,0,0,2025,9
202509,INN,1,2,121,13978,0,0,13978,2025,9
202509,INN,2,1,62,3160,0,0,0,2025,9
202509,INN,2,2,61,2934,0,0,2934,2025,9
202509,KLU,1,1,102,9726,0,0,0,2025,9
202509,KLU,1,2,102,9876,0,0,9876,2025,9
202509,KLU,2,1,12,150,0,0,0,2025,9
202509,KLU,2,2,12,223,0,0,223,2025,9
202509,KLU,2,3,0,80,0,0,0,2025,9
202509,LNZ,1,1,113,7729,0,0,0,2025,9
202509,LNZ,1,2,113,7487,0,0,7487,2025,9
202509,LNZ,1,3,0,448,0,0,0,2025,9
202509,LNZ,2,1,142,11342,390133,0,0,2025,9
202509,LNZ,2,2,143,10350,864574,0,10350,2025,9
202509,LNZ,2,3,0,76,41890,0,0,2025,9
202509,SZG,1,1,545,66217,2385,0,0,2025,9
202509,SZG,1,2,545,65062,10788,0,65062,2025,9
202509,SZG,1,3,0,729,0,0,0,2025,9
202509,SZG,2,1,50,5410,0,0,0,2025,9
202509,SZG,2,2,50,5429,0,0,5429,2025,9
202510,VIE,1,1,10964,1500317,10993004,182406,0,2025,10
202510,VIE,1,2,10968,1532409,7598096,221158,1532409,2025,10
202510,VIE,1,3,0,5697,2532922,4178,0,2025,10
202510,VIE,2,1,180,7719,47834,0,0,2025,10
202510,VIE,2,2,178,7716,33595,0,7716,2025,10
202510,VIE,2,3,0,10733,451576,19481,0,2025,10
202510,GRZ,1,1,373,29310,2095,0,0,2025,10
202510,GRZ,1,2,373,30480,62,0,30480,2025,10
202510,GRZ,2,1,123,9882,0,0,0,2025,10
202510,GRZ,2,2,123,8818,0,0,8818,2025,10
202510,INN,1,1,94,8159,0,0,0,2025,10
202510,INN,1,2,94,8398,0,0,8398,2025,10
202510,INN,2,1,21,1247,0,0,0,2025,10
202510,INN,2,2,23,675,0,0,675,2025,10
202510,KLU,1,1,100,8703,0,0,0,2025,10
202510,KLU,1,2,99,8335,0,0,8335,2025,10
202510,KLU,2,1,4,63,0,0,0,2025,10
202510,KLU,2,2,5,68,0,0,68,2025,10
202510,LNZ,1,1,87,5795,0,0,0,2025,10
202510,LNZ,1,2,87,5832,0,0,5832,2025,10
202510,LNZ,2,1,105,4995,430720,0,0,2025,10
202510,LNZ,2,2,106,3594,1143690,0,3594,2025,10
202510,LNZ,2,3,0,0,40880,0,0,2025,10
202510,SZG,1,1,495,57918,304,0,0,2025,10
202510,SZG,1,2,495,58731,14432,0,58731,2025,10
202510,SZG,2,1,50,3113,0,0,0,2025,10
202510,SZG,2,2,50,3040,0,0,3040,2025,10
202510,SZG,2,3,0,32,0,0,0,2025,10
202511,VIE,1,1,8874,1217126,10110519,193930,0,2025,11
202511,VIE,1,2,8875,1143778,7158192,232507,1143778,2025,11
202511,VIE,1,3,0,5280,1829353,1602,0,2025,11
202511,VIE,2,1,173,9746,33208,0,0,2025,11
202511,VIE,2,2,177,7947,82228,0,7947,2025,11
202511,VIE,2,3,0,12767,594584,43188,0,2025,11
202511,GRZ,1,1,323,27437,820,0,0,2025,11
202511,GRZ,1,2,323,26846,0,0,26846,2025,11
202511,GRZ,2,1,54,4104,0,0,0,2025,11
202511,GRZ,2,2,53,3024,0,0,3024,2025,11
202511,GRZ,2,3,0,13,0,0,0,2025,11
202511,INN,1,1,99,8857,0,0,0,2025,11
202511,INN,1,2,99,8893,0,0,8893,2025,11
202511,INN,2,1,5,133,0,0,0,2025,11
202511,INN,2,2,5,57,0,0,57,2025,11
202511,KLU,1,1,63,3166,0,0,0,2025,11
202511,KLU,1,2,63,3424,0,0,3424,2025,11
202511,LNZ,1,1,18,2641,0,0,0,2025,11
202511,LNZ,1,2,18,2228,0,0,2228,2025,11
202511,LNZ,2,1,62,1445,393905,0,0,2025,11
202511,LNZ,2,2,61,1280,850069,0,1280,2025,11
202511,LNZ,2,3,0,0,33013,0,0,2025,11
202511,SZG,1,1,348,44476,4773,0,0,2025,11
202511,SZG,1,2,350,41622,10311,0,41622,2025,11
202511,SZG,1,3,0,184,0,0,0,2025,11
202511,SZG,2,1,21,1992,0,0,0,2025,11
202511,SZG,2,2,18,1658,0,0,1658,2025,11
