C-ZLFMONAT-0,C-ZLFE32-0,C-ZLFART-0,C-ZLFR63-0
200001,VIE,1,1
200001,VIE,1,2
200001,VIE,1,3
200001,VIE,2,1
200001,VIE,2,2
200001,VIE,2,3
200001,GRZ,1,1
200001,GRZ,1,2
200001,GRZ,1,3
200001,GRZ,2,1
200001,GRZ,2,2
200001,GRZ,2,3
200001,INN,1,1
200001,INN,1,2
200001,INN,1,3
200001,INN,2,1
200001,INN,2,2
200001,INN,2,3
200001,KLU,1,1
200001,KLU,1,2
200001,KLU,2,1
200001,KLU,2,2
200001,KLU,2,3
200001,LNZ,1,1
200001,LNZ,1,2
200001,LNZ,1,3
200001,LNZ,2,1
200001,LNZ,2,2
200001,LNZ,2,3
200001,SZG,1,1
200001,SZG,1,2
200001,SZG,1,3
200001,SZG,2,1
200001,SZG,2,2
200001,SZG,2,3
200002,VIE,1,1
200002,VIE,1,2
200002,VIE,1,3
200002,VIE,2,1
200002,VIE,2,2
200002,VIE,2,3
200002,GRZ,1,1
200002,GRZ,1,2
200002,GRZ,1,3
200002,GRZ,2,1
200002,GRZ,2,2
200002,GRZ,2,3
200002,INN,1,1
200002,INN,1,2
200002,INN,1,3
200002,INN,2,1
200002,INN,2,2
200002,INN,2,3
200002,KLU,1,1
200002,KLU,1,2
200002,KLU,2,1
200002,KLU,2,2
200002,KLU,2,3
200002,LNZ,1,1
200002,LNZ,1,2
200002,LNZ,1,3
200002,LNZ,2,1
200002,LNZ,2,2
200002,LNZ,2,3
200002,SZG,1,1
200002,SZG,1,2
200002,SZG,1,3
200002,SZG,2,1
200002,SZG,2,2
200002,SZG,2,3
200003,VIE,1,1
200003,VIE,1,2
200003,VIE,1,3
200003,VIE,2,1
200003,VIE,2,2
200003,VIE,2,3
200003,GRZ,1,1
200003,GRZ,1,2
200003,GRZ,1,3
200003,GRZ,2,1
200003,GRZ,2,2
200003,GRZ,2,3
200003,INN,1,1
200003,INN,1,2
200003,INN,1,3
200003,INN,2,1
200003,INN,2,2
200003,INN,2,3
200003,KLU,1,1
200003,KLU,1,2
200003,KLU,2,1
200003,KLU,2,2
200003,KLU,2,3
200003,LNZ,1,1
200003,LNZ,1,2
200003,LNZ,1,3
200003,LNZ,2,1
200003,LNZ,2,2
200003,LNZ,2,3
200003,SZG,1,1
200003,SZG,1,2
200003,SZG,1,3
200003,SZG,2,1
200003,SZG,2,2
200003,SZG,2,3
200004,VIE,1,1
200004,VIE,1,2
200004,VIE,1,3
200004,VIE,2,1
200004,VIE,2,2
200004,VIE,2,3
200004,GRZ,1,1
200004,GRZ,1,2
200004,GRZ,1,3
200004,GRZ,2,1
200004,GRZ,2,2
200004,GRZ,2,3
200004,INN,1,1
200004,INN,1,2
200004,INN,1,3
200004,INN,2,1
200004,INN,2,2
200004,INN,2,3
200004,KLU,1,1
200004,KLU,1,2
200004,KLU,2,1
200004,KLU,2,2
200004,KLU,2,3
200004,LNZ,1,1
200004,LNZ,1,2
200004,LNZ,1,3
200004,LNZ,2,1
200004,LNZ,2,2
200004,LNZ,2,3
200004,SZG,1,1
200004,SZG,1,2
200004,SZG,1,3
200004,SZG,2,1
200004,SZG,2,2
200004,SZG,2,3
200005,VIE,1,1
200005,VIE,1,2
200005,VIE,1,3
200005,VIE,2,1
200005,VIE,2,2
200005,VIE,2,3
200005,GRZ,1,1
200005,GRZ,1,2
200005,GRZ,1,3
200005,GRZ,2,1
200005,GRZ,2,2
200005,GRZ,2,3
200005,INN,1,1
200005,INN,1,2
200005,INN,1,3
200005,INN,2,1
200005,INN,2,2
200005,INN,2,3
200005,KLU,1,1
200005,KLU,1,2
200005,KLU,2,1
200005,KLU,2,2
200005,KLU,2,3
200005,LNZ,1,1
200005,LNZ,1,2
200005,LNZ,1,3
200005,LNZ,2,1
200005,LNZ,2,2
200005,LNZ,2,3
200005,SZG,1,1
200005,SZG,1,2
200005,SZG,1,3
200005,SZG,2,1
200005,SZG,2,2
200005,SZG,2,3
200006,VIE,1,1
200006,VIE,1,2
200006,VIE,1,3
200006,VIE,2,1
200006,VIE,2,2
200006,VIE,2,3
200006,GRZ,1,1
200006,GRZ,1,2
200006,GRZ,1,3
200006,GRZ,2,1
200006,GRZ,2,2
200006,GRZ,2,3
200006,INN,1,1
200006,INN,1,2
200006,INN,1,3
200006,INN,2,1
200006,INN,2,2
200006,INN,2,3
200006,KLU,1,1
200006,KLU,1,2
200006,KLU,1,3
200006,KLU,2,1
200006,KLU,2,2
200006,KLU,2,3
200006,LNZ,1,1
200006,LNZ,1,2
200006,LNZ,1,3
200006,LNZ,2,1
200006,LNZ,2,2
200006,LNZ,2,3
200006,SZG,1,1
200006,SZG,1,2
200006,SZG,1,3
200006,SZG,2,1
200006,SZG,2,2
200006,SZG,2,3
200007,VIE,1,1
200007,VIE,1,2
200007,VIE,1,3
200007,VIE,2,1
200007,VIE,2,2
200007,VIE,2,3
200007,GRZ,1,1
200007,GRZ,1,2
200007,GRZ,1,3
200007,GRZ,2,1
200007,GRZ,2,2
200007,GRZ,2,3
200007,INN,1,1
200007,INN,1,2
200007,INN,1,3
200007,INN,2,1
200007,INN,2,2
200007,INN,2,3
200007,KLU,1,1
200007,KLU,1,2
200007,KLU,2,1
200007,KLU,2,2
200007,KLU,2,3
200007,LNZ,1,1
200007,LNZ,1,2
200007,LNZ,1,3
200007,LNZ,2,1
200007,LNZ,2,2
200007,LNZ,2,3
200007,SZG,1,1
200007,SZG,1,2
200007,SZG,1,3
200007,SZG,2,1
200007,SZG,2,2
200007,SZG,2,3
200008,VIE,1,1
200008,VIE,1,2
200008,VIE,1,3
200008,VIE,2,1
200008,VIE,2,2
200008,VIE,2,3
200008,GRZ,1,1
200008,GRZ,1,2
200008,GRZ,1,3
200008,GRZ,2,1
200008,GRZ,2,2
200008,GRZ,2,3
200008,INN,1,1
200008,INN,1,2
200008,INN,1,3
200008,INN,2,1
200008,INN,2,2
200008,INN,2,3
200008,KLU,1,1
200008,KLU,1,2
200008,KLU,2,1
200008,KLU,2,2
200008,KLU,2,3
200008,LNZ,1,1
200008,LNZ,1,2
200008,LNZ,1,3
200008,LNZ,2,1
200008,LNZ,2,2
200008,LNZ,2,3
200008,SZG,1,1
200008,SZG,1,2
200008,SZG,1,3
200008,SZG,2,1
200008,SZG,2,2
200008,SZG,2,3
200009,VIE,1,1
200009,VIE,1,2
200009,VIE,1,3
200009,VIE,2,1
200009,VIE,2,2
200009,VIE,2,3
200009,GRZ,1,1
200009,GRZ,1,2
200009,GRZ,1,3
200009,GRZ,2,1
200009,GRZ,2,2
200009,GRZ,2,3
200009,INN,1,1
200009,INN,1,2
200009,INN,1,3
200009,INN,2,1
200009,INN,2,2
200009,INN,2,3
200009,KLU,1,1
200009,KLU,1,2
200009,KLU,2,1
200009,KLU,2,2
200009,KLU,2,3
200009,LNZ,1,1
200009,LNZ,1,2
200009,LNZ,1,3
200009,LNZ,2,1
200009,LNZ,2,2
200009,LNZ,2,3
200009,SZG,1,1
200009,SZG,1,2
200009,SZG,1,3
200009,SZG,2,1
200009,SZG,2,2
200009,SZG,2,3
200010,VIE,1,1
200010,VIE,1,2
200010,VIE,1,3
200010,VIE,2,1
200010,VIE,2,2
200010,VIE,2,3
200010,GRZ,1,1
200010,GRZ,1,2
200010,GRZ,1,3
200010,GRZ,2,1
200010,GRZ,2,2
200010,GRZ,2,3
200010,INN,1,1
200010,INN,1,2
200010,INN,1,3
200010,INN,2,1
200010,INN,2,2
200010,INN,2,3
200010,KLU,1,1
200010,KLU,1,2
200010,KLU,2,1
200010,KLU,2,2
200010,KLU,2,3
200010,LNZ,1,1
200010,LNZ,1,2
200010,LNZ,1,3
200010,LNZ,2,1
200010,LNZ,2,2
200010,LNZ,2,3
200010,SZG,1,1
200010,SZG,1,2
200010,SZG,1,3
200010,SZG,2,1
200010,SZG,2,2
200010,SZG,2,3
200011,VIE,1,1
200011,VIE,1,2
200011,VIE,1,3
200011,VIE,2,1
200011,VIE,2,2
200011,VIE,2,3
200011,GRZ,1,1
200011,GRZ,1,2
200011,GRZ,1,3
200011,GRZ,2,1
200011,GRZ,2,2
200011,GRZ,2,3
200011,INN,1,1
200011,INN,1,2
200011,INN,1,3
200011,INN,2,1
200011,INN,2,2
200011,INN,2,3
200011,KLU,1,1
200011,KLU,1,2
200011,KLU,2,1
200011,KLU,2,2
200011,LNZ,1,1
200011,LNZ,1,2
200011,LNZ,1,3
200011,LNZ,2,1
200011,LNZ,2,2
200011,LNZ,2,3
200011,SZG,1,1
200011,SZG,1,2
200011,SZG,1,3
200011,SZG,2,1
200011,SZG,2,2
200011,SZG,2,3
200012,VIE,1,1
200012,VIE,1,2
200012,VIE,1,3
200012,VIE,2,1
200012,VIE,2,2
200012,VIE,2,3
200012,GRZ,1,1
200012,GRZ,1,2
200012,GRZ,1,3
200012,GRZ,2,1
200012,GRZ,2,2
200012,GRZ,2,3
200012,INN,1,1
200012,INN,1,2
200012,INN,1,3
200012,INN,2,1
200012,INN,2,2
200012,INN,2,3
200012,KLU,1,1
200012,KLU,1,2
200012,KLU,2,1
200012,KLU,2,2
200012,LNZ,1,1
200012,LNZ,1,2
200012,LNZ,1,3
200012,LNZ,2,1
200012,LNZ,2,2
200012,LNZ,2,3
200012,SZG,1,1
200012,SZG,1,2
200012,SZG,1,3
200012,SZG,2,1
200012,SZG,2,2
200012,SZG,2,3
200101,VIE,1,1
200101,VIE,1,2
200101,VIE,1,3
200101,VIE,2,1
200101,VIE,2,2
200101,VIE,2,3
200101,GRZ,1,1
200101,GRZ,1,2
200101,GRZ,1,3
200101,GRZ,2,1
200101,GRZ,2,2
200101,GRZ,2,3
200101,INN,1,1
200101,INN,1,2
200101,INN,1,3
200101,INN,2,1
200101,INN,2,2
200101,INN,2,3
200101,KLU,1,1
200101,KLU,1,2
200101,KLU,2,1
200101,KLU,2,2
200101,KLU,2,3
200101,LNZ,1,1
200101,LNZ,1,2
200101,LNZ,1,3
200101,LNZ,2,1
200101,LNZ,2,2
200101,LNZ,2,3
200101,SZG,1,1
200101,SZG,1,2
200101,SZG,1,3
200101,SZG,2,1
200101,SZG,2,2
200101,SZG,2,3
200102,VIE,1,1
200102,VIE,1,2
200102,VIE,1,3
200102,VIE,2,1
200102,VIE,2,2
200102,VIE,2,3
200102,GRZ,1,1
200102,GRZ,1,2
200102,GRZ,1,3
200102,GRZ,2,1
200102,GRZ,2,2
200102,GRZ,2,3
200102,INN,1,1
200102,INN,1,2
200102,INN,1,3
200102,INN,2,1
200102,INN,2,2
200102,INN,2,3
200102,KLU,1,1
200102,KLU,1,2
200102,KLU,1,3
200102,KLU,2,1
200102,KLU,2,2
200102,LNZ,1,1
200102,LNZ,1,2
200102,LNZ,1,3
200102,LNZ,2,1
200102,LNZ,2,2
200102,LNZ,2,3
200102,SZG,1,1
200102,SZG,1,2
200102,SZG,1,3
200102,SZG,2,1
200102,SZG,2,2
200102,SZG,2,3
200103,VIE,1,1
200103,VIE,1,2
200103,VIE,1,3
200103,VIE,2,1
200103,VIE,2,2
200103,VIE,2,3
200103,GRZ,1,1
200103,GRZ,1,2
200103,GRZ,1,3
200103,GRZ,2,1
200103,GRZ,2,2
200103,GRZ,2,3
200103,INN,1,1
200103,INN,1,2
200103,INN,1,3
200103,INN,2,1
200103,INN,2,2
200103,INN,2,3
200103,KLU,1,1
200103,KLU,1,2
200103,KLU,2,1
200103,KLU,2,2
200103,KLU,2,3
200103,LNZ,1,1
200103,LNZ,1,2
200103,LNZ,1,3
200103,LNZ,2,1
200103,LNZ,2,2
200103,LNZ,2,3
200103,SZG,1,1
200103,SZG,1,2
200103,SZG,1,3
200103,SZG,2,1
200103,SZG,2,2
200103,SZG,2,3
200104,VIE,1,1
200104,VIE,1,2
200104,VIE,1,3
200104,VIE,2,1
200104,VIE,2,2
200104,VIE,2,3
200104,GRZ,1,1
200104,GRZ,1,2
200104,GRZ,1,3
200104,GRZ,2,1
200104,GRZ,2,2
200104,GRZ,2,3
200104,INN,1,1
200104,INN,1,2
200104,INN,1,3
200104,INN,2,1
200104,INN,2,2
200104,INN,2,3
200104,KLU,1,1
200104,KLU,1,2
200104,KLU,2,1
200104,KLU,2,2
200104,KLU,2,3
200104,LNZ,1,1
200104,LNZ,1,2
200104,LNZ,1,3
200104,LNZ,2,1
200104,LNZ,2,2
200104,LNZ,2,3
200104,SZG,1,1
200104,SZG,1,2
200104,SZG,1,3
200104,SZG,2,1
200104,SZG,2,2
200104,SZG,2,3
200105,VIE,1,1
200105,VIE,1,2
200105,VIE,1,3
200105,VIE,2,1
200105,VIE,2,2
200105,VIE,2,3
200105,GRZ,1,1
200105,GRZ,1,2
200105,GRZ,1,3
200105,GRZ,2,1
200105,GRZ,2,2
200105,GRZ,2,3
200105,INN,1,1
200105,INN,1,2
200105,INN,1,3
200105,INN,2,1
200105,INN,2,2
200105,INN,2,3
200105,KLU,1,1
200105,KLU,1,2
200105,KLU,1,3
200105,KLU,2,1
200105,KLU,2,2
200105,KLU,2,3
200105,LNZ,1,1
200105,LNZ,1,2
200105,LNZ,1,3
200105,LNZ,2,1
200105,LNZ,2,2
200105,LNZ,2,3
200105,SZG,1,1
200105,SZG,1,2
200105,SZG,1,3
200105,SZG,2,1
200105,SZG,2,2
200105,SZG,2,3
200106,VIE,1,1
200106,VIE,1,2
200106,VIE,1,3
200106,VIE,2,1
200106,VIE,2,2
200106,VIE,2,3
200106,GRZ,1,1
200106,GRZ,1,2
200106,GRZ,1,3
200106,GRZ,2,1
200106,GRZ,2,2
200106,GRZ,2,3
200106,INN,1,1
200106,INN,1,2
200106,INN,1,3
200106,INN,2,1
200106,INN,2,2
200106,INN,2,3
200106,KLU,1,1
200106,KLU,1,2
200106,KLU,2,1
200106,KLU,2,2
200106,KLU,2,3
200106,LNZ,1,1
200106,LNZ,1,2
200106,LNZ,1,3
200106,LNZ,2,1
200106,LNZ,2,2
200106,LNZ,2,3
200106,SZG,1,1
200106,SZG,1,2
200106,SZG,1,3
200106,SZG,2,1
200106,SZG,2,2
200106,SZG,2,3
200107,VIE,1,1
200107,VIE,1,2
200107,VIE,1,3
200107,VIE,2,1
200107,VIE,2,2
200107,VIE,2,3
200107,GRZ,1,1
200107,GRZ,1,2
200107,GRZ,1,3
200107,GRZ,2,1
200107,GRZ,2,2
200107,GRZ,2,3
200107,INN,1,1
200107,INN,1,2
200107,INN,1,3
200107,INN,2,1
200107,INN,2,2
200107,INN,2,3
200107,KLU,1,1
200107,KLU,1,2
200107,KLU,2,1
200107,KLU,2,2
200107,KLU,2,3
200107,LNZ,1,1
200107,LNZ,1,2
200107,LNZ,1,3
200107,LNZ,2,1
200107,LNZ,2,2
200107,LNZ,2,3
200107,SZG,1,1
200107,SZG,1,2
200107,SZG,1,3
200107,SZG,2,1
200107,SZG,2,2
200107,SZG,2,3
200108,VIE,1,1
200108,VIE,1,2
200108,VIE,1,3
200108,VIE,2,1
200108,VIE,2,2
200108,VIE,2,3
200108,GRZ,1,1
200108,GRZ,1,2
200108,GRZ,1,3
200108,GRZ,2,1
200108,GRZ,2,2
200108,GRZ,2,3
200108,INN,1,1
200108,INN,1,2
200108,INN,1,3
200108,INN,2,1
200108,INN,2,2
200108,INN,2,3
200108,KLU,1,1
200108,KLU,1,2
200108,KLU,2,1
200108,KLU,2,2
200108,KLU,2,3
200108,LNZ,1,1
200108,LNZ,1,2
200108,LNZ,1,3
200108,LNZ,2,1
200108,LNZ,2,2
200108,LNZ,2,3
200108,SZG,1,1
200108,SZG,1,2
200108,SZG,1,3
200108,SZG,2,1
200108,SZG,2,2
200108,SZG,2,3
200109,VIE,1,1
200109,VIE,1,2
200109,VIE,1,3
200109,VIE,2,1
200109,VIE,2,2
200109,VIE,2,3
200109,GRZ,1,1
200109,GRZ,1,2
200109,GRZ,1,3
200109,GRZ,2,1
200109,GRZ,2,2
200109,GRZ,2,3
200109,INN,1,1
200109,INN,1,2
200109,INN,1,3
200109,INN,2,1
200109,INN,2,2
200109,INN,2,3
200109,KLU,1,1
200109,KLU,1,2
200109,KLU,2,1
200109,KLU,2,2
200109,KLU,2,3
200109,LNZ,1,1
200109,LNZ,1,2
200109,LNZ,1,3
200109,LNZ,2,1
200109,LNZ,2,2
200109,LNZ,2,3
200109,SZG,1,1
200109,SZG,1,2
200109,SZG,1,3
200109,SZG,2,1
200109,SZG,2,2
200109,SZG,2,3
200110,VIE,1,1
200110,VIE,1,2
200110,VIE,1,3
200110,VIE,2,1
200110,VIE,2,2
200110,VIE,2,3
200110,GRZ,1,1
200110,GRZ,1,2
200110,GRZ,1,3
200110,GRZ,2,1
200110,GRZ,2,2
200110,GRZ,2,3
200110,INN,1,1
200110,INN,1,2
200110,INN,1,3
200110,INN,2,1
200110,INN,2,2
200110,INN,2,3
200110,KLU,1,1
200110,KLU,1,2
200110,KLU,2,1
200110,KLU,2,2
200110,KLU,2,3
200110,LNZ,1,1
200110,LNZ,1,2
200110,LNZ,1,3
200110,LNZ,2,1
200110,LNZ,2,2
200110,LNZ,2,3
200110,SZG,1,1
200110,SZG,1,2
200110,SZG,1,3
200110,SZG,2,1
200110,SZG,2,2
200110,SZG,2,3
200111,VIE,1,1
200111,VIE,1,2
200111,VIE,1,3
200111,VIE,2,1
200111,VIE,2,2
200111,VIE,2,3
200111,GRZ,1,1
200111,GRZ,1,2
200111,GRZ,1,3
200111,GRZ,2,1
200111,GRZ,2,2
200111,GRZ,2,3
200111,INN,1,1
200111,INN,1,2
200111,INN,1,3
200111,INN,2,1
200111,INN,2,2
200111,INN,2,3
200111,KLU,1,1
200111,KLU,1,2
200111,KLU,2,1
200111,KLU,2,2
200111,LNZ,1,1
200111,LNZ,1,2
200111,LNZ,1,3
200111,LNZ,2,1
200111,LNZ,2,2
200111,LNZ,2,3
200111,SZG,1,1
200111,SZG,1,2
200111,SZG,1,3
200111,SZG,2,1
200111,SZG,2,2
200111,SZG,2,3
200112,VIE,1,1
200112,VIE,1,2
200112,VIE,1,3
200112,VIE,2,1
200112,VIE,2,2
200112,VIE,2,3
200112,GRZ,1,1
200112,GRZ,1,2
200112,GRZ,1,3
200112,GRZ,2,1
200112,GRZ,2,2
200112,GRZ,2,3
200112,INN,1,1
200112,INN,1,2
200112,INN,1,3
200112,INN,2,1
200112,INN,2,2
200112,INN,2,3
200112,KLU,1,1
200112,KLU,1,2
200112,KLU,2,1
200112,KLU,2,2
200112,LNZ,1,1
200112,LNZ,1,2
200112,LNZ,1,3
200112,LNZ,2,1
200112,LNZ,2,2
200112,LNZ,2,3
200112,SZG,1,1
200112,SZG,1,2
200112,SZG,1,3
200112,SZG,2,1
200112,SZG,2,2
200112,SZG,2,3
200201,VIE,1,1
200201,VIE,1,2
200201,VIE,1,3
200201,VIE,2,1
200201,VIE,2,2
200201,VIE,2,3
200201,GRZ,1,1
200201,GRZ,1,2
200201,GRZ,2,1
200201,GRZ,2,2
200201,GRZ,2,3
200201,INN,1,1
200201,INN,1,2
200201,INN,1,3
200201,INN,2,1
200201,INN,2,2
200201,INN,2,3
200201,KLU,1,1
200201,KLU,1,2
200201,KLU,2,1
200201,KLU,2,2
200201,LNZ,1,1
200201,LNZ,1,2
200201,LNZ,1,3
200201,LNZ,2,1
200201,LNZ,2,2
200201,LNZ,2,3
200201,SZG,1,1
200201,SZG,1,2
200201,SZG,1,3
200201,SZG,2,1
200201,SZG,2,2
200201,SZG,2,3
200202,VIE,1,1
200202,VIE,1,2
200202,VIE,1,3
200202,VIE,2,1
200202,VIE,2,2
200202,VIE,2,3
200202,GRZ,1,1
200202,GRZ,1,2
200202,GRZ,2,1
200202,GRZ,2,2
200202,GRZ,2,3
200202,INN,1,1
200202,INN,1,2
200202,INN,1,3
200202,INN,2,1
200202,INN,2,2
200202,INN,2,3
200202,KLU,1,1
200202,KLU,1,2
200202,KLU,2,1
200202,KLU,2,2
200202,LNZ,1,1
200202,LNZ,1,2
200202,LNZ,1,3
200202,LNZ,2,1
200202,LNZ,2,2
200202,LNZ,2,3
200202,SZG,1,1
200202,SZG,1,2
200202,SZG,1,3
200202,SZG,2,1
200202,SZG,2,2
200202,SZG,2,3
200203,VIE,1,1
200203,VIE,1,2
200203,VIE,1,3
200203,VIE,2,1
200203,VIE,2,2
200203,VIE,2,3
200203,GRZ,1,1
200203,GRZ,1,2
200203,GRZ,2,1
200203,GRZ,2,2
200203,GRZ,2,3
200203,INN,1,1
200203,INN,1,2
200203,INN,1,3
200203,INN,2,1
200203,INN,2,2
200203,INN,2,3
200203,KLU,1,1
200203,KLU,1,2
200203,KLU,2,1
200203,KLU,2,2
200203,LNZ,1,1
200203,LNZ,1,2
200203,LNZ,1,3
200203,LNZ,2,1
200203,LNZ,2,2
200203,LNZ,2,3
200203,SZG,1,1
200203,SZG,1,2
200203,SZG,1,3
200203,SZG,2,1
200203,SZG,2,2
200203,SZG,2,3
200204,VIE,1,1
200204,VIE,1,2
200204,VIE,1,3
200204,VIE,2,1
200204,VIE,2,2
200204,VIE,2,3
200204,GRZ,1,1
200204,GRZ,1,2
200204,GRZ,2,1
200204,GRZ,2,2
200204,GRZ,2,3
200204,INN,1,1
200204,INN,1,2
200204,INN,1,3
200204,INN,2,1
200204,INN,2,2
200204,INN,2,3
200204,KLU,1,1
200204,KLU,1,2
200204,KLU,2,1
200204,KLU,2,2
200204,LNZ,1,1
200204,LNZ,1,2
200204,LNZ,1,3
200204,LNZ,2,1
200204,LNZ,2,2
200204,LNZ,2,3
200204,SZG,1,1
200204,SZG,1,2
200204,SZG,1,3
200204,SZG,2,1
200204,SZG,2,2
200204,SZG,2,3
200205,VIE,1,1
200205,VIE,1,2
200205,VIE,1,3
200205,VIE,2,1
200205,VIE,2,2
200205,VIE,2,3
200205,GRZ,1,1
200205,GRZ,1,2
200205,GRZ,1,3
200205,GRZ,2,1
200205,GRZ,2,2
200205,GRZ,2,3
200205,INN,1,1
200205,INN,1,2
200205,INN,1,3
200205,INN,2,1
200205,INN,2,2
200205,INN,2,3
200205,KLU,1,1
200205,KLU,1,2
200205,KLU,2,1
200205,KLU,2,2
200205,KLU,2,3
200205,LNZ,1,1
200205,LNZ,1,2
200205,LNZ,1,3
200205,LNZ,2,1
200205,LNZ,2,2
200205,LNZ,2,3
200205,SZG,1,1
200205,SZG,1,2
200205,SZG,1,3
200205,SZG,2,1
200205,SZG,2,2
200205,SZG,2,3
200206,VIE,1,1
200206,VIE,1,2
200206,VIE,1,3
200206,VIE,2,1
200206,VIE,2,2
200206,VIE,2,3
200206,GRZ,1,1
200206,GRZ,1,2
200206,GRZ,2,1
200206,GRZ,2,2
200206,GRZ,2,3
200206,INN,1,1
200206,INN,1,2
200206,INN,1,3
200206,INN,2,1
200206,INN,2,2
200206,INN,2,3
200206,KLU,1,1
200206,KLU,1,2
200206,KLU,2,1
200206,KLU,2,2
200206,KLU,2,3
200206,LNZ,1,1
200206,LNZ,1,2
200206,LNZ,1,3
200206,LNZ,2,1
200206,LNZ,2,2
200206,LNZ,2,3
200206,SZG,1,1
200206,SZG,1,2
200206,SZG,1,3
200206,SZG,2,1
200206,SZG,2,2
200206,SZG,2,3
200207,VIE,1,1
200207,VIE,1,2
200207,VIE,1,3
200207,VIE,2,1
200207,VIE,2,2
200207,VIE,2,3
200207,GRZ,1,1
200207,GRZ,1,2
200207,GRZ,1,3
200207,GRZ,2,1
200207,GRZ,2,2
200207,GRZ,2,3
200207,INN,1,1
200207,INN,1,2
200207,INN,1,3
200207,INN,2,1
200207,INN,2,2
200207,INN,2,3
200207,KLU,1,1
200207,KLU,1,2
200207,KLU,2,1
200207,KLU,2,2
200207,KLU,2,3
200207,LNZ,1,1
200207,LNZ,1,2
200207,LNZ,1,3
200207,LNZ,2,1
200207,LNZ,2,2
200207,LNZ,2,3
200207,SZG,1,1
200207,SZG,1,2
200207,SZG,1,3
200207,SZG,2,1
200207,SZG,2,2
200207,SZG,2,3
200208,VIE,1,1
200208,VIE,1,2
200208,VIE,1,3
200208,VIE,2,1
200208,VIE,2,2
200208,VIE,2,3
200208,GRZ,1,1
200208,GRZ,1,2
200208,GRZ,1,3
200208,GRZ,2,1
200208,GRZ,2,2
200208,GRZ,2,3
200208,INN,1,1
200208,INN,1,2
200208,INN,1,3
200208,INN,2,1
200208,INN,2,2
200208,INN,2,3
200208,KLU,1,1
200208,KLU,1,2
200208,KLU,1,3
200208,KLU,2,1
200208,KLU,2,2
200208,KLU,2,3
200208,LNZ,1,1
200208,LNZ,1,2
200208,LNZ,1,3
200208,LNZ,2,1
200208,LNZ,2,2
200208,LNZ,2,3
200208,SZG,1,1
200208,SZG,1,2
200208,SZG,1,3
200208,SZG,2,1
200208,SZG,2,2
200208,SZG,2,3
200209,VIE,1,1
200209,VIE,1,2
200209,VIE,1,3
200209,VIE,2,1
200209,VIE,2,2
200209,VIE,2,3
200209,GRZ,1,1
200209,GRZ,1,2
200209,GRZ,1,3
200209,GRZ,2,1
200209,GRZ,2,2
200209,GRZ,2,3
200209,INN,1,1
200209,INN,1,2
200209,INN,1,3
200209,INN,2,1
200209,INN,2,2
200209,INN,2,3
200209,KLU,1,1
200209,KLU,1,2
200209,KLU,2,1
200209,KLU,2,2
200209,KLU,2,3
200209,LNZ,1,1
200209,LNZ,1,2
200209,LNZ,1,3
200209,LNZ,2,1
200209,LNZ,2,2
200209,LNZ,2,3
200209,SZG,1,1
200209,SZG,1,2
200209,SZG,1,3
200209,SZG,2,1
200209,SZG,2,2
200209,SZG,2,3
200210,VIE,1,1
200210,VIE,1,2
200210,VIE,1,3
200210,VIE,2,1
200210,VIE,2,2
200210,VIE,2,3
200210,GRZ,1,1
200210,GRZ,1,2
200210,GRZ,2,1
200210,GRZ,2,2
200210,GRZ,2,3
200210,INN,1,1
200210,INN,1,2
200210,INN,1,3
200210,INN,2,1
200210,INN,2,2
200210,INN,2,3
200210,KLU,1,1
200210,KLU,1,2
200210,KLU,2,1
200210,KLU,2,2
200210,KLU,2,3
200210,LNZ,1,1
200210,LNZ,1,2
200210,LNZ,1,3
200210,LNZ,2,1
200210,LNZ,2,2
200210,LNZ,2,3
200210,SZG,1,1
200210,SZG,1,2
200210,SZG,1,3
200210,SZG,2,1
200210,SZG,2,2
200210,SZG,2,3
200211,VIE,1,1
200211,VIE,1,2
200211,VIE,1,3
200211,VIE,2,1
200211,VIE,2,2
200211,VIE,2,3
200211,GRZ,1,1
200211,GRZ,1,2
200211,GRZ,1,3
200211,GRZ,2,1
200211,GRZ,2,2
200211,GRZ,2,3
200211,INN,1,1
200211,INN,1,2
200211,INN,1,3
200211,INN,2,1
200211,INN,2,2
200211,INN,2,3
200211,KLU,1,1
200211,KLU,1,2
200211,KLU,2,1
200211,KLU,2,2
200211,LNZ,1,1
200211,LNZ,1,2
200211,LNZ,1,3
200211,LNZ,2,1
200211,LNZ,2,2
200211,LNZ,2,3
200211,SZG,1,1
200211,SZG,1,2
200211,SZG,1,3
200211,SZG,2,1
200211,SZG,2,2
200211,SZG,2,3
200212,VIE,1,1
200212,VIE,1,2
200212,VIE,1,3
200212,VIE,2,1
200212,VIE,2,2
200212,VIE,2,3
200212,GRZ,1,1
200212,GRZ,1,2
200212,GRZ,2,1
200212,GRZ,2,2
200212,GRZ,2,3
200212,INN,1,1
200212,INN,1,2
200212,INN,1,3
200212,INN,2,1
200212,INN,2,2
200212,KLU,1,1
200212,KLU,1,2
200212,KLU,1,3
200212,KLU,2,1
200212,KLU,2,2
200212,LNZ,1,1
200212,LNZ,1,2
200212,LNZ,1,3
200212,LNZ,2,1
200212,LNZ,2,2
200212,LNZ,2,3
200212,SZG,1,1
200212,SZG,1,2
200212,SZG,1,3
200212,SZG,2,1
200212,SZG,2,2
200212,SZG,2,3
200301,VIE,1,1
200301,VIE,1,2
200301,VIE,1,3
200301,VIE,2,1
200301,VIE,2,2
200301,VIE,2,3
200301,GRZ,1,1
200301,GRZ,1,2
200301,GRZ,1,3
200301,GRZ,2,1
200301,GRZ,2,2
200301,GRZ,2,3
200301,INN,1,1
200301,INN,1,2
200301,INN,1,3
200301,INN,2,1
200301,INN,2,2
200301,INN,2,3
200301,KLU,1,1
200301,KLU,1,2
200301,KLU,2,1
200301,KLU,2,2
200301,KLU,2,3
200301,LNZ,1,1
200301,LNZ,1,2
200301,LNZ,1,3
200301,LNZ,2,1
200301,LNZ,2,2
200301,LNZ,2,3
200301,SZG,1,1
200301,SZG,1,2
200301,SZG,1,3
200301,SZG,2,1
200301,SZG,2,2
200301,SZG,2,3
200302,VIE,1,1
200302,VIE,1,2
200302,VIE,1,3
200302,VIE,2,1
200302,VIE,2,2
200302,VIE,2,3
200302,GRZ,1,1
200302,GRZ,1,2
200302,GRZ,1,3
200302,GRZ,2,1
200302,GRZ,2,2
200302,GRZ,2,3
200302,INN,1,1
200302,INN,1,2
200302,INN,2,1
200302,INN,2,2
200302,INN,2,3
200302,KLU,1,1
200302,KLU,1,2
200302,KLU,2,1
200302,KLU,2,2
200302,LNZ,1,1
200302,LNZ,1,2
200302,LNZ,1,3
200302,LNZ,2,1
200302,LNZ,2,2
200302,LNZ,2,3
200302,SZG,1,1
200302,SZG,1,2
200302,SZG,1,3
200302,SZG,2,1
200302,SZG,2,2
200302,SZG,2,3
200303,VIE,1,1
200303,VIE,1,2
200303,VIE,1,3
200303,VIE,2,1
200303,VIE,2,2
200303,VIE,2,3
200303,GRZ,1,1
200303,GRZ,1,2
200303,GRZ,1,3
200303,GRZ,2,1
200303,GRZ,2,2
200303,GRZ,2,3
200303,INN,1,1
200303,INN,1,2
200303,INN,1,3
200303,INN,2,1
200303,INN,2,2
200303,INN,2,3
200303,KLU,1,1
200303,KLU,1,2
200303,KLU,2,1
200303,KLU,2,2
200303,LNZ,1,1
200303,LNZ,1,2
200303,LNZ,1,3
200303,LNZ,2,1
200303,LNZ,2,2
200303,LNZ,2,3
200303,SZG,1,1
200303,SZG,1,2
200303,SZG,1,3
200303,SZG,2,1
200303,SZG,2,2
200303,SZG,2,3
200304,VIE,1,1
200304,VIE,1,2
200304,VIE,1,3
200304,VIE,2,1
200304,VIE,2,2
200304,VIE,2,3
200304,GRZ,1,1
200304,GRZ,1,2
200304,GRZ,1,3
200304,GRZ,2,1
200304,GRZ,2,2
200304,GRZ,2,3
200304,INN,1,1
200304,INN,1,2
200304,INN,1,3
200304,INN,2,1
200304,INN,2,2
200304,INN,2,3
200304,KLU,1,1
200304,KLU,1,2
200304,KLU,2,1
200304,KLU,2,2
200304,KLU,2,3
200304,LNZ,1,1
200304,LNZ,1,2
200304,LNZ,1,3
200304,LNZ,2,1
200304,LNZ,2,2
200304,LNZ,2,3
200304,SZG,1,1
200304,SZG,1,2
200304,SZG,1,3
200304,SZG,2,1
200304,SZG,2,2
200304,SZG,2,3
200305,VIE,1,1
200305,VIE,1,2
200305,VIE,1,3
200305,VIE,2,1
200305,VIE,2,2
200305,VIE,2,3
200305,GRZ,1,1
200305,GRZ,1,2
200305,GRZ,1,3
200305,GRZ,2,1
200305,GRZ,2,2
200305,GRZ,2,3
200305,INN,1,1
200305,INN,1,2
200305,INN,1,3
200305,INN,2,1
200305,INN,2,2
200305,INN,2,3
200305,KLU,1,1
200305,KLU,1,2
200305,KLU,2,1
200305,KLU,2,2
200305,KLU,2,3
200305,LNZ,1,1
200305,LNZ,1,2
200305,LNZ,1,3
200305,LNZ,2,1
200305,LNZ,2,2
200305,LNZ,2,3
200305,SZG,1,1
200305,SZG,1,2
200305,SZG,1,3
200305,SZG,2,1
200305,SZG,2,2
200305,SZG,2,3
200306,VIE,1,1
200306,VIE,1,2
200306,VIE,1,3
200306,VIE,2,1
200306,VIE,2,2
200306,VIE,2,3
200306,GRZ,1,1
200306,GRZ,1,2
200306,GRZ,1,3
200306,GRZ,2,1
200306,GRZ,2,2
200306,GRZ,2,3
200306,INN,1,1
200306,INN,1,2
200306,INN,1,3
200306,INN,2,1
200306,INN,2,2
200306,INN,2,3
200306,KLU,1,1
200306,KLU,1,2
200306,KLU,2,1
200306,KLU,2,2
200306,KLU,2,3
200306,LNZ,1,1
200306,LNZ,1,2
200306,LNZ,1,3
200306,LNZ,2,1
200306,LNZ,2,2
200306,LNZ,2,3
200306,SZG,1,1
200306,SZG,1,2
200306,SZG,1,3
200306,SZG,2,1
200306,SZG,2,2
200306,SZG,2,3
200307,VIE,1,1
200307,VIE,1,2
200307,VIE,1,3
200307,VIE,2,1
200307,VIE,2,2
200307,VIE,2,3
200307,GRZ,1,1
200307,GRZ,1,2
200307,GRZ,1,3
200307,GRZ,2,1
200307,GRZ,2,2
200307,GRZ,2,3
200307,INN,1,1
200307,INN,1,2
200307,INN,1,3
200307,INN,2,1
200307,INN,2,2
200307,INN,2,3
200307,KLU,1,1
200307,KLU,1,2
200307,KLU,2,1
200307,KLU,2,2
200307,KLU,2,3
200307,LNZ,1,1
200307,LNZ,1,2
200307,LNZ,1,3
200307,LNZ,2,1
200307,LNZ,2,2
200307,LNZ,2,3
200307,SZG,1,1
200307,SZG,1,2
200307,SZG,2,1
200307,SZG,2,2
200307,SZG,2,3
200308,VIE,1,1
200308,VIE,1,2
200308,VIE,1,3
200308,VIE,2,1
200308,VIE,2,2
200308,VIE,2,3
200308,GRZ,1,1
200308,GRZ,1,2
200308,GRZ,1,3
200308,GRZ,2,1
200308,GRZ,2,2
200308,GRZ,2,3
200308,INN,1,1
200308,INN,1,2
200308,INN,1,3
200308,INN,2,1
200308,INN,2,2
200308,INN,2,3
200308,KLU,1,1
200308,KLU,1,2
200308,KLU,2,1
200308,KLU,2,2
200308,KLU,2,3
200308,LNZ,1,1
200308,LNZ,1,2
200308,LNZ,1,3
200308,LNZ,2,1
200308,LNZ,2,2
200308,LNZ,2,3
200308,SZG,1,1
200308,SZG,1,2
200308,SZG,1,3
200308,SZG,2,1
200308,SZG,2,2
200308,SZG,2,3
200309,VIE,1,1
200309,VIE,1,2
200309,VIE,1,3
200309,VIE,2,1
200309,VIE,2,2
200309,VIE,2,3
200309,GRZ,1,1
200309,GRZ,1,2
200309,GRZ,1,3
200309,GRZ,2,1
200309,GRZ,2,2
200309,GRZ,2,3
200309,INN,1,1
200309,INN,1,2
200309,INN,1,3
200309,INN,2,1
200309,INN,2,2
200309,INN,2,3
200309,KLU,1,1
200309,KLU,1,2
200309,KLU,2,1
200309,KLU,2,2
200309,KLU,2,3
200309,LNZ,1,1
200309,LNZ,1,2
200309,LNZ,1,3
200309,LNZ,2,1
200309,LNZ,2,2
200309,LNZ,2,3
200309,SZG,1,1
200309,SZG,1,2
200309,SZG,1,3
200309,SZG,2,1
200309,SZG,2,2
200309,SZG,2,3
200310,VIE,1,1
200310,VIE,1,2
200310,VIE,1,3
200310,VIE,2,1
200310,VIE,2,2
200310,VIE,2,3
200310,GRZ,1,1
200310,GRZ,1,2
200310,GRZ,1,3
200310,GRZ,2,1
200310,GRZ,2,2
200310,GRZ,2,3
200310,INN,1,1
200310,INN,1,2
200310,INN,1,3
200310,INN,2,1
200310,INN,2,2
200310,INN,2,3
200310,KLU,1,1
200310,KLU,1,2
200310,KLU,1,3
200310,KLU,2,1
200310,KLU,2,2
200310,KLU,2,3
200310,LNZ,1,1
200310,LNZ,1,2
200310,LNZ,1,3
200310,LNZ,2,1
200310,LNZ,2,2
200310,LNZ,2,3
200310,SZG,1,1
200310,SZG,1,2
200310,SZG,1,3
200310,SZG,2,1
200310,SZG,2,2
200310,SZG,2,3
200311,VIE,1,1
200311,VIE,1,2
200311,VIE,1,3
200311,VIE,2,1
200311,VIE,2,2
200311,VIE,2,3
200311,GRZ,1,1
200311,GRZ,1,2
200311,GRZ,1,3
200311,GRZ,2,1
200311,GRZ,2,2
200311,GRZ,2,3
200311,INN,1,1
200311,INN,1,2
200311,INN,1,3
200311,INN,2,1
200311,INN,2,2
200311,INN,2,3
200311,KLU,1,1
200311,KLU,1,2
200311,KLU,2,1
200311,KLU,2,2
200311,LNZ,1,1
200311,LNZ,1,2
200311,LNZ,1,3
200311,LNZ,2,1
200311,LNZ,2,2
200311,LNZ,2,3
200311,SZG,1,1
200311,SZG,1,2
200311,SZG,1,3
200311,SZG,2,1
200311,SZG,2,2
200311,SZG,2,3
200312,VIE,1,1
200312,VIE,1,2
200312,VIE,1,3
200312,VIE,2,1
200312,VIE,2,2
200312,VIE,2,3
200312,GRZ,1,1
200312,GRZ,1,2
200312,GRZ,1,3
200312,GRZ,2,1
200312,GRZ,2,2
200312,GRZ,2,3
200312,INN,1,1
200312,INN,1,2
200312,INN,1,3
200312,INN,2,1
200312,INN,2,2
200312,KLU,1,1
200312,KLU,1,2
200312,KLU,2,1
200312,KLU,2,2
200312,LNZ,1,1
200312,LNZ,1,2
200312,LNZ,1,3
200312,LNZ,2,1
200312,LNZ,2,2
200312,LNZ,2,3
200312,SZG,1,1
200312,SZG,1,2
200312,SZG,1,3
200312,SZG,2,1
200312,SZG,2,2
200312,SZG,2,3
200401,VIE,1,1
200401,VIE,1,2
200401,VIE,1,3
200401,VIE,2,1
200401,VIE,2,2
200401,VIE,2,3
200401,GRZ,1,1
200401,GRZ,1,2
200401,GRZ,1,3
200401,GRZ,2,1
200401,GRZ,2,2
200401,GRZ,2,3
200401,INN,1,1
200401,INN,1,2
200401,INN,1,3
200401,INN,2,1
200401,INN,2,2
200401,INN,2,3
200401,KLU,1,1
200401,KLU,1,2
200401,KLU,2,1
200401,KLU,2,2
200401,LNZ,1,1
200401,LNZ,1,2
200401,LNZ,1,3
200401,LNZ,2,1
200401,LNZ,2,2
200401,LNZ,2,3
200401,SZG,1,1
200401,SZG,1,2
200401,SZG,1,3
200401,SZG,2,1
200401,SZG,2,2
200401,SZG,2,3
200402,VIE,1,1
200402,VIE,1,2
200402,VIE,1,3
200402,VIE,2,1
200402,VIE,2,2
200402,VIE,2,3
200402,GRZ,1,1
200402,GRZ,1,2
200402,GRZ,1,3
200402,GRZ,2,1
200402,GRZ,2,2
200402,GRZ,2,3
200402,INN,1,1
200402,INN,1,2
200402,INN,1,3
200402,INN,2,1
200402,INN,2,2
200402,KLU,1,1
200402,KLU,1,2
200402,KLU,2,1
200402,KLU,2,2
200402,KLU,2,3
200402,LNZ,1,1
200402,LNZ,1,2
200402,LNZ,1,3
200402,LNZ,2,1
200402,LNZ,2,2
200402,LNZ,2,3
200402,SZG,1,1
200402,SZG,1,2
200402,SZG,1,3
200402,SZG,2,1
200402,SZG,2,2
200402,SZG,2,3
200403,VIE,1,1
200403,VIE,1,2
200403,VIE,1,3
200403,VIE,2,1
200403,VIE,2,2
200403,VIE,2,3
200403,GRZ,1,1
200403,GRZ,1,2
200403,GRZ,1,3
200403,GRZ,2,1
200403,GRZ,2,2
200403,GRZ,2,3
200403,INN,1,1
200403,INN,1,2
200403,INN,1,3
200403,INN,2,1
200403,INN,2,2
200403,INN,2,3
200403,KLU,1,1
200403,KLU,1,2
200403,KLU,2,1
200403,KLU,2,2
200403,LNZ,1,1
200403,LNZ,1,2
200403,LNZ,1,3
200403,LNZ,2,1
200403,LNZ,2,2
200403,LNZ,2,3
200403,SZG,1,1
200403,SZG,1,2
200403,SZG,1,3
200403,SZG,2,1
200403,SZG,2,2
200403,SZG,2,3
200404,VIE,1,1
200404,VIE,1,2
200404,VIE,1,3
200404,VIE,2,1
200404,VIE,2,2
200404,VIE,2,3
200404,GRZ,1,1
200404,GRZ,1,2
200404,GRZ,1,3
200404,GRZ,2,1
200404,GRZ,2,2
200404,GRZ,2,3
200404,INN,1,1
200404,INN,1,2
200404,INN,1,3
200404,INN,2,1
200404,INN,2,2
200404,INN,2,3
200404,KLU,1,1
200404,KLU,1,2
200404,KLU,1,3
200404,KLU,2,1
200404,KLU,2,2
200404,KLU,2,3
200404,LNZ,1,1
200404,LNZ,1,2
200404,LNZ,1,3
200404,LNZ,2,1
200404,LNZ,2,2
200404,LNZ,2,3
200404,SZG,1,1
200404,SZG,1,2
200404,SZG,1,3
200404,SZG,2,1
200404,SZG,2,2
200404,SZG,2,3
200405,VIE,1,1
200405,VIE,1,2
200405,VIE,1,3
200405,VIE,2,1
200405,VIE,2,2
200405,VIE,2,3
200405,GRZ,1,1
200405,GRZ,1,2
200405,GRZ,1,3
200405,GRZ,2,1
200405,GRZ,2,2
200405,GRZ,2,3
200405,INN,1,1
200405,INN,1,2
200405,INN,1,3
200405,INN,2,1
200405,INN,2,2
200405,INN,2,3
200405,KLU,1,1
200405,KLU,1,2
200405,KLU,2,1
200405,KLU,2,2
200405,KLU,2,3
200405,LNZ,1,1
200405,LNZ,1,2
200405,LNZ,1,3
200405,LNZ,2,1
200405,LNZ,2,2
200405,LNZ,2,3
200405,SZG,1,1
200405,SZG,1,2
200405,SZG,1,3
200405,SZG,2,1
200405,SZG,2,2
200405,SZG,2,3
200406,VIE,1,1
200406,VIE,1,2
200406,VIE,1,3
200406,VIE,2,1
200406,VIE,2,2
200406,VIE,2,3
200406,GRZ,1,1
200406,GRZ,1,2
200406,GRZ,1,3
200406,GRZ,2,1
200406,GRZ,2,2
200406,GRZ,2,3
200406,INN,1,1
200406,INN,1,2
200406,INN,1,3
200406,INN,2,1
200406,INN,2,2
200406,INN,2,3
200406,KLU,1,1
200406,KLU,1,2
200406,KLU,2,1
200406,KLU,2,2
200406,KLU,2,3
200406,LNZ,1,1
200406,LNZ,1,2
200406,LNZ,1,3
200406,LNZ,2,1
200406,LNZ,2,2
200406,LNZ,2,3
200406,SZG,1,1
200406,SZG,1,2
200406,SZG,1,3
200406,SZG,2,1
200406,SZG,2,2
200406,SZG,2,3
200407,VIE,1,1
200407,VIE,1,2
200407,VIE,1,3
200407,VIE,2,1
200407,VIE,2,2
200407,VIE,2,3
200407,GRZ,1,1
200407,GRZ,1,2
200407,GRZ,1,3
200407,GRZ,2,1
200407,GRZ,2,2
200407,GRZ,2,3
200407,INN,1,1
200407,INN,1,2
200407,INN,1,3
200407,INN,2,1
200407,INN,2,2
200407,INN,2,3
200407,KLU,1,1
200407,KLU,1,2
200407,KLU,2,1
200407,KLU,2,2
200407,KLU,2,3
200407,LNZ,1,1
200407,LNZ,1,2
200407,LNZ,1,3
200407,LNZ,2,1
200407,LNZ,2,2
200407,LNZ,2,3
200407,SZG,1,1
200407,SZG,1,2
200407,SZG,1,3
200407,SZG,2,1
200407,SZG,2,2
200407,SZG,2,3
200408,VIE,1,1
200408,VIE,1,2
200408,VIE,1,3
200408,VIE,2,1
200408,VIE,2,2
200408,VIE,2,3
200408,GRZ,1,1
200408,GRZ,1,2
200408,GRZ,1,3
200408,GRZ,2,1
200408,GRZ,2,2
200408,GRZ,2,3
200408,INN,1,1
200408,INN,1,2
200408,INN,1,3
200408,INN,2,1
200408,INN,2,2
200408,INN,2,3
200408,KLU,1,1
200408,KLU,1,2
200408,KLU,2,1
200408,KLU,2,2
200408,KLU,2,3
200408,LNZ,1,1
200408,LNZ,1,2
200408,LNZ,1,3
200408,LNZ,2,1
200408,LNZ,2,2
200408,LNZ,2,3
200408,SZG,1,1
200408,SZG,1,2
200408,SZG,1,3
200408,SZG,2,1
200408,SZG,2,2
200408,SZG,2,3
200409,VIE,1,1
200409,VIE,1,2
200409,VIE,1,3
200409,VIE,2,1
200409,VIE,2,2
200409,VIE,2,3
200409,GRZ,1,1
200409,GRZ,1,2
200409,GRZ,1,3
200409,GRZ,2,1
200409,GRZ,2,2
200409,GRZ,2,3
200409,INN,1,1
200409,INN,1,2
200409,INN,1,3
200409,INN,2,1
200409,INN,2,2
200409,INN,2,3
200409,KLU,1,1
200409,KLU,1,2
200409,KLU,2,1
200409,KLU,2,2
200409,KLU,2,3
200409,LNZ,1,1
200409,LNZ,1,2
200409,LNZ,1,3
200409,LNZ,2,1
200409,LNZ,2,2
200409,LNZ,2,3
200409,SZG,1,1
200409,SZG,1,2
200409,SZG,1,3
200409,SZG,2,1
200409,SZG,2,2
200409,SZG,2,3
200410,VIE,1,1
200410,VIE,1,2
200410,VIE,1,3
200410,VIE,2,1
200410,VIE,2,2
200410,VIE,2,3
200410,GRZ,1,1
200410,GRZ,1,2
200410,GRZ,1,3
200410,GRZ,2,1
200410,GRZ,2,2
200410,GRZ,2,3
200410,INN,1,1
200410,INN,1,2
200410,INN,1,3
200410,INN,2,1
200410,INN,2,2
200410,INN,2,3
200410,KLU,1,1
200410,KLU,1,2
200410,KLU,2,1
200410,KLU,2,2
200410,KLU,2,3
200410,LNZ,1,1
200410,LNZ,1,2
200410,LNZ,1,3
200410,LNZ,2,1
200410,LNZ,2,2
200410,LNZ,2,3
200410,SZG,1,1
200410,SZG,1,2
200410,SZG,1,3
200410,SZG,2,1
200410,SZG,2,2
200410,SZG,2,3
200411,VIE,1,1
200411,VIE,1,2
200411,VIE,1,3
200411,VIE,2,1
200411,VIE,2,2
200411,VIE,2,3
200411,GRZ,1,1
200411,GRZ,1,2
200411,GRZ,1,3
200411,GRZ,2,1
200411,GRZ,2,2
200411,GRZ,2,3
200411,INN,1,1
200411,INN,1,2
200411,INN,1,3
200411,INN,2,1
200411,INN,2,2
200411,INN,2,3
200411,KLU,1,1
200411,KLU,1,2
200411,KLU,2,1
200411,KLU,2,2
200411,KLU,2,3
200411,LNZ,1,1
200411,LNZ,1,2
200411,LNZ,1,3
200411,LNZ,2,1
200411,LNZ,2,2
200411,LNZ,2,3
200411,SZG,1,1
200411,SZG,1,2
200411,SZG,1,3
200411,SZG,2,1
200411,SZG,2,2
200411,SZG,2,3
200412,VIE,1,1
200412,VIE,1,2
200412,VIE,1,3
200412,VIE,2,1
200412,VIE,2,2
200412,VIE,2,3
200412,GRZ,1,1
200412,GRZ,1,2
200412,GRZ,1,3
200412,GRZ,2,1
200412,GRZ,2,2
200412,GRZ,2,3
200412,INN,1,1
200412,INN,1,2
200412,INN,1,3
200412,INN,2,1
200412,INN,2,2
200412,KLU,1,1
200412,KLU,1,2
200412,KLU,2,1
200412,KLU,2,2
200412,LNZ,1,1
200412,LNZ,1,2
200412,LNZ,1,3
200412,LNZ,2,1
200412,LNZ,2,2
200412,SZG,1,1
200412,SZG,1,2
200412,SZG,1,3
200412,SZG,2,1
200412,SZG,2,2
200412,SZG,2,3
200501,VIE,1,1
200501,VIE,1,2
200501,VIE,1,3
200501,VIE,2,1
200501,VIE,2,2
200501,VIE,2,3
200501,GRZ,1,1
200501,GRZ,1,2
200501,GRZ,1,3
200501,GRZ,2,1
200501,GRZ,2,2
200501,GRZ,2,3
200501,INN,1,1
200501,INN,1,2
200501,INN,1,3
200501,INN,2,1
200501,INN,2,2
200501,INN,2,3
200501,KLU,1,1
200501,KLU,1,2
200501,KLU,2,1
200501,KLU,2,2
200501,KLU,2,3
200501,LNZ,1,1
200501,LNZ,1,2
200501,LNZ,1,3
200501,LNZ,2,1
200501,LNZ,2,2
200501,LNZ,2,3
200501,SZG,1,1
200501,SZG,1,2
200501,SZG,1,3
200501,SZG,2,1
200501,SZG,2,2
200501,SZG,2,3
200502,VIE,1,1
200502,VIE,1,2
200502,VIE,1,3
200502,VIE,2,1
200502,VIE,2,2
200502,VIE,2,3
200502,GRZ,1,1
200502,GRZ,1,2
200502,GRZ,1,3
200502,GRZ,2,1
200502,GRZ,2,2
200502,GRZ,2,3
200502,INN,1,1
200502,INN,1,2
200502,INN,1,3
200502,INN,2,1
200502,INN,2,2
200502,KLU,1,1
200502,KLU,1,2
200502,KLU,2,1
200502,KLU,2,2
200502,LNZ,1,1
200502,LNZ,1,2
200502,LNZ,1,3
200502,LNZ,2,1
200502,LNZ,2,2
200502,LNZ,2,3
200502,SZG,1,1
200502,SZG,1,2
200502,SZG,1,3
200502,SZG,2,1
200502,SZG,2,2
200502,SZG,2,3
200503,VIE,1,1
200503,VIE,1,2
200503,VIE,1,3
200503,VIE,2,1
200503,VIE,2,2
200503,VIE,2,3
200503,GRZ,1,1
200503,GRZ,1,2
200503,GRZ,1,3
200503,GRZ,2,1
200503,GRZ,2,2
200503,GRZ,2,3
200503,INN,1,1
200503,INN,1,2
200503,INN,1,3
200503,INN,2,1
200503,INN,2,2
200503,INN,2,3
200503,KLU,1,1
200503,KLU,1,2
200503,KLU,2,1
200503,KLU,2,2
200503,KLU,2,3
200503,LNZ,1,1
200503,LNZ,1,2
200503,LNZ,1,3
200503,LNZ,2,1
200503,LNZ,2,2
200503,LNZ,2,3
200503,SZG,1,1
200503,SZG,1,2
200503,SZG,1,3
200503,SZG,2,1
200503,SZG,2,2
200503,SZG,2,3
200504,VIE,1,1
200504,VIE,1,2
200504,VIE,1,3
200504,VIE,2,1
200504,VIE,2,2
200504,VIE,2,3
200504,GRZ,1,1
200504,GRZ,1,2
200504,GRZ,2,1
200504,GRZ,2,2
200504,GRZ,2,3
200504,INN,1,1
200504,INN,1,2
200504,INN,1,3
200504,INN,2,1
200504,INN,2,2
200504,INN,2,3
200504,KLU,1,1
200504,KLU,1,2
200504,KLU,2,1
200504,KLU,2,2
200504,KLU,2,3
200504,LNZ,1,1
200504,LNZ,1,2
200504,LNZ,1,3
200504,LNZ,2,1
200504,LNZ,2,2
200504,LNZ,2,3
200504,SZG,1,1
200504,SZG,1,2
200504,SZG,1,3
200504,SZG,2,1
200504,SZG,2,2
200504,SZG,2,3
200505,VIE,1,1
200505,VIE,1,2
200505,VIE,1,3
200505,VIE,2,1
200505,VIE,2,2
200505,VIE,2,3
200505,GRZ,1,1
200505,GRZ,1,2
200505,GRZ,1,3
200505,GRZ,2,1
200505,GRZ,2,2
200505,GRZ,2,3
200505,INN,1,1
200505,INN,1,2
200505,INN,1,3
200505,INN,2,1
200505,INN,2,2
200505,INN,2,3
200505,KLU,1,1
200505,KLU,1,2
200505,KLU,1,3
200505,KLU,2,1
200505,KLU,2,2
200505,KLU,2,3
200505,LNZ,1,1
200505,LNZ,1,2
200505,LNZ,1,3
200505,LNZ,2,1
200505,LNZ,2,2
200505,LNZ,2,3
200505,SZG,1,1
200505,SZG,1,2
200505,SZG,1,3
200505,SZG,2,1
200505,SZG,2,2
200505,SZG,2,3
200506,VIE,1,1
200506,VIE,1,2
200506,VIE,1,3
200506,VIE,2,1
200506,VIE,2,2
200506,VIE,2,3
200506,GRZ,1,1
200506,GRZ,1,2
200506,GRZ,1,3
200506,GRZ,2,1
200506,GRZ,2,2
200506,GRZ,2,3
200506,INN,1,1
200506,INN,1,2
200506,INN,1,3
200506,INN,2,1
200506,INN,2,2
200506,INN,2,3
200506,KLU,1,1
200506,KLU,1,2
200506,KLU,2,1
200506,KLU,2,2
200506,KLU,2,3
200506,LNZ,1,1
200506,LNZ,1,2
200506,LNZ,1,3
200506,LNZ,2,1
200506,LNZ,2,2
200506,LNZ,2,3
200506,SZG,1,1
200506,SZG,1,2
200506,SZG,1,3
200506,SZG,2,1
200506,SZG,2,2
200506,SZG,2,3
200507,VIE,1,1
200507,VIE,1,2
200507,VIE,1,3
200507,VIE,2,1
200507,VIE,2,2
200507,VIE,2,3
200507,GRZ,1,1
200507,GRZ,1,2
200507,GRZ,1,3
200507,GRZ,2,1
200507,GRZ,2,2
200507,GRZ,2,3
200507,INN,1,1
200507,INN,1,2
200507,INN,1,3
200507,INN,2,1
200507,INN,2,2
200507,INN,2,3
200507,KLU,1,1
200507,KLU,1,2
200507,KLU,2,1
200507,KLU,2,2
200507,KLU,2,3
200507,LNZ,1,1
200507,LNZ,1,2
200507,LNZ,1,3
200507,LNZ,2,1
200507,LNZ,2,2
200507,LNZ,2,3
200507,SZG,1,1
200507,SZG,1,2
200507,SZG,1,3
200507,SZG,2,1
200507,SZG,2,2
200507,SZG,2,3
200508,VIE,1,1
200508,VIE,1,2
200508,VIE,1,3
200508,VIE,2,1
200508,VIE,2,2
200508,VIE,2,3
200508,GRZ,1,1
200508,GRZ,1,2
200508,GRZ,1,3
200508,GRZ,2,1
200508,GRZ,2,2
200508,GRZ,2,3
200508,INN,1,1
200508,INN,1,2
200508,INN,1,3
200508,INN,2,1
200508,INN,2,2
200508,INN,2,3
200508,KLU,1,1
200508,KLU,1,2
200508,KLU,1,3
200508,KLU,2,1
200508,KLU,2,2
200508,KLU,2,3
200508,LNZ,1,1
200508,LNZ,1,2
200508,LNZ,1,3
200508,LNZ,2,1
200508,LNZ,2,2
200508,LNZ,2,3
200508,SZG,1,1
200508,SZG,1,2
200508,SZG,1,3
200508,SZG,2,1
200508,SZG,2,2
200508,SZG,2,3
200509,VIE,1,1
200509,VIE,1,2
200509,VIE,1,3
200509,VIE,2,1
200509,VIE,2,2
200509,VIE,2,3
200509,GRZ,1,1
200509,GRZ,1,2
200509,GRZ,1,3
200509,GRZ,2,1
200509,GRZ,2,2
200509,GRZ,2,3
200509,INN,1,1
200509,INN,1,2
200509,INN,1,3
200509,INN,2,1
200509,INN,2,2
200509,INN,2,3
200509,KLU,1,1
200509,KLU,1,2
200509,KLU,1,3
200509,KLU,2,1
200509,KLU,2,2
200509,KLU,2,3
200509,LNZ,1,1
200509,LNZ,1,2
200509,LNZ,1,3
200509,LNZ,2,1
200509,LNZ,2,2
200509,LNZ,2,3
200509,SZG,1,1
200509,SZG,1,2
200509,SZG,1,3
200509,SZG,2,1
200509,SZG,2,2
200509,SZG,2,3
200510,VIE,1,1
200510,VIE,1,2
200510,VIE,1,3
200510,VIE,2,1
200510,VIE,2,2
200510,VIE,2,3
200510,GRZ,1,1
200510,GRZ,1,2
200510,GRZ,1,3
200510,GRZ,2,1
200510,GRZ,2,2
200510,GRZ,2,3
200510,INN,1,1
200510,INN,1,2
200510,INN,1,3
200510,INN,2,1
200510,INN,2,2
200510,INN,2,3
200510,KLU,1,1
200510,KLU,1,2
200510,KLU,1,3
200510,KLU,2,1
200510,KLU,2,2
200510,LNZ,1,1
200510,LNZ,1,2
200510,LNZ,1,3
200510,LNZ,2,1
200510,LNZ,2,2
200510,LNZ,2,3
200510,SZG,1,1
200510,SZG,1,2
200510,SZG,1,3
200510,SZG,2,1
200510,SZG,2,2
200510,SZG,2,3
200511,VIE,1,1
200511,VIE,1,2
200511,VIE,1,3
200511,VIE,2,1
200511,VIE,2,2
200511,VIE,2,3
200511,GRZ,1,1
200511,GRZ,1,2
200511,GRZ,1,3
200511,GRZ,2,1
200511,GRZ,2,2
200511,GRZ,2,3
200511,INN,1,1
200511,INN,1,2
200511,INN,1,3
200511,INN,2,1
200511,INN,2,2
200511,INN,2,3
200511,KLU,1,1
200511,KLU,1,2
200511,KLU,2,1
200511,KLU,2,2
200511,LNZ,1,1
200511,LNZ,1,2
200511,LNZ,1,3
200511,LNZ,2,1
200511,LNZ,2,2
200511,LNZ,2,3
200511,SZG,1,1
200511,SZG,1,2
200511,SZG,1,3
200511,SZG,2,1
200511,SZG,2,2
200511,SZG,2,3
200512,VIE,1,1
200512,VIE,1,2
200512,VIE,1,3
200512,VIE,2,1
200512,VIE,2,2
200512,VIE,2,3
200512,GRZ,1,1
200512,GRZ,1,2
200512,GRZ,1,3
200512,GRZ,2,1
200512,GRZ,2,2
200512,GRZ,2,3
200512,INN,1,1
200512,INN,1,2
200512,INN,1,3
200512,INN,2,1
200512,INN,2,2
200512,INN,2,3
200512,KLU,1,1
200512,KLU,1,2
200512,KLU,2,1
200512,KLU,2,2
200512,KLU,2,3
200512,LNZ,1,1
200512,LNZ,1,2
200512,LNZ,1,3
200512,LNZ,2,1
200512,LNZ,2,2
200512,LNZ,2,3
200512,SZG,1,1
200512,SZG,1,2
200512,SZG,1,3
200512,SZG,2,1
200512,SZG,2,2
200512,SZG,2,3
200601,VIE,1,1
200601,VIE,1,2
200601,VIE,1,3
200601,VIE,2,1
200601,VIE,2,2
200601,VIE,2,3
200601,GRZ,1,1
200601,GRZ,1,2
200601,GRZ,1,3
200601,GRZ,2,1
200601,GRZ,2,2
200601,GRZ,2,3
200601,INN,1,1
200601,INN,1,2
200601,INN,1,3
200601,INN,2,1
200601,INN,2,2
200601,KLU,1,1
200601,KLU,1,2
200601,KLU,1,3
200601,KLU,2,1
200601,KLU,2,2
200601,LNZ,1,1
200601,LNZ,1,2
200601,LNZ,1,3
200601,LNZ,2,1
200601,LNZ,2,2
200601,LNZ,2,3
200601,SZG,1,1
200601,SZG,1,2
200601,SZG,1,3
200601,SZG,2,1
200601,SZG,2,2
200601,SZG,2,3
200602,VIE,1,1
200602,VIE,1,2
200602,VIE,1,3
200602,VIE,2,1
200602,VIE,2,2
200602,VIE,2,3
200602,GRZ,1,1
200602,GRZ,1,2
200602,GRZ,1,3
200602,GRZ,2,1
200602,GRZ,2,2
200602,GRZ,2,3
200602,INN,1,1
200602,INN,1,2
200602,INN,1,3
200602,INN,2,1
200602,INN,2,2
200602,INN,2,3
200602,KLU,1,1
200602,KLU,1,2
200602,KLU,2,1
200602,KLU,2,2
200602,KLU,2,3
200602,LNZ,1,1
200602,LNZ,1,2
200602,LNZ,1,3
200602,LNZ,2,1
200602,LNZ,2,2
200602,LNZ,2,3
200602,SZG,1,1
200602,SZG,1,2
200602,SZG,1,3
200602,SZG,2,1
200602,SZG,2,2
200602,SZG,2,3
200603,VIE,1,1
200603,VIE,1,2
200603,VIE,1,3
200603,VIE,2,1
200603,VIE,2,2
200603,VIE,2,3
200603,GRZ,1,1
200603,GRZ,1,2
200603,GRZ,1,3
200603,GRZ,2,1
200603,GRZ,2,2
200603,GRZ,2,3
200603,INN,1,1
200603,INN,1,2
200603,INN,1,3
200603,INN,2,1
200603,INN,2,2
200603,INN,2,3
200603,KLU,1,1
200603,KLU,1,2
200603,KLU,2,1
200603,KLU,2,2
200603,KLU,2,3
200603,LNZ,1,1
200603,LNZ,1,2
200603,LNZ,1,3
200603,LNZ,2,1
200603,LNZ,2,2
200603,LNZ,2,3
200603,SZG,1,1
200603,SZG,1,2
200603,SZG,1,3
200603,SZG,2,1
200603,SZG,2,2
200603,SZG,2,3
200604,VIE,1,1
200604,VIE,1,2
200604,VIE,1,3
200604,VIE,2,1
200604,VIE,2,2
200604,VIE,2,3
200604,GRZ,1,1
200604,GRZ,1,2
200604,GRZ,2,1
200604,GRZ,2,2
200604,GRZ,2,3
200604,INN,1,1
200604,INN,1,2
200604,INN,1,3
200604,INN,2,1
200604,INN,2,2
200604,INN,2,3
200604,KLU,1,1
200604,KLU,1,2
200604,KLU,2,1
200604,KLU,2,2
200604,KLU,2,3
200604,LNZ,1,1
200604,LNZ,1,2
200604,LNZ,1,3
200604,LNZ,2,1
200604,LNZ,2,2
200604,LNZ,2,3
200604,SZG,1,1
200604,SZG,1,2
200604,SZG,2,1
200604,SZG,2,2
200604,SZG,2,3
200605,VIE,1,1
200605,VIE,1,2
200605,VIE,1,3
200605,VIE,2,1
200605,VIE,2,2
200605,VIE,2,3
200605,GRZ,1,1
200605,GRZ,1,2
200605,GRZ,1,3
200605,GRZ,2,1
200605,GRZ,2,2
200605,GRZ,2,3
200605,INN,1,1
200605,INN,1,2
200605,INN,1,3
200605,INN,2,1
200605,INN,2,2
200605,INN,2,3
200605,KLU,1,1
200605,KLU,1,2
200605,KLU,1,3
200605,KLU,2,1
200605,KLU,2,2
200605,KLU,2,3
200605,LNZ,1,1
200605,LNZ,1,2
200605,LNZ,1,3
200605,LNZ,2,1
200605,LNZ,2,2
200605,LNZ,2,3
200605,SZG,1,1
200605,SZG,1,2
200605,SZG,2,1
200605,SZG,2,2
200605,SZG,2,3
200606,VIE,1,1
200606,VIE,1,2
200606,VIE,1,3
200606,VIE,2,1
200606,VIE,2,2
200606,VIE,2,3
200606,GRZ,1,1
200606,GRZ,1,2
200606,GRZ,1,3
200606,GRZ,2,1
200606,GRZ,2,2
200606,GRZ,2,3
200606,INN,1,1
200606,INN,1,2
200606,INN,1,3
200606,INN,2,1
200606,INN,2,2
200606,INN,2,3
200606,KLU,1,1
200606,KLU,1,2
200606,KLU,2,1
200606,KLU,2,2
200606,KLU,2,3
200606,LNZ,1,1
200606,LNZ,1,2
200606,LNZ,1,3
200606,LNZ,2,1
200606,LNZ,2,2
200606,LNZ,2,3
200606,SZG,1,1
200606,SZG,1,2
200606,SZG,2,1
200606,SZG,2,2
200606,SZG,2,3
200607,VIE,1,1
200607,VIE,1,2
200607,VIE,1,3
200607,VIE,2,1
200607,VIE,2,2
200607,VIE,2,3
200607,GRZ,1,1
200607,GRZ,1,2
200607,GRZ,2,1
200607,GRZ,2,2
200607,GRZ,2,3
200607,INN,1,1
200607,INN,1,2
200607,INN,1,3
200607,INN,2,1
200607,INN,2,2
200607,INN,2,3
200607,KLU,1,1
200607,KLU,1,2
200607,KLU,2,1
200607,KLU,2,2
200607,KLU,2,3
200607,LNZ,1,1
200607,LNZ,1,2
200607,LNZ,1,3
200607,LNZ,2,1
200607,LNZ,2,2
200607,LNZ,2,3
200607,SZG,1,1
200607,SZG,1,2
200607,SZG,2,1
200607,SZG,2,2
200607,SZG,2,3
200608,VIE,1,1
200608,VIE,1,2
200608,VIE,1,3
200608,VIE,2,1
200608,VIE,2,2
200608,VIE,2,3
200608,GRZ,1,1
200608,GRZ,1,2
200608,GRZ,1,3
200608,GRZ,2,1
200608,GRZ,2,2
200608,GRZ,2,3
200608,INN,1,1
200608,INN,1,2
200608,INN,1,3
200608,INN,2,1
200608,INN,2,2
200608,INN,2,3
200608,KLU,1,1
200608,KLU,1,2
200608,KLU,2,1
200608,KLU,2,2
200608,KLU,2,3
200608,LNZ,1,1
200608,LNZ,1,2
200608,LNZ,1,3
200608,LNZ,2,1
200608,LNZ,2,2
200608,LNZ,2,3
200608,SZG,1,1
200608,SZG,1,2
200608,SZG,2,1
200608,SZG,2,2
200608,SZG,2,3
200609,VIE,1,1
200609,VIE,1,2
200609,VIE,1,3
200609,VIE,2,1
200609,VIE,2,2
200609,VIE,2,3
200609,GRZ,1,1
200609,GRZ,1,2
200609,GRZ,1,3
200609,GRZ,2,1
200609,GRZ,2,2
200609,GRZ,2,3
200609,INN,1,1
200609,INN,1,2
200609,INN,1,3
200609,INN,2,1
200609,INN,2,2
200609,INN,2,3
200609,KLU,1,1
200609,KLU,1,2
200609,KLU,1,3
200609,KLU,2,1
200609,KLU,2,2
200609,KLU,2,3
200609,LNZ,1,1
200609,LNZ,1,2
200609,LNZ,1,3
200609,LNZ,2,1
200609,LNZ,2,2
200609,LNZ,2,3
200609,SZG,1,1
200609,SZG,1,2
200609,SZG,1,3
200609,SZG,2,1
200609,SZG,2,2
200609,SZG,2,3
200610,VIE,1,1
200610,VIE,1,2
200610,VIE,1,3
200610,VIE,2,1
200610,VIE,2,2
200610,VIE,2,3
200610,GRZ,1,1
200610,GRZ,1,2
200610,GRZ,1,3
200610,GRZ,2,1
200610,GRZ,2,2
200610,GRZ,2,3
200610,INN,1,1
200610,INN,1,2
200610,INN,1,3
200610,INN,2,1
200610,INN,2,2
200610,INN,2,3
200610,KLU,1,1
200610,KLU,1,2
200610,KLU,1,3
200610,KLU,2,1
200610,KLU,2,2
200610,KLU,2,3
200610,LNZ,1,1
200610,LNZ,1,2
200610,LNZ,1,3
200610,LNZ,2,1
200610,LNZ,2,2
200610,LNZ,2,3
200610,SZG,1,1
200610,SZG,1,2
200610,SZG,2,1
200610,SZG,2,2
200610,SZG,2,3
200611,VIE,1,1
200611,VIE,1,2
200611,VIE,1,3
200611,VIE,2,1
200611,VIE,2,2
200611,VIE,2,3
200611,GRZ,1,1
200611,GRZ,1,2
200611,GRZ,2,1
200611,GRZ,2,2
200611,GRZ,2,3
200611,INN,1,1
200611,INN,1,2
200611,INN,1,3
200611,INN,2,1
200611,INN,2,2
200611,INN,2,3
200611,KLU,1,1
200611,KLU,1,2
200611,KLU,2,1
200611,KLU,2,2
200611,LNZ,1,1
200611,LNZ,1,2
200611,LNZ,1,3
200611,LNZ,2,1
200611,LNZ,2,2
200611,LNZ,2,3
200611,SZG,1,1
200611,SZG,1,2
200611,SZG,1,3
200611,SZG,2,1
200611,SZG,2,2
200611,SZG,2,3
200612,VIE,1,1
200612,VIE,1,2
200612,VIE,1,3
200612,VIE,2,1
200612,VIE,2,2
200612,VIE,2,3
200612,GRZ,1,1
200612,GRZ,1,2
200612,GRZ,2,1
200612,GRZ,2,2
200612,GRZ,2,3
200612,INN,1,1
200612,INN,1,2
200612,INN,1,3
200612,INN,2,1
200612,INN,2,2
200612,KLU,1,1
200612,KLU,1,2
200612,KLU,2,1
200612,KLU,2,2
200612,LNZ,1,1
200612,LNZ,1,2
200612,LNZ,1,3
200612,LNZ,2,1
200612,LNZ,2,2
200612,LNZ,2,3
200612,SZG,1,1
200612,SZG,1,2
200612,SZG,1,3
200612,SZG,2,1
200612,SZG,2,2
200612,SZG,2,3
200701,VIE,1,1
200701,VIE,1,2
200701,VIE,1,3
200701,VIE,2,1
200701,VIE,2,2
200701,VIE,2,3
200701,GRZ,1,1
200701,GRZ,1,2
200701,GRZ,1,3
200701,GRZ,2,1
200701,GRZ,2,2
200701,GRZ,2,3
200701,INN,1,1
200701,INN,1,2
200701,INN,1,3
200701,INN,2,1
200701,INN,2,2
200701,KLU,1,1
200701,KLU,1,2
200701,KLU,2,1
200701,KLU,2,2
200701,LNZ,1,1
200701,LNZ,1,2
200701,LNZ,1,3
200701,LNZ,2,1
200701,LNZ,2,2
200701,LNZ,2,3
200701,SZG,1,1
200701,SZG,1,2
200701,SZG,1,3
200701,SZG,2,1
200701,SZG,2,2
200701,SZG,2,3
200702,VIE,1,1
200702,VIE,1,2
200702,VIE,1,3
200702,VIE,2,1
200702,VIE,2,2
200702,VIE,2,3
200702,GRZ,1,1
200702,GRZ,1,2
200702,GRZ,2,1
200702,GRZ,2,2
200702,GRZ,2,3
200702,INN,1,1
200702,INN,1,2
200702,INN,1,3
200702,INN,2,1
200702,INN,2,2
200702,KLU,1,1
200702,KLU,1,2
200702,KLU,2,1
200702,KLU,2,2
200702,LNZ,1,1
200702,LNZ,1,2
200702,LNZ,1,3
200702,LNZ,2,1
200702,LNZ,2,2
200702,LNZ,2,3
200702,SZG,1,1
200702,SZG,1,2
200702,SZG,1,3
200702,SZG,2,1
200702,SZG,2,2
200702,SZG,2,3
200703,VIE,1,1
200703,VIE,1,2
200703,VIE,1,3
200703,VIE,2,1
200703,VIE,2,2
200703,VIE,2,3
200703,GRZ,1,1
200703,GRZ,1,2
200703,GRZ,1,3
200703,GRZ,2,1
200703,GRZ,2,2
200703,GRZ,2,3
200703,INN,1,1
200703,INN,1,2
200703,INN,1,3
200703,INN,2,1
200703,INN,2,2
200703,INN,2,3
200703,KLU,1,1
200703,KLU,1,2
200703,KLU,2,1
200703,KLU,2,2
200703,KLU,2,3
200703,LNZ,1,1
200703,LNZ,1,2
200703,LNZ,1,3
200703,LNZ,2,1
200703,LNZ,2,2
200703,LNZ,2,3
200703,SZG,1,1
200703,SZG,1,2
200703,SZG,2,1
200703,SZG,2,2
200703,SZG,2,3
200704,VIE,1,1
200704,VIE,1,2
200704,VIE,1,3
200704,VIE,2,1
200704,VIE,2,2
200704,VIE,2,3
200704,GRZ,1,1
200704,GRZ,1,2
200704,GRZ,1,3
200704,GRZ,2,1
200704,GRZ,2,2
200704,GRZ,2,3
200704,INN,1,1
200704,INN,1,2
200704,INN,1,3
200704,INN,2,1
200704,INN,2,2
200704,INN,2,3
200704,KLU,1,1
200704,KLU,1,2
200704,KLU,2,1
200704,KLU,2,2
200704,KLU,2,3
200704,LNZ,1,1
200704,LNZ,1,2
200704,LNZ,1,3
200704,LNZ,2,1
200704,LNZ,2,2
200704,LNZ,2,3
200704,SZG,1,1
200704,SZG,1,2
200704,SZG,2,1
200704,SZG,2,2
200704,SZG,2,3
200705,VIE,1,1
200705,VIE,1,2
200705,VIE,1,3
200705,VIE,2,1
200705,VIE,2,2
200705,VIE,2,3
200705,GRZ,1,1
200705,GRZ,1,2
200705,GRZ,1,3
200705,GRZ,2,1
200705,GRZ,2,2
200705,GRZ,2,3
200705,INN,1,1
200705,INN,1,2
200705,INN,1,3
200705,INN,2,1
200705,INN,2,2
200705,INN,2,3
200705,KLU,1,1
200705,KLU,1,2
200705,KLU,2,1
200705,KLU,2,2
200705,KLU,2,3
200705,LNZ,1,1
200705,LNZ,1,2
200705,LNZ,1,3
200705,LNZ,2,1
200705,LNZ,2,2
200705,LNZ,2,3
200705,SZG,1,1
200705,SZG,1,2
200705,SZG,2,1
200705,SZG,2,2
200705,SZG,2,3
200706,VIE,1,1
200706,VIE,1,2
200706,VIE,1,3
200706,VIE,2,1
200706,VIE,2,2
200706,VIE,2,3
200706,GRZ,1,1
200706,GRZ,1,2
200706,GRZ,1,3
200706,GRZ,2,1
200706,GRZ,2,2
200706,GRZ,2,3
200706,INN,1,1
200706,INN,1,2
200706,INN,1,3
200706,INN,2,1
200706,INN,2,2
200706,INN,2,3
200706,KLU,1,1
200706,KLU,1,2
200706,KLU,2,1
200706,KLU,2,2
200706,KLU,2,3
200706,LNZ,1,1
200706,LNZ,1,2
200706,LNZ,1,3
200706,LNZ,2,1
200706,LNZ,2,2
200706,LNZ,2,3
200706,SZG,1,1
200706,SZG,1,2
200706,SZG,2,1
200706,SZG,2,2
200706,SZG,2,3
200707,VIE,1,1
200707,VIE,1,2
200707,VIE,1,3
200707,VIE,2,1
200707,VIE,2,2
200707,VIE,2,3
200707,GRZ,1,1
200707,GRZ,1,2
200707,GRZ,2,1
200707,GRZ,2,2
200707,GRZ,2,3
200707,INN,1,1
200707,INN,1,2
200707,INN,1,3
200707,INN,2,1
200707,INN,2,2
200707,INN,2,3
200707,KLU,1,1
200707,KLU,1,2
200707,KLU,1,3
200707,KLU,2,1
200707,KLU,2,2
200707,KLU,2,3
200707,LNZ,1,1
200707,LNZ,1,2
200707,LNZ,1,3
200707,LNZ,2,1
200707,LNZ,2,2
200707,LNZ,2,3
200707,SZG,1,1
200707,SZG,1,2
200707,SZG,1,3
200707,SZG,2,1
200707,SZG,2,2
200707,SZG,2,3
200708,VIE,1,1
200708,VIE,1,2
200708,VIE,1,3
200708,VIE,2,1
200708,VIE,2,2
200708,VIE,2,3
200708,GRZ,1,1
200708,GRZ,1,2
200708,GRZ,2,1
200708,GRZ,2,2
200708,GRZ,2,3
200708,INN,1,1
200708,INN,1,2
200708,INN,1,3
200708,INN,2,1
200708,INN,2,2
200708,INN,2,3
200708,KLU,1,1
200708,KLU,1,2
200708,KLU,2,1
200708,KLU,2,2
200708,KLU,2,3
200708,LNZ,1,1
200708,LNZ,1,2
200708,LNZ,1,3
200708,LNZ,2,1
200708,LNZ,2,2
200708,LNZ,2,3
200708,SZG,1,1
200708,SZG,1,2
200708,SZG,2,1
200708,SZG,2,2
200708,SZG,2,3
200709,VIE,1,1
200709,VIE,1,2
200709,VIE,1,3
200709,VIE,2,1
200709,VIE,2,2
200709,VIE,2,3
200709,GRZ,1,1
200709,GRZ,1,2
200709,GRZ,2,1
200709,GRZ,2,2
200709,GRZ,2,3
200709,INN,1,1
200709,INN,1,2
200709,INN,1,3
200709,INN,2,1
200709,INN,2,2
200709,INN,2,3
200709,KLU,1,1
200709,KLU,1,2
200709,KLU,2,1
200709,KLU,2,2
200709,KLU,2,3
200709,LNZ,1,1
200709,LNZ,1,2
200709,LNZ,1,3
200709,LNZ,2,1
200709,LNZ,2,2
200709,LNZ,2,3
200709,SZG,1,1
200709,SZG,1,2
200709,SZG,1,3
200709,SZG,2,1
200709,SZG,2,2
200709,SZG,2,3
200710,VIE,1,1
200710,VIE,1,2
200710,VIE,1,3
200710,VIE,2,1
200710,VIE,2,2
200710,VIE,2,3
200710,GRZ,1,1
200710,GRZ,1,2
200710,GRZ,2,1
200710,GRZ,2,2
200710,GRZ,2,3
200710,INN,1,1
200710,INN,1,2
200710,INN,1,3
200710,INN,2,1
200710,INN,2,2
200710,INN,2,3
200710,KLU,1,1
200710,KLU,1,2
200710,KLU,1,3
200710,KLU,2,1
200710,KLU,2,2
200710,KLU,2,3
200710,LNZ,1,1
200710,LNZ,1,2
200710,LNZ,1,3
200710,LNZ,2,1
200710,LNZ,2,2
200710,LNZ,2,3
200710,SZG,1,1
200710,SZG,1,2
200710,SZG,1,3
200710,SZG,2,1
200710,SZG,2,2
200710,SZG,2,3
200711,VIE,1,1
200711,VIE,1,2
200711,VIE,1,3
200711,VIE,2,1
200711,VIE,2,2
200711,VIE,2,3
200711,GRZ,1,1
200711,GRZ,1,2
200711,GRZ,1,3
200711,GRZ,2,1
200711,GRZ,2,2
200711,GRZ,2,3
200711,INN,1,1
200711,INN,1,2
200711,INN,1,3
200711,INN,2,1
200711,INN,2,2
200711,INN,2,3
200711,KLU,1,1
200711,KLU,1,2
200711,KLU,2,1
200711,KLU,2,2
200711,LNZ,1,1
200711,LNZ,1,2
200711,LNZ,1,3
200711,LNZ,2,1
200711,LNZ,2,2
200711,LNZ,2,3
200711,SZG,1,1
200711,SZG,1,2
200711,SZG,2,1
200711,SZG,2,2
200711,SZG,2,3
200712,VIE,1,1
200712,VIE,1,2
200712,VIE,1,3
200712,VIE,2,1
200712,VIE,2,2
200712,VIE,2,3
200712,GRZ,1,1
200712,GRZ,1,2
200712,GRZ,2,1
200712,GRZ,2,2
200712,GRZ,2,3
200712,INN,1,1
200712,INN,1,2
200712,INN,1,3
200712,INN,2,1
200712,INN,2,2
200712,KLU,1,1
200712,KLU,1,2
200712,KLU,2,1
200712,KLU,2,2
200712,LNZ,1,1
200712,LNZ,1,2
200712,LNZ,1,3
200712,LNZ,2,1
200712,LNZ,2,2
200712,LNZ,2,3
200712,SZG,1,1
200712,SZG,1,2
200712,SZG,2,1
200712,SZG,2,2
200712,SZG,2,3
200801,VIE,1,1
200801,VIE,1,2
200801,VIE,1,3
200801,VIE,2,1
200801,VIE,2,2
200801,VIE,2,3
200801,GRZ,1,1
200801,GRZ,1,2
200801,GRZ,1,3
200801,GRZ,2,1
200801,GRZ,2,2
200801,GRZ,2,3
200801,INN,1,1
200801,INN,1,2
200801,INN,1,3
200801,INN,2,1
200801,INN,2,2
200801,KLU,1,1
200801,KLU,1,2
200801,KLU,2,1
200801,KLU,2,2
200801,LNZ,1,1
200801,LNZ,1,2
200801,LNZ,1,3
200801,LNZ,2,1
200801,LNZ,2,2
200801,LNZ,2,3
200801,SZG,1,1
200801,SZG,1,2
200801,SZG,1,3
200801,SZG,2,1
200801,SZG,2,2
200801,SZG,2,3
200802,VIE,1,1
200802,VIE,1,2
200802,VIE,1,3
200802,VIE,2,1
200802,VIE,2,2
200802,VIE,2,3
200802,GRZ,1,1
200802,GRZ,1,2
200802,GRZ,2,1
200802,GRZ,2,2
200802,GRZ,2,3
200802,INN,1,1
200802,INN,1,2
200802,INN,1,3
200802,INN,2,1
200802,INN,2,2
200802,KLU,1,1
200802,KLU,1,2
200802,KLU,2,1
200802,KLU,2,2
200802,LNZ,1,1
200802,LNZ,1,2
200802,LNZ,1,3
200802,LNZ,2,1
200802,LNZ,2,2
200802,LNZ,2,3
200802,SZG,1,1
200802,SZG,1,2
200802,SZG,2,1
200802,SZG,2,2
200802,SZG,2,3
200803,VIE,1,1
200803,VIE,1,2
200803,VIE,1,3
200803,VIE,2,1
200803,VIE,2,2
200803,VIE,2,3
200803,GRZ,1,1
200803,GRZ,1,2
200803,GRZ,1,3
200803,GRZ,2,1
200803,GRZ,2,2
200803,GRZ,2,3
200803,INN,1,1
200803,INN,1,2
200803,INN,1,3
200803,INN,2,1
200803,INN,2,2
200803,INN,2,3
200803,KLU,1,1
200803,KLU,1,2
200803,KLU,2,1
200803,KLU,2,2
200803,LNZ,1,1
200803,LNZ,1,2
200803,LNZ,1,3
200803,LNZ,2,1
200803,LNZ,2,2
200803,LNZ,2,3
200803,SZG,1,1
200803,SZG,1,2
200803,SZG,1,3
200803,SZG,2,1
200803,SZG,2,2
200803,SZG,2,3
200804,VIE,1,1
200804,VIE,1,2
200804,VIE,1,3
200804,VIE,2,1
200804,VIE,2,2
200804,VIE,2,3
200804,GRZ,1,1
200804,GRZ,1,2
200804,GRZ,1,3
200804,GRZ,2,1
200804,GRZ,2,2
200804,GRZ,2,3
200804,INN,1,1
200804,INN,1,2
200804,INN,1,3
200804,INN,2,1
200804,INN,2,2
200804,INN,2,3
200804,KLU,1,1
200804,KLU,1,2
200804,KLU,2,1
200804,KLU,2,2
200804,KLU,2,3
200804,LNZ,1,1
200804,LNZ,1,2
200804,LNZ,1,3
200804,LNZ,2,1
200804,LNZ,2,2
200804,LNZ,2,3
200804,SZG,1,1
200804,SZG,1,2
200804,SZG,1,3
200804,SZG,2,1
200804,SZG,2,2
200804,SZG,2,3
200805,VIE,1,1
200805,VIE,1,2
200805,VIE,1,3
200805,VIE,2,1
200805,VIE,2,2
200805,VIE,2,3
200805,GRZ,1,1
200805,GRZ,1,2
200805,GRZ,1,3
200805,GRZ,2,1
200805,GRZ,2,2
200805,GRZ,2,3
200805,INN,1,1
200805,INN,1,2
200805,INN,1,3
200805,INN,2,1
200805,INN,2,2
200805,INN,2,3
200805,KLU,1,1
200805,KLU,1,2
200805,KLU,2,1
200805,KLU,2,2
200805,KLU,2,3
200805,LNZ,1,1
200805,LNZ,1,2
200805,LNZ,1,3
200805,LNZ,2,1
200805,LNZ,2,2
200805,LNZ,2,3
200805,SZG,1,1
200805,SZG,1,2
200805,SZG,2,1
200805,SZG,2,2
200805,SZG,2,3
200806,VIE,1,1
200806,VIE,1,2
200806,VIE,1,3
200806,VIE,2,1
200806,VIE,2,2
200806,VIE,2,3
200806,GRZ,1,1
200806,GRZ,1,2
200806,GRZ,1,3
200806,GRZ,2,1
200806,GRZ,2,2
200806,GRZ,2,3
200806,INN,1,1
200806,INN,1,2
200806,INN,1,3
200806,INN,2,1
200806,INN,2,2
200806,INN,2,3
200806,KLU,1,1
200806,KLU,1,2
200806,KLU,2,1
200806,KLU,2,2
200806,KLU,2,3
200806,LNZ,1,1
200806,LNZ,1,2
200806,LNZ,1,3
200806,LNZ,2,1
200806,LNZ,2,2
200806,LNZ,2,3
200806,SZG,1,1
200806,SZG,1,2
200806,SZG,1,3
200806,SZG,2,1
200806,SZG,2,2
200806,SZG,2,3
200807,VIE,1,1
200807,VIE,1,2
200807,VIE,1,3
200807,VIE,2,1
200807,VIE,2,2
200807,VIE,2,3
200807,GRZ,1,1
200807,GRZ,1,2
200807,GRZ,1,3
200807,GRZ,2,1
200807,GRZ,2,2
200807,GRZ,2,3
200807,INN,1,1
200807,INN,1,2
200807,INN,1,3
200807,INN,2,1
200807,INN,2,2
200807,INN,2,3
200807,KLU,1,1
200807,KLU,1,2
200807,KLU,2,1
200807,KLU,2,2
200807,KLU,2,3
200807,LNZ,1,1
200807,LNZ,1,2
200807,LNZ,1,3
200807,LNZ,2,1
200807,LNZ,2,2
200807,LNZ,2,3
200807,SZG,1,1
200807,SZG,1,2
200807,SZG,2,1
200807,SZG,2,2
200807,SZG,2,3
200808,VIE,1,1
200808,VIE,1,2
200808,VIE,1,3
200808,VIE,2,1
200808,VIE,2,2
200808,VIE,2,3
200808,GRZ,1,1
200808,GRZ,1,2
200808,GRZ,1,3
200808,GRZ,2,1
200808,GRZ,2,2
200808,GRZ,2,3
200808,INN,1,1
200808,INN,1,2
200808,INN,1,3
200808,INN,2,1
200808,INN,2,2
200808,INN,2,3
200808,KLU,1,1
200808,KLU,1,2
200808,KLU,2,1
200808,KLU,2,2
200808,KLU,2,3
200808,LNZ,1,1
200808,LNZ,1,2
200808,LNZ,1,3
200808,LNZ,2,1
200808,LNZ,2,2
200808,LNZ,2,3
200808,SZG,1,1
200808,SZG,1,2
200808,SZG,2,1
200808,SZG,2,2
200808,SZG,2,3
200809,VIE,1,1
200809,VIE,1,2
200809,VIE,1,3
200809,VIE,2,1
200809,VIE,2,2
200809,VIE,2,3
200809,GRZ,1,1
200809,GRZ,1,2
200809,GRZ,1,3
200809,GRZ,2,1
200809,GRZ,2,2
200809,GRZ,2,3
200809,INN,1,1
200809,INN,1,2
200809,INN,1,3
200809,INN,2,1
200809,INN,2,2
200809,INN,2,3
200809,KLU,1,1
200809,KLU,1,2
200809,KLU,2,1
200809,KLU,2,2
200809,KLU,2,3
200809,LNZ,1,1
200809,LNZ,1,2
200809,LNZ,1,3
200809,LNZ,2,1
200809,LNZ,2,2
200809,LNZ,2,3
200809,SZG,1,1
200809,SZG,1,2
200809,SZG,2,1
200809,SZG,2,2
200809,SZG,2,3
200810,VIE,1,1
200810,VIE,1,2
200810,VIE,1,3
200810,VIE,2,1
200810,VIE,2,2
200810,VIE,2,3
200810,GRZ,1,1
200810,GRZ,1,2
200810,GRZ,1,3
200810,GRZ,2,1
200810,GRZ,2,2
200810,GRZ,2,3
200810,INN,1,1
200810,INN,1,2
200810,INN,1,3
200810,INN,2,1
200810,INN,2,2
200810,INN,2,3
200810,KLU,1,1
200810,KLU,1,2
200810,KLU,2,1
200810,KLU,2,2
200810,LNZ,1,1
200810,LNZ,1,2
200810,LNZ,1,3
200810,LNZ,2,1
200810,LNZ,2,2
200810,LNZ,2,3
200810,SZG,1,1
200810,SZG,1,2
200810,SZG,1,3
200810,SZG,2,1
200810,SZG,2,2
200810,SZG,2,3
200811,VIE,1,1
200811,VIE,1,2
200811,VIE,1,3
200811,VIE,2,1
200811,VIE,2,2
200811,VIE,2,3
200811,GRZ,1,1
200811,GRZ,1,2
200811,GRZ,2,1
200811,GRZ,2,2
200811,GRZ,2,3
200811,INN,1,1
200811,INN,1,2
200811,INN,1,3
200811,INN,2,1
200811,INN,2,2
200811,INN,2,3
200811,KLU,1,1
200811,KLU,1,2
200811,KLU,2,1
200811,KLU,2,2
200811,LNZ,1,1
200811,LNZ,1,2
200811,LNZ,1,3
200811,LNZ,2,1
200811,LNZ,2,2
200811,LNZ,2,3
200811,SZG,1,1
200811,SZG,1,2
200811,SZG,2,1
200811,SZG,2,2
200811,SZG,2,3
200812,VIE,1,1
200812,VIE,1,2
200812,VIE,1,3
200812,VIE,2,1
200812,VIE,2,2
200812,VIE,2,3
200812,GRZ,1,1
200812,GRZ,1,2
200812,GRZ,1,3
200812,GRZ,2,1
200812,GRZ,2,2
200812,GRZ,2,3
200812,INN,1,1
200812,INN,1,2
200812,INN,1,3
200812,INN,2,1
200812,INN,2,2
200812,KLU,1,1
200812,KLU,1,2
200812,KLU,2,1
200812,KLU,2,2
200812,LNZ,1,1
200812,LNZ,1,2
200812,LNZ,1,3
200812,LNZ,2,1
200812,LNZ,2,2
200812,LNZ,2,3
200812,SZG,1,1
200812,SZG,1,2
200812,SZG,2,1
200812,SZG,2,2
200812,SZG,2,3
200901,VIE,1,1
200901,VIE,1,2
200901,VIE,1,3
200901,VIE,2,1
200901,VIE,2,2
200901,VIE,2,3
200901,GRZ,1,1
200901,GRZ,1,2
200901,GRZ,1,3
200901,GRZ,2,1
200901,GRZ,2,2
200901,GRZ,2,3
200901,INN,1,1
200901,INN,1,2
200901,INN,1,3
200901,INN,2,1
200901,INN,2,2
200901,KLU,1,1
200901,KLU,1,2
200901,KLU,2,1
200901,KLU,2,2
200901,LNZ,1,1
200901,LNZ,1,2
200901,LNZ,1,3
200901,LNZ,2,1
200901,LNZ,2,2
200901,LNZ,2,3
200901,SZG,1,1
200901,SZG,1,2
200901,SZG,2,1
200901,SZG,2,2
200901,SZG,2,3
200902,VIE,1,1
200902,VIE,1,2
200902,VIE,1,3
200902,VIE,2,1
200902,VIE,2,2
200902,VIE,2,3
200902,GRZ,1,1
200902,GRZ,1,2
200902,GRZ,1,3
200902,GRZ,2,1
200902,GRZ,2,2
200902,GRZ,2,3
200902,INN,1,1
200902,INN,1,2
200902,INN,1,3
200902,INN,2,1
200902,INN,2,2
200902,INN,2,3
200902,KLU,1,1
200902,KLU,1,2
200902,KLU,2,1
200902,KLU,2,2
200902,LNZ,1,1
200902,LNZ,1,2
200902,LNZ,1,3
200902,LNZ,2,1
200902,LNZ,2,2
200902,LNZ,2,3
200902,SZG,1,1
200902,SZG,1,2
200902,SZG,1,3
200902,SZG,2,1
200902,SZG,2,2
200902,SZG,2,3
200903,VIE,1,1
200903,VIE,1,2
200903,VIE,1,3
200903,VIE,2,1
200903,VIE,2,2
200903,VIE,2,3
200903,GRZ,1,1
200903,GRZ,1,2
200903,GRZ,1,3
200903,GRZ,2,1
200903,GRZ,2,2
200903,GRZ,2,3
200903,INN,1,1
200903,INN,1,2
200903,INN,1,3
200903,INN,2,1
200903,INN,2,2
200903,INN,2,3
200903,KLU,1,1
200903,KLU,1,2
200903,KLU,2,1
200903,KLU,2,2
200903,LNZ,1,1
200903,LNZ,1,2
200903,LNZ,1,3
200903,LNZ,2,1
200903,LNZ,2,2
200903,LNZ,2,3
200903,SZG,1,1
200903,SZG,1,2
200903,SZG,1,3
200903,SZG,2,1
200903,SZG,2,2
200903,SZG,2,3
200904,VIE,1,1
200904,VIE,1,2
200904,VIE,1,3
200904,VIE,2,1
200904,VIE,2,2
200904,VIE,2,3
200904,GRZ,1,1
200904,GRZ,1,2
200904,GRZ,1,3
200904,GRZ,2,1
200904,GRZ,2,2
200904,GRZ,2,3
200904,INN,1,1
200904,INN,1,2
200904,INN,1,3
200904,INN,2,1
200904,INN,2,2
200904,INN,2,3
200904,KLU,1,1
200904,KLU,1,2
200904,KLU,2,1
200904,KLU,2,2
200904,KLU,2,3
200904,LNZ,1,1
200904,LNZ,1,2
200904,LNZ,1,3
200904,LNZ,2,1
200904,LNZ,2,2
200904,LNZ,2,3
200904,SZG,1,1
200904,SZG,1,2
200904,SZG,1,3
200904,SZG,2,1
200904,SZG,2,2
200904,SZG,2,3
200905,VIE,1,1
200905,VIE,1,2
200905,VIE,1,3
200905,VIE,2,1
200905,VIE,2,2
200905,VIE,2,3
200905,GRZ,1,1
200905,GRZ,1,2
200905,GRZ,1,3
200905,GRZ,2,1
200905,GRZ,2,2
200905,GRZ,2,3
200905,INN,1,1
200905,INN,1,2
200905,INN,1,3
200905,INN,2,1
200905,INN,2,2
200905,INN,2,3
200905,KLU,1,1
200905,KLU,1,2
200905,KLU,2,1
200905,KLU,2,2
200905,KLU,2,3
200905,LNZ,1,1
200905,LNZ,1,2
200905,LNZ,1,3
200905,LNZ,2,1
200905,LNZ,2,2
200905,LNZ,2,3
200905,SZG,1,1
200905,SZG,1,2
200905,SZG,1,3
200905,SZG,2,1
200905,SZG,2,2
200905,SZG,2,3
200906,VIE,1,1
200906,VIE,1,2
200906,VIE,1,3
200906,VIE,2,1
200906,VIE,2,2
200906,VIE,2,3
200906,GRZ,1,1
200906,GRZ,1,2
200906,GRZ,1,3
200906,GRZ,2,1
200906,GRZ,2,2
200906,GRZ,2,3
200906,INN,1,1
200906,INN,1,2
200906,INN,1,3
200906,INN,2,1
200906,INN,2,2
200906,INN,2,3
200906,KLU,1,1
200906,KLU,1,2
200906,KLU,1,3
200906,KLU,2,1
200906,KLU,2,2
200906,KLU,2,3
200906,LNZ,1,1
200906,LNZ,1,2
200906,LNZ,1,3
200906,LNZ,2,1
200906,LNZ,2,2
200906,LNZ,2,3
200906,SZG,1,1
200906,SZG,1,2
200906,SZG,2,1
200906,SZG,2,2
200906,SZG,2,3
200907,VIE,1,1
200907,VIE,1,2
200907,VIE,1,3
200907,VIE,2,1
200907,VIE,2,2
200907,VIE,2,3
200907,GRZ,1,1
200907,GRZ,1,2
200907,GRZ,1,3
200907,GRZ,2,1
200907,GRZ,2,2
200907,GRZ,2,3
200907,INN,1,1
200907,INN,1,2
200907,INN,1,3
200907,INN,2,1
200907,INN,2,2
200907,INN,2,3
200907,KLU,1,1
200907,KLU,1,2
200907,KLU,1,3
200907,KLU,2,1
200907,KLU,2,2
200907,KLU,2,3
200907,LNZ,1,1
200907,LNZ,1,2
200907,LNZ,1,3
200907,LNZ,2,1
200907,LNZ,2,2
200907,LNZ,2,3
200907,SZG,1,1
200907,SZG,1,2
200907,SZG,2,1
200907,SZG,2,2
200907,SZG,2,3
200908,VIE,1,1
200908,VIE,1,2
200908,VIE,1,3
200908,VIE,2,1
200908,VIE,2,2
200908,VIE,2,3
200908,GRZ,1,1
200908,GRZ,1,2
200908,GRZ,1,3
200908,GRZ,2,1
200908,GRZ,2,2
200908,GRZ,2,3
200908,INN,1,1
200908,INN,1,2
200908,INN,1,3
200908,INN,2,1
200908,INN,2,2
200908,INN,2,3
200908,KLU,1,1
200908,KLU,1,2
200908,KLU,1,3
200908,KLU,2,1
200908,KLU,2,2
200908,KLU,2,3
200908,LNZ,1,1
200908,LNZ,1,2
200908,LNZ,1,3
200908,LNZ,2,1
200908,LNZ,2,2
200908,LNZ,2,3
200908,SZG,1,1
200908,SZG,1,2
200908,SZG,2,1
200908,SZG,2,2
200908,SZG,2,3
200909,VIE,1,1
200909,VIE,1,2
200909,VIE,1,3
200909,VIE,2,1
200909,VIE,2,2
200909,VIE,2,3
200909,GRZ,1,1
200909,GRZ,1,2
200909,GRZ,1,3
200909,GRZ,2,1
200909,GRZ,2,2
200909,GRZ,2,3
200909,INN,1,1
200909,INN,1,2
200909,INN,1,3
200909,INN,2,1
200909,INN,2,2
200909,INN,2,3
200909,KLU,1,1
200909,KLU,1,2
200909,KLU,1,3
200909,KLU,2,1
200909,KLU,2,2
200909,KLU,2,3
200909,LNZ,1,1
200909,LNZ,1,2
200909,LNZ,1,3
200909,LNZ,2,1
200909,LNZ,2,2
200909,LNZ,2,3
200909,SZG,1,1
200909,SZG,1,2
200909,SZG,2,1
200909,SZG,2,2
200909,SZG,2,3
200910,VIE,1,1
200910,VIE,1,2
200910,VIE,1,3
200910,VIE,2,1
200910,VIE,2,2
200910,VIE,2,3
200910,GRZ,1,1
200910,GRZ,1,2
200910,GRZ,2,1
200910,GRZ,2,2
200910,GRZ,2,3
200910,INN,1,1
200910,INN,1,2
200910,INN,1,3
200910,INN,2,1
200910,INN,2,2
200910,INN,2,3
200910,KLU,1,1
200910,KLU,1,2
200910,KLU,1,3
200910,KLU,2,1
200910,KLU,2,2
200910,LNZ,1,1
200910,LNZ,1,2
200910,LNZ,1,3
200910,LNZ,2,1
200910,LNZ,2,2
200910,LNZ,2,3
200910,SZG,1,1
200910,SZG,1,2
200910,SZG,2,1
200910,SZG,2,2
200910,SZG,2,3
200911,VIE,1,1
200911,VIE,1,2
200911,VIE,1,3
200911,VIE,2,1
200911,VIE,2,2
200911,VIE,2,3
200911,GRZ,1,1
200911,GRZ,1,2
200911,GRZ,1,3
200911,GRZ,2,1
200911,GRZ,2,2
200911,GRZ,2,3
200911,INN,1,1
200911,INN,1,2
200911,INN,1,3
200911,INN,2,1
200911,INN,2,2
200911,KLU,1,1
200911,KLU,1,2
200911,KLU,2,1
200911,KLU,2,2
200911,LNZ,1,1
200911,LNZ,1,2
200911,LNZ,1,3
200911,LNZ,2,1
200911,LNZ,2,2
200911,LNZ,2,3
200911,SZG,1,1
200911,SZG,1,2
200911,SZG,2,1
200911,SZG,2,2
200911,SZG,2,3
200912,VIE,1,1
200912,VIE,1,2
200912,VIE,1,3
200912,VIE,2,1
200912,VIE,2,2
200912,VIE,2,3
200912,GRZ,1,1
200912,GRZ,1,2
200912,GRZ,1,3
200912,GRZ,2,1
200912,GRZ,2,2
200912,GRZ,2,3
200912,INN,1,1
200912,INN,1,2
200912,INN,1,3
200912,INN,2,1
200912,INN,2,2
200912,KLU,1,1
200912,KLU,1,2
200912,KLU,2,1
200912,KLU,2,2
200912,KLU,2,3
200912,LNZ,1,1
200912,LNZ,1,2
200912,LNZ,1,3
200912,LNZ,2,1
200912,LNZ,2,2
200912,LNZ,2,3
200912,SZG,1,1
200912,SZG,1,2
200912,SZG,1,3
200912,SZG,2,1
200912,SZG,2,2
200912,SZG,2,3
201001,VIE,1,1
201001,VIE,1,2
201001,VIE,1,3
201001,VIE,2,1
201001,VIE,2,2
201001,VIE,2,3
201001,GRZ,1,1
201001,GRZ,1,2
201001,GRZ,2,1
201001,GRZ,2,2
201001,INN,1,1
201001,INN,1,2
201001,INN,1,3
201001,INN,2,1
201001,INN,2,2
201001,KLU,1,1
201001,KLU,1,2
201001,KLU,2,1
201001,KLU,2,2
201001,LNZ,1,1
201001,LNZ,1,2
201001,LNZ,1,3
201001,LNZ,2,1
201001,LNZ,2,2
201001,LNZ,2,3
201001,SZG,1,1
201001,SZG,1,2
201001,SZG,2,1
201001,SZG,2,2
201001,SZG,2,3
201002,VIE,1,1
201002,VIE,1,2
201002,VIE,1,3
201002,VIE,2,1
201002,VIE,2,2
201002,VIE,2,3
201002,GRZ,1,1
201002,GRZ,1,2
201002,GRZ,1,3
201002,GRZ,2,1
201002,GRZ,2,2
201002,GRZ,2,3
201002,INN,1,1
201002,INN,1,2
201002,INN,1,3
201002,INN,2,1
201002,INN,2,2
201002,KLU,1,1
201002,KLU,1,2
201002,KLU,2,1
201002,KLU,2,2
201002,LNZ,1,1
201002,LNZ,1,2
201002,LNZ,1,3
201002,LNZ,2,1
201002,LNZ,2,2
201002,LNZ,2,3
201002,SZG,1,1
201002,SZG,1,2
201002,SZG,1,3
201002,SZG,2,1
201002,SZG,2,2
201002,SZG,2,3
201003,VIE,1,1
201003,VIE,1,2
201003,VIE,1,3
201003,VIE,2,1
201003,VIE,2,2
201003,VIE,2,3
201003,GRZ,1,1
201003,GRZ,1,2
201003,GRZ,1,3
201003,GRZ,2,1
201003,GRZ,2,2
201003,GRZ,2,3
201003,INN,1,1
201003,INN,1,2
201003,INN,1,3
201003,INN,2,1
201003,INN,2,2
201003,INN,2,3
201003,KLU,1,1
201003,KLU,1,2
201003,KLU,2,1
201003,KLU,2,2
201003,LNZ,1,1
201003,LNZ,1,2
201003,LNZ,1,3
201003,LNZ,2,1
201003,LNZ,2,2
201003,LNZ,2,3
201003,SZG,1,1
201003,SZG,1,2
201003,SZG,2,1
201003,SZG,2,2
201003,SZG,2,3
201004,VIE,1,1
201004,VIE,1,2
201004,VIE,1,3
201004,VIE,2,1
201004,VIE,2,2
201004,VIE,2,3
201004,GRZ,1,1
201004,GRZ,1,2
201004,GRZ,1,3
201004,GRZ,2,1
201004,GRZ,2,2
201004,GRZ,2,3
201004,INN,1,1
201004,INN,1,2
201004,INN,1,3
201004,INN,2,1
201004,INN,2,2
201004,INN,2,3
201004,KLU,1,1
201004,KLU,1,2
201004,KLU,2,1
201004,KLU,2,2
201004,LNZ,1,1
201004,LNZ,1,2
201004,LNZ,1,3
201004,LNZ,2,1
201004,LNZ,2,2
201004,LNZ,2,3
201004,SZG,1,1
201004,SZG,1,2
201004,SZG,2,1
201004,SZG,2,2
201004,SZG,2,3
201005,VIE,1,1
201005,VIE,1,2
201005,VIE,1,3
201005,VIE,2,1
201005,VIE,2,2
201005,VIE,2,3
201005,GRZ,1,1
201005,GRZ,1,2
201005,GRZ,1,3
201005,GRZ,2,1
201005,GRZ,2,2
201005,GRZ,2,3
201005,INN,1,1
201005,INN,1,2
201005,INN,1,3
201005,INN,2,1
201005,INN,2,2
201005,INN,2,3
201005,KLU,1,1
201005,KLU,1,2
201005,KLU,2,1
201005,KLU,2,2
201005,KLU,2,3
201005,LNZ,1,1
201005,LNZ,1,2
201005,LNZ,1,3
201005,LNZ,2,1
201005,LNZ,2,2
201005,LNZ,2,3
201005,SZG,1,1
201005,SZG,1,2
201005,SZG,2,1
201005,SZG,2,2
201005,SZG,2,3
201006,VIE,1,1
201006,VIE,1,2
201006,VIE,1,3
201006,VIE,2,1
201006,VIE,2,2
201006,VIE,2,3
201006,GRZ,1,1
201006,GRZ,1,2
201006,GRZ,1,3
201006,GRZ,2,1
201006,GRZ,2,2
201006,GRZ,2,3
201006,INN,1,1
201006,INN,1,2
201006,INN,1,3
201006,INN,2,1
201006,INN,2,2
201006,INN,2,3
201006,KLU,1,1
201006,KLU,1,2
201006,KLU,2,1
201006,KLU,2,2
201006,LNZ,1,1
201006,LNZ,1,2
201006,LNZ,1,3
201006,LNZ,2,1
201006,LNZ,2,2
201006,LNZ,2,3
201006,SZG,1,1
201006,SZG,1,2
201006,SZG,2,1
201006,SZG,2,2
201006,SZG,2,3
201007,VIE,1,1
201007,VIE,1,2
201007,VIE,1,3
201007,VIE,2,1
201007,VIE,2,2
201007,VIE,2,3
201007,GRZ,1,1
201007,GRZ,1,2
201007,GRZ,1,3
201007,GRZ,2,1
201007,GRZ,2,2
201007,GRZ,2,3
201007,INN,1,1
201007,INN,1,2
201007,INN,1,3
201007,INN,2,1
201007,INN,2,2
201007,INN,2,3
201007,KLU,1,1
201007,KLU,1,2
201007,KLU,2,1
201007,KLU,2,2
201007,KLU,2,3
201007,LNZ,1,1
201007,LNZ,1,2
201007,LNZ,1,3
201007,LNZ,2,1
201007,LNZ,2,2
201007,LNZ,2,3
201007,SZG,1,1
201007,SZG,1,2
201007,SZG,1,3
201007,SZG,2,1
201007,SZG,2,2
201007,SZG,2,3
201008,VIE,1,1
201008,VIE,1,2
201008,VIE,1,3
201008,VIE,2,1
201008,VIE,2,2
201008,VIE,2,3
201008,GRZ,1,1
201008,GRZ,1,2
201008,GRZ,1,3
201008,GRZ,2,1
201008,GRZ,2,2
201008,GRZ,2,3
201008,INN,1,1
201008,INN,1,2
201008,INN,1,3
201008,INN,2,1
201008,INN,2,2
201008,INN,2,3
201008,KLU,1,1
201008,KLU,1,2
201008,KLU,2,1
201008,KLU,2,2
201008,LNZ,1,1
201008,LNZ,1,2
201008,LNZ,1,3
201008,LNZ,2,1
201008,LNZ,2,2
201008,LNZ,2,3
201008,SZG,1,1
201008,SZG,1,2
201008,SZG,2,1
201008,SZG,2,2
201008,SZG,2,3
201009,VIE,1,1
201009,VIE,1,2
201009,VIE,1,3
201009,VIE,2,1
201009,VIE,2,2
201009,VIE,2,3
201009,GRZ,1,1
201009,GRZ,1,2
201009,GRZ,1,3
201009,GRZ,2,1
201009,GRZ,2,2
201009,GRZ,2,3
201009,INN,1,1
201009,INN,1,2
201009,INN,1,3
201009,INN,2,1
201009,INN,2,2
201009,INN,2,3
201009,KLU,1,1
201009,KLU,1,2
201009,KLU,2,1
201009,KLU,2,2
201009,LNZ,1,1
201009,LNZ,1,2
201009,LNZ,1,3
201009,LNZ,2,1
201009,LNZ,2,2
201009,LNZ,2,3
201009,SZG,1,1
201009,SZG,1,2
201009,SZG,1,3
201009,SZG,2,1
201009,SZG,2,2
201009,SZG,2,3
201010,VIE,1,1
201010,VIE,1,2
201010,VIE,1,3
201010,VIE,2,1
201010,VIE,2,2
201010,VIE,2,3
201010,GRZ,1,1
201010,GRZ,1,2
201010,GRZ,1,3
201010,GRZ,2,1
201010,GRZ,2,2
201010,GRZ,2,3
201010,INN,1,1
201010,INN,1,2
201010,INN,1,3
201010,INN,2,1
201010,INN,2,2
201010,INN,2,3
201010,KLU,1,1
201010,KLU,1,2
201010,KLU,2,1
201010,KLU,2,2
201010,KLU,2,3
201010,LNZ,1,1
201010,LNZ,1,2
201010,LNZ,1,3
201010,LNZ,2,1
201010,LNZ,2,2
201010,LNZ,2,3
201010,SZG,1,1
201010,SZG,1,2
201010,SZG,1,3
201010,SZG,2,1
201010,SZG,2,2
201010,SZG,2,3
201011,VIE,1,1
201011,VIE,1,2
201011,VIE,1,3
201011,VIE,2,1
201011,VIE,2,2
201011,VIE,2,3
201011,GRZ,1,1
201011,GRZ,1,2
201011,GRZ,2,1
201011,GRZ,2,2
201011,GRZ,2,3
201011,INN,1,1
201011,INN,1,2
201011,INN,1,3
201011,INN,2,1
201011,INN,2,2
201011,KLU,1,1
201011,KLU,1,2
201011,KLU,2,1
201011,KLU,2,2
201011,LNZ,1,1
201011,LNZ,1,2
201011,LNZ,1,3
201011,LNZ,2,1
201011,LNZ,2,2
201011,LNZ,2,3
201011,SZG,1,1
201011,SZG,1,2
201011,SZG,2,1
201011,SZG,2,2
201011,SZG,2,3
201012,VIE,1,1
201012,VIE,1,2
201012,VIE,1,3
201012,VIE,2,1
201012,VIE,2,2
201012,VIE,2,3
201012,GRZ,1,1
201012,GRZ,1,2
201012,GRZ,1,3
201012,GRZ,2,1
201012,GRZ,2,2
201012,GRZ,2,3
201012,INN,1,1
201012,INN,1,2
201012,INN,1,3
201012,INN,2,1
201012,INN,2,2
201012,KLU,1,1
201012,KLU,1,2
201012,KLU,2,1
201012,KLU,2,2
201012,LNZ,1,1
201012,LNZ,1,2
201012,LNZ,1,3
201012,LNZ,2,1
201012,LNZ,2,2
201012,LNZ,2,3
201012,SZG,1,1
201012,SZG,1,2
201012,SZG,1,3
201012,SZG,2,1
201012,SZG,2,2
201012,SZG,2,3
201101,VIE,1,1
201101,VIE,1,2
201101,VIE,1,3
201101,VIE,2,1
201101,VIE,2,2
201101,VIE,2,3
201101,GRZ,1,1
201101,GRZ,1,2
201101,GRZ,1,3
201101,GRZ,2,1
201101,GRZ,2,2
201101,GRZ,2,3
201101,INN,1,1
201101,INN,1,2
201101,INN,1,3
201101,INN,2,1
201101,INN,2,2
201101,KLU,1,1
201101,KLU,1,2
201101,KLU,2,1
201101,KLU,2,2
201101,LNZ,1,1
201101,LNZ,1,2
201101,LNZ,1,3
201101,LNZ,2,1
201101,LNZ,2,2
201101,LNZ,2,3
201101,SZG,1,1
201101,SZG,1,2
201101,SZG,1,3
201101,SZG,2,1
201101,SZG,2,2
201101,SZG,2,3
201102,VIE,1,1
201102,VIE,1,2
201102,VIE,1,3
201102,VIE,2,1
201102,VIE,2,2
201102,VIE,2,3
201102,GRZ,1,1
201102,GRZ,1,2
201102,GRZ,2,1
201102,GRZ,2,2
201102,GRZ,2,3
201102,INN,1,1
201102,INN,1,2
201102,INN,1,3
201102,INN,2,1
201102,INN,2,2
201102,KLU,1,1
201102,KLU,1,2
201102,KLU,2,1
201102,KLU,2,2
201102,LNZ,1,1
201102,LNZ,1,2
201102,LNZ,1,3
201102,LNZ,2,1
201102,LNZ,2,2
201102,LNZ,2,3
201102,SZG,1,1
201102,SZG,1,2
201102,SZG,2,1
201102,SZG,2,2
201103,VIE,1,1
201103,VIE,1,2
201103,VIE,1,3
201103,VIE,2,1
201103,VIE,2,2
201103,VIE,2,3
201103,GRZ,1,1
201103,GRZ,1,2
201103,GRZ,1,3
201103,GRZ,2,1
201103,GRZ,2,2
201103,GRZ,2,3
201103,INN,1,1
201103,INN,1,2
201103,INN,1,3
201103,INN,2,1
201103,INN,2,2
201103,INN,2,3
201103,KLU,1,1
201103,KLU,1,2
201103,KLU,2,1
201103,KLU,2,2
201103,LNZ,1,1
201103,LNZ,1,2
201103,LNZ,1,3
201103,LNZ,2,1
201103,LNZ,2,2
201103,LNZ,2,3
201103,SZG,1,1
201103,SZG,1,2
201103,SZG,2,1
201103,SZG,2,2
201103,SZG,2,3
201104,VIE,1,1
201104,VIE,1,2
201104,VIE,1,3
201104,VIE,2,1
201104,VIE,2,2
201104,VIE,2,3
201104,GRZ,1,1
201104,GRZ,1,2
201104,GRZ,1,3
201104,GRZ,2,1
201104,GRZ,2,2
201104,GRZ,2,3
201104,INN,1,1
201104,INN,1,2
201104,INN,1,3
201104,INN,2,1
201104,INN,2,2
201104,INN,2,3
201104,KLU,1,1
201104,KLU,1,2
201104,KLU,2,1
201104,KLU,2,2
201104,KLU,2,3
201104,LNZ,1,1
201104,LNZ,1,2
201104,LNZ,1,3
201104,LNZ,2,1
201104,LNZ,2,2
201104,LNZ,2,3
201104,SZG,1,1
201104,SZG,1,2
201104,SZG,2,1
201104,SZG,2,2
201104,SZG,2,3
201105,VIE,1,1
201105,VIE,1,2
201105,VIE,1,3
201105,VIE,2,1
201105,VIE,2,2
201105,VIE,2,3
201105,GRZ,1,1
201105,GRZ,1,2
201105,GRZ,1,3
201105,GRZ,2,1
201105,GRZ,2,2
201105,GRZ,2,3
201105,INN,1,1
201105,INN,1,2
201105,INN,1,3
201105,INN,2,1
201105,INN,2,2
201105,INN,2,3
201105,KLU,1,1
201105,KLU,1,2
201105,KLU,2,1
201105,KLU,2,2
201105,LNZ,1,1
201105,LNZ,1,2
201105,LNZ,1,3
201105,LNZ,2,1
201105,LNZ,2,2
201105,LNZ,2,3
201105,SZG,1,1
201105,SZG,1,2
201105,SZG,1,3
201105,SZG,2,1
201105,SZG,2,2
201105,SZG,2,3
201106,VIE,1,1
201106,VIE,1,2
201106,VIE,1,3
201106,VIE,2,1
201106,VIE,2,2
201106,VIE,2,3
201106,GRZ,1,1
201106,GRZ,1,2
201106,GRZ,1,3
201106,GRZ,2,1
201106,GRZ,2,2
201106,GRZ,2,3
201106,INN,1,1
201106,INN,1,2
201106,INN,1,3
201106,INN,2,1
201106,INN,2,2
201106,INN,2,3
201106,KLU,1,1
201106,KLU,1,2
201106,KLU,2,1
201106,KLU,2,2
201106,LNZ,1,1
201106,LNZ,1,2
201106,LNZ,1,3
201106,LNZ,2,1
201106,LNZ,2,2
201106,LNZ,2,3
201106,SZG,1,1
201106,SZG,1,2
201106,SZG,2,1
201106,SZG,2,2
201106,SZG,2,3
201107,VIE,1,1
201107,VIE,1,2
201107,VIE,1,3
201107,VIE,2,1
201107,VIE,2,2
201107,VIE,2,3
201107,GRZ,1,1
201107,GRZ,1,2
201107,GRZ,1,3
201107,GRZ,2,1
201107,GRZ,2,2
201107,GRZ,2,3
201107,INN,1,1
201107,INN,1,2
201107,INN,1,3
201107,INN,2,1
201107,INN,2,2
201107,INN,2,3
201107,KLU,1,1
201107,KLU,1,2
201107,KLU,2,1
201107,KLU,2,2
201107,KLU,2,3
201107,LNZ,1,1
201107,LNZ,1,2
201107,LNZ,1,3
201107,LNZ,2,1
201107,LNZ,2,2
201107,LNZ,2,3
201107,SZG,1,1
201107,SZG,1,2
201107,SZG,1,3
201107,SZG,2,1
201107,SZG,2,2
201107,SZG,2,3
201108,VIE,1,1
201108,VIE,1,2
201108,VIE,1,3
201108,VIE,2,1
201108,VIE,2,2
201108,VIE,2,3
201108,GRZ,1,1
201108,GRZ,1,2
201108,GRZ,2,1
201108,GRZ,2,2
201108,GRZ,2,3
201108,INN,1,1
201108,INN,1,2
201108,INN,2,1
201108,INN,2,2
201108,INN,2,3
201108,KLU,1,1
201108,KLU,1,2
201108,KLU,2,1
201108,KLU,2,2
201108,LNZ,1,1
201108,LNZ,1,2
201108,LNZ,1,3
201108,LNZ,2,1
201108,LNZ,2,2
201108,LNZ,2,3
201108,SZG,1,1
201108,SZG,1,2
201108,SZG,2,1
201108,SZG,2,2
201108,SZG,2,3
201109,VIE,1,1
201109,VIE,1,2
201109,VIE,1,3
201109,VIE,2,1
201109,VIE,2,2
201109,VIE,2,3
201109,GRZ,1,1
201109,GRZ,1,2
201109,GRZ,1,3
201109,GRZ,2,1
201109,GRZ,2,2
201109,GRZ,2,3
201109,INN,1,1
201109,INN,1,2
201109,INN,2,1
201109,INN,2,2
201109,INN,2,3
201109,KLU,1,1
201109,KLU,1,2
201109,KLU,2,1
201109,KLU,2,2
201109,LNZ,1,1
201109,LNZ,1,2
201109,LNZ,1,3
201109,LNZ,2,1
201109,LNZ,2,2
201109,LNZ,2,3
201109,SZG,1,1
201109,SZG,1,2
201109,SZG,1,3
201109,SZG,2,1
201109,SZG,2,2
201109,SZG,2,3
201110,VIE,1,1
201110,VIE,1,2
201110,VIE,1,3
201110,VIE,2,1
201110,VIE,2,2
201110,VIE,2,3
201110,GRZ,1,1
201110,GRZ,1,2
201110,GRZ,2,1
201110,GRZ,2,2
201110,GRZ,2,3
201110,INN,1,1
201110,INN,1,2
201110,INN,2,1
201110,INN,2,2
201110,INN,2,3
201110,KLU,1,1
201110,KLU,1,2
201110,KLU,2,1
201110,KLU,2,2
201110,KLU,2,3
201110,LNZ,1,1
201110,LNZ,1,2
201110,LNZ,1,3
201110,LNZ,2,1
201110,LNZ,2,2
201110,LNZ,2,3
201110,SZG,1,1
201110,SZG,1,2
201110,SZG,1,3
201110,SZG,2,1
201110,SZG,2,2
201110,SZG,2,3
201111,VIE,1,1
201111,VIE,1,2
201111,VIE,1,3
201111,VIE,2,1
201111,VIE,2,2
201111,VIE,2,3
201111,GRZ,1,1
201111,GRZ,1,2
201111,GRZ,1,3
201111,GRZ,2,1
201111,GRZ,2,2
201111,GRZ,2,3
201111,INN,1,1
201111,INN,1,2
201111,INN,2,1
201111,INN,2,2
201111,INN,2,3
201111,KLU,1,1
201111,KLU,1,2
201111,KLU,2,1
201111,KLU,2,2
201111,LNZ,1,1
201111,LNZ,1,2
201111,LNZ,1,3
201111,LNZ,2,1
201111,LNZ,2,2
201111,LNZ,2,3
201111,SZG,1,1
201111,SZG,1,2
201111,SZG,1,3
201111,SZG,2,1
201111,SZG,2,2
201111,SZG,2,3
201112,VIE,1,1
201112,VIE,1,2
201112,VIE,1,3
201112,VIE,2,1
201112,VIE,2,2
201112,VIE,2,3
201112,GRZ,1,1
201112,GRZ,1,2
201112,GRZ,1,3
201112,GRZ,2,1
201112,GRZ,2,2
201112,GRZ,2,3
201112,INN,1,1
201112,INN,1,2
201112,INN,2,1
201112,INN,2,2
201112,KLU,1,1
201112,KLU,1,2
201112,KLU,2,1
201112,KLU,2,2
201112,LNZ,1,1
201112,LNZ,1,2
201112,LNZ,1,3
201112,LNZ,2,1
201112,LNZ,2,2
201112,LNZ,2,3
201112,SZG,1,1
201112,SZG,1,2
201112,SZG,2,1
201112,SZG,2,2
201112,SZG,2,3
201201,VIE,1,1
201201,VIE,1,2
201201,VIE,1,3
201201,VIE,2,1
201201,VIE,2,2
201201,VIE,2,3
201201,GRZ,1,1
201201,GRZ,1,2
201201,GRZ,2,1
201201,GRZ,2,2
201201,GRZ,2,3
201201,INN,1,1
201201,INN,1,2
201201,INN,1,3
201201,INN,2,1
201201,INN,2,2
201201,KLU,1,1
201201,KLU,1,2
201201,KLU,2,1
201201,KLU,2,2
201201,LNZ,1,1
201201,LNZ,1,2
201201,LNZ,1,3
201201,LNZ,2,1
201201,LNZ,2,2
201201,LNZ,2,3
201201,SZG,1,1
201201,SZG,1,2
201201,SZG,2,1
201201,SZG,2,2
201201,SZG,2,3
201202,VIE,1,1
201202,VIE,1,2
201202,VIE,1,3
201202,VIE,2,1
201202,VIE,2,2
201202,VIE,2,3
201202,GRZ,1,1
201202,GRZ,1,2
201202,GRZ,2,1
201202,GRZ,2,2
201202,GRZ,2,3
201202,INN,1,1
201202,INN,1,2
201202,INN,2,1
201202,INN,2,2
201202,KLU,1,1
201202,KLU,1,2
201202,KLU,2,1
201202,KLU,2,2
201202,KLU,2,3
201202,LNZ,1,1
201202,LNZ,1,2
201202,LNZ,2,1
201202,LNZ,2,2
201202,LNZ,2,3
201202,SZG,1,1
201202,SZG,1,2
201202,SZG,2,1
201202,SZG,2,2
201202,SZG,2,3
201203,VIE,1,1
201203,VIE,1,2
201203,VIE,1,3
201203,VIE,2,1
201203,VIE,2,2
201203,VIE,2,3
201203,GRZ,1,1
201203,GRZ,1,2
201203,GRZ,1,3
201203,GRZ,2,1
201203,GRZ,2,2
201203,GRZ,2,3
201203,INN,1,1
201203,INN,1,2
201203,INN,2,1
201203,INN,2,2
201203,INN,2,3
201203,KLU,1,1
201203,KLU,1,2
201203,KLU,2,1
201203,KLU,2,2
201203,LNZ,1,1
201203,LNZ,1,2
201203,LNZ,2,1
201203,LNZ,2,2
201203,LNZ,2,3
201203,SZG,1,1
201203,SZG,1,2
201203,SZG,2,1
201203,SZG,2,2
201203,SZG,2,3
201204,VIE,1,1
201204,VIE,1,2
201204,VIE,1,3
201204,VIE,2,1
201204,VIE,2,2
201204,VIE,2,3
201204,GRZ,1,1
201204,GRZ,1,2
201204,GRZ,1,3
201204,GRZ,2,1
201204,GRZ,2,2
201204,GRZ,2,3
201204,INN,1,1
201204,INN,1,2
201204,INN,1,3
201204,INN,2,1
201204,INN,2,2
201204,INN,2,3
201204,KLU,1,1
201204,KLU,1,2
201204,KLU,2,1
201204,KLU,2,2
201204,KLU,2,3
201204,LNZ,1,1
201204,LNZ,1,2
201204,LNZ,2,1
201204,LNZ,2,2
201204,LNZ,2,3
201204,SZG,1,1
201204,SZG,1,2
201204,SZG,2,1
201204,SZG,2,2
201204,SZG,2,3
201205,VIE,1,1
201205,VIE,1,2
201205,VIE,1,3
201205,VIE,2,1
201205,VIE,2,2
201205,VIE,2,3
201205,GRZ,1,1
201205,GRZ,1,2
201205,GRZ,2,1
201205,GRZ,2,2
201205,GRZ,2,3
201205,INN,1,1
201205,INN,1,2
201205,INN,2,1
201205,INN,2,2
201205,INN,2,3
201205,KLU,1,1
201205,KLU,1,2
201205,KLU,2,1
201205,KLU,2,2
201205,KLU,2,3
201205,LNZ,1,1
201205,LNZ,1,2
201205,LNZ,1,3
201205,LNZ,2,1
201205,LNZ,2,2
201205,LNZ,2,3
201205,SZG,1,1
201205,SZG,1,2
201205,SZG,1,3
201205,SZG,2,1
201205,SZG,2,2
201205,SZG,2,3
201206,VIE,1,1
201206,VIE,1,2
201206,VIE,1,3
201206,VIE,2,1
201206,VIE,2,2
201206,VIE,2,3
201206,GRZ,1,1
201206,GRZ,1,2
201206,GRZ,1,3
201206,GRZ,2,1
201206,GRZ,2,2
201206,GRZ,2,3
201206,INN,1,1
201206,INN,1,2
201206,INN,1,3
201206,INN,2,1
201206,INN,2,2
201206,INN,2,3
201206,KLU,1,1
201206,KLU,1,2
201206,KLU,2,1
201206,KLU,2,2
201206,KLU,2,3
201206,LNZ,1,1
201206,LNZ,1,2
201206,LNZ,1,3
201206,LNZ,2,1
201206,LNZ,2,2
201206,LNZ,2,3
201206,SZG,1,1
201206,SZG,1,2
201206,SZG,1,3
201206,SZG,2,1
201206,SZG,2,2
201206,SZG,2,3
201207,VIE,1,1
201207,VIE,1,2
201207,VIE,1,3
201207,VIE,2,1
201207,VIE,2,2
201207,VIE,2,3
201207,GRZ,1,1
201207,GRZ,1,2
201207,GRZ,1,3
201207,GRZ,2,1
201207,GRZ,2,2
201207,GRZ,2,3
201207,INN,1,1
201207,INN,1,2
201207,INN,1,3
201207,INN,2,1
201207,INN,2,2
201207,INN,2,3
201207,KLU,1,1
201207,KLU,1,2
201207,KLU,2,1
201207,KLU,2,2
201207,KLU,2,3
201207,LNZ,1,1
201207,LNZ,1,2
201207,LNZ,2,1
201207,LNZ,2,2
201207,LNZ,2,3
201207,SZG,1,1
201207,SZG,1,2
201207,SZG,2,1
201207,SZG,2,2
201207,SZG,2,3
201208,VIE,1,1
201208,VIE,1,2
201208,VIE,1,3
201208,VIE,2,1
201208,VIE,2,2
201208,VIE,2,3
201208,GRZ,1,1
201208,GRZ,1,2
201208,GRZ,1,3
201208,GRZ,2,1
201208,GRZ,2,2
201208,GRZ,2,3
201208,INN,1,1
201208,INN,1,2
201208,INN,2,1
201208,INN,2,2
201208,INN,2,3
201208,KLU,1,1
201208,KLU,1,2
201208,KLU,2,1
201208,KLU,2,2
201208,KLU,2,3
201208,LNZ,1,1
201208,LNZ,1,2
201208,LNZ,2,1
201208,LNZ,2,2
201208,LNZ,2,3
201208,SZG,1,1
201208,SZG,1,2
201208,SZG,2,1
201208,SZG,2,2
201208,SZG,2,3
201209,VIE,1,1
201209,VIE,1,2
201209,VIE,1,3
201209,VIE,2,1
201209,VIE,2,2
201209,VIE,2,3
201209,GRZ,1,1
201209,GRZ,1,2
201209,GRZ,2,1
201209,GRZ,2,2
201209,GRZ,2,3
201209,INN,1,1
201209,INN,1,2
201209,INN,1,3
201209,INN,2,1
201209,INN,2,2
201209,INN,2,3
201209,KLU,1,1
201209,KLU,1,2
201209,KLU,2,1
201209,KLU,2,2
201209,KLU,2,3
201209,LNZ,1,1
201209,LNZ,1,2
201209,LNZ,2,1
201209,LNZ,2,2
201209,LNZ,2,3
201209,SZG,1,1
201209,SZG,1,2
201209,SZG,2,1
201209,SZG,2,2
201209,SZG,2,3
201210,VIE,1,1
201210,VIE,1,2
201210,VIE,1,3
201210,VIE,2,1
201210,VIE,2,2
201210,VIE,2,3
201210,GRZ,1,1
201210,GRZ,1,2
201210,GRZ,2,1
201210,GRZ,2,2
201210,GRZ,2,3
201210,INN,1,1
201210,INN,1,2
201210,INN,2,1
201210,INN,2,2
201210,INN,2,3
201210,KLU,1,1
201210,KLU,1,2
201210,KLU,2,1
201210,KLU,2,2
201210,KLU,2,3
201210,LNZ,1,1
201210,LNZ,1,2
201210,LNZ,1,3
201210,LNZ,2,1
201210,LNZ,2,2
201210,LNZ,2,3
201210,SZG,1,1
201210,SZG,1,2
201210,SZG,2,1
201210,SZG,2,2
201210,SZG,2,3
201211,VIE,1,1
201211,VIE,1,2
201211,VIE,1,3
201211,VIE,2,1
201211,VIE,2,2
201211,VIE,2,3
201211,GRZ,1,1
201211,GRZ,1,2
201211,GRZ,2,1
201211,GRZ,2,2
201211,GRZ,2,3
201211,INN,1,1
201211,INN,1,2
201211,INN,1,3
201211,INN,2,1
201211,INN,2,2
201211,KLU,1,1
201211,KLU,1,2
201211,KLU,2,1
201211,KLU,2,2
201211,KLU,2,3
201211,LNZ,1,1
201211,LNZ,1,2
201211,LNZ,2,1
201211,LNZ,2,2
201211,LNZ,2,3
201211,SZG,1,1
201211,SZG,1,2
201211,SZG,2,1
201211,SZG,2,2
201211,SZG,2,3
201212,VIE,1,1
201212,VIE,1,2
201212,VIE,1,3
201212,VIE,2,1
201212,VIE,2,2
201212,VIE,2,3
201212,GRZ,1,1
201212,GRZ,1,2
201212,GRZ,1,3
201212,GRZ,2,1
201212,GRZ,2,2
201212,INN,1,1
201212,INN,1,2
201212,INN,2,1
201212,INN,2,2
201212,KLU,1,1
201212,KLU,1,2
201212,KLU,2,1
201212,KLU,2,2
201212,LNZ,1,1
201212,LNZ,1,2
201212,LNZ,1,3
201212,LNZ,2,1
201212,LNZ,2,2
201212,LNZ,2,3
201212,SZG,1,1
201212,SZG,1,2
201212,SZG,1,3
201212,SZG,2,1
201212,SZG,2,2
201301,VIE,1,1
201301,VIE,1,2
201301,VIE,1,3
201301,VIE,2,1
201301,VIE,2,2
201301,VIE,2,3
201301,GRZ,1,1
201301,GRZ,1,2
201301,GRZ,1,3
201301,GRZ,2,1
201301,GRZ,2,2
201301,INN,1,1
201301,INN,1,2
201301,INN,2,1
201301,INN,2,2
201301,KLU,1,1
201301,KLU,1,2
201301,KLU,2,1
201301,KLU,2,2
201301,LNZ,1,1
201301,LNZ,1,2
201301,LNZ,2,1
201301,LNZ,2,2
201301,LNZ,2,3
201301,SZG,1,1
201301,SZG,1,2
201301,SZG,1,3
201301,SZG,2,1
201301,SZG,2,2
201301,SZG,2,3
201302,VIE,1,1
201302,VIE,1,2
201302,VIE,1,3
201302,VIE,2,1
201302,VIE,2,2
201302,VIE,2,3
201302,GRZ,1,1
201302,GRZ,1,2
201302,GRZ,2,1
201302,GRZ,2,2
201302,INN,1,1
201302,INN,1,2
201302,INN,2,1
201302,INN,2,2
201302,KLU,1,1
201302,KLU,1,2
201302,KLU,2,1
201302,KLU,2,2
201302,LNZ,1,1
201302,LNZ,1,2
201302,LNZ,2,1
201302,LNZ,2,2
201302,LNZ,2,3
201302,SZG,1,1
201302,SZG,1,2
201302,SZG,2,1
201302,SZG,2,2
201302,SZG,2,3
201303,VIE,1,1
201303,VIE,1,2
201303,VIE,1,3
201303,VIE,2,1
201303,VIE,2,2
201303,VIE,2,3
201303,GRZ,1,1
201303,GRZ,1,2
201303,GRZ,1,3
201303,GRZ,2,1
201303,GRZ,2,2
201303,GRZ,2,3
201303,INN,1,1
201303,INN,1,2
201303,INN,1,3
201303,INN,2,1
201303,INN,2,2
201303,INN,2,3
201303,KLU,1,1
201303,KLU,1,2
201303,KLU,2,1
201303,KLU,2,2
201303,KLU,2,3
201303,LNZ,1,1
201303,LNZ,1,2
201303,LNZ,2,1
201303,LNZ,2,2
201303,LNZ,2,3
201303,SZG,1,1
201303,SZG,1,2
201303,SZG,2,1
201303,SZG,2,2
201303,SZG,2,3
201304,VIE,1,1
201304,VIE,1,2
201304,VIE,1,3
201304,VIE,2,1
201304,VIE,2,2
201304,VIE,2,3
201304,GRZ,1,1
201304,GRZ,1,2
201304,GRZ,1,3
201304,GRZ,2,1
201304,GRZ,2,2
201304,GRZ,2,3
201304,INN,1,1
201304,INN,1,2
201304,INN,1,3
201304,INN,2,1
201304,INN,2,2
201304,KLU,1,1
201304,KLU,1,2
201304,KLU,2,1
201304,KLU,2,2
201304,KLU,2,3
201304,LNZ,1,1
201304,LNZ,1,2
201304,LNZ,1,3
201304,LNZ,2,1
201304,LNZ,2,2
201304,LNZ,2,3
201304,SZG,1,1
201304,SZG,1,2
201304,SZG,1,3
201304,SZG,2,1
201304,SZG,2,2
201304,SZG,2,3
201305,VIE,1,1
201305,VIE,1,2
201305,VIE,1,3
201305,VIE,2,1
201305,VIE,2,2
201305,VIE,2,3
201305,GRZ,1,1
201305,GRZ,1,2
201305,GRZ,1,3
201305,GRZ,2,1
201305,GRZ,2,2
201305,GRZ,2,3
201305,INN,1,1
201305,INN,1,2
201305,INN,2,1
201305,INN,2,2
201305,INN,2,3
201305,KLU,1,1
201305,KLU,1,2
201305,KLU,2,1
201305,KLU,2,2
201305,KLU,2,3
201305,LNZ,1,1
201305,LNZ,1,2
201305,LNZ,2,1
201305,LNZ,2,2
201305,LNZ,2,3
201305,SZG,1,1
201305,SZG,1,2
201305,SZG,1,3
201305,SZG,2,1
201305,SZG,2,2
201305,SZG,2,3
201306,VIE,1,1
201306,VIE,1,2
201306,VIE,1,3
201306,VIE,2,1
201306,VIE,2,2
201306,VIE,2,3
201306,GRZ,1,1
201306,GRZ,1,2
201306,GRZ,2,1
201306,GRZ,2,2
201306,GRZ,2,3
201306,INN,1,1
201306,INN,1,2
201306,INN,1,3
201306,INN,2,1
201306,INN,2,2
201306,INN,2,3
201306,KLU,1,1
201306,KLU,1,2
201306,KLU,2,1
201306,KLU,2,2
201306,KLU,2,3
201306,LNZ,1,1
201306,LNZ,1,2
201306,LNZ,2,1
201306,LNZ,2,2
201306,LNZ,2,3
201306,SZG,1,1
201306,SZG,1,2
201306,SZG,1,3
201306,SZG,2,1
201306,SZG,2,2
201306,SZG,2,3
201307,VIE,1,1
201307,VIE,1,2
201307,VIE,1,3
201307,VIE,2,1
201307,VIE,2,2
201307,VIE,2,3
201307,GRZ,1,1
201307,GRZ,1,2
201307,GRZ,2,1
201307,GRZ,2,2
201307,GRZ,2,3
201307,INN,1,1
201307,INN,1,2
201307,INN,1,3
201307,INN,2,1
201307,INN,2,2
201307,INN,2,3
201307,KLU,1,1
201307,KLU,1,2
201307,KLU,2,1
201307,KLU,2,2
201307,KLU,2,3
201307,LNZ,1,1
201307,LNZ,1,2
201307,LNZ,2,1
201307,LNZ,2,2
201307,LNZ,2,3
201307,SZG,1,1
201307,SZG,1,2
201307,SZG,1,3
201307,SZG,2,1
201307,SZG,2,2
201307,SZG,2,3
201308,VIE,1,1
201308,VIE,1,2
201308,VIE,1,3
201308,VIE,2,1
201308,VIE,2,2
201308,VIE,2,3
201308,GRZ,1,1
201308,GRZ,1,2
201308,GRZ,2,1
201308,GRZ,2,2
201308,GRZ,2,3
201308,INN,1,1
201308,INN,1,2
201308,INN,1,3
201308,INN,2,1
201308,INN,2,2
201308,INN,2,3
201308,KLU,1,1
201308,KLU,1,2
201308,KLU,2,1
201308,KLU,2,2
201308,KLU,2,3
201308,LNZ,1,1
201308,LNZ,1,2
201308,LNZ,2,1
201308,LNZ,2,2
201308,LNZ,2,3
201308,SZG,1,1
201308,SZG,1,2
201308,SZG,1,3
201308,SZG,2,1
201308,SZG,2,2
201308,SZG,2,3
201309,VIE,1,1
201309,VIE,1,2
201309,VIE,1,3
201309,VIE,2,1
201309,VIE,2,2
201309,VIE,2,3
201309,GRZ,1,1
201309,GRZ,1,2
201309,GRZ,2,1
201309,GRZ,2,2
201309,GRZ,2,3
201309,INN,1,1
201309,INN,1,2
201309,INN,2,1
201309,INN,2,2
201309,INN,2,3
201309,KLU,1,1
201309,KLU,1,2
201309,KLU,2,1
201309,KLU,2,2
201309,LNZ,1,1
201309,LNZ,1,2
201309,LNZ,2,1
201309,LNZ,2,2
201309,LNZ,2,3
201309,SZG,1,1
201309,SZG,1,2
201309,SZG,2,1
201309,SZG,2,2
201309,SZG,2,3
201310,VIE,1,1
201310,VIE,1,2
201310,VIE,1,3
201310,VIE,2,1
201310,VIE,2,2
201310,VIE,2,3
201310,GRZ,1,1
201310,GRZ,1,2
201310,GRZ,2,1
201310,GRZ,2,2
201310,GRZ,2,3
201310,INN,1,1
201310,INN,1,2
201310,INN,2,1
201310,INN,2,2
201310,INN,2,3
201310,KLU,1,1
201310,KLU,1,2
201310,KLU,2,1
201310,KLU,2,2
201310,LNZ,1,1
201310,LNZ,1,2
201310,LNZ,2,1
201310,LNZ,2,2
201310,LNZ,2,3
201310,SZG,1,1
201310,SZG,1,2
201310,SZG,1,3
201310,SZG,2,1
201310,SZG,2,2
201310,SZG,2,3
201311,VIE,1,1
201311,VIE,1,2
201311,VIE,1,3
201311,VIE,2,1
201311,VIE,2,2
201311,VIE,2,3
201311,GRZ,1,1
201311,GRZ,1,2
201311,GRZ,1,3
201311,GRZ,2,1
201311,GRZ,2,2
201311,GRZ,2,3
201311,INN,1,1
201311,INN,1,2
201311,INN,2,1
201311,INN,2,2
201311,KLU,1,1
201311,KLU,1,2
201311,KLU,2,1
201311,KLU,2,2
201311,LNZ,1,1
201311,LNZ,1,2
201311,LNZ,2,1
201311,LNZ,2,2
201311,LNZ,2,3
201311,SZG,1,1
201311,SZG,1,2
201311,SZG,2,1
201311,SZG,2,2
201311,SZG,2,3
201312,VIE,1,1
201312,VIE,1,2
201312,VIE,1,3
201312,VIE,2,1
201312,VIE,2,2
201312,VIE,2,3
201312,GRZ,1,1
201312,GRZ,1,2
201312,GRZ,2,1
201312,GRZ,2,2
201312,GRZ,2,3
201312,INN,1,1
201312,INN,1,2
201312,INN,2,1
201312,INN,2,2
201312,KLU,1,1
201312,KLU,1,2
201312,KLU,2,1
201312,KLU,2,2
201312,LNZ,1,1
201312,LNZ,1,2
201312,LNZ,2,1
201312,LNZ,2,2
201312,LNZ,2,3
201312,SZG,1,1
201312,SZG,1,2
201312,SZG,1,3
201312,SZG,2,1
201312,SZG,2,2
201401,VIE,1,1
201401,VIE,1,2
201401,VIE,1,3
201401,VIE,2,1
201401,VIE,2,2
201401,VIE,2,3
201401,GRZ,1,1
201401,GRZ,1,2
201401,GRZ,2,1
201401,GRZ,2,2
201401,INN,1,1
201401,INN,1,2
201401,INN,2,1
201401,INN,2,2
201401,KLU,1,1
201401,KLU,1,2
201401,KLU,2,1
201401,KLU,2,2
201401,LNZ,1,1
201401,LNZ,1,2
201401,LNZ,2,1
201401,LNZ,2,2
201401,LNZ,2,3
201401,SZG,1,1
201401,SZG,1,2
201401,SZG,2,1
201401,SZG,2,2
201402,VIE,1,1
201402,VIE,1,2
201402,VIE,1,3
201402,VIE,2,1
201402,VIE,2,2
201402,VIE,2,3
201402,GRZ,1,1
201402,GRZ,1,2
201402,GRZ,2,1
201402,GRZ,2,2
201402,GRZ,2,3
201402,INN,1,1
201402,INN,1,2
201402,INN,2,1
201402,INN,2,2
201402,INN,2,3
201402,KLU,1,1
201402,KLU,1,2
201402,KLU,2,1
201402,KLU,2,2
201402,LNZ,1,1
201402,LNZ,1,2
201402,LNZ,2,1
201402,LNZ,2,2
201402,LNZ,2,3
201402,SZG,1,1
201402,SZG,1,2
201402,SZG,1,3
201402,SZG,2,1
201402,SZG,2,2
201402,SZG,2,3
201403,VIE,1,1
201403,VIE,1,2
201403,VIE,1,3
201403,VIE,2,1
201403,VIE,2,2
201403,VIE,2,3
201403,GRZ,1,1
201403,GRZ,1,2
201403,GRZ,2,1
201403,GRZ,2,2
201403,GRZ,2,3
201403,INN,1,1
201403,INN,1,2
201403,INN,2,1
201403,INN,2,2
201403,INN,2,3
201403,KLU,1,1
201403,KLU,1,2
201403,KLU,2,1
201403,KLU,2,2
201403,LNZ,1,1
201403,LNZ,1,2
201403,LNZ,2,1
201403,LNZ,2,2
201403,LNZ,2,3
201403,SZG,1,1
201403,SZG,1,2
201403,SZG,2,1
201403,SZG,2,2
201403,SZG,2,3
201404,VIE,1,1
201404,VIE,1,2
201404,VIE,1,3
201404,VIE,2,1
201404,VIE,2,2
201404,VIE,2,3
201404,GRZ,1,1
201404,GRZ,1,2
201404,GRZ,1,3
201404,GRZ,2,1
201404,GRZ,2,2
201404,GRZ,2,3
201404,INN,1,1
201404,INN,1,2
201404,INN,1,3
201404,INN,2,1
201404,INN,2,2
201404,INN,2,3
201404,KLU,1,1
201404,KLU,1,2
201404,KLU,2,1
201404,KLU,2,2
201404,LNZ,1,1
201404,LNZ,1,2
201404,LNZ,2,1
201404,LNZ,2,2
201404,LNZ,2,3
201404,SZG,1,1
201404,SZG,1,2
201404,SZG,2,1
201404,SZG,2,2
201404,SZG,2,3
201405,VIE,1,1
201405,VIE,1,2
201405,VIE,1,3
201405,VIE,2,1
201405,VIE,2,2
201405,VIE,2,3
201405,GRZ,1,1
201405,GRZ,1,2
201405,GRZ,2,1
201405,GRZ,2,2
201405,GRZ,2,3
201405,INN,1,1
201405,INN,1,2
201405,INN,1,3
201405,INN,2,1
201405,INN,2,2
201405,INN,2,3
201405,KLU,1,1
201405,KLU,1,2
201405,KLU,2,1
201405,KLU,2,2
201405,KLU,2,3
201405,LNZ,1,1
201405,LNZ,1,2
201405,LNZ,1,3
201405,LNZ,2,1
201405,LNZ,2,2
201405,LNZ,2,3
201405,SZG,1,1
201405,SZG,1,2
201405,SZG,1,3
201405,SZG,2,1
201405,SZG,2,2
201405,SZG,2,3
201406,VIE,1,1
201406,VIE,1,2
201406,VIE,1,3
201406,VIE,2,1
201406,VIE,2,2
201406,VIE,2,3
201406,GRZ,1,1
201406,GRZ,1,2
201406,GRZ,2,1
201406,GRZ,2,2
201406,GRZ,2,3
201406,INN,1,1
201406,INN,1,2
201406,INN,1,3
201406,INN,2,1
201406,INN,2,2
201406,INN,2,3
201406,KLU,1,1
201406,KLU,1,2
201406,KLU,2,1
201406,KLU,2,2
201406,KLU,2,3
201406,LNZ,1,1
201406,LNZ,1,2
201406,LNZ,2,1
201406,LNZ,2,2
201406,LNZ,2,3
201406,SZG,1,1
201406,SZG,1,2
201406,SZG,1,3
201406,SZG,2,1
201406,SZG,2,2
201406,SZG,2,3
201407,VIE,1,1
201407,VIE,1,2
201407,VIE,1,3
201407,VIE,2,1
201407,VIE,2,2
201407,VIE,2,3
201407,GRZ,1,1
201407,GRZ,1,2
201407,GRZ,2,1
201407,GRZ,2,2
201407,GRZ,2,3
201407,INN,1,1
201407,INN,1,2
201407,INN,1,3
201407,INN,2,1
201407,INN,2,2
201407,INN,2,3
201407,KLU,1,1
201407,KLU,1,2
201407,KLU,2,1
201407,KLU,2,2
201407,KLU,2,3
201407,LNZ,1,1
201407,LNZ,1,2
201407,LNZ,1,3
201407,LNZ,2,1
201407,LNZ,2,2
201407,LNZ,2,3
201407,SZG,1,1
201407,SZG,1,2
201407,SZG,1,3
201407,SZG,2,1
201407,SZG,2,2
201407,SZG,2,3
201408,VIE,1,1
201408,VIE,1,2
201408,VIE,1,3
201408,VIE,2,1
201408,VIE,2,2
201408,VIE,2,3
201408,GRZ,1,1
201408,GRZ,1,2
201408,GRZ,2,1
201408,GRZ,2,2
201408,GRZ,2,3
201408,INN,1,1
201408,INN,1,2
201408,INN,1,3
201408,INN,2,1
201408,INN,2,2
201408,INN,2,3
201408,KLU,1,1
201408,KLU,1,2
201408,KLU,2,1
201408,KLU,2,2
201408,KLU,2,3
201408,LNZ,1,1
201408,LNZ,1,2
201408,LNZ,1,3
201408,LNZ,2,1
201408,LNZ,2,2
201408,LNZ,2,3
201408,SZG,1,1
201408,SZG,1,2
201408,SZG,1,3
201408,SZG,2,1
201408,SZG,2,2
201408,SZG,2,3
201409,VIE,1,1
201409,VIE,1,2
201409,VIE,1,3
201409,VIE,2,1
201409,VIE,2,2
201409,VIE,2,3
201409,GRZ,1,1
201409,GRZ,1,2
201409,GRZ,1,3
201409,GRZ,2,1
201409,GRZ,2,2
201409,GRZ,2,3
201409,INN,1,1
201409,INN,1,2
201409,INN,2,1
201409,INN,2,2
201409,INN,2,3
201409,KLU,1,1
201409,KLU,1,2
201409,KLU,2,1
201409,KLU,2,2
201409,KLU,2,3
201409,LNZ,1,1
201409,LNZ,1,2
201409,LNZ,1,3
201409,LNZ,2,1
201409,LNZ,2,2
201409,LNZ,2,3
201409,SZG,1,1
201409,SZG,1,2
201409,SZG,1,3
201409,SZG,2,1
201409,SZG,2,2
201409,SZG,2,3
201410,VIE,1,1
201410,VIE,1,2
201410,VIE,1,3
201410,VIE,2,1
201410,VIE,2,2
201410,VIE,2,3
201410,GRZ,1,1
201410,GRZ,1,2
201410,GRZ,2,1
201410,GRZ,2,2
201410,GRZ,2,3
201410,INN,1,1
201410,INN,1,2
201410,INN,2,1
201410,INN,2,2
201410,INN,2,3
201410,KLU,1,1
201410,KLU,1,2
201410,KLU,2,1
201410,KLU,2,2
201410,KLU,2,3
201410,LNZ,1,1
201410,LNZ,1,2
201410,LNZ,2,1
201410,LNZ,2,2
201410,LNZ,2,3
201410,SZG,1,1
201410,SZG,1,2
201410,SZG,1,3
201410,SZG,2,1
201410,SZG,2,2
201410,SZG,2,3
201411,VIE,1,1
201411,VIE,1,2
201411,VIE,1,3
201411,VIE,2,1
201411,VIE,2,2
201411,VIE,2,3
201411,GRZ,1,1
201411,GRZ,1,2
201411,GRZ,2,1
201411,GRZ,2,2
201411,INN,1,1
201411,INN,1,2
201411,INN,1,3
201411,INN,2,1
201411,INN,2,2
201411,KLU,1,1
201411,KLU,1,2
201411,KLU,2,1
201411,KLU,2,2
201411,LNZ,1,1
201411,LNZ,1,2
201411,LNZ,2,1
201411,LNZ,2,2
201411,LNZ,2,3
201411,SZG,1,1
201411,SZG,1,2
201411,SZG,1,3
201411,SZG,2,1
201411,SZG,2,2
201412,VIE,1,1
201412,VIE,1,2
201412,VIE,1,3
201412,VIE,2,1
201412,VIE,2,2
201412,VIE,2,3
201412,GRZ,1,1
201412,GRZ,1,2
201412,GRZ,2,1
201412,GRZ,2,2
201412,GRZ,2,3
201412,INN,1,1
201412,INN,1,2
201412,INN,2,1
201412,INN,2,2
201412,KLU,1,1
201412,KLU,1,2
201412,KLU,2,1
201412,KLU,2,2
201412,LNZ,1,1
201412,LNZ,1,2
201412,LNZ,2,1
201412,LNZ,2,2
201412,LNZ,2,3
201412,SZG,1,1
201412,SZG,1,2
201412,SZG,1,3
201412,SZG,2,1
201412,SZG,2,2
201412,SZG,2,3
201501,VIE,1,1
201501,VIE,1,2
201501,VIE,1,3
201501,VIE,2,1
201501,VIE,2,2
201501,VIE,2,3
201501,GRZ,1,1
201501,GRZ,1,2
201501,GRZ,2,1
201501,GRZ,2,2
201501,GRZ,2,3
201501,INN,1,1
201501,INN,1,2
201501,INN,2,1
201501,INN,2,2
201501,KLU,1,1
201501,KLU,1,2
201501,KLU,2,1
201501,KLU,2,2
201501,LNZ,1,1
201501,LNZ,1,2
201501,LNZ,2,1
201501,LNZ,2,2
201501,LNZ,2,3
201501,SZG,1,1
201501,SZG,1,2
201501,SZG,1,3
201501,SZG,2,1
201501,SZG,2,2
201501,SZG,2,3
201502,VIE,1,1
201502,VIE,1,2
201502,VIE,1,3
201502,VIE,2,1
201502,VIE,2,2
201502,VIE,2,3
201502,GRZ,1,1
201502,GRZ,1,2
201502,GRZ,1,3
201502,GRZ,2,1
201502,GRZ,2,2
201502,INN,1,1
201502,INN,1,2
201502,INN,2,1
201502,INN,2,2
201502,KLU,1,1
201502,KLU,1,2
201502,KLU,2,1
201502,KLU,2,2
201502,LNZ,1,1
201502,LNZ,1,2
201502,LNZ,1,3
201502,LNZ,2,1
201502,LNZ,2,2
201502,LNZ,2,3
201502,SZG,1,1
201502,SZG,1,2
201502,SZG,1,3
201502,SZG,2,1
201502,SZG,2,2
201502,SZG,2,3
201503,VIE,1,1
201503,VIE,1,2
201503,VIE,1,3
201503,VIE,2,1
201503,VIE,2,2
201503,VIE,2,3
201503,GRZ,1,1
201503,GRZ,1,2
201503,GRZ,2,1
201503,GRZ,2,2
201503,GRZ,2,3
201503,INN,1,1
201503,INN,1,2
201503,INN,2,1
201503,INN,2,2
201503,KLU,1,1
201503,KLU,1,2
201503,KLU,2,1
201503,KLU,2,2
201503,KLU,2,3
201503,LNZ,1,1
201503,LNZ,1,2
201503,LNZ,2,1
201503,LNZ,2,2
201503,LNZ,2,3
201503,SZG,1,1
201503,SZG,1,2
201503,SZG,1,3
201503,SZG,2,1
201503,SZG,2,2
201503,SZG,2,3
201504,VIE,1,1
201504,VIE,1,2
201504,VIE,1,3
201504,VIE,2,1
201504,VIE,2,2
201504,VIE,2,3
201504,GRZ,1,1
201504,GRZ,1,2
201504,GRZ,1,3
201504,GRZ,2,1
201504,GRZ,2,2
201504,GRZ,2,3
201504,INN,1,1
201504,INN,1,2
201504,INN,1,3
201504,INN,2,1
201504,INN,2,2
201504,INN,2,3
201504,KLU,1,1
201504,KLU,1,2
201504,KLU,2,1
201504,KLU,2,2
201504,KLU,2,3
201504,LNZ,1,1
201504,LNZ,1,2
201504,LNZ,2,1
201504,LNZ,2,2
201504,LNZ,2,3
201504,SZG,1,1
201504,SZG,1,2
201504,SZG,1,3
201504,SZG,2,1
201504,SZG,2,2
201504,SZG,2,3
201505,VIE,1,1
201505,VIE,1,2
201505,VIE,1,3
201505,VIE,2,1
201505,VIE,2,2
201505,VIE,2,3
201505,GRZ,1,1
201505,GRZ,1,2
201505,GRZ,2,1
201505,GRZ,2,2
201505,GRZ,2,3
201505,INN,1,1
201505,INN,1,2
201505,INN,1,3
201505,INN,2,1
201505,INN,2,2
201505,INN,2,3
201505,KLU,1,1
201505,KLU,1,2
201505,KLU,2,1
201505,KLU,2,2
201505,LNZ,1,1
201505,LNZ,1,2
201505,LNZ,1,3
201505,LNZ,2,1
201505,LNZ,2,2
201505,LNZ,2,3
201505,SZG,1,1
201505,SZG,1,2
201505,SZG,1,3
201505,SZG,2,1
201505,SZG,2,2
201505,SZG,2,3
201506,VIE,1,1
201506,VIE,1,2
201506,VIE,1,3
201506,VIE,2,1
201506,VIE,2,2
201506,VIE,2,3
201506,GRZ,1,1
201506,GRZ,1,2
201506,GRZ,1,3
201506,GRZ,2,1
201506,GRZ,2,2
201506,GRZ,2,3
201506,INN,1,1
201506,INN,1,2
201506,INN,1,3
201506,INN,2,1
201506,INN,2,2
201506,INN,2,3
201506,KLU,1,1
201506,KLU,1,2
201506,KLU,2,1
201506,KLU,2,2
201506,KLU,2,3
201506,LNZ,1,1
201506,LNZ,1,2
201506,LNZ,1,3
201506,LNZ,2,1
201506,LNZ,2,2
201506,LNZ,2,3
201506,SZG,1,1
201506,SZG,1,2
201506,SZG,1,3
201506,SZG,2,1
201506,SZG,2,2
201506,SZG,2,3
201507,VIE,1,1
201507,VIE,1,2
201507,VIE,1,3
201507,VIE,2,1
201507,VIE,2,2
201507,VIE,2,3
201507,GRZ,1,1
201507,GRZ,1,2
201507,GRZ,1,3
201507,GRZ,2,1
201507,GRZ,2,2
201507,GRZ,2,3
201507,INN,1,1
201507,INN,1,2
201507,INN,1,3
201507,INN,2,1
201507,INN,2,2
201507,INN,2,3
201507,KLU,1,1
201507,KLU,1,2
201507,KLU,2,1
201507,KLU,2,2
201507,KLU,2,3
201507,LNZ,1,1
201507,LNZ,1,2
201507,LNZ,2,1
201507,LNZ,2,2
201507,LNZ,2,3
201507,SZG,1,1
201507,SZG,1,2
201507,SZG,1,3
201507,SZG,2,1
201507,SZG,2,2
201507,SZG,2,3
201508,VIE,1,1
201508,VIE,1,2
201508,VIE,1,3
201508,VIE,2,1
201508,VIE,2,2
201508,VIE,2,3
201508,GRZ,1,1
201508,GRZ,1,2
201508,GRZ,2,1
201508,GRZ,2,2
201508,GRZ,2,3
201508,INN,1,1
201508,INN,1,2
201508,INN,1,3
201508,INN,2,1
201508,INN,2,2
201508,INN,2,3
201508,KLU,1,1
201508,KLU,1,2
201508,KLU,2,1
201508,KLU,2,2
201508,KLU,2,3
201508,LNZ,1,1
201508,LNZ,1,2
201508,LNZ,1,3
201508,LNZ,2,1
201508,LNZ,2,2
201508,LNZ,2,3
201508,SZG,1,1
201508,SZG,1,2
201508,SZG,1,3
201508,SZG,2,1
201508,SZG,2,2
201508,SZG,2,3
201509,VIE,1,1
201509,VIE,1,2
201509,VIE,1,3
201509,VIE,2,1
201509,VIE,2,2
201509,VIE,2,3
201509,GRZ,1,1
201509,GRZ,1,2
201509,GRZ,2,1
201509,GRZ,2,2
201509,GRZ,2,3
201509,INN,1,1
201509,INN,1,2
201509,INN,1,3
201509,INN,2,1
201509,INN,2,2
201509,INN,2,3
201509,KLU,1,1
201509,KLU,1,2
201509,KLU,2,1
201509,KLU,2,2
201509,KLU,2,3
201509,LNZ,1,1
201509,LNZ,1,2
201509,LNZ,2,1
201509,LNZ,2,2
201509,LNZ,2,3
201509,SZG,1,1
201509,SZG,1,2
201509,SZG,1,3
201509,SZG,2,1
201509,SZG,2,2
201509,SZG,2,3
201510,VIE,1,1
201510,VIE,1,2
201510,VIE,1,3
201510,VIE,2,1
201510,VIE,2,2
201510,VIE,2,3
201510,GRZ,1,1
201510,GRZ,1,2
201510,GRZ,2,1
201510,GRZ,2,2
201510,GRZ,2,3
201510,INN,1,1
201510,INN,1,2
201510,INN,1,3
201510,INN,2,1
201510,INN,2,2
201510,INN,2,3
201510,KLU,1,1
201510,KLU,1,2
201510,KLU,2,1
201510,KLU,2,2
201510,KLU,2,3
201510,LNZ,1,1
201510,LNZ,1,2
201510,LNZ,1,3
201510,LNZ,2,1
201510,LNZ,2,2
201510,LNZ,2,3
201510,SZG,1,1
201510,SZG,1,2
201510,SZG,1,3
201510,SZG,2,1
201510,SZG,2,2
201510,SZG,2,3
201511,VIE,1,1
201511,VIE,1,2
201511,VIE,1,3
201511,VIE,2,1
201511,VIE,2,2
201511,VIE,2,3
201511,GRZ,1,1
201511,GRZ,1,2
201511,GRZ,1,3
201511,GRZ,2,1
201511,GRZ,2,2
201511,GRZ,2,3
201511,INN,1,1
201511,INN,1,2
201511,INN,1,3
201511,INN,2,1
201511,INN,2,2
201511,KLU,1,1
201511,KLU,1,2
201511,KLU,2,1
201511,KLU,2,2
201511,LNZ,1,1
201511,LNZ,1,2
201511,LNZ,1,3
201511,LNZ,2,1
201511,LNZ,2,2
201511,LNZ,2,3
201511,SZG,1,1
201511,SZG,1,2
201511,SZG,1,3
201511,SZG,2,1
201511,SZG,2,2
201511,SZG,2,3
201512,VIE,1,1
201512,VIE,1,2
201512,VIE,1,3
201512,VIE,2,1
201512,VIE,2,2
201512,VIE,2,3
201512,GRZ,1,1
201512,GRZ,1,2
201512,GRZ,1,3
201512,GRZ,2,1
201512,GRZ,2,2
201512,GRZ,2,3
201512,INN,1,1
201512,INN,1,2
201512,INN,2,1
201512,INN,2,2
201512,KLU,1,1
201512,KLU,1,2
201512,KLU,2,1
201512,KLU,2,2
201512,LNZ,1,1
201512,LNZ,1,2
201512,LNZ,2,1
201512,LNZ,2,2
201512,LNZ,2,3
201512,SZG,1,1
201512,SZG,1,2
201512,SZG,2,1
201512,SZG,2,2
201512,SZG,2,3
201601,VIE,1,1
201601,VIE,1,2
201601,VIE,1,3
201601,VIE,2,1
201601,VIE,2,2
201601,VIE,2,3
201601,GRZ,1,1
201601,GRZ,1,2
201601,GRZ,2,1
201601,GRZ,2,2
201601,GRZ,2,3
201601,INN,1,1
201601,INN,1,2
201601,INN,2,1
201601,INN,2,2
201601,KLU,1,1
201601,KLU,1,2
201601,KLU,2,1
201601,KLU,2,2
201601,KLU,2,3
201601,LNZ,1,1
201601,LNZ,1,2
201601,LNZ,1,3
201601,LNZ,2,1
201601,LNZ,2,2
201601,LNZ,2,3
201601,SZG,1,1
201601,SZG,1,2
201601,SZG,2,1
201601,SZG,2,2
201601,SZG,2,3
201602,VIE,1,1
201602,VIE,1,2
201602,VIE,1,3
201602,VIE,2,1
201602,VIE,2,2
201602,VIE,2,3
201602,GRZ,1,1
201602,GRZ,1,2
201602,GRZ,2,1
201602,GRZ,2,2
201602,GRZ,2,3
201602,INN,1,1
201602,INN,1,2
201602,INN,2,1
201602,INN,2,2
201602,KLU,1,1
201602,KLU,1,2
201602,KLU,2,1
201602,KLU,2,2
201602,LNZ,1,1
201602,LNZ,1,2
201602,LNZ,2,1
201602,LNZ,2,2
201602,LNZ,2,3
201602,SZG,1,1
201602,SZG,1,2
201602,SZG,2,1
201602,SZG,2,2
201602,SZG,2,3
201603,VIE,1,1
201603,VIE,1,2
201603,VIE,1,3
201603,VIE,2,1
201603,VIE,2,2
201603,VIE,2,3
201603,GRZ,1,1
201603,GRZ,1,2
201603,GRZ,2,1
201603,GRZ,2,2
201603,GRZ,2,3
201603,INN,1,1
201603,INN,1,2
201603,INN,2,1
201603,INN,2,2
201603,INN,2,3
201603,KLU,1,1
201603,KLU,1,2
201603,KLU,2,1
201603,KLU,2,2
201603,LNZ,1,1
201603,LNZ,1,2
201603,LNZ,2,1
201603,LNZ,2,2
201603,LNZ,2,3
201603,SZG,1,1
201603,SZG,1,2
201603,SZG,2,1
201603,SZG,2,2
201604,VIE,1,1
201604,VIE,1,2
201604,VIE,1,3
201604,VIE,2,1
201604,VIE,2,2
201604,VIE,2,3
201604,GRZ,1,1
201604,GRZ,1,2
201604,GRZ,1,3
201604,GRZ,2,1
201604,GRZ,2,2
201604,GRZ,2,3
201604,INN,1,1
201604,INN,1,2
201604,INN,1,3
201604,INN,2,1
201604,INN,2,2
201604,INN,2,3
201604,KLU,1,1
201604,KLU,1,2
201604,KLU,2,1
201604,KLU,2,2
201604,KLU,2,3
201604,LNZ,1,1
201604,LNZ,1,2
201604,LNZ,2,1
201604,LNZ,2,2
201604,LNZ,2,3
201604,SZG,1,1
201604,SZG,1,2
201604,SZG,1,3
201604,SZG,2,1
201604,SZG,2,2
201604,SZG,2,3
201605,VIE,1,1
201605,VIE,1,2
201605,VIE,1,3
201605,VIE,2,1
201605,VIE,2,2
201605,VIE,2,3
201605,GRZ,1,1
201605,GRZ,1,2
201605,GRZ,2,1
201605,GRZ,2,2
201605,GRZ,2,3
201605,INN,1,1
201605,INN,1,2
201605,INN,1,3
201605,INN,2,1
201605,INN,2,2
201605,INN,2,3
201605,KLU,1,1
201605,KLU,1,2
201605,KLU,2,1
201605,KLU,2,2
201605,KLU,2,3
201605,LNZ,1,1
201605,LNZ,1,2
201605,LNZ,1,3
201605,LNZ,2,1
201605,LNZ,2,2
201605,LNZ,2,3
201605,SZG,1,1
201605,SZG,1,2
201605,SZG,1,3
201605,SZG,2,1
201605,SZG,2,2
201605,SZG,2,3
201606,VIE,1,1
201606,VIE,1,2
201606,VIE,1,3
201606,VIE,2,1
201606,VIE,2,2
201606,VIE,2,3
201606,GRZ,1,1
201606,GRZ,1,2
201606,GRZ,1,3
201606,GRZ,2,1
201606,GRZ,2,2
201606,GRZ,2,3
201606,INN,1,1
201606,INN,1,2
201606,INN,2,1
201606,INN,2,2
201606,INN,2,3
201606,KLU,1,1
201606,KLU,1,2
201606,KLU,2,1
201606,KLU,2,2
201606,KLU,2,3
201606,LNZ,1,1
201606,LNZ,1,2
201606,LNZ,1,3
201606,LNZ,2,1
201606,LNZ,2,2
201606,LNZ,2,3
201606,SZG,1,1
201606,SZG,1,2
201606,SZG,1,3
201606,SZG,2,1
201606,SZG,2,2
201606,SZG,2,3
201607,VIE,1,1
201607,VIE,1,2
201607,VIE,1,3
201607,VIE,2,1
201607,VIE,2,2
201607,VIE,2,3
201607,GRZ,1,1
201607,GRZ,1,2
201607,GRZ,2,1
201607,GRZ,2,2
201607,GRZ,2,3
201607,INN,1,1
201607,INN,1,2
201607,INN,1,3
201607,INN,2,1
201607,INN,2,2
201607,INN,2,3
201607,KLU,1,1
201607,KLU,1,2
201607,KLU,2,1
201607,KLU,2,2
201607,KLU,2,3
201607,LNZ,1,1
201607,LNZ,1,2
201607,LNZ,1,3
201607,LNZ,2,1
201607,LNZ,2,2
201607,LNZ,2,3
201607,SZG,1,1
201607,SZG,1,2
201607,SZG,2,1
201607,SZG,2,2
201607,SZG,2,3
201608,VIE,1,1
201608,VIE,1,2
201608,VIE,1,3
201608,VIE,2,1
201608,VIE,2,2
201608,VIE,2,3
201608,GRZ,1,1
201608,GRZ,1,2
201608,GRZ,1,3
201608,GRZ,2,1
201608,GRZ,2,2
201608,GRZ,2,3
201608,INN,1,1
201608,INN,1,2
201608,INN,2,1
201608,INN,2,2
201608,INN,2,3
201608,KLU,1,1
201608,KLU,1,2
201608,KLU,2,1
201608,KLU,2,2
201608,KLU,2,3
201608,LNZ,1,1
201608,LNZ,1,2
201608,LNZ,1,3
201608,LNZ,2,1
201608,LNZ,2,2
201608,LNZ,2,3
201608,SZG,1,1
201608,SZG,1,2
201608,SZG,2,1
201608,SZG,2,2
201608,SZG,2,3
201609,VIE,1,1
201609,VIE,1,2
201609,VIE,1,3
201609,VIE,2,1
201609,VIE,2,2
201609,VIE,2,3
201609,GRZ,1,1
201609,GRZ,1,2
201609,GRZ,2,1
201609,GRZ,2,2
201609,GRZ,2,3
201609,INN,1,1
201609,INN,1,2
201609,INN,2,1
201609,INN,2,2
201609,INN,2,3
201609,KLU,1,1
201609,KLU,1,2
201609,KLU,2,1
201609,KLU,2,2
201609,KLU,2,3
201609,LNZ,1,1
201609,LNZ,1,2
201609,LNZ,2,1
201609,LNZ,2,2
201609,LNZ,2,3
201609,SZG,1,1
201609,SZG,1,2
201609,SZG,2,1
201609,SZG,2,2
201609,SZG,2,3
201610,VIE,1,1
201610,VIE,1,2
201610,VIE,1,3
201610,VIE,2,1
201610,VIE,2,2
201610,VIE,2,3
201610,GRZ,1,1
201610,GRZ,1,2
201610,GRZ,1,3
201610,GRZ,2,1
201610,GRZ,2,2
201610,GRZ,2,3
201610,INN,1,1
201610,INN,1,2
201610,INN,2,1
201610,INN,2,2
201610,INN,2,3
201610,KLU,1,1
201610,KLU,1,2
201610,KLU,2,1
201610,KLU,2,2
201610,KLU,2,3
201610,LNZ,1,1
201610,LNZ,1,2
201610,LNZ,2,1
201610,LNZ,2,2
201610,LNZ,2,3
201610,SZG,1,1
201610,SZG,1,2
201610,SZG,1,3
201610,SZG,2,1
201610,SZG,2,2
201610,SZG,2,3
201611,VIE,1,1
201611,VIE,1,2
201611,VIE,1,3
201611,VIE,2,1
201611,VIE,2,2
201611,VIE,2,3
201611,GRZ,1,1
201611,GRZ,1,2
201611,GRZ,2,1
201611,GRZ,2,2
201611,INN,1,1
201611,INN,1,2
201611,INN,2,1
201611,INN,2,2
201611,KLU,1,1
201611,KLU,1,2
201611,KLU,2,1
201611,KLU,2,2
201611,KLU,2,3
201611,LNZ,1,1
201611,LNZ,1,2
201611,LNZ,2,1
201611,LNZ,2,2
201611,LNZ,2,3
201611,SZG,1,1
201611,SZG,1,2
201611,SZG,1,3
201611,SZG,2,1
201611,SZG,2,2
201611,SZG,2,3
201612,VIE,1,1
201612,VIE,1,2
201612,VIE,1,3
201612,VIE,2,1
201612,VIE,2,2
201612,VIE,2,3
201612,GRZ,1,1
201612,GRZ,1,2
201612,GRZ,2,1
201612,GRZ,2,2
201612,GRZ,2,3
201612,INN,1,1
201612,INN,1,2
201612,INN,1,3
201612,INN,2,1
201612,INN,2,2
201612,INN,2,3
201612,KLU,1,1
201612,KLU,1,2
201612,KLU,1,3
201612,KLU,2,1
201612,KLU,2,2
201612,LNZ,1,1
201612,LNZ,1,2
201612,LNZ,1,3
201612,LNZ,2,1
201612,LNZ,2,2
201612,LNZ,2,3
201612,SZG,1,1
201612,SZG,1,2
201612,SZG,1,3
201612,SZG,2,1
201612,SZG,2,2
201701,VIE,1,1
201701,VIE,1,2
201701,VIE,1,3
201701,VIE,2,1
201701,VIE,2,2
201701,VIE,2,3
201701,GRZ,1,1
201701,GRZ,1,2
201701,GRZ,1,3
201701,GRZ,2,1
201701,GRZ,2,2
201701,GRZ,2,3
201701,INN,1,1
201701,INN,1,2
201701,INN,2,1
201701,INN,2,2
201701,KLU,1,1
201701,KLU,1,2
201701,KLU,2,1
201701,KLU,2,2
201701,KLU,2,3
201701,LNZ,1,1
201701,LNZ,1,2
201701,LNZ,1,3
201701,LNZ,2,1
201701,LNZ,2,2
201701,LNZ,2,3
201701,SZG,1,1
201701,SZG,1,2
201701,SZG,2,1
201701,SZG,2,2
201702,VIE,1,1
201702,VIE,1,2
201702,VIE,1,3
201702,VIE,2,1
201702,VIE,2,2
201702,VIE,2,3
201702,GRZ,1,1
201702,GRZ,1,2
201702,GRZ,1,3
201702,GRZ,2,1
201702,GRZ,2,2
201702,GRZ,2,3
201702,INN,1,1
201702,INN,1,2
201702,INN,2,1
201702,INN,2,2
201702,KLU,1,1
201702,KLU,1,2
201702,KLU,2,1
201702,KLU,2,2
201702,KLU,2,3
201702,LNZ,1,1
201702,LNZ,1,2
201702,LNZ,1,3
201702,LNZ,2,1
201702,LNZ,2,2
201702,LNZ,2,3
201702,SZG,1,1
201702,SZG,1,2
201702,SZG,1,3
201702,SZG,2,1
201702,SZG,2,2
201702,SZG,2,3
201703,VIE,1,1
201703,VIE,1,2
201703,VIE,1,3
201703,VIE,2,1
201703,VIE,2,2
201703,VIE,2,3
201703,GRZ,1,1
201703,GRZ,1,2
201703,GRZ,2,1
201703,GRZ,2,2
201703,GRZ,2,3
201703,INN,1,1
201703,INN,1,2
201703,INN,2,1
201703,INN,2,2
201703,INN,2,3
201703,KLU,1,1
201703,KLU,1,2
201703,KLU,2,1
201703,KLU,2,2
201703,KLU,2,3
201703,LNZ,1,1
201703,LNZ,1,2
201703,LNZ,2,1
201703,LNZ,2,2
201703,LNZ,2,3
201703,SZG,1,1
201703,SZG,1,2
201703,SZG,2,1
201703,SZG,2,2
201704,VIE,1,1
201704,VIE,1,2
201704,VIE,1,3
201704,VIE,2,1
201704,VIE,2,2
201704,VIE,2,3
201704,GRZ,1,1
201704,GRZ,1,2
201704,GRZ,2,1
201704,GRZ,2,2
201704,GRZ,2,3
201704,INN,1,1
201704,INN,1,2
201704,INN,2,1
201704,INN,2,2
201704,INN,2,3
201704,KLU,1,1
201704,KLU,1,2
201704,KLU,2,1
201704,KLU,2,2
201704,KLU,2,3
201704,LNZ,1,1
201704,LNZ,1,2
201704,LNZ,2,1
201704,LNZ,2,2
201704,LNZ,2,3
201704,SZG,1,1
201704,SZG,1,2
201704,SZG,1,3
201704,SZG,2,1
201704,SZG,2,2
201705,VIE,1,1
201705,VIE,1,2
201705,VIE,1,3
201705,VIE,2,1
201705,VIE,2,2
201705,VIE,2,3
201705,GRZ,1,1
201705,GRZ,1,2
201705,GRZ,2,1
201705,GRZ,2,2
201705,GRZ,2,3
201705,INN,1,1
201705,INN,1,2
201705,INN,2,1
201705,INN,2,2
201705,INN,2,3
201705,KLU,1,1
201705,KLU,1,2
201705,KLU,2,1
201705,KLU,2,2
201705,KLU,2,3
201705,LNZ,1,1
201705,LNZ,1,2
201705,LNZ,1,3
201705,LNZ,2,1
201705,LNZ,2,2
201705,LNZ,2,3
201705,SZG,1,1
201705,SZG,1,2
201705,SZG,1,3
201705,SZG,2,1
201705,SZG,2,2
201705,SZG,2,3
201706,VIE,1,1
201706,VIE,1,2
201706,VIE,1,3
201706,VIE,2,1
201706,VIE,2,2
201706,VIE,2,3
201706,GRZ,1,1
201706,GRZ,1,2
201706,GRZ,1,3
201706,GRZ,2,1
201706,GRZ,2,2
201706,GRZ,2,3
201706,INN,1,1
201706,INN,1,2
201706,INN,2,1
201706,INN,2,2
201706,INN,2,3
201706,KLU,1,1
201706,KLU,1,2
201706,KLU,2,1
201706,KLU,2,2
201706,LNZ,1,1
201706,LNZ,1,2
201706,LNZ,1,3
201706,LNZ,2,1
201706,LNZ,2,2
201706,LNZ,2,3
201706,SZG,1,1
201706,SZG,1,2
201706,SZG,1,3
201706,SZG,2,1
201706,SZG,2,2
201706,SZG,2,3
201707,VIE,1,1
201707,VIE,1,2
201707,VIE,1,3
201707,VIE,2,1
201707,VIE,2,2
201707,VIE,2,3
201707,GRZ,1,1
201707,GRZ,1,2
201707,GRZ,1,3
201707,GRZ,2,1
201707,GRZ,2,2
201707,GRZ,2,3
201707,INN,1,1
201707,INN,1,2
201707,INN,2,1
201707,INN,2,2
201707,INN,2,3
201707,KLU,1,1
201707,KLU,1,2
201707,KLU,1,3
201707,KLU,2,1
201707,KLU,2,2
201707,KLU,2,3
201707,LNZ,1,1
201707,LNZ,1,2
201707,LNZ,1,3
201707,LNZ,2,1
201707,LNZ,2,2
201707,LNZ,2,3
201707,SZG,1,1
201707,SZG,1,2
201707,SZG,1,3
201707,SZG,2,1
201707,SZG,2,2
201708,VIE,1,1
201708,VIE,1,2
201708,VIE,1,3
201708,VIE,2,1
201708,VIE,2,2
201708,VIE,2,3
201708,GRZ,1,1
201708,GRZ,1,2
201708,GRZ,1,3
201708,GRZ,2,1
201708,GRZ,2,2
201708,GRZ,2,3
201708,INN,1,1
201708,INN,1,2
201708,INN,2,1
201708,INN,2,2
201708,INN,2,3
201708,KLU,1,1
201708,KLU,1,2
201708,KLU,2,1
201708,KLU,2,2
201708,LNZ,1,1
201708,LNZ,1,2
201708,LNZ,1,3
201708,LNZ,2,1
201708,LNZ,2,2
201708,LNZ,2,3
201708,SZG,1,1
201708,SZG,1,2
201708,SZG,1,3
201708,SZG,2,1
201708,SZG,2,2
201709,VIE,1,1
201709,VIE,1,2
201709,VIE,1,3
201709,VIE,2,1
201709,VIE,2,2
201709,VIE,2,3
201709,GRZ,1,1
201709,GRZ,1,2
201709,GRZ,2,1
201709,GRZ,2,2
201709,GRZ,2,3
201709,INN,1,1
201709,INN,1,2
201709,INN,2,1
201709,INN,2,2
201709,INN,2,3
201709,KLU,1,1
201709,KLU,1,2
201709,KLU,2,1
201709,KLU,2,2
201709,KLU,2,3
201709,LNZ,1,1
201709,LNZ,1,2
201709,LNZ,2,1
201709,LNZ,2,2
201709,LNZ,2,3
201709,SZG,1,1
201709,SZG,1,2
201709,SZG,1,3
201709,SZG,2,1
201709,SZG,2,2
201710,VIE,1,1
201710,VIE,1,2
201710,VIE,1,3
201710,VIE,2,1
201710,VIE,2,2
201710,VIE,2,3
201710,GRZ,1,1
201710,GRZ,1,2
201710,GRZ,2,1
201710,GRZ,2,2
201710,GRZ,2,3
201710,INN,1,1
201710,INN,1,2
201710,INN,2,1
201710,INN,2,2
201710,INN,2,3
201710,KLU,1,1
201710,KLU,1,2
201710,KLU,2,1
201710,KLU,2,2
201710,KLU,2,3
201710,LNZ,1,1
201710,LNZ,1,2
201710,LNZ,1,3
201710,LNZ,2,1
201710,LNZ,2,2
201710,LNZ,2,3
201710,SZG,1,1
201710,SZG,1,2
201710,SZG,1,3
201710,SZG,2,1
201710,SZG,2,2
201711,VIE,1,1
201711,VIE,1,2
201711,VIE,1,3
201711,VIE,2,1
201711,VIE,2,2
201711,VIE,2,3
201711,GRZ,1,1
201711,GRZ,1,2
201711,GRZ,1,3
201711,GRZ,2,1
201711,GRZ,2,2
201711,GRZ,2,3
201711,INN,1,1
201711,INN,1,2
201711,INN,2,1
201711,INN,2,2
201711,KLU,1,1
201711,KLU,1,2
201711,KLU,2,1
201711,KLU,2,2
201711,KLU,2,3
201711,LNZ,1,1
201711,LNZ,1,2
201711,LNZ,1,3
201711,LNZ,2,1
201711,LNZ,2,2
201711,LNZ,2,3
201711,SZG,1,1
201711,SZG,1,2
201711,SZG,1,3
201711,SZG,2,1
201711,SZG,2,2
201711,SZG,2,3
201712,VIE,1,1
201712,VIE,1,2
201712,VIE,1,3
201712,VIE,2,1
201712,VIE,2,2
201712,VIE,2,3
201712,GRZ,1,1
201712,GRZ,1,2
201712,GRZ,2,1
201712,GRZ,2,2
201712,GRZ,2,3
201712,INN,1,1
201712,INN,1,2
201712,INN,2,1
201712,INN,2,2
201712,KLU,1,1
201712,KLU,1,2
201712,KLU,2,1
201712,KLU,2,2
201712,LNZ,1,1
201712,LNZ,1,2
201712,LNZ,1,3
201712,LNZ,2,1
201712,LNZ,2,2
201712,LNZ,2,3
201712,SZG,1,1
201712,SZG,1,2
201712,SZG,1,3
201712,SZG,2,1
201712,SZG,2,2
201801,VIE,1,1
201801,VIE,1,2
201801,VIE,1,3
201801,VIE,2,1
201801,VIE,2,2
201801,VIE,2,3
201801,GRZ,1,1
201801,GRZ,1,2
201801,GRZ,2,1
201801,GRZ,2,2
201801,GRZ,2,3
201801,INN,1,1
201801,INN,1,2
201801,INN,2,1
201801,INN,2,2
201801,KLU,1,1
201801,KLU,1,2
201801,KLU,2,1
201801,KLU,2,2
201801,LNZ,1,1
201801,LNZ,1,2
201801,LNZ,2,1
201801,LNZ,2,2
201801,LNZ,2,3
201801,SZG,1,1
201801,SZG,1,2
201801,SZG,2,1
201801,SZG,2,2
201802,VIE,1,1
201802,VIE,1,2
201802,VIE,1,3
201802,VIE,2,1
201802,VIE,2,2
201802,VIE,2,3
201802,GRZ,1,1
201802,GRZ,1,2
201802,GRZ,2,1
201802,GRZ,2,2
201802,GRZ,2,3
201802,INN,1,1
201802,INN,1,2
201802,INN,2,1
201802,INN,2,2
201802,KLU,1,1
201802,KLU,1,2
201802,KLU,2,1
201802,KLU,2,2
201802,LNZ,1,1
201802,LNZ,1,2
201802,LNZ,2,1
201802,LNZ,2,2
201802,LNZ,2,3
201802,SZG,1,1
201802,SZG,1,2
201802,SZG,2,1
201802,SZG,2,2
201802,SZG,2,3
201803,VIE,1,1
201803,VIE,1,2
201803,VIE,1,3
201803,VIE,2,1
201803,VIE,2,2
201803,VIE,2,3
201803,GRZ,1,1
201803,GRZ,1,2
201803,GRZ,2,1
201803,GRZ,2,2
201803,GRZ,2,3
201803,INN,1,1
201803,INN,1,2
201803,INN,2,1
201803,INN,2,2
201803,INN,2,3
201803,KLU,1,1
201803,KLU,1,2
201803,KLU,2,1
201803,KLU,2,2
201803,KLU,2,3
201803,LNZ,1,1
201803,LNZ,1,2
201803,LNZ,2,1
201803,LNZ,2,2
201803,LNZ,2,3
201803,SZG,1,1
201803,SZG,1,2
201803,SZG,1,3
201803,SZG,2,1
201803,SZG,2,2
201804,VIE,1,1
201804,VIE,1,2
201804,VIE,1,3
201804,VIE,2,1
201804,VIE,2,2
201804,VIE,2,3
201804,GRZ,1,1
201804,GRZ,1,2
201804,GRZ,2,1
201804,GRZ,2,2
201804,GRZ,2,3
201804,INN,1,1
201804,INN,1,2
201804,INN,2,1
201804,INN,2,2
201804,INN,2,3
201804,KLU,1,1
201804,KLU,1,2
201804,KLU,2,1
201804,KLU,2,2
201804,LNZ,1,1
201804,LNZ,1,2
201804,LNZ,2,1
201804,LNZ,2,2
201804,LNZ,2,3
201804,SZG,1,1
201804,SZG,1,2
201804,SZG,2,1
201804,SZG,2,2
201804,SZG,2,3
201805,VIE,1,1
201805,VIE,1,2
201805,VIE,1,3
201805,VIE,2,1
201805,VIE,2,2
201805,VIE,2,3
201805,GRZ,1,1
201805,GRZ,1,2
201805,GRZ,2,1
201805,GRZ,2,2
201805,GRZ,2,3
201805,INN,1,1
201805,INN,1,2
201805,INN,2,1
201805,INN,2,2
201805,INN,2,3
201805,KLU,1,1
201805,KLU,1,2
201805,KLU,2,1
201805,KLU,2,2
201805,LNZ,1,1
201805,LNZ,1,2
201805,LNZ,1,3
201805,LNZ,2,1
201805,LNZ,2,2
201805,LNZ,2,3
201805,SZG,1,1
201805,SZG,1,2
201805,SZG,1,3
201805,SZG,2,1
201805,SZG,2,2
201805,SZG,2,3
201806,VIE,1,1
201806,VIE,1,2
201806,VIE,1,3
201806,VIE,2,1
201806,VIE,2,2
201806,VIE,2,3
201806,GRZ,1,1
201806,GRZ,1,2
201806,GRZ,1,3
201806,GRZ,2,1
201806,GRZ,2,2
201806,GRZ,2,3
201806,INN,1,1
201806,INN,1,2
201806,INN,2,1
201806,INN,2,2
201806,INN,2,3
201806,KLU,1,1
201806,KLU,1,2
201806,KLU,2,1
201806,KLU,2,2
201806,LNZ,1,1
201806,LNZ,1,2
201806,LNZ,1,3
201806,LNZ,2,1
201806,LNZ,2,2
201806,LNZ,2,3
201806,SZG,1,1
201806,SZG,1,2
201806,SZG,1,3
201806,SZG,2,1
201806,SZG,2,2
201806,SZG,2,3
201807,VIE,1,1
201807,VIE,1,2
201807,VIE,1,3
201807,VIE,2,1
201807,VIE,2,2
201807,VIE,2,3
201807,GRZ,1,1
201807,GRZ,1,2
201807,GRZ,2,1
201807,GRZ,2,2
201807,GRZ,2,3
201807,INN,1,1
201807,INN,1,2
201807,INN,2,1
201807,INN,2,2
201807,KLU,1,1
201807,KLU,1,2
201807,KLU,2,1
201807,KLU,2,2
201807,LNZ,1,1
201807,LNZ,1,2
201807,LNZ,1,3
201807,LNZ,2,1
201807,LNZ,2,2
201807,LNZ,2,3
201807,SZG,1,1
201807,SZG,1,2
201807,SZG,1,3
201807,SZG,2,1
201807,SZG,2,2
201807,SZG,2,3
201808,VIE,1,1
201808,VIE,1,2
201808,VIE,1,3
201808,VIE,2,1
201808,VIE,2,2
201808,VIE,2,3
201808,GRZ,1,1
201808,GRZ,1,2
201808,GRZ,2,1
201808,GRZ,2,2
201808,GRZ,2,3
201808,INN,1,1
201808,INN,1,2
201808,INN,2,1
201808,INN,2,2
201808,INN,2,3
201808,KLU,1,1
201808,KLU,1,2
201808,KLU,2,1
201808,KLU,2,2
201808,LNZ,1,1
201808,LNZ,1,2
201808,LNZ,2,1
201808,LNZ,2,2
201808,LNZ,2,3
201808,SZG,1,1
201808,SZG,1,2
201808,SZG,1,3
201808,SZG,2,1
201808,SZG,2,2
201808,SZG,2,3
201809,VIE,1,1
201809,VIE,1,2
201809,VIE,1,3
201809,VIE,2,1
201809,VIE,2,2
201809,VIE,2,3
201809,GRZ,1,1
201809,GRZ,1,2
201809,GRZ,1,3
201809,GRZ,2,1
201809,GRZ,2,2
201809,GRZ,2,3
201809,INN,1,1
201809,INN,1,2
201809,INN,2,1
201809,INN,2,2
201809,INN,2,3
201809,KLU,1,1
201809,KLU,1,2
201809,KLU,2,1
201809,KLU,2,2
201809,LNZ,1,1
201809,LNZ,1,2
201809,LNZ,1,3
201809,LNZ,2,1
201809,LNZ,2,2
201809,LNZ,2,3
201809,SZG,1,1
201809,SZG,1,2
201809,SZG,1,3
201809,SZG,2,1
201809,SZG,2,2
201809,SZG,2,3
201810,VIE,1,1
201810,VIE,1,2
201810,VIE,1,3
201810,VIE,2,1
201810,VIE,2,2
201810,VIE,2,3
201810,GRZ,1,1
201810,GRZ,1,2
201810,GRZ,2,1
201810,GRZ,2,2
201810,GRZ,2,3
201810,INN,1,1
201810,INN,1,2
201810,INN,2,1
201810,INN,2,2
201810,INN,2,3
201810,KLU,1,1
201810,KLU,1,2
201810,LNZ,1,1
201810,LNZ,1,2
201810,LNZ,1,3
201810,LNZ,2,1
201810,LNZ,2,2
201810,LNZ,2,3
201810,SZG,1,1
201810,SZG,1,2
201810,SZG,1,3
201810,SZG,2,1
201810,SZG,2,2
201811,VIE,1,1
201811,VIE,1,2
201811,VIE,1,3
201811,VIE,2,1
201811,VIE,2,2
201811,VIE,2,3
201811,GRZ,1,1
201811,GRZ,1,2
201811,GRZ,1,3
201811,GRZ,2,1
201811,GRZ,2,2
201811,GRZ,2,3
201811,INN,1,1
201811,INN,1,2
201811,INN,2,1
201811,INN,2,2
201811,KLU,1,1
201811,KLU,1,2
201811,LNZ,1,1
201811,LNZ,1,2
201811,LNZ,2,1
201811,LNZ,2,2
201811,LNZ,2,3
201811,SZG,1,1
201811,SZG,1,2
201811,SZG,2,1
201811,SZG,2,2
201812,VIE,1,1
201812,VIE,1,2
201812,VIE,1,3
201812,VIE,2,1
201812,VIE,2,2
201812,VIE,2,3
201812,GRZ,1,1
201812,GRZ,1,2
201812,GRZ,2,1
201812,GRZ,2,2
201812,GRZ,2,3
201812,INN,1,1
201812,INN,1,2
201812,INN,2,1
201812,INN,2,2
201812,KLU,1,1
201812,KLU,1,2
201812,KLU,2,1
201812,LNZ,1,1
201812,LNZ,1,2
201812,LNZ,1,3
201812,LNZ,2,1
201812,LNZ,2,2
201812,LNZ,2,3
201812,SZG,1,1
201812,SZG,1,2
201812,SZG,1,3
201812,SZG,2,1
201812,SZG,2,2
201812,SZG,2,3
201901,VIE,1,1
201901,VIE,1,2
201901,VIE,1,3
201901,VIE,2,1
201901,VIE,2,2
201901,VIE,2,3
201901,GRZ,1,1
201901,GRZ,1,2
201901,GRZ,2,1
201901,GRZ,2,2
201901,GRZ,2,3
201901,INN,1,1
201901,INN,1,2
201901,INN,2,1
201901,INN,2,2
201901,KLU,1,1
201901,KLU,1,2
201901,KLU,2,1
201901,KLU,2,2
201901,LNZ,1,1
201901,LNZ,1,2
201901,LNZ,1,3
201901,LNZ,2,1
201901,LNZ,2,2
201901,LNZ,2,3
201901,SZG,1,1
201901,SZG,1,2
201901,SZG,1,3
201901,SZG,2,1
201901,SZG,2,2
201902,VIE,1,1
201902,VIE,1,2
201902,VIE,1,3
201902,VIE,2,1
201902,VIE,2,2
201902,VIE,2,3
201902,GRZ,1,1
201902,GRZ,1,2
201902,GRZ,2,1
201902,GRZ,2,2
201902,GRZ,2,3
201902,INN,1,1
201902,INN,1,2
201902,INN,2,1
201902,INN,2,2
201902,KLU,1,1
201902,KLU,1,2
201902,KLU,2,1
201902,KLU,2,2
201902,LNZ,1,1
201902,LNZ,1,2
201902,LNZ,2,1
201902,LNZ,2,2
201902,LNZ,2,3
201902,SZG,1,1
201902,SZG,1,2
201902,SZG,2,1
201902,SZG,2,2
201903,VIE,1,1
201903,VIE,1,2
201903,VIE,1,3
201903,VIE,2,1
201903,VIE,2,2
201903,VIE,2,3
201903,GRZ,1,1
201903,GRZ,1,2
201903,GRZ,2,1
201903,GRZ,2,2
201903,GRZ,2,3
201903,INN,1,1
201903,INN,1,2
201903,INN,2,1
201903,INN,2,2
201903,INN,2,3
201903,KLU,1,1
201903,KLU,1,2
201903,LNZ,1,1
201903,LNZ,1,2
201903,LNZ,2,1
201903,LNZ,2,2
201903,LNZ,2,3
201903,SZG,1,1
201903,SZG,1,2
201903,SZG,2,1
201903,SZG,2,2
201904,VIE,1,1
201904,VIE,1,2
201904,VIE,1,3
201904,VIE,2,1
201904,VIE,2,2
201904,VIE,2,3
201904,GRZ,1,1
201904,GRZ,1,2
201904,GRZ,2,1
201904,GRZ,2,2
201904,GRZ,2,3
201904,INN,1,1
201904,INN,1,2
201904,INN,2,1
201904,INN,2,2
201904,INN,2,3
201904,KLU,1,1
201904,KLU,1,2
201904,KLU,2,1
201904,KLU,2,2
201904,LNZ,1,1
201904,LNZ,1,2
201904,LNZ,2,1
201904,LNZ,2,2
201904,LNZ,2,3
201904,SZG,1,1
201904,SZG,1,2
201904,SZG,2,1
201904,SZG,2,2
201905,VIE,1,1
201905,VIE,1,2
201905,VIE,1,3
201905,VIE,2,1
201905,VIE,2,2
201905,VIE,2,3
201905,GRZ,1,1
201905,GRZ,1,2
201905,GRZ,2,1
201905,GRZ,2,2
201905,GRZ,2,3
201905,INN,1,1
201905,INN,1,2
201905,INN,2,1
201905,INN,2,2
201905,INN,2,3
201905,KLU,1,1
201905,KLU,1,2
201905,KLU,2,1
201905,KLU,2,2
201905,KLU,2,3
201905,LNZ,1,1
201905,LNZ,1,2
201905,LNZ,2,1
201905,LNZ,2,2
201905,LNZ,2,3
201905,SZG,1,1
201905,SZG,1,2
201905,SZG,2,1
201905,SZG,2,2
201906,VIE,1,1
201906,VIE,1,2
201906,VIE,1,3
201906,VIE,2,1
201906,VIE,2,2
201906,VIE,2,3
201906,GRZ,1,1
201906,GRZ,1,2
201906,GRZ,1,3
201906,GRZ,2,1
201906,GRZ,2,2
201906,GRZ,2,3
201906,INN,1,1
201906,INN,1,2
201906,INN,2,1
201906,INN,2,2
201906,INN,2,3
201906,KLU,1,1
201906,KLU,1,2
201906,KLU,2,1
201906,KLU,2,2
201906,KLU,2,3
201906,LNZ,1,1
201906,LNZ,1,2
201906,LNZ,1,3
201906,LNZ,2,1
201906,LNZ,2,2
201906,LNZ,2,3
201906,SZG,1,1
201906,SZG,1,2
201906,SZG,1,3
201906,SZG,2,1
201906,SZG,2,2
201907,VIE,1,1
201907,VIE,1,2
201907,VIE,1,3
201907,VIE,2,1
201907,VIE,2,2
201907,VIE,2,3
201907,GRZ,1,1
201907,GRZ,1,2
201907,GRZ,1,3
201907,GRZ,2,1
201907,GRZ,2,2
201907,GRZ,2,3
201907,INN,1,1
201907,INN,1,2
201907,INN,2,1
201907,INN,2,2
201907,INN,2,3
201907,KLU,1,1
201907,KLU,1,2
201907,KLU,2,1
201907,KLU,2,2
201907,KLU,2,3
201907,LNZ,1,1
201907,LNZ,1,2
201907,LNZ,1,3
201907,LNZ,2,1
201907,LNZ,2,2
201907,LNZ,2,3
201907,SZG,1,1
201907,SZG,1,2
201907,SZG,2,1
201907,SZG,2,2
201908,VIE,1,1
201908,VIE,1,2
201908,VIE,1,3
201908,VIE,2,1
201908,VIE,2,2
201908,VIE,2,3
201908,GRZ,1,1
201908,GRZ,1,2
201908,GRZ,2,1
201908,GRZ,2,2
201908,GRZ,2,3
201908,INN,1,1
201908,INN,1,2
201908,INN,2,1
201908,INN,2,2
201908,KLU,1,1
201908,KLU,1,2
201908,KLU,2,1
201908,KLU,2,2
201908,KLU,2,3
201908,LNZ,1,1
201908,LNZ,1,2
201908,LNZ,2,1
201908,LNZ,2,2
201908,LNZ,2,3
201908,SZG,1,1
201908,SZG,1,2
201908,SZG,2,1
201908,SZG,2,2
201909,VIE,1,1
201909,VIE,1,2
201909,VIE,1,3
201909,VIE,2,1
201909,VIE,2,2
201909,VIE,2,3
201909,GRZ,1,1
201909,GRZ,1,2
201909,GRZ,2,1
201909,GRZ,2,2
201909,GRZ,2,3
201909,INN,1,1
201909,INN,1,2
201909,INN,2,1
201909,INN,2,2
201909,KLU,1,1
201909,KLU,1,2
201909,KLU,2,1
201909,KLU,2,2
201909,KLU,2,3
201909,LNZ,1,1
201909,LNZ,1,2
201909,LNZ,1,3
201909,LNZ,2,1
201909,LNZ,2,2
201909,LNZ,2,3
201909,SZG,1,1
201909,SZG,1,2
201909,SZG,2,1
201909,SZG,2,2
201910,VIE,1,1
201910,VIE,1,2
201910,VIE,1,3
201910,VIE,2,1
201910,VIE,2,2
201910,VIE,2,3
201910,GRZ,1,1
201910,GRZ,1,2
201910,GRZ,2,1
201910,GRZ,2,2
201910,GRZ,2,3
201910,INN,1,1
201910,INN,1,2
201910,INN,2,1
201910,INN,2,2
201910,INN,2,3
201910,KLU,1,1
201910,KLU,1,2
201910,KLU,2,1
201910,KLU,2,2
201910,LNZ,1,1
201910,LNZ,1,2
201910,LNZ,2,1
201910,LNZ,2,2
201910,LNZ,2,3
201910,SZG,1,1
201910,SZG,1,2
201910,SZG,1,3
201910,SZG,2,1
201910,SZG,2,2
201911,VIE,1,1
201911,VIE,1,2
201911,VIE,1,3
201911,VIE,2,1
201911,VIE,2,2
201911,VIE,2,3
201911,GRZ,1,1
201911,GRZ,1,2
201911,GRZ,2,1
201911,GRZ,2,2
201911,GRZ,2,3
201911,INN,1,1
201911,INN,1,2
201911,INN,2,1
201911,INN,2,2
201911,KLU,1,1
201911,KLU,1,2
201911,LNZ,1,1
201911,LNZ,1,2
201911,LNZ,2,1
201911,LNZ,2,2
201911,LNZ,2,3
201911,SZG,1,1
201911,SZG,1,2
201911,SZG,1,3
201911,SZG,2,1
201911,SZG,2,2
201911,SZG,2,3
201912,VIE,1,1
201912,VIE,1,2
201912,VIE,1,3
201912,VIE,2,1
201912,VIE,2,2
201912,VIE,2,3
201912,GRZ,1,1
201912,GRZ,1,2
201912,GRZ,2,1
201912,GRZ,2,2
201912,GRZ,2,3
201912,INN,1,1
201912,INN,1,2
201912,INN,2,1
201912,INN,2,2
201912,KLU,1,1
201912,KLU,1,2
201912,KLU,2,1
201912,KLU,2,2
201912,LNZ,1,1
201912,LNZ,1,2
201912,LNZ,2,1
201912,LNZ,2,2
201912,LNZ,2,3
201912,SZG,1,1
201912,SZG,1,2
201912,SZG,2,1
201912,SZG,2,2
202001,VIE,1,1
202001,VIE,1,2
202001,VIE,1,3
202001,VIE,2,1
202001,VIE,2,2
202001,VIE,2,3
202001,GRZ,1,1
202001,GRZ,1,2
202001,GRZ,2,1
202001,GRZ,2,2
202001,GRZ,2,3
202001,INN,1,1
202001,INN,1,2
202001,INN,2,1
202001,INN,2,2
202001,KLU,1,1
202001,KLU,1,2
202001,KLU,2,1
202001,KLU,2,2
202001,LNZ,1,1
202001,LNZ,1,2
202001,LNZ,1,3
202001,LNZ,2,1
202001,LNZ,2,2
202001,LNZ,2,3
202001,SZG,1,1
202001,SZG,1,2
202001,SZG,2,1
202001,SZG,2,2
202002,VIE,1,1
202002,VIE,1,2
202002,VIE,1,3
202002,VIE,2,1
202002,VIE,2,2
202002,VIE,2,3
202002,GRZ,1,1
202002,GRZ,1,2
202002,GRZ,1,3
202002,GRZ,2,1
202002,GRZ,2,2
202002,INN,1,1
202002,INN,1,2
202002,INN,2,1
202002,INN,2,2
202002,KLU,1,1
202002,KLU,1,2
202002,LNZ,1,1
202002,LNZ,1,2
202002,LNZ,2,1
202002,LNZ,2,2
202002,LNZ,2,3
202002,SZG,1,1
202002,SZG,1,2
202002,SZG,2,1
202002,SZG,2,2
202002,SZG,2,3
202003,VIE,1,1
202003,VIE,1,2
202003,VIE,1,3
202003,VIE,2,1
202003,VIE,2,2
202003,VIE,2,3
202003,GRZ,1,1
202003,GRZ,1,2
202003,GRZ,2,1
202003,GRZ,2,2
202003,GRZ,2,3
202003,INN,1,1
202003,INN,1,2
202003,INN,2,1
202003,INN,2,2
202003,KLU,1,1
202003,KLU,1,2
202003,LNZ,1,1
202003,LNZ,1,2
202003,LNZ,2,1
202003,LNZ,2,2
202003,LNZ,2,3
202003,SZG,1,1
202003,SZG,1,2
202003,SZG,2,1
202003,SZG,2,2
202004,VIE,1,1
202004,VIE,1,2
202004,VIE,1,3
202004,VIE,2,1
202004,VIE,2,2
202004,VIE,2,3
202004,GRZ,1,2
202004,GRZ,2,1
202004,GRZ,2,2
202004,GRZ,2,3
202004,INN,2,1
202004,INN,2,2
202004,LNZ,2,1
202004,LNZ,2,2
202004,LNZ,2,3
202004,SZG,1,1
202004,SZG,1,2
202005,VIE,1,1
202005,VIE,1,2
202005,VIE,1,3
202005,VIE,2,1
202005,VIE,2,2
202005,VIE,2,3
202005,GRZ,2,1
202005,GRZ,2,2
202005,LNZ,2,1
202005,LNZ,2,2
202005,LNZ,2,3
202005,SZG,1,1
202005,SZG,1,2
202005,SZG,2,1
202005,SZG,2,2
202006,VIE,1,1
202006,VIE,1,2
202006,VIE,1,3
202006,VIE,2,1
202006,VIE,2,2
202006,VIE,2,3
202006,GRZ,1,1
202006,GRZ,1,2
202006,GRZ,2,1
202006,GRZ,2,2
202006,GRZ,2,3
202006,INN,1,1
202006,INN,1,2
202006,LNZ,2,1
202006,LNZ,2,2
202006,LNZ,2,3
202006,SZG,1,1
202006,SZG,1,2
202007,VIE,1,1
202007,VIE,1,2
202007,VIE,1,3
202007,VIE,2,1
202007,VIE,2,2
202007,VIE,2,3
202007,GRZ,1,1
202007,GRZ,1,2
202007,GRZ,2,1
202007,GRZ,2,2
202007,GRZ,2,3
202007,INN,1,1
202007,INN,1,2
202007,INN,1,3
202007,INN,2,1
202007,INN,2,2
202007,KLU,1,1
202007,KLU,1,2
202007,LNZ,1,1
202007,LNZ,1,2
202007,LNZ,1,3
202007,LNZ,2,1
202007,LNZ,2,2
202007,LNZ,2,3
202007,SZG,1,1
202007,SZG,1,2
202007,SZG,1,3
202007,SZG,2,1
202007,SZG,2,2
202008,VIE,1,1
202008,VIE,1,2
202008,VIE,1,3
202008,VIE,2,1
202008,VIE,2,2
202008,VIE,2,3
202008,GRZ,1,1
202008,GRZ,1,2
202008,GRZ,2,1
202008,GRZ,2,2
202008,GRZ,2,3
202008,INN,1,1
202008,INN,1,2
202008,INN,1,3
202008,INN,2,1
202008,INN,2,2
202008,KLU,1,1
202008,KLU,1,2
202008,KLU,2,1
202008,KLU,2,2
202008,LNZ,2,1
202008,LNZ,2,2
202008,LNZ,2,3
202008,SZG,1,1
202008,SZG,1,2
202008,SZG,1,3
202008,SZG,2,1
202008,SZG,2,2
202008,SZG,2,3
202009,VIE,1,1
202009,VIE,1,2
202009,VIE,1,3
202009,VIE,2,1
202009,VIE,2,2
202009,VIE,2,3
202009,GRZ,1,1
202009,GRZ,1,2
202009,GRZ,2,1
202009,GRZ,2,2
202009,GRZ,2,3
202009,INN,1,1
202009,INN,1,2
202009,INN,1,3
202009,INN,2,1
202009,INN,2,2
202009,KLU,1,1
202009,KLU,1,2
202009,KLU,2,1
202009,KLU,2,2
202009,LNZ,2,1
202009,LNZ,2,2
202009,LNZ,2,3
202009,SZG,1,1
202009,SZG,1,2
202009,SZG,1,3
202009,SZG,2,1
202009,SZG,2,2
202009,SZG,2,3
202010,VIE,1,1
202010,VIE,1,2
202010,VIE,1,3
202010,VIE,2,1
202010,VIE,2,2
202010,VIE,2,3
202010,GRZ,1,1
202010,GRZ,1,2
202010,GRZ,2,1
202010,GRZ,2,2
202010,GRZ,2,3
202010,INN,1,1
202010,INN,1,2
202010,INN,2,1
202010,INN,2,2
202010,INN,2,3
202010,KLU,1,1
202010,KLU,1,2
202010,KLU,2,1
202010,KLU,2,2
202010,LNZ,2,1
202010,LNZ,2,2
202010,LNZ,2,3
202010,SZG,1,1
202010,SZG,1,2
202010,SZG,2,1
202010,SZG,2,2
202011,VIE,1,1
202011,VIE,1,2
202011,VIE,1,3
202011,VIE,2,1
202011,VIE,2,2
202011,VIE,2,3
202011,GRZ,1,1
202011,GRZ,1,2
202011,GRZ,2,1
202011,GRZ,2,2
202011,GRZ,2,3
202011,INN,1,1
202011,INN,1,2
202011,KLU,1,1
202011,KLU,1,2
202011,LNZ,2,1
202011,LNZ,2,2
202011,LNZ,2,3
202011,SZG,1,1
202011,SZG,1,2
202011,SZG,2,1
202011,SZG,2,2
202012,VIE,1,1
202012,VIE,1,2
202012,VIE,1,3
202012,VIE,2,1
202012,VIE,2,2
202012,VIE,2,3
202012,GRZ,1,1
202012,GRZ,1,2
202012,GRZ,2,1
202012,GRZ,2,2
202012,INN,1,1
202012,INN,1,2
202012,INN,2,1
202012,KLU,1,1
202012,KLU,1,2
202012,KLU,2,1
202012,KLU,2,2
202012,LNZ,2,1
202012,LNZ,2,2
202012,LNZ,2,3
202012,SZG,1,1
202012,SZG,1,2
202012,SZG,2,1
202012,SZG,2,2
202101,VIE,1,1
202101,VIE,1,2
202101,VIE,1,3
202101,VIE,2,1
202101,VIE,2,2
202101,VIE,2,3
202101,GRZ,1,1
202101,GRZ,1,2
202101,GRZ,2,1
202101,GRZ,2,2
202101,INN,1,1
202101,INN,1,2
202101,INN,2,1
202101,KLU,1,1
202101,KLU,1,2
202101,LNZ,2,1
202101,LNZ,2,2
202101,LNZ,2,3
202101,SZG,1,1
202101,SZG,1,2
202101,SZG,2,1
202101,SZG,2,2
202102,VIE,1,1
202102,VIE,1,2
202102,VIE,1,3
202102,VIE,2,1
202102,VIE,2,2
202102,GRZ,1,1
202102,GRZ,1,2
202102,GRZ,2,1
202102,GRZ,2,2
202102,INN,1,1
202102,INN,1,2
202102,KLU,2,1
202102,KLU,2,2
202102,LNZ,2,1
202102,LNZ,2,2
202102,LNZ,2,3
202102,SZG,1,1
202102,SZG,1,2
202102,SZG,2,1
202102,SZG,2,2
202103,VIE,1,1
202103,VIE,1,2
202103,VIE,1,3
202103,VIE,2,1
202103,VIE,2,2
202103,VIE,2,3
202103,GRZ,1,1
202103,GRZ,1,2
202103,GRZ,2,1
202103,GRZ,2,2
202103,GRZ,2,3
202103,INN,1,1
202103,INN,1,2
202103,LNZ,2,1
202103,LNZ,2,2
202103,LNZ,2,3
202103,SZG,1,1
202103,SZG,1,2
202104,VIE,1,1
202104,VIE,1,2
202104,VIE,1,3
202104,VIE,2,1
202104,VIE,2,2
202104,VIE,2,3
202104,GRZ,1,1
202104,GRZ,1,2
202104,GRZ,2,1
202104,GRZ,2,2
202104,INN,1,1
202104,INN,1,2
202104,LNZ,1,1
202104,LNZ,1,2
202104,LNZ,2,1
202104,LNZ,2,2
202104,LNZ,2,3
202104,SZG,1,1
202104,SZG,1,2
202105,VIE,1,1
202105,VIE,1,2
202105,VIE,1,3
202105,VIE,2,1
202105,VIE,2,2
202105,GRZ,1,1
202105,GRZ,1,2
202105,GRZ,2,1
202105,GRZ,2,2
202105,GRZ,2,3
202105,INN,1,1
202105,INN,1,2
202105,INN,2,1
202105,INN,2,2
202105,KLU,2,1
202105,KLU,2,2
202105,KLU,2,3
202105,LNZ,1,1
202105,LNZ,1,2
202105,LNZ,2,1
202105,LNZ,2,2
202105,LNZ,2,3
202105,SZG,2,1
202105,SZG,2,2
202106,VIE,1,1
202106,VIE,1,2
202106,VIE,1,3
202106,VIE,2,1
202106,VIE,2,2
202106,VIE,2,3
202106,GRZ,1,1
202106,GRZ,1,2
202106,GRZ,2,1
202106,GRZ,2,2
202106,GRZ,2,3
202106,INN,1,1
202106,INN,1,2
202106,INN,2,1
202106,INN,2,2
202106,INN,2,3
202106,KLU,1,1
202106,KLU,1,2
202106,KLU,2,1
202106,KLU,2,2
202106,KLU,2,3
202106,LNZ,1,1
202106,LNZ,1,2
202106,LNZ,2,1
202106,LNZ,2,2
202106,LNZ,2,3
202106,SZG,1,1
202106,SZG,1,2
202106,SZG,1,3
202106,SZG,2,1
202106,SZG,2,2
202106,SZG,2,3
202107,VIE,1,1
202107,VIE,1,2
202107,VIE,1,3
202107,VIE,2,1
202107,VIE,2,2
202107,VIE,2,3
202107,GRZ,1,1
202107,GRZ,1,2
202107,GRZ,2,1
202107,GRZ,2,2
202107,GRZ,2,3
202107,INN,1,1
202107,INN,1,2
202107,INN,2,1
202107,INN,2,2
202107,KLU,1,1
202107,KLU,1,2
202107,KLU,2,1
202107,KLU,2,2
202107,KLU,2,3
202107,LNZ,1,1
202107,LNZ,1,2
202107,LNZ,1,3
202107,LNZ,2,1
202107,LNZ,2,2
202107,LNZ,2,3
202107,SZG,1,1
202107,SZG,1,2
202107,SZG,1,3
202107,SZG,2,1
202107,SZG,2,2
202108,VIE,1,1
202108,VIE,1,2
202108,VIE,1,3
202108,VIE,2,1
202108,VIE,2,2
202108,VIE,2,3
202108,GRZ,1,1
202108,GRZ,1,2
202108,GRZ,1,3
202108,GRZ,2,1
202108,GRZ,2,2
202108,INN,1,1
202108,INN,1,2
202108,INN,2,1
202108,INN,2,2
202108,KLU,1,1
202108,KLU,1,2
202108,KLU,2,1
202108,KLU,2,2
202108,LNZ,1,1
202108,LNZ,1,2
202108,LNZ,1,3
202108,LNZ,2,1
202108,LNZ,2,2
202108,LNZ,2,3
202108,SZG,1,1
202108,SZG,1,2
202108,SZG,2,1
202108,SZG,2,2
202108,SZG,2,3
202109,VIE,1,1
202109,VIE,1,2
202109,VIE,1,3
202109,VIE,2,1
202109,VIE,2,2
202109,VIE,2,3
202109,GRZ,1,1
202109,GRZ,1,2
202109,GRZ,2,1
202109,GRZ,2,2
202109,GRZ,2,3
202109,INN,1,1
202109,INN,1,2
202109,INN,2,1
202109,INN,2,2
202109,KLU,1,1
202109,KLU,1,2
202109,KLU,2,1
202109,KLU,2,2
202109,LNZ,1,1
202109,LNZ,1,2
202109,LNZ,1,3
202109,LNZ,2,1
202109,LNZ,2,2
202109,LNZ,2,3
202109,SZG,1,1
202109,SZG,1,2
202109,SZG,1,3
202109,SZG,2,1
202109,SZG,2,2
202110,VIE,1,1
202110,VIE,1,2
202110,VIE,1,3
202110,VIE,2,1
202110,VIE,2,2
202110,VIE,2,3
202110,GRZ,1,1
202110,GRZ,1,2
202110,GRZ,2,1
202110,GRZ,2,2
202110,GRZ,2,3
202110,INN,1,1
202110,INN,1,2
202110,KLU,1,1
202110,KLU,1,2
202110,KLU,2,1
202110,KLU,2,2
202110,LNZ,1,1
202110,LNZ,1,2
202110,LNZ,2,1
202110,LNZ,2,2
202110,LNZ,2,3
202110,SZG,1,1
202110,SZG,1,2
202110,SZG,1,3
202110,SZG,2,1
202110,SZG,2,2
202111,VIE,1,1
202111,VIE,1,2
202111,VIE,1,3
202111,VIE,2,1
202111,VIE,2,2
202111,VIE,2,3
202111,GRZ,1,1
202111,GRZ,1,2
202111,GRZ,1,3
202111,GRZ,2,1
202111,GRZ,2,2
202111,GRZ,2,3
202111,INN,1,1
202111,INN,1,2
202111,INN,2,1
202111,INN,2,2
202111,KLU,1,1
202111,KLU,1,2
202111,KLU,1,3
202111,KLU,2,1
202111,KLU,2,2
202111,LNZ,1,1
202111,LNZ,1,2
202111,LNZ,2,1
202111,LNZ,2,2
202111,LNZ,2,3
202111,SZG,1,1
202111,SZG,1,2
202111,SZG,2,1
202111,SZG,2,2
202112,VIE,1,1
202112,VIE,1,2
202112,VIE,1,3
202112,VIE,2,1
202112,VIE,2,2
202112,VIE,2,3
202112,GRZ,1,1
202112,GRZ,1,2
202112,GRZ,2,1
202112,GRZ,2,2
202112,GRZ,2,3
202112,INN,1,1
202112,INN,1,2
202112,INN,1,3
202112,INN,2,1
202112,INN,2,2
202112,KLU,1,1
202112,KLU,1,2
202112,KLU,2,1
202112,KLU,2,2
202112,LNZ,1,1
202112,LNZ,1,2
202112,LNZ,2,1
202112,LNZ,2,2
202112,LNZ,2,3
202112,SZG,1,1
202112,SZG,1,2
202112,SZG,1,3
202112,SZG,2,1
202112,SZG,2,2
202201,VIE,1,1
202201,VIE,1,2
202201,VIE,1,3
202201,VIE,2,1
202201,VIE,2,2
202201,VIE,2,3
202201,GRZ,1,1
202201,GRZ,1,2
202201,GRZ,2,1
202201,GRZ,2,2
202201,GRZ,2,3
202201,INN,1,1
202201,INN,1,2
202201,INN,1,3
202201,INN,2,1
202201,INN,2,2
202201,INN,2,3
202201,KLU,1,1
202201,KLU,1,2
202201,LNZ,1,1
202201,LNZ,1,2
202201,LNZ,2,1
202201,LNZ,2,2
202201,LNZ,2,3
202201,SZG,1,1
202201,SZG,1,2
202201,SZG,1,3
202201,SZG,2,1
202201,SZG,2,2
202202,VIE,1,1
202202,VIE,1,2
202202,VIE,1,3
202202,VIE,2,1
202202,VIE,2,2
202202,VIE,2,3
202202,GRZ,1,1
202202,GRZ,1,2
202202,GRZ,2,1
202202,GRZ,2,2
202202,INN,1,1
202202,INN,1,2
202202,INN,1,3
202202,INN,2,1
202202,INN,2,2
202202,KLU,1,1
202202,KLU,1,2
202202,LNZ,1,1
202202,LNZ,1,2
202202,LNZ,2,1
202202,LNZ,2,2
202202,LNZ,2,3
202202,SZG,1,1
202202,SZG,1,2
202202,SZG,1,3
202202,SZG,2,1
202202,SZG,2,2
202203,VIE,1,1
202203,VIE,1,2
202203,VIE,1,3
202203,VIE,2,1
202203,VIE,2,2
202203,VIE,2,3
202203,GRZ,1,1
202203,GRZ,1,2
202203,GRZ,2,1
202203,GRZ,2,2
202203,GRZ,2,3
202203,INN,1,1
202203,INN,1,2
202203,INN,2,1
202203,INN,2,2
202203,KLU,1,1
202203,KLU,1,2
202203,LNZ,1,1
202203,LNZ,1,2
202203,LNZ,2,1
202203,LNZ,2,2
202203,LNZ,2,3
202203,SZG,1,1
202203,SZG,1,2
202203,SZG,2,1
202203,SZG,2,2
202204,VIE,1,1
202204,VIE,1,2
202204,VIE,1,3
202204,VIE,2,1
202204,VIE,2,2
202204,VIE,2,3
202204,GRZ,1,1
202204,GRZ,1,2
202204,GRZ,2,1
202204,GRZ,2,2
202204,GRZ,2,3
202204,INN,1,1
202204,INN,1,2
202204,INN,2,1
202204,INN,2,2
202204,KLU,1,1
202204,KLU,1,2
202204,KLU,2,1
202204,KLU,2,2
202204,KLU,2,3
202204,LNZ,1,1
202204,LNZ,1,2
202204,LNZ,2,1
202204,LNZ,2,2
202204,LNZ,2,3
202204,SZG,1,1
202204,SZG,1,2
202204,SZG,2,1
202204,SZG,2,2
202205,VIE,1,1
202205,VIE,1,2
202205,VIE,1,3
202205,VIE,2,1
202205,VIE,2,2
202205,VIE,2,3
202205,GRZ,1,1
202205,GRZ,1,2
202205,GRZ,2,1
202205,GRZ,2,2
202205,GRZ,2,3
202205,INN,1,1
202205,INN,1,2
202205,INN,2,1
202205,INN,2,2
202205,KLU,1,1
202205,KLU,1,2
202205,KLU,2,1
202205,KLU,2,2
202205,KLU,2,3
202205,LNZ,1,1
202205,LNZ,1,2
202205,LNZ,1,3
202205,LNZ,2,1
202205,LNZ,2,2
202205,LNZ,2,3
202205,SZG,1,1
202205,SZG,1,2
202205,SZG,1,3
202205,SZG,2,1
202205,SZG,2,2
202205,SZG,2,3
202206,VIE,1,1
202206,VIE,1,2
202206,VIE,1,3
202206,VIE,2,1
202206,VIE,2,2
202206,VIE,2,3
202206,GRZ,1,1
202206,GRZ,1,2
202206,GRZ,1,3
202206,GRZ,2,1
202206,GRZ,2,2
202206,GRZ,2,3
202206,INN,1,1
202206,INN,1,2
202206,INN,2,1
202206,INN,2,2
202206,KLU,1,1
202206,KLU,1,2
202206,KLU,2,1
202206,KLU,2,2
202206,LNZ,1,1
202206,LNZ,1,2
202206,LNZ,1,3
202206,LNZ,2,1
202206,LNZ,2,2
202206,LNZ,2,3
202206,SZG,1,1
202206,SZG,1,2
202206,SZG,1,3
202206,SZG,2,1
202206,SZG,2,2
202207,VIE,1,1
202207,VIE,1,2
202207,VIE,1,3
202207,VIE,2,1
202207,VIE,2,2
202207,VIE,2,3
202207,GRZ,1,1
202207,GRZ,1,2
202207,GRZ,2,1
202207,GRZ,2,2
202207,GRZ,2,3
202207,INN,1,1
202207,INN,1,2
202207,INN,2,1
202207,INN,2,2
202207,KLU,1,1
202207,KLU,1,2
202207,KLU,2,1
202207,KLU,2,2
202207,LNZ,1,1
202207,LNZ,1,2
202207,LNZ,1,3
202207,LNZ,2,1
202207,LNZ,2,2
202207,LNZ,2,3
202207,SZG,1,1
202207,SZG,1,2
202207,SZG,2,1
202207,SZG,2,2
202207,SZG,2,3
202208,VIE,1,1
202208,VIE,1,2
202208,VIE,1,3
202208,VIE,2,1
202208,VIE,2,2
202208,VIE,2,3
202208,GRZ,1,1
202208,GRZ,1,2
202208,GRZ,2,1
202208,GRZ,2,2
202208,GRZ,2,3
202208,INN,1,1
202208,INN,1,2
202208,INN,2,1
202208,INN,2,2
202208,KLU,1,1
202208,KLU,1,2
202208,KLU,2,1
202208,KLU,2,2
202208,KLU,2,3
202208,LNZ,1,1
202208,LNZ,1,2
202208,LNZ,2,1
202208,LNZ,2,2
202208,LNZ,2,3
202208,SZG,1,1
202208,SZG,1,2
202208,SZG,2,1
202208,SZG,2,2
202208,SZG,2,3
202209,VIE,1,1
202209,VIE,1,2
202209,VIE,1,3
202209,VIE,2,1
202209,VIE,2,2
202209,VIE,2,3
202209,GRZ,1,1
202209,GRZ,1,2
202209,GRZ,2,1
202209,GRZ,2,2
202209,GRZ,2,3
202209,INN,1,1
202209,INN,1,2
202209,INN,2,1
202209,INN,2,2
202209,KLU,1,1
202209,KLU,1,2
202209,KLU,2,1
202209,KLU,2,2
202209,LNZ,1,1
202209,LNZ,1,2
202209,LNZ,1,3
202209,LNZ,2,1
202209,LNZ,2,2
202209,LNZ,2,3
202209,SZG,1,1
202209,SZG,1,2
202209,SZG,1,3
202209,SZG,2,1
202209,SZG,2,2
202209,SZG,2,3
202210,VIE,1,1
202210,VIE,1,2
202210,VIE,1,3
202210,VIE,2,1
202210,VIE,2,2
202210,VIE,2,3
202210,GRZ,1,1
202210,GRZ,1,2
202210,GRZ,2,1
202210,GRZ,2,2
202210,GRZ,2,3
202210,INN,1,1
202210,INN,1,2
202210,INN,2,1
202210,INN,2,2
202210,KLU,1,1
202210,KLU,1,2
202210,KLU,2,1
202210,KLU,2,2
202210,LNZ,1,1
202210,LNZ,1,2
202210,LNZ,1,3
202210,LNZ,2,1
202210,LNZ,2,2
202210,LNZ,2,3
202210,SZG,1,1
202210,SZG,1,2
202210,SZG,1,3
202210,SZG,2,1
202210,SZG,2,2
202210,SZG,2,3
202211,VIE,1,1
202211,VIE,1,2
202211,VIE,1,3
202211,VIE,2,1
202211,VIE,2,2
202211,VIE,2,3
202211,GRZ,1,1
202211,GRZ,1,2
202211,GRZ,2,1
202211,GRZ,2,2
202211,GRZ,2,3
202211,INN,1,1
202211,INN,1,2
202211,KLU,1,1
202211,KLU,1,2
202211,KLU,2,1
202211,KLU,2,2
202211,LNZ,1,1
202211,LNZ,1,2
202211,LNZ,2,1
202211,LNZ,2,2
202211,LNZ,2,3
202211,SZG,1,1
202211,SZG,1,2
202211,SZG,2,1
202211,SZG,2,2
202211,SZG,2,3
202212,VIE,1,1
202212,VIE,1,2
202212,VIE,1,3
202212,VIE,2,1
202212,VIE,2,2
202212,VIE,2,3
202212,GRZ,1,1
202212,GRZ,1,2
202212,GRZ,2,1
202212,GRZ,2,2
202212,GRZ,2,3
202212,INN,1,1
202212,INN,1,2
202212,INN,2,1
202212,INN,2,2
202212,KLU,1,1
202212,KLU,1,2
202212,LNZ,1,1
202212,LNZ,1,2
202212,LNZ,1,3
202212,LNZ,2,1
202212,LNZ,2,2
202212,LNZ,2,3
202212,SZG,1,1
202212,SZG,1,2
202212,SZG,2,1
202212,SZG,2,2
202301,VIE,1,1
202301,VIE,1,2
202301,VIE,1,3
202301,VIE,2,1
202301,VIE,2,2
202301,VIE,2,3
202301,GRZ,1,1
202301,GRZ,1,2
202301,GRZ,1,3
202301,GRZ,2,1
202301,GRZ,2,2
202301,GRZ,2,3
202301,INN,1,1
202301,INN,1,2
202301,INN,2,1
202301,INN,2,2
202301,INN,2,3
202301,KLU,1,1
202301,KLU,1,2
202301,KLU,2,1
202301,KLU,2,2
202301,LNZ,1,1
202301,LNZ,1,2
202301,LNZ,1,3
202301,LNZ,2,1
202301,LNZ,2,2
202301,LNZ,2,3
202301,SZG,1,1
202301,SZG,1,2
202301,SZG,2,1
202301,SZG,2,2
202302,VIE,1,1
202302,VIE,1,2
202302,VIE,1,3
202302,VIE,2,1
202302,VIE,2,2
202302,VIE,2,3
202302,GRZ,1,1
202302,GRZ,1,2
202302,GRZ,2,1
202302,GRZ,2,2
202302,GRZ,2,3
202302,INN,1,1
202302,INN,1,2
202302,INN,2,1
202302,INN,2,2
202302,KLU,1,1
202302,KLU,1,2
202302,KLU,2,1
202302,KLU,2,2
202302,LNZ,1,1
202302,LNZ,1,2
202302,LNZ,2,1
202302,LNZ,2,2
202302,LNZ,2,3
202302,SZG,1,1
202302,SZG,1,2
202302,SZG,2,1
202302,SZG,2,2
202303,VIE,1,1
202303,VIE,1,2
202303,VIE,1,3
202303,VIE,2,1
202303,VIE,2,2
202303,VIE,2,3
202303,GRZ,1,1
202303,GRZ,1,2
202303,GRZ,2,1
202303,GRZ,2,2
202303,GRZ,2,3
202303,INN,1,1
202303,INN,1,2
202303,INN,2,1
202303,INN,2,2
202303,KLU,1,1
202303,KLU,1,2
202303,KLU,2,1
202303,KLU,2,2
202303,LNZ,1,1
202303,LNZ,1,2
202303,LNZ,2,1
202303,LNZ,2,2
202303,LNZ,2,3
202303,SZG,1,1
202303,SZG,1,2
202303,SZG,2,1
202303,SZG,2,2
202303,SZG,2,3
202304,VIE,1,1
202304,VIE,1,2
202304,VIE,1,3
202304,VIE,2,1
202304,VIE,2,2
202304,VIE,2,3
202304,GRZ,1,1
202304,GRZ,1,2
202304,GRZ,2,1
202304,GRZ,2,2
202304,GRZ,2,3
202304,INN,1,1
202304,INN,1,2
202304,INN,2,1
202304,INN,2,2
202304,INN,2,3
202304,KLU,1,1
202304,KLU,1,2
202304,KLU,2,1
202304,KLU,2,2
202304,KLU,2,3
202304,LNZ,1,1
202304,LNZ,1,2
202304,LNZ,2,1
202304,LNZ,2,2
202304,LNZ,2,3
202304,SZG,1,1
202304,SZG,1,2
202304,SZG,1,3
202304,SZG,2,1
202304,SZG,2,2
202305,VIE,1,1
202305,VIE,1,2
202305,VIE,1,3
202305,VIE,2,1
202305,VIE,2,2
202305,VIE,2,3
202305,GRZ,1,1
202305,GRZ,1,2
202305,GRZ,1,3
202305,GRZ,2,1
202305,GRZ,2,2
202305,GRZ,2,3
202305,INN,1,1
202305,INN,1,2
202305,INN,2,1
202305,INN,2,2
202305,KLU,1,1
202305,KLU,1,2
202305,KLU,2,1
202305,KLU,2,2
202305,KLU,2,3
202305,LNZ,1,1
202305,LNZ,1,2
202305,LNZ,2,1
202305,LNZ,2,2
202305,LNZ,2,3
202305,SZG,1,1
202305,SZG,1,2
202305,SZG,1,3
202305,SZG,2,1
202305,SZG,2,2
202305,SZG,2,3
202306,VIE,1,1
202306,VIE,1,2
202306,VIE,1,3
202306,VIE,2,1
202306,VIE,2,2
202306,VIE,2,3
202306,GRZ,1,1
202306,GRZ,1,2
202306,GRZ,2,1
202306,GRZ,2,2
202306,GRZ,2,3
202306,INN,1,1
202306,INN,1,2
202306,INN,2,1
202306,INN,2,2
202306,KLU,1,1
202306,KLU,1,2
202306,KLU,2,1
202306,KLU,2,2
202306,LNZ,1,1
202306,LNZ,1,2
202306,LNZ,1,3
202306,LNZ,2,1
202306,LNZ,2,2
202306,LNZ,2,3
202306,SZG,1,1
202306,SZG,1,2
202306,SZG,1,3
202306,SZG,2,1
202306,SZG,2,2
202307,VIE,1,1
202307,VIE,1,2
202307,VIE,1,3
202307,VIE,2,1
202307,VIE,2,2
202307,VIE,2,3
202307,GRZ,1,1
202307,GRZ,1,2
202307,GRZ,2,1
202307,GRZ,2,2
202307,GRZ,2,3
202307,INN,1,1
202307,INN,1,2
202307,INN,2,1
202307,INN,2,2
202307,KLU,1,1
202307,KLU,1,2
202307,KLU,2,1
202307,KLU,2,2
202307,LNZ,1,1
202307,LNZ,1,2
202307,LNZ,2,1
202307,LNZ,2,2
202307,LNZ,2,3
202307,SZG,1,1
202307,SZG,1,2
202307,SZG,1,3
202307,SZG,2,1
202307,SZG,2,2
202307,SZG,2,3
202308,VIE,1,1
202308,VIE,1,2
202308,VIE,1,3
202308,VIE,2,1
202308,VIE,2,2
202308,VIE,2,3
202308,GRZ,1,1
202308,GRZ,1,2
202308,GRZ,2,1
202308,GRZ,2,2
202308,GRZ,2,3
202308,INN,1,1
202308,INN,1,2
202308,INN,2,1
202308,INN,2,2
202308,KLU,1,1
202308,KLU,1,2
202308,KLU,2,1
202308,KLU,2,2
202308,LNZ,1,1
202308,LNZ,1,2
202308,LNZ,1,3
202308,LNZ,2,1
202308,LNZ,2,2
202308,LNZ,2,3
202308,SZG,1,1
202308,SZG,1,2
202308,SZG,2,1
202308,SZG,2,2
202309,VIE,1,1
202309,VIE,1,2
202309,VIE,1,3
202309,VIE,2,1
202309,VIE,2,2
202309,VIE,2,3
202309,GRZ,1,1
202309,GRZ,1,2
202309,GRZ,2,1
202309,GRZ,2,2
202309,GRZ,2,3
202309,INN,1,1
202309,INN,1,2
202309,INN,2,1
202309,INN,2,2
202309,KLU,1,1
202309,KLU,1,2
202309,KLU,2,1
202309,KLU,2,2
202309,LNZ,1,1
202309,LNZ,1,2
202309,LNZ,1,3
202309,LNZ,2,1
202309,LNZ,2,2
202309,LNZ,2,3
202309,SZG,1,1
202309,SZG,1,2
202309,SZG,1,3
202309,SZG,2,1
202309,SZG,2,2
202310,VIE,1,1
202310,VIE,1,2
202310,VIE,1,3
202310,VIE,2,1
202310,VIE,2,2
202310,VIE,2,3
202310,GRZ,1,1
202310,GRZ,1,2
202310,GRZ,2,1
202310,GRZ,2,2
202310,GRZ,2,3
202310,INN,1,1
202310,INN,1,2
202310,INN,2,1
202310,INN,2,2
202310,KLU,1,1
202310,KLU,1,2
202310,KLU,2,1
202310,KLU,2,2
202310,LNZ,1,1
202310,LNZ,1,2
202310,LNZ,2,1
202310,LNZ,2,2
202310,LNZ,2,3
202310,SZG,1,1
202310,SZG,1,2
202310,SZG,1,3
202310,SZG,2,1
202310,SZG,2,2
202311,VIE,1,1
202311,VIE,1,2
202311,VIE,1,3
202311,VIE,2,1
202311,VIE,2,2
202311,VIE,2,3
202311,GRZ,1,1
202311,GRZ,1,2
202311,GRZ,2,1
202311,GRZ,2,2
202311,GRZ,2,3
202311,INN,1,1
202311,INN,1,2
202311,INN,2,1
202311,INN,2,2
202311,KLU,1,1
202311,KLU,1,2
202311,LNZ,1,1
202311,LNZ,1,2
202311,LNZ,2,1
202311,LNZ,2,2
202311,LNZ,2,3
202311,SZG,1,1
202311,SZG,1,2
202311,SZG,2,1
202311,SZG,2,2
202312,VIE,1,1
202312,VIE,1,2
202312,VIE,1,3
202312,VIE,2,1
202312,VIE,2,2
202312,VIE,2,3
202312,GRZ,1,1
202312,GRZ,1,2
202312,GRZ,2,1
202312,GRZ,2,2
202312,INN,1,1
202312,INN,1,2
202312,INN,2,1
202312,INN,2,2
202312,KLU,1,1
202312,KLU,1,2
202312,LNZ,1,1
202312,LNZ,1,2
202312,LNZ,1,3
202312,LNZ,2,1
202312,LNZ,2,2
202312,LNZ,2,3
202312,SZG,1,1
202312,SZG,1,2
202312,SZG,2,1
202312,SZG,2,2
202312,SZG,2,3
202401,VIE,1,1
202401,VIE,1,2
202401,VIE,1,3
202401,VIE,2,1
202401,VIE,2,2
202401,VIE,2,3
202401,GRZ,1,1
202401,GRZ,1,2
202401,GRZ,1,3
202401,GRZ,2,1
202401,GRZ,2,2
202401,INN,1,1
202401,INN,1,2
202401,INN,2,1
202401,INN,2,2
202401,KLU,1,1
202401,KLU,1,2
202401,LNZ,1,1
202401,LNZ,1,2
202401,LNZ,2,1
202401,LNZ,2,2
202401,LNZ,2,3
202401,SZG,1,1
202401,SZG,1,2
202401,SZG,2,1
202401,SZG,2,2
202402,VIE,1,1
202402,VIE,1,2
202402,VIE,1,3
202402,VIE,2,1
202402,VIE,2,2
202402,VIE,2,3
202402,GRZ,1,1
202402,GRZ,1,2
202402,GRZ,2,1
202402,GRZ,2,2
202402,GRZ,2,3
202402,INN,1,1
202402,INN,1,2
202402,INN,2,1
202402,INN,2,2
202402,KLU,1,1
202402,KLU,1,2
202402,KLU,2,1
202402,KLU,2,2
202402,LNZ,1,1
202402,LNZ,1,2
202402,LNZ,2,1
202402,LNZ,2,2
202402,LNZ,2,3
202402,SZG,1,1
202402,SZG,1,2
202402,SZG,2,1
202402,SZG,2,2
202403,VIE,1,1
202403,VIE,1,2
202403,VIE,1,3
202403,VIE,2,1
202403,VIE,2,2
202403,VIE,2,3
202403,GRZ,1,1
202403,GRZ,1,2
202403,GRZ,2,1
202403,GRZ,2,2
202403,GRZ,2,3
202403,INN,1,1
202403,INN,1,2
202403,INN,2,1
202403,INN,2,2
202403,KLU,1,1
202403,KLU,1,2
202403,LNZ,1,1
202403,LNZ,1,2
202403,LNZ,2,1
202403,LNZ,2,2
202403,LNZ,2,3
202403,SZG,1,1
202403,SZG,1,2
202403,SZG,2,1
202403,SZG,2,2
202404,VIE,1,1
202404,VIE,1,2
202404,VIE,1,3
202404,VIE,2,1
202404,VIE,2,2
202404,VIE,2,3
202404,GRZ,1,1
202404,GRZ,1,2
202404,GRZ,2,1
202404,GRZ,2,2
202404,GRZ,2,3
202404,INN,1,1
202404,INN,1,2
202404,INN,2,1
202404,INN,2,2
202404,KLU,1,1
202404,KLU,1,2
202404,KLU,2,1
202404,KLU,2,2
202404,LNZ,1,1
202404,LNZ,1,2
202404,LNZ,2,1
202404,LNZ,2,2
202404,LNZ,2,3
202404,SZG,1,1
202404,SZG,1,2
202404,SZG,1,3
202404,SZG,2,1
202404,SZG,2,2
202405,VIE,1,1
202405,VIE,1,2
202405,VIE,1,3
202405,VIE,2,1
202405,VIE,2,2
202405,VIE,2,3
202405,GRZ,1,1
202405,GRZ,1,2
202405,GRZ,1,3
202405,GRZ,2,1
202405,GRZ,2,2
202405,GRZ,2,3
202405,INN,1,1
202405,INN,1,2
202405,INN,2,1
202405,INN,2,2
202405,KLU,1,1
202405,KLU,1,2
202405,KLU,2,1
202405,KLU,2,2
202405,LNZ,1,1
202405,LNZ,1,2
202405,LNZ,2,1
202405,LNZ,2,2
202405,LNZ,2,3
202405,SZG,1,1
202405,SZG,1,2
202405,SZG,1,3
202405,SZG,2,1
202405,SZG,2,2
202405,SZG,2,3
202406,VIE,1,1
202406,VIE,1,2
202406,VIE,1,3
202406,VIE,2,1
202406,VIE,2,2
202406,VIE,2,3
202406,GRZ,1,1
202406,GRZ,1,2
202406,GRZ,1,3
202406,GRZ,2,1
202406,GRZ,2,2
202406,GRZ,2,3
202406,INN,1,1
202406,INN,1,2
202406,INN,2,1
202406,INN,2,2
202406,KLU,1,1
202406,KLU,1,2
202406,KLU,2,1
202406,KLU,2,2
202406,LNZ,1,1
202406,LNZ,1,2
202406,LNZ,2,1
202406,LNZ,2,2
202406,LNZ,2,3
202406,SZG,1,1
202406,SZG,1,2
202406,SZG,2,1
202406,SZG,2,2
202407,VIE,1,1
202407,VIE,1,2
202407,VIE,1,3
202407,VIE,2,1
202407,VIE,2,2
202407,VIE,2,3
202407,GRZ,1,1
202407,GRZ,1,2
202407,GRZ,1,3
202407,GRZ,2,1
202407,GRZ,2,2
202407,GRZ,2,3
202407,INN,1,1
202407,INN,1,2
202407,INN,2,1
202407,INN,2,2
202407,KLU,1,1
202407,KLU,1,2
202407,KLU,2,1
202407,KLU,2,2
202407,LNZ,1,1
202407,LNZ,1,2
202407,LNZ,1,3
202407,LNZ,2,1
202407,LNZ,2,2
202407,LNZ,2,3
202407,SZG,1,1
202407,SZG,1,2
202407,SZG,1,3
202407,SZG,2,1
202407,SZG,2,2
202408,VIE,1,1
202408,VIE,1,2
202408,VIE,1,3
202408,VIE,2,1
202408,VIE,2,2
202408,VIE,2,3
202408,GRZ,1,1
202408,GRZ,1,2
202408,GRZ,1,3
202408,GRZ,2,1
202408,GRZ,2,2
202408,GRZ,2,3
202408,INN,1,1
202408,INN,1,2
202408,INN,2,1
202408,INN,2,2
202408,KLU,1,1
202408,KLU,1,2
202408,KLU,2,1
202408,KLU,2,2
202408,LNZ,1,1
202408,LNZ,1,2
202408,LNZ,1,3
202408,LNZ,2,1
202408,LNZ,2,2
202408,LNZ,2,3
202408,SZG,1,1
202408,SZG,1,2
202408,SZG,1,3
202408,SZG,2,1
202408,SZG,2,2
202409,VIE,1,1
202409,VIE,1,2
202409,VIE,1,3
202409,VIE,2,1
202409,VIE,2,2
202409,VIE,2,3
202409,GRZ,1,1
202409,GRZ,1,2
202409,GRZ,2,1
202409,GRZ,2,2
202409,GRZ,2,3
202409,INN,1,1
202409,INN,1,2
202409,INN,2,1
202409,INN,2,2
202409,KLU,1,1
202409,KLU,1,2
202409,KLU,2,1
202409,KLU,2,2
202409,LNZ,1,1
202409,LNZ,1,2
202409,LNZ,2,1
202409,LNZ,2,2
202409,LNZ,2,3
202409,SZG,1,1
202409,SZG,1,2
202409,SZG,1,3
202409,SZG,2,1
202409,SZG,2,2
202409,SZG,2,3
202410,VIE,1,1
202410,VIE,1,2
202410,VIE,1,3
202410,VIE,2,1
202410,VIE,2,2
202410,VIE,2,3
202410,GRZ,1,1
202410,GRZ,1,2
202410,GRZ,2,1
202410,GRZ,2,2
202410,GRZ,2,3
202410,INN,1,1
202410,INN,1,2
202410,INN,2,1
202410,INN,2,2
202410,KLU,1,1
202410,KLU,1,2
202410,KLU,2,1
202410,KLU,2,2
202410,LNZ,1,1
202410,LNZ,1,2
202410,LNZ,2,1
202410,LNZ,2,2
202410,LNZ,2,3
202410,SZG,1,1
202410,SZG,1,2
202410,SZG,1,3
202410,SZG,2,1
202410,SZG,2,2
202411,VIE,1,1
202411,VIE,1,2
202411,VIE,1,3
202411,VIE,2,1
202411,VIE,2,2
202411,VIE,2,3
202411,GRZ,1,1
202411,GRZ,1,2
202411,GRZ,2,1
202411,GRZ,2,2
202411,GRZ,2,3
202411,INN,1,1
202411,INN,1,2
202411,INN,2,1
202411,INN,2,2
202411,KLU,1,1
202411,KLU,1,2
202411,KLU,2,1
202411,KLU,2,2
202411,KLU,2,3
202411,LNZ,1,1
202411,LNZ,1,2
202411,LNZ,2,1
202411,LNZ,2,2
202411,LNZ,2,3
202411,SZG,1,1
202411,SZG,1,2
202411,SZG,2,1
202411,SZG,2,2
202412,VIE,1,1
202412,VIE,1,2
202412,VIE,1,3
202412,VIE,2,1
202412,VIE,2,2
202412,VIE,2,3
202412,GRZ,1,1
202412,GRZ,1,2
202412,GRZ,2,1
202412,GRZ,2,2
202412,GRZ,2,3
202412,INN,1,1
202412,INN,1,2
202412,INN,2,1
202412,INN,2,2
202412,KLU,1,1
202412,KLU,1,2
202412,LNZ,1,1
202412,LNZ,1,2
202412,LNZ,1,3
202412,LNZ,2,1
202412,LNZ,2,2
202412,LNZ,2,3
202412,SZG,1,1
202412,SZG,1,2
202412,SZG,2,1
202412,SZG,2,2
202412,SZG,2,3
202501,VIE,1,1
202501,VIE,1,2
202501,VIE,1,3
202501,VIE,2,1
202501,VIE,2,2
202501,VIE,2,3
202501,GRZ,1,1
202501,GRZ,1,2
202501,GRZ,2,1
202501,GRZ,2,2
202501,GRZ,2,3
202501,INN,1,1
202501,INN,1,2
202501,INN,2,1
202501,INN,2,2
202501,KLU,1,1
202501,KLU,1,2
202501,KLU,2,1
202501,KLU,2,2
202501,LNZ,1,1
202501,LNZ,1,2
202501,LNZ,1,3
202501,LNZ,2,1
202501,LNZ,2,2
202501,LNZ,2,3
202501,SZG,1,1
202501,SZG,1,2
202501,SZG,2,1
202501,SZG,2,2
202502,VIE,1,1
202502,VIE,1,2
202502,VIE,1,3
202502,VIE,2,1
202502,VIE,2,2
202502,VIE,2,3
202502,GRZ,1,1
202502,GRZ,1,2
202502,GRZ,2,1
202502,GRZ,2,2
202502,GRZ,2,3
202502,INN,1,1
202502,INN,1,2
202502,INN,2,1
202502,INN,2,2
202502,KLU,1,1
202502,KLU,1,2
202502,KLU,2,1
202502,KLU,2,2
202502,LNZ,1,1
202502,LNZ,1,2
202502,LNZ,2,1
202502,LNZ,2,2
202502,LNZ,2,3
202502,SZG,1,1
202502,SZG,1,2
202502,SZG,2,1
202502,SZG,2,2
202503,VIE,1,1
202503,VIE,1,2
202503,VIE,1,3
202503,VIE,2,1
202503,VIE,2,2
202503,VIE,2,3
202503,GRZ,1,1
202503,GRZ,1,2
202503,GRZ,2,1
202503,GRZ,2,2
202503,GRZ,2,3
202503,INN,1,1
202503,INN,1,2
202503,INN,2,1
202503,INN,2,2
202503,KLU,1,1
202503,KLU,1,2
202503,LNZ,1,1
202503,LNZ,1,2
202503,LNZ,2,1
202503,LNZ,2,2
202503,LNZ,2,3
202503,SZG,1,1
202503,SZG,1,2
202503,SZG,2,1
202503,SZG,2,2
202504,VIE,1,1
202504,VIE,1,2
202504,VIE,1,3
202504,VIE,2,1
202504,VIE,2,2
202504,VIE,2,3
202504,GRZ,1,1
202504,GRZ,1,2
202504,GRZ,2,1
202504,GRZ,2,2
202504,GRZ,2,3
202504,INN,1,1
202504,INN,1,2
202504,INN,2,1
202504,INN,2,2
202504,INN,2,3
202504,KLU,1,1
202504,KLU,1,2
202504,KLU,2,1
202504,KLU,2,2
202504,KLU,2,3
202504,LNZ,1,1
202504,LNZ,1,2
202504,LNZ,1,3
202504,LNZ,2,1
202504,LNZ,2,2
202504,LNZ,2,3
202504,SZG,1,1
202504,SZG,1,2
202504,SZG,2,1
202504,SZG,2,2
202505,VIE,1,1
202505,VIE,1,2
202505,VIE,1,3
202505,VIE,2,1
202505,VIE,2,2
202505,VIE,2,3
202505,GRZ,1,1
202505,GRZ,1,2
202505,GRZ,1,3
202505,GRZ,2,1
202505,GRZ,2,2
202505,GRZ,2,3
202505,INN,1,1
202505,INN,1,2
202505,INN,2,1
202505,INN,2,2
202505,KLU,1,1
202505,KLU,1,2
202505,KLU,2,1
202505,KLU,2,2
202505,KLU,2,3
202505,LNZ,1,1
202505,LNZ,1,2
202505,LNZ,1,3
202505,LNZ,2,1
202505,LNZ,2,2
202505,LNZ,2,3
202505,SZG,1,1
202505,SZG,1,2
202505,SZG,1,3
202505,SZG,2,1
202505,SZG,2,2
202505,SZG,2,3
202506,VIE,1,1
202506,VIE,1,2
202506,VIE,1,3
202506,VIE,2,1
202506,VIE,2,2
202506,VIE,2,3
202506,GRZ,1,1
202506,GRZ,1,2
202506,GRZ,1,3
202506,GRZ,2,1
202506,GRZ,2,2
202506,GRZ,2,3
202506,INN,1,1
202506,INN,1,2
202506,INN,2,1
202506,INN,2,2
202506,KLU,1,1
202506,KLU,1,2
202506,KLU,2,1
202506,KLU,2,2
202506,LNZ,1,1
202506,LNZ,1,2
202506,LNZ,1,3
202506,LNZ,2,1
202506,LNZ,2,2
202506,LNZ,2,3
202506,SZG,1,1
202506,SZG,1,2
202506,SZG,1,3
202506,SZG,2,1
202506,SZG,2,2
202507,VIE,1,1
202507,VIE,1,2
202507,VIE,1,3
202507,VIE,2,1
202507,VIE,2,2
202507,VIE,2,3
202507,GRZ,1,1
202507,GRZ,1,2
202507,GRZ,1,3
202507,GRZ,2,1
202507,GRZ,2,2
202507,INN,1,1
202507,INN,1,2
202507,INN,2,1
202507,INN,2,2
202507,KLU,1,1
202507,KLU,1,2
202507,KLU,2,1
202507,KLU,2,2
202507,LNZ,1,1
202507,LNZ,1,2
202507,LNZ,1,3
202507,LNZ,2,1
202507,LNZ,2,2
202507,LNZ,2,3
202507,SZG,1,1
202507,SZG,1,2
202507,SZG,1,3
202507,SZG,2,1
202507,SZG,2,2
202508,VIE,1,1
202508,VIE,1,2
202508,VIE,1,3
202508,VIE,2,1
202508,VIE,2,2
202508,VIE,2,3
202508,GRZ,1,1
202508,GRZ,1,2
202508,GRZ,2,1
202508,GRZ,2,2
202508,INN,1,1
202508,INN,1,2
202508,INN,2,1
202508,INN,2,2
202508,INN,2,3
202508,KLU,1,1
202508,KLU,1,2
202508,KLU,2,1
202508,KLU,2,2
202508,LNZ,1,1
202508,LNZ,1,2
202508,LNZ,2,1
202508,LNZ,2,2
202508,LNZ,2,3
202508,SZG,1,1
202508,SZG,1,2
202508,SZG,2,1
202508,SZG,2,2
202509,VIE,1,1
202509,VIE,1,2
202509,VIE,1,3
202509,VIE,2,1
202509,VIE,2,2
202509,VIE,2,3
202509,GRZ,1,1
202509,GRZ,1,2
202509,GRZ,2,1
202509,GRZ,2,2
202509,GRZ,2,3
202509,INN,1,1
202509,INN,1,2
202509,INN,2,1
202509,INN,2,2
202509,KLU,1,1
202509,KLU,1,2
202509,KLU,2,1
202509,KLU,2,2
202509,KLU,2,3
202509,LNZ,1,1
202509,LNZ,1,2
202509,LNZ,1,3
202509,LNZ,2,1
202509,LNZ,2,2
202509,LNZ,2,3
202509,SZG,1,1
202509,SZG,1,2
202509,SZG,1,3
202509,SZG,2,1
202509,SZG,2,2
202510,VIE,1,1
202510,VIE,1,2
202510,VIE,1,3
202510,VIE,2,1
202510,VIE,2,2
202510,VIE,2,3
202510,GRZ,1,1
202510,GRZ,1,2
202510,GRZ,2,1
202510,GRZ,2,2
202510,INN,1,1
202510,INN,1,2
202510,INN,2,1
202510,INN,2,2
202510,KLU,1,1
202510,KLU,1,2
202510,KLU,2,1
202510,KLU,2,2
202510,LNZ,1,1
202510,LNZ,1,2
202510,LNZ,2,1
202510,LNZ,2,2
202510,LNZ,2,3
202510,SZG,1,1
202510,SZG,1,2
202510,SZG,2,1
202510,SZG,2,2
202510,SZG,2,3
202511,VIE,1,1
202511,VIE,1,2
202511,VIE,1,3
202511,VIE,2,1
202511,VIE,2,2
202511,VIE,2,3
202511,GRZ,1,1
202511,GRZ,1,2
202511,GRZ,2,1
202511,GRZ,2,2
202511,GRZ,2,3
202511,INN,1,1
202511,INN,1,2
202511,INN,2,1
202511,INN,2,2
202511,KLU,1,1
202511,KLU,1,2
202511,LNZ,1,1
202511,LNZ,1,2
202511,LNZ,2,1
202511,LNZ,2,2
202511,LNZ,2,3
202511,SZG,1,1
202511,SZG,1,2
202511,SZG,1,3
202511,SZG,2,1
202511,SZG,2,2
