F-ZLFFLUG,F-ZLFPAX,F-ZLFFRACHT,F-ZLFPOST,F-ZLFPAXEND,Jahr,Monat
0.5174352289392211,0.18646370208203178,0.2657691085770067,0.18626997777037546,0.0,0.0,0.0
0.5194720547498778,0.19166833991543272,0.28402147579535875,0.310423620505639,0.19454348987624867,0.0,0.0
0.0,0.003906275301140616,0.010668607179305142,0.01262737846785542,0.0,0.0,0.0
0.02892292651132475,0.01207271065711276,0.03287592847317744,5.778342771293193e-05,0.0,0.0,0.0
0.028189669219488348,0.012344748521014925,0.029273958379553624,5.183513368365953e-05,0.012529927790800111,0.0,0.0
0.0,0.0013554787071488842,0.009684838265962638,0.0004010849688309393,0.0,0.0,0.0
0.03780348704578784,0.008177034233786514,0.0047055774947863515,0.00016825174539941945,0.0,0.0,0.0
0.036418445494541304,0.008436117913693338,0.003183529307361228,0.0,0.008562665178096503,0.0,0.0
0.0,0.0001672267388489501,1.7748591205573058e-06,0.0,0.0,0.0,0.0
0.004073651621313346,0.0014744216692879261,0.0,0.0,0.0,0.0,0.0
0.005214274075281082,0.0014255490660327753,0.0,0.0,0.001446933230695305,0.0,0.0
0.0,0.0003668389376862532,0.0,0.0,0.0,0.0,0.0
0.03584813426755744,0.007554055748919651,0.0023306030083862094,0.008223941373614048,0.0,0.0,0.0
0.03633697246211504,0.008486756996584218,0.001214003638461197,0.007483803645114581,0.008614063880219508,0.0,0.0
0.0,9.597872687457347e-05,0.0,0.0,0.0,0.0,0.0
0.01710933680951605,0.012377133981003279,1.0649154723343835e-05,0.0,0.0,0.0,0.0
0.01686491771223725,0.010958650833513417,0.0,0.0,0.01112303773501459,0.0,0.0
0.0,0.00011364352323185693,0.0,0.0,0.0,0.0,0.0
0.020205312041714194,0.003355133654793372,0.0003501442073035453,0.0,0.0,0.0,0.0
0.020449731138992993,0.003838560248437696,0.00023243555042818477,0.0,0.0038961411527892163,0.0,0.0
0.001710933680951605,0.00040982327548897627,0.0,0.0,0.0,0.0,0.0
0.0014665145836728042,0.0002779261293545931,0.0,0.0,0.00028209520234951833,0.0,0.0
0.0,0.00029971271152857607,0.0,0.0,0.0,0.0,0.0
0.04024767801857585,0.006350494290443404,0.0036559258108887606,0.00341432077280236,0.0,0.0,0.0
0.04008473195372332,0.006732053891760727,0.001908541509517682,0.0,0.006833039085724668,0.0,0.0
0.0,0.0008190577244327098,7.099436482229223e-06,0.0,0.0,0.0,0.0
0.007658465048069089,0.0027521752724647634,0.004422167990415761,0.0,0.0,0.0,0.0
0.007984357177774157,0.0025248882260010493,0.0032234281403913565,0.0,0.0025627631942261326,0.0,0.0
0.0,0.0006441762404956036,0.0,0.0,0.0,0.0,0.0
0.054342512628320024,0.012166334077806361,0.0019145760305275769,0.005028007967314974,0.0,0.0,0.0
0.053935147466188695,0.013970498612430247,0.0019150019967165107,0.00511298359630458,0.01418006519267939,0.0,0.0
0.0,0.0012241703875597437,5.899631716732484e-05,0.0005353464626345164,0.0,0.0,0.0
0.019146162620172723,0.017469305944262856,0.0,0.0,0.0,0.0,0.0
0.019553527782304056,0.014702998834712266,0.0,0.0,0.014923553395481935,0.0,0.0
0.0,0.0015868875394292976,2.4280072769223943e-05,0.0,0.0,0.0,0.0
0.520449731138993,0.20043302304137153,0.2897515729688956,0.18679002861979185,0.0,0.0,0.09090909090909091
0.5202053120417142,0.19974645128961846,0.32512849092603274,0.30766446183234647,0.20274277818352204,0.0,0.09090909090909091
0.0,0.003583598354347571,0.02156993388649776,0.013698071393124452,0.0,0.0,0.09090909090909091
0.028841453478898483,0.013744389219057018,0.0047104761059590895,0.00020819029102453417,0.0,0.0,0.09090909090909091
0.029167345608603554,0.014562858116944485,0.0034345653813728535,8.497562898960578e-07,0.014781310475653151,0.0,0.09090909090909091
0.0,0.0017464595331900914,0.0016781647956693438,0.0007137952835126885,0.0,0.0,0.09090909090909091
0.03788496007821411,0.009846946316095043,0.005646820783600302,0.0002676732313172582,0.0,0.0,0.09090909090909091
0.037559067948509044,0.009994152952405739,0.004408750055464348,0.0,0.010144071757369439,0.0,0.09090909090909091
0.0,0.00012836418686292648,0.0,0.0,0.0,0.0,0.09090909090909091
0.00448101678344468,0.0022952458733563642,6.176509739539424e-06,0.0,0.0,0.0,0.09090909090909091
0.00472543588072348,0.002461294959114829,7.525402671162977e-05,0.0,0.00249821598690887,0.0,0.09090909090909091
0.0,0.0004598735318346128,0.0,0.0,0.0,0.0,0.09090909090909091
0.034951930910868505,0.008501477660215287,0.002694733105559746,0.009153574754760335,0.0,0.0,0.09090909090909091
0.035196350008147304,0.008456138016231593,0.001608519323778675,0.005497923195627494,0.0085829855952149,0.0,0.09090909090909091
0.0,5.358321561709316e-05,0.0,0.0,0.0,0.0,0.09090909090909091
0.016294606485253382,0.012221683773059183,0.0,0.0,0.0,0.0,0.09090909090909091
0.015887241323122046,0.012412463573717844,0.0,0.00019969272812557357,0.012598658613406455,0.0,0.09090909090909091
0.0,0.00015486138139885166,0.0,0.0,0.0,0.0,0.09090909090909091
0.02183477269023953,0.004122374643244717,0.000408856547011581,0.0,0.0,0.0,0.09090909090909091
0.0221606648199446,0.0041671254606831685,0.00015476771531259707,0.0,0.00422963505726174,0.0,0.09090909090909091
0.001710933680951605,0.00047930480782762457,0.0,0.0,0.0,0.0,0.09090909090909091
0.0013850415512465374,0.0005635070037973424,0.0,0.0,0.0005719599759501886,0.0,0.09090909090909091
0.0,0.000353884753690912,0.0004633802191951014,0.0,0.0,0.0,0.09090909090909091
0.039921785888870784,0.007780165142292879,0.004390788481164308,0.004100923855038375,0.0,0.0,0.09090909090909091
0.04049209711585465,0.007774865703385694,0.0016016328703909127,0.00016485272023983522,0.007891493753862373,0.0,0.09090909090909091
0.0,0.0007554644575464894,1.6399698273949506e-05,6.968001577147675e-05,0.0,0.0,0.09090909090909091
0.009858236923578295,0.0036772217750411736,0.005147304432710654,0.0,0.0,0.0,0.09090909090909091
0.009287925696594427,0.0038055859619041,0.0032108621378178106,0.0,0.0038626722304765616,0.0,0.09090909090909091
0.0,0.000877940378956988,0.0,0.0,0.0,0.0,0.09090909090909091
0.05483135082287763,0.013949889683346749,0.0015962372986644184,0.005781741796452777,0.0,0.0,0.09090909090909091
0.054342512628320024,0.013730257381971192,0.0019603673958379555,0.005090889932767282,0.013936220187258621,0.0,0.09090909090909091
0.0,0.0014938529452809379,0.00042454630163730756,0.00031695909613122956,0.0,0.0,0.09090909090909091
0.021101515398403128,0.020216181777820436,0.0,0.0,0.0,0.0,0.09090909090909091
0.02159035359296073,0.020095472336045663,1.725163065181701e-05,0.0,0.020396917512255003,0.0,0.09090909090909091
0.0,0.0016646126434013448,0.0,0.0,0.0,0.0,0.09090909090909091
0.574792243767313,0.2431594548172783,0.3364983094466877,0.20178907689274717,0.0,0.0,0.18181818181818182
0.5755255010591495,0.2401399522932733,0.37876700536894886,0.3257447264124649,0.24374220801652408,0.0,0.18181818181818182
0.0,0.004327286280989205,0.014193477392731952,0.012008755888811088,0.0,0.0,0.18181818181818182
0.03315952419749063,0.015287114767593106,0.04070483205395572,0.0,0.0,0.0,0.18181818181818182
0.03234479387322796,0.016447103061721386,0.030144349292274927,0.0,0.016693820322090564,0.0,0.18181818181818182
0.0,0.0016039635092413383,0.0018044637706882017,8.497562898960578e-07,0.0,0.0,0.18181818181818182
0.04358807234805279,0.01057414709946988,0.005068642676487553,0.00030336299549289265,0.0,0.0,0.18181818181818182
0.04342512628320026,0.010432239902066369,0.0040003194746417005,0.0,0.010588730296666137,0.0,0.18181818181818182
0.0,0.00011953178868428476,0.0,0.0,0.0,0.0,0.18181818181818182
0.003992178588887079,0.0019337063745772961,1.7748591205573057e-05,0.0,0.0,0.0,0.18181818181818182
0.004073651621313346,0.0020779688781617776,0.0001526378843679283,0.0,0.002109139765024259,0.0,0.18181818181818182
0.0,0.000491670165277723,0.0,0.0,0.0,0.0,0.18181818181818182
0.04057357014828092,0.009112090787632051,0.0025704219727559125,0.007866193975567808,0.0,0.0,0.18181818181818182
0.04024767801857585,0.009578441411464335,0.001842232772773661,0.006280548738621763,0.009722124272499183,0.0,0.18181818181818182
0.0,1.7075969812040677e-05,0.0,0.0,0.0,0.0,0.18181818181818182
0.01393188854489164,0.008953107620416501,0.0,0.0,0.0,0.0,0.18181818181818182
0.014094834609744174,0.011006934610223324,0.0,0.0,0.011172045799829548,0.0,0.18181818181818182
0.0,0.00013189714613438317,0.0,0.0,0.0,0.0,0.18181818181818182
0.023871598500896204,0.004473904090754658,0.00036519501264587124,0.0,0.0,0.0,0.18181818181818182
0.024034544565748737,0.004470371131483201,0.00018650219638816168,0.0,0.004537429610672761,0.0,0.18181818181818182
0.0010591494215414698,0.00028263674171653537,0.0,0.0,0.0,0.0,0.18181818181818182
0.0008962033566889359,0.00037154955004819546,0.0,0.0,0.00037712303534437726,0.0,0.18181818181818182
0.0,0.00017605913702759183,0.0,0.0,0.0,0.0,0.18181818181818182
0.0455434251262832,0.008478513424950818,0.0035229533655766073,0.005137626528711565,0.0,0.0,0.18181818181818182
0.04611373635326707,0.008308342553375654,0.0010825930691751341,0.0,0.008432973104134966,0.0,0.18181818181818182
0.0,0.0008897169098618437,4.046678794870657e-06,0.0,0.0,0.0,0.18181818181818182
0.011161805442398566,0.0043773365373348415,0.005632479921906199,0.0,0.0,0.0,0.18181818181818182
0.010347075118135898,0.00503093400255433,0.003419798553489817,0.0,0.005106401289987891,0.0,0.18181818181818182
0.0,0.0010269134949034118,0.0,0.0,0.0,0.0,0.18181818181818182
0.058579110314485906,0.014131248259281526,0.0016663797311088433,0.006142888219658602,0.0,0.0,0.18181818181818182
0.05792732605507577,0.01451516316677982,0.002029018946621112,0.006220216042039143,0.014732900070165205,0.0,0.18181818181818182
0.0,0.0014632339649283132,7.291121267249412e-05,0.00031271031468174925,0.0,0.0,0.18181818181818182
0.019797946879582858,0.014261967752325423,0.0,0.0,0.0,0.0,0.18181818181818182
0.020205312041714194,0.017923880037190285,1.9310467231663488e-05,0.0,0.018192749914235886,0.0,0.18181818181818182
0.0,0.0020968113276095468,0.0,0.0,0.0,0.0,0.18181818181818182
0.5756069740915757,0.25046561459065075,0.31032879265208324,0.20138034411730715,0.0,0.0,0.2727272727272727
0.5733257291836402,0.2528886358243248,0.3439303545281093,0.3246230481098021,0.2566821301056542,0.0,0.2727272727272727
0.0,0.004658795625960891,0.01903862980875893,0.011635712877546719,0.0,0.0,0.2727272727272727
0.045787844223562,0.030351653101084442,0.001803824821404801,5.608391513313982e-05,0.0,0.0,0.2727272727272727
0.04904676552061268,0.033831617983469287,0.015013604295159072,0.00014360881299243378,0.03433911429278374,0.0,0.2727272727272727
0.0,0.0013961077387706362,0.0030330212539379686,8.497562898960578e-05,0.0,0.0,0.2727272727272727
0.044565748737167996,0.010525863322759971,0.004669796334915916,0.00019204492151650906,0.0,0.0,0.2727272727272727
0.0443213296398892,0.010704866592513776,0.0019113812841105738,8.497562898960578e-07,0.01086544656507255,0.0,0.2727272727272727
0.0,0.0001766479635728346,0.00017571105293517328,0.0,0.0,0.0,0.2727272727272727
0.007251099885937755,0.003918640658590714,4.351954563606514e-05,0.0,0.0,0.0,0.2727272727272727
0.0074955189832165555,0.0046446637888750645,0.0,0.0,0.004714336771468222,0.0,0.2727272727272727
0.0,0.001210038550473917,0.0,0.0,0.0,0.0,0.2727272727272727
0.044565748737167996,0.007370341866803903,0.0018768070284421175,0.005915153533966458,0.0,0.0,0.2727272727272727
0.04497311389929933,0.007952691320049015,0.0015220481874251232,0.006153935051427251,0.008071986870619904,0.0,0.2727272727272727
0.0,7.478097124583331e-05,0.0,0.0,0.0,0.0,0.2727272727272727
0.006517842594101353,0.00254196419581309,0.0,0.0,0.0,0.0,0.2727272727272727
0.005947531367117484,0.004159470715595012,0.0,0.0,0.0042218654860105885,0.0,0.2727272727272727
0.0,0.00015132842212739497,0.0,0.0,0.0,0.0,0.2727272727272727
0.021916245722665796,0.004310210311177164,0.00027020455251364423,0.0,0.0,0.0,0.2727272727272727
0.02207919178751833,0.004268403626464926,0.00014823623374894617,5.948294029272405e-06,0.004332432461507751,0.0,0.2727272727272727
0.0013035685188202706,0.0006406432812241468,0.0,0.0,0.0,0.0,0.2727272727272727
0.0012220954863940035,0.000661841036852887,0.0,0.0,0.0006717690835611412,0.0,0.2727272727272727
0.0,0.0003603618456885826,0.0,0.0,0.0,0.0,0.2727272727272727
0.044484275704741734,0.007674176364149178,0.0012126547455295737,0.0025739118020951593,0.0,0.0,0.2727272727272727
0.04391396447775786,0.008015106933844749,0.00028390646492434664,0.00012576393090461656,0.008135338759283144,0.0,0.2727272727272727
0.0,0.0008808845116832018,7.099436482229224e-07,4.248781449480289e-06,0.0,0.0,0.2727272727272727
0.014828091901580577,0.00881944399464639,0.00439582908106669,0.0,0.0,0.0,0.2727272727272727
0.015479876160990712,0.009374707426810333,0.002628069396991614,0.0,0.00951533414535314,0.0,0.2727272727272727
0.0,0.0011676430392164366,0.0,0.0,0.0,0.0,0.2727272727272727
0.054016620498614956,0.01259971041510505,0.0010532723965035276,0.005237048014629405,0.0,0.0,0.2727272727272727
0.05466840475802509,0.01310374593783287,0.0004831876469805209,0.005519167102874895,0.01330031066331818,0.0,0.2727272727272727
0.0,0.0013601893195108264,4.8347162443981006e-05,5.183513368365953e-05,0.0,0.0,0.2727272727272727
0.015642822225843248,0.008774693177207938,0.0,0.0,0.0,0.0,0.2727272727272727
0.015153984031285645,0.012247003314504623,8.448329413852776e-06,0.0,0.01243071634251617,0.0,0.2727272727272727
0.0,0.001825951116797867,0.0,0.0,0.0,0.0,0.2727272727272727
0.6191950464396285,0.2789966160138445,0.35224564050228513,0.18239678860102923,0.0,0.0,0.36363636363636365
0.6186247352126446,0.2751668881635854,0.39450304832053956,0.32084163261976467,0.27929457074314157,0.0,0.36363636363636365
0.0,0.005027401043282873,0.01913681501530816,0.011257571328542973,0.0,0.0,0.36363636363636365
0.05417956656346749,0.029622097011528636,0.01783385543772463,0.00018014833345796427,0.0,0.0,0.36363636363636365
0.054016620498614956,0.03312208199645173,0.018841904423836358,0.0,0.03361893480373465,0.0,0.36363636363636365
0.0,0.0024895586332864825,0.0056259484403425476,8.497562898960578e-07,0.0,0.0,0.36363636363636365
0.052550105914942156,0.012700988580886807,0.004963571016550561,0.00019289467780640512,0.0,0.0,0.36363636363636365
0.05222421378523709,0.012378900460639006,0.0025366286551005016,8.497562898960578e-07,0.012564592031766788,0.0,0.36363636363636365
0.0,0.000137785411586811,0.0,0.0,0.0,0.0,0.36363636363636365
0.013524523382760306,0.004940843541132184,0.0026564671429205305,0.0,0.0,0.0,0.36363636363636365
0.013768942480039107,0.006468848426037203,0.0029643697031548123,0.0,0.0065658853665504415,0.0,0.36363636363636365
0.0,0.0015550909059861874,0.0,0.0,0.0,0.0,0.36363636363636365
0.04969854978002281,0.008691668634328705,0.0026979278519767493,0.006409711694685964,0.0,0.0,0.36363636363636365
0.05010591494215415,0.008502655313305772,0.0016288237121178507,0.005016961135546325,0.008630200682048825,0.0,0.36363636363636365
0.0,8.008041015301835e-05,0.0,0.0,0.0,0.0,0.36363636363636365
0.011243278474824833,0.005320636662813778,0.0,0.0,0.0,0.0,0.36363636363636365
0.010754440280267232,0.006285723370466698,0.0,0.0,0.006380013315849806,0.0,0.36363636363636365
0.0,0.0007784286928109579,0.0,0.0,0.0,0.0,0.36363636363636365
0.02452338276030634,0.004717678280485169,0.00015100501397701557,0.0,0.0,0.0,0.36363636363636365
0.02476780185758514,0.00453160909218845,0.0001469583351821449,0.0,0.004599586180681977,0.0,0.36363636363636365
0.0014665145836728042,0.0001601608203060367,0.0,0.0,0.0,0.0,0.36363636363636365
0.0013035685188202706,0.00041394506130567574,9.939211075120912e-05,0.0,0.0004201545068892191,0.0,0.36363636363636365
0.0,0.00016604908575846452,0.0,0.0,0.0,0.0,0.36363636363636365
0.05605344630927163,0.009884631214990582,0.0008234636375737676,0.008220542348454464,0.0,0.0,0.36363636363636365
0.0566237575362555,0.009769810038668239,0.0003370812441762435,6.288196545230828e-05,0.009916363553777984,0.0,0.36363636363636365
0.0,0.0010828520167014762,0.0,0.0,0.0,0.0,0.36363636363636365
0.019635000814730325,0.007808428816464532,0.008361645294404757,0.0,0.0,0.0,0.36363636363636365
0.01898321655532019,0.009302870588290713,0.00746789723565692,1.6995125797921155e-05,0.009442419707457713,0.0,0.36363636363636365
0.0,0.0011170039563255575,0.0,0.0,0.0,0.0,0.36363636363636365
0.057764379990223234,0.013216211807974242,0.0011112747925633402,0.005965289155070326,0.0,0.0,0.36363636363636365
0.057764379990223234,0.01281993154302585,0.0005110174379908595,0.0050823923698683215,0.013012238867698546,0.0,0.36363636363636365
0.0,0.0017564695844592187,1.2778985668012601e-05,0.0003356537345089428,0.0,0.0,0.36363636363636365
0.0226495030145022,0.015843555852847534,0.0,0.0,0.0,0.0,0.36363636363636365
0.0226495030145022,0.01458935531148041,3.166348671074233e-05,0.0,0.014808205145368679,0.0,0.36363636363636365
0.0,0.0022039777588437333,0.0,0.0,0.0,0.0,0.36363636363636365
0.5907609581228613,0.2701212334974,0.3412038159471092,0.1722880877764257,0.0,0.0,0.45454545454545453
0.5923904187713867,0.276671928813226,0.36513488041886677,0.3050310670899586,0.2808221879829834,0.0,0.45454545454545453
0.0,0.004828966497536055,0.01584643918888938,0.009815534904589364,0.0,0.0,0.45454545454545453
0.07299983705393515,0.04627234523135878,0.014411217109641923,5.098537739376347e-06,0.0,0.0,0.45454545454545453
0.07259247189180382,0.05609102787328217,0.012165949327772109,1.6995125797921155e-05,0.05693242983180671,0.0,0.45454545454545453
0.0,0.0027162568532049535,0.006608936415672006,0.00014445856928232983,0.0,0.0,0.45454545454545453
0.05026886100700668,0.01157103044056591,0.0042319740870568395,0.00014445856928232983,0.0,0.0,0.45454545454545453
0.04994296887730161,0.01151803605149406,0.0026052092115188357,4.248781449480289e-06,0.011690814095675696,0.0,0.45454545454545453
0.0,9.362342069360234e-05,0.0,0.0,0.0,0.0,0.45454545454545453
0.0224050839172234,0.012216973160697241,0.002344588898256201,0.0,0.0,0.0,0.45454545454545453
0.022730976046928468,0.01293651919898392,0.002985739006966322,0.0,0.01313057541444686,0.0,0.45454545454545453
0.0,0.0021109431646953733,0.0,0.0,0.0,0.0,0.45454545454545453
0.04896529248818641,0.00872228761468133,0.0014942893907796068,0.007130305028517821,0.0,0.0,0.45454545454545453
0.049372657650317744,0.008475569292224604,0.0013133957492124063,0.00514102555387115,0.008602708353006286,0.0,0.45454545454545453
0.0,9.421224723884512e-05,0.0,0.0,0.0,0.0,0.45454545454545453
0.01849437836076259,0.01044283877988074,0.0,0.0,0.0,0.0,0.45454545454545453
0.018087013198631253,0.010034193157482248,0.0,0.0,0.010184712591606233,0.0,0.45454545454545453
0.0,0.0009880509429173881,0.0,0.0,0.0,0.0,0.45454545454545453
0.03193742871109663,0.005121613290521718,0.00020155300173048765,0.0,0.0,0.0,0.45454545454545453
0.030633860192276357,0.004761840271378378,0.00013907796068687048,0.0,0.0048332709775435485,0.0,0.45454545454545453
0.0,0.0,6.389492834006301e-06,0.0,0.0,0.0,0.45454545454545453
0.0046439628482972135,0.001931351068396325,0.0,0.0,0.0,0.0,0.45454545454545453
0.005866058334691217,0.0020432281119924537,2.839774592891689e-07,0.0,0.0020738778647305693,0.0,0.45454545454545453
0.0,0.0006606633837624014,0.0,0.0,0.0,0.0,0.45454545454545453
0.05417956656346749,0.008801190371743864,0.00116856724497493,0.0021804746398732845,0.0,0.0,0.45454545454545453
0.05556460811471403,0.008407265412976442,0.0002527399387673603,0.0,0.00853337987107293,0.0,0.45454545454545453
0.0,0.0009538990032933068,1.7393619381461597e-05,0.0,0.0,0.0,0.45454545454545453
0.025826951279126608,0.014212506322525029,0.007092337045746994,0.0,0.0,0.0,0.45454545454545453
0.024278963663027536,0.015827657536125982,0.005205306828770466,0.0,0.016065082710074265,0.0,0.45454545454545453
0.0,0.001215926815926345,0.0,0.0,0.0,0.0,0.45454545454545453
0.05792732605507577,0.013075482263661217,0.0012094599991125704,0.004835113289508569,0.0,0.0,0.45454545454545453
0.05800879908750204,0.012757515929230115,0.0006592536717398057,0.004779029374375429,0.012948886979035306,0.0,0.45454545454545453
0.0,0.0015285937114502622,1.242401384390114e-05,0.0001087688051066954,0.0,0.0,0.45454545454545453
0.028026723154635814,0.023354627263964464,0.0,0.0,0.0,0.0,0.45454545454545453
0.02794525012220955,0.02254499076425564,1.1643075830855926e-05,0.0,0.022883180312623642,0.0,0.45454545454545453
0.0,0.0026980032303024273,0.0,0.0,0.0,0.0,0.45454545454545453
0.6117810004888382,0.2806094119212645,0.3350105515374717,0.21262771837037137,0.0,0.0,0.5454545454545454
0.6111292162294281,0.3010458148270057,0.40005658250876336,0.32513630090889933,0.3055616981653054,0.0,0.5454545454545454
0.0,0.004435630365313877,0.023418840129564716,0.005704413974072236,0.0,0.0,0.5454545454545454
0.08685025256640053,0.07175322515019493,0.014179491502861961,0.00019034540893671695,0.0,0.0,0.5454545454545454
0.08742056379338439,0.07848292373577469,0.0178713404623508,0.0,0.07966021871940732,0.0,0.5454545454545454
0.0,0.0032567996217378273,0.008300519146292764,0.00013851027525305743,0.0,0.0,0.5454545454545454
0.05189832165553202,0.011725302995419518,0.0046371389270976615,0.0,0.0,0.0,0.5454545454545454
0.05197979468795828,0.012483122759146979,0.0035116652615698627,0.0,0.012670377732647857,0.0,0.5454545454545454
0.0,0.00015545020794409446,3.066956560323024e-05,0.0,0.0,0.0,0.5454545454545454
0.023545706371191136,0.013775008199409643,0.0029363269290500066,0.0,0.0,0.0,0.5454545454545454
0.023464233338764868,0.014772480367050915,0.002954359497714869,0.0,0.014994077196069313,0.0,0.5454545454545454
0.0,0.0023547173544258854,0.0,0.0,0.0,0.0,0.5454545454545454
0.047987616099071206,0.00782491595973133,0.00276359763943737,0.006400364375497108,0.0,0.0,0.5454545454545454
0.04855792732605507,0.008517964803482084,0.0015369570040378044,0.006898321561376197,0.008645739824551128,0.0,0.5454545454545454
0.0,7.772510397204723e-05,1.0081199804765497e-05,0.0,0.0,0.0,0.5454545454545454
0.02134593449568193,0.011281916606851704,2.55579713360252e-06,0.0,0.0,0.0,0.5454545454545454
0.020368258106566728,0.011794195701212923,0.0,0.0,0.011971116320044179,0.0,0.5454545454545454
0.0,0.001124069874868471,0.0,0.0,0.0,0.0,0.5454545454545454
0.031693009613817824,0.0054684321256697165,0.0001725873008829924,0.0,0.0,0.0,0.5454545454545454
0.03079680625712889,0.00550729467765574,0.00019722234547632782,0.0,0.00558990768554035,0.0,0.5454545454545454
0.00472543588072348,0.002341763170430544,0.0,0.0,0.0,0.0,0.5454545454545454
0.00554016620498615,0.0023452961297020006,0.0,0.0,0.002380477099487567,0.0,0.5454545454545454
0.0,0.00047047240964898286,0.0,0.0,0.0,0.0,0.5454545454545454
0.056460811471402965,0.0080639795370999,0.0011379686737365221,0.004275973650756963,0.0,0.0,0.5454545454545454
0.05743848786051817,0.009054974612743502,0.0003899720459688512,0.0,0.00919080513078579,0.0,0.5454545454545454
0.0,0.0012712765111791663,1.8245551759329102e-05,8.497562898960577e-06,0.0,0.0,0.5454545454545454
0.02794525012220955,0.01818060841091614,0.005604366153436571,0.0,0.0,0.0,0.5454545454545454
0.027049046765520612,0.019624411099851437,0.003084634157163775,0.0,0.019918790050645653,0.0,0.5454545454545454
0.0,0.0014591121791116138,0.003672751475351644,0.0,0.0,0.0,0.5454545454545454
0.05743848786051817,0.013639578094003802,0.0013141056928606292,0.0050585991937512325,0.0,0.0,0.5454545454545454
0.05792732605507577,0.014223694026884642,0.0007832808270843501,0.0058607691314131105,0.014437058703294418,0.0,0.5454545454545454
0.0,0.0012112162035644025,1.9949416515064116e-05,0.0002719220127667385,0.0,0.0,0.5454545454545454
0.02867850741404595,0.024303815654895828,5.1825886320273325e-06,0.0,0.0,0.0,0.5454545454545454
0.028189669219488348,0.02513818286950485,6.247504104361717e-05,0.0,0.02551527198878313,0.0,0.5454545454545454
0.0,0.0027939819571770005,0.0,0.0,0.0,0.0,0.5454545454545454
0.6116180544239856,0.290132503637476,0.3107268580556418,0.21306449310337794,0.0,0.0,0.6363636363636364
0.6102330128727391,0.2825943462052779,0.35977445090295956,0.31975904310643705,0.28683344549406703,0.0,0.6363636363636364
0.0,0.004532197918733693,0.016511727381639082,0.015344049326653116,0.0,0.0,0.6363636363636364
0.07992504481016784,0.07367456616732213,0.014439188889381905,0.00012151514945513627,0.0,0.0,0.6363636363636364
0.08147303242626691,0.06797708051555297,0.01615455473221813,0.0,0.06899678100686471,0.0,0.6363636363636364
0.0,0.002587303839796784,0.007883569241691441,0.0,0.0,0.0,0.6363636363636364
0.05010591494215415,0.010989858640411283,0.00500503172560678,0.0,0.0,0.0,0.6363636363636364
0.05026886100700668,0.011016944661492452,0.0037316767981541467,0.0,0.011182206008388746,0.0,0.6363636363636364
0.0,0.00013366362577011152,0.0,0.0,0.0,0.0,0.6363636363636364
0.021101515398403128,0.01363486748164186,0.0029780716155655145,0.0,0.0,0.0,0.6363636363636364
0.021020042365976863,0.013785607077224012,0.003076398810844389,0.0,0.013992400163997719,0.0,0.6363636363636364
0.0,0.0019419499462106952,0.0,0.0,0.0,0.0,0.6363636363636364
0.04611373635326707,0.007975655555313483,0.0018748901805919155,0.005499622708207286,0.0,0.0,0.6363636363636364
0.04668404758025094,0.007844936062269586,0.0015502329502595732,0.006586461002984344,0.007962615213776765,0.0,0.6363636363636364
0.0,3.8862551986023616e-05,0.0,0.0,0.0,0.0,0.6363636363636364
0.017598175004073652,0.011360819363914237,2.3073168567244975e-05,0.0,0.0,0.0,0.6363636363636364
0.017190809841942316,0.011371418241728607,0.0,0.0,0.011541996923249784,0.0,0.6363636363636364
0.0,0.001045167117805938,0.0,0.0,0.0,0.0,0.6363636363636364
0.029656183803161155,0.005218769670486777,0.0001541997603940187,0.0,0.0,0.0,0.6363636363636364
0.029085872576177285,0.005482563962755543,0.0001798287260948662,0.0,0.005564805993805859,0.0,0.6363636363636364
0.004399543751018413,0.0022864134751777224,0.0,0.0,0.0,0.0,0.6363636363636364
0.00472543588072348,0.0023223318944375322,0.0,0.0,0.002357168385734111,0.0,0.6363636363636364
0.0,0.00044691934783927154,0.0,0.0,0.0,0.0,0.6363636363636364
0.05792732605507577,0.008507954752212957,0.0013730310156631316,0.0068881244858974445,0.0,0.0,0.6363636363636364
0.05825321818478084,0.008198231989415255,0.00035433287482806053,0.00022433566053255927,0.008321210809983779,0.0,0.6363636363636364
0.0,0.0012806977359030509,4.117673159692949e-06,0.0,0.0,0.0,0.6363636363636364
0.025908424311552877,0.018367855252303344,0.004490535563739628,0.0,0.0,0.0,0.6363636363636364
0.02550105914942154,0.01771543544017434,0.0033309136087323068,0.0,0.017981178512473748,0.0,0.6363636363636364
0.0,0.0017488148393710627,0.0043236278120424194,0.0,0.0,0.0,0.6363636363636364
0.057519960892944436,0.014476300614793797,0.0014373519101921286,0.005273587535094935,0.0,0.0,0.6363636363636364
0.05792732605507577,0.015213511449437759,0.00043015485645826865,0.005577800286877724,0.01544172403200107,0.0,0.6363636363636364
0.0,0.0011470341101329393,5.892532280250255e-06,0.0002073405347346381,0.0,0.0,0.6363636363636364
0.02900439954375102,0.025975494216840086,0.0001636420109153836,0.0,0.0,0.0,0.6363636363636364
0.028597034381619684,0.02658610734425685,1.5618760260904292e-05,0.00014615808186212195,0.02698491627390488,0.0,0.6363636363636364
0.0,0.002792804304086515,0.0,0.0,0.0,0.0,0.6363636363636364
0.5999674107870295,0.2975764488224352,0.3465023383768913,0.2406501315422737,0.0,0.0,0.7272727272727273
0.598908261365488,0.2903586130308492,0.3861267071926166,0.35241517732714256,0.2947141813800432,0.0,0.7272727272727273
0.0,0.0052299573748463895,0.021409628610729023,0.006565217095736943,0.0,0.0,0.7272727272727273
0.07405898647547662,0.06035589854047564,0.021078865865021962,0.00015720491363077068,0.0,0.0,0.7272727272727273
0.07503666286459182,0.052038134762376106,0.014088618715889427,0.0,0.05281874068398524,0.0,0.7272727272727273
0.0,0.0028375551215249666,0.0029018946621111948,0.0,0.0,0.0,0.7272727272727273
0.049372657650317744,0.012991868894236742,0.00494433154368372,0.0,0.0,0.0,0.7272727272727273
0.04961707674759654,0.01283053042084022,0.003694404756622443,0.0,0.013022996735584757,0.0,0.7272727272727273
0.0,0.00010304464541748686,0.0,0.0,0.0,0.0,0.7272727272727273
0.021427407528108195,0.01381681488412188,0.0028361538802857524,0.0,0.0,0.0,0.7272727272727273
0.021427407528108195,0.011326667424290155,0.0032751830323468076,0.0,0.011496574814396896,0.0,0.7272727272727273
0.0,0.0023058447511707346,0.0,0.0,0.0,0.0,0.7272727272727273
0.04953560371517028,0.009157430431615746,0.001680649598438124,0.00763506026471608,0.0,0.0,0.7272727272727273
0.04986149584487535,0.008850062974999014,0.0018314416293206727,0.006790402512559398,0.008982819684985722,0.0,0.7272727272727273
0.0,0.0002873473540784776,0.0,0.0,0.0,0.0,0.7272727272727273
0.016457552550105916,0.009446544265329952,0.0,0.0,0.0,0.0,0.7272727272727273
0.016376079517679647,0.009031421550933791,0.0,8.327611640981367e-05,0.009166898757705324,0.0,0.7272727272727273
0.0,0.0010799078839752623,0.0,0.0,0.0,0.0,0.7272727272727273
0.026478735538536743,0.00506920772799511,0.0004366863380219195,3.2290739016050196e-05,0.0,0.0,0.7272727272727273
0.026804627668241814,0.005207581966127165,0.00018692816257709545,0.0,0.005285699088091399,0.0,0.7272727272727273
0.004806908913149747,0.0023788592427808394,0.0,0.0,0.0,0.0,0.7272727272727273
0.0046439628482972135,0.002279347556634809,0.0,0.0,0.0023135392548622575,0.0,0.7272727272727273
0.0,0.00045045230711072824,0.0,0.0,0.0,0.0,0.7272727272727273
0.04994296887730161,0.00958374085037152,0.001134276966765763,0.003630158870435959,0.0,0.0,0.7272727272727273
0.050594753136711745,0.009309347680288384,0.00047388738518880065,0.00015380588847118646,0.00944899396005484,0.0,0.7272727272727273
0.0,0.0011299581403208987,6.1055153747171314e-06,0.0,0.0,0.0,0.7272727272727273
0.024116017598175003,0.015302424257769419,0.00486162310866575,0.0,0.0,0.0,0.7272727272727273
0.02395307153332247,0.012430128370075129,0.003162160003549718,0.0,0.012616588393216806,0.0,0.7272727272727273
0.0,0.001248312275914698,0.0066376891334250345,0.0,0.0,0.0,0.7272727272727273
0.057519960892944436,0.014376788928647766,0.001262776767094112,0.00719743577541961,0.0,0.0,0.7272727272727273
0.05727554179566564,0.013726724422699734,0.0005627723299463105,0.005741803250827663,0.01393263423129655,0.0,0.7272727272727273
0.0,0.0015786439677958986,1.4198872964458447e-06,0.0007562830980074914,0.0,0.0,0.7272727272727273
0.025256640052142742,0.021280191345074143,3.9259883746727604e-05,0.0,0.0,0.0,0.7272727272727273
0.025338113084569007,0.02070608546346243,2.4706038958157698e-05,0.0,0.021016690234366128,0.0,0.7272727272727273
0.0,0.002231652606470144,0.0,0.0,0.0,0.0,0.7272727272727273
0.6168323284992667,0.2765841936579848,0.3787146825220748,0.24734196232520514,0.0,0.0,0.8181818181818182
0.6182988430829396,0.28894955110808324,0.4139773705462129,0.3925313220168456,0.2932839826105042,0.0,0.8181818181818182
0.0,0.005420737175505052,0.025860975285086747,0.011232928396135988,0.0,0.0,0.8181818181818182
0.05002444190972788,0.0362652380949577,0.01915449261214891,3.059122643625808e-05,0.0,0.0,0.8181818181818182
0.04839498126120254,0.02801460054301584,0.015778639570484095,0.0,0.028434837801235242,0.0,0.8181818181818182
0.0,0.0017735455542712594,0.0049262279806540354,3.568976417563443e-05,0.0,0.0,0.8181818181818182
0.051572429525826954,0.012651527151086415,0.005825087633669078,0.0,0.0,0.0,0.8181818181818182
0.05140948346097442,0.01306547221239209,0.003920308825486977,0.0,0.01326146280706242,0.0,0.8181818181818182
0.0,0.0001277753603176837,0.0,0.0,0.0,0.0,0.8181818181818182
0.013361577317907773,0.007213714005769322,0.003350650042152904,0.0,0.0,0.0,0.8181818181818182
0.01368746944761284,0.0058676565233443225,0.0033628610729023382,0.0,0.005955675193671505,0.0,0.8181818181818182
0.0,0.0016993534095706688,0.0,0.0,0.0,0.0,0.8181818181818182
0.05140948346097442,0.008916600374611448,0.0022215556640191683,0.00750759682123167,0.0,0.0,0.8181818181818182
0.05124653739612189,0.009381184518808003,0.001915072991081333,0.006264403369113738,0.009521908397950267,0.0,0.8181818181818182
0.0,0.0003951026118579067,0.0,0.0,0.0,0.0,0.8181818181818182
0.007821411112921624,0.004678226901953903,7.426010560411768e-05,0.0,0.0,0.0,0.8181818181818182
0.008310249307479225,0.0036460139681433064,9.648134179349515e-05,0.0,0.0037007065528563933,0.0,0.8181818181818182
0.0,0.0007160130790152229,0.0,0.0,0.0,0.0,0.8181818181818182
0.026397262506110478,0.004662917411777591,0.00022597506322935616,0.0,0.0,0.0,0.8181818181818182
0.026641681603389276,0.004914346346596259,0.00015952433775569063,0.0,0.004988064743239576,0.0,0.8181818181818182
0.002770083102493075,0.001072253138887106,0.0,0.0,0.0,0.0,0.8181818181818182
0.0025256640052142743,0.0006011919026928805,0.0,0.0,0.0006102101728789369,0.0,0.8181818181818182
0.0,0.0002608501595425524,0.0,0.0,0.0,0.0,0.8181818181818182
0.04880234642333388,0.008969005937138055,0.0011312952034432267,0.003838349161460493,0.0,0.0,0.8181818181818182
0.04880234642333388,0.009398849315165287,0.0003360163287039091,2.379317611708962e-05,0.009539838177760619,0.0,0.8181818181818182
0.0,0.0008573314498734906,5.679549185783378e-07,0.0,0.0,0.0,0.8181818181818182
0.017190809841942316,0.008133461069438548,0.005777095443049208,0.0,0.0,0.0,0.8181818181818182
0.01710933680951605,0.006633131032159939,0.003489302036650841,0.0,0.006732632318786704,0.0,0.8181818181818182
0.0,0.0009232800229406822,0.006838532191507299,0.0,0.0,0.0,0.8181818181818182
0.05727554179566564,0.011874864937911185,0.0013875848604517017,0.006394416081467835,0.0,0.0,0.8181818181818182
0.05743848786051817,0.012731607561239432,0.0007055419976039402,0.005344967063446204,0.012922589968646791,0.0,0.8181818181818182
0.0,0.0014850205471022963,2.1298309446687668e-06,0.0002838186008252833,0.0,0.0,0.8181818181818182
0.012546846993645104,0.009421813550429755,2.136930381150996e-05,0.0,0.0,0.0,0.8181818181818182
0.012628320026071371,0.009203358902144684,1.9168478502018902e-05,0.0,0.009341415281192736,0.0,0.8181818181818182
0.0,0.0018442047397003933,0.0,0.0,0.0,0.0,0.8181818181818182
0.589457389604041,0.24269251536690076,0.3387047433109997,0.27967858818090974,0.0,0.0,0.9090909090909091
0.5908424311552876,0.23735303625463922,0.42448730532014023,0.4382720035893706,0.24091348642177776,0.0,0.9090909090909091
0.0,0.0043773365373348415,0.022516501752673383,0.010048368128020884,0.0,0.0,0.9090909090909091
0.02598989734397914,0.014416829133724276,0.01760802236322492,0.0,0.0,0.0,0.9090909090909091
0.024849274890011406,0.012818753889935364,0.01570388250432622,6.713074690178856e-05,0.013011043549044522,0.0,0.9090909090909091
0.0,0.001220637428288287,0.0036590495629409414,0.0010698431689791367,0.0,0.0,0.9090909090909091
0.05026886100700668,0.011888996774997012,0.005240520033722323,0.0,0.0,0.0,0.9090909090909091
0.050513280104285484,0.011493894163139106,0.004920974397657186,0.0,0.011666310063268216,0.0,0.9090909090909091
0.0,0.00019490158647536085,0.00010585259795003771,0.0,0.0,0.0,0.9090909090909091
0.006354896529248819,0.0024430413362123028,0.0009726227980654036,0.0,0.0,0.0,0.9090909090909091
0.0061104774319700175,0.0022828805159062658,0.003424981142121844,0.0,0.002317125210824328,0.0,0.9090909090909091
0.0,0.0003067786300714894,0.0,0.0,0.0,0.0,0.9090909090909091
0.04749877790451361,0.008689313328147734,0.001737232107201491,0.006725821034527298,0.0,0.0,0.9090909090909091
0.04717288577480854,0.008623953581625786,0.001571602254071083,0.006418209257584925,0.008753318503413232,0.0,0.9090909090909091
0.0,0.0,0.0,2.5492688696881735e-05,0.0,0.0,0.9090909090909091
0.00236271794036174,0.0008767627258665024,0.0,0.0,0.0,0.0,0.9090909090909091
0.002688610070066808,0.0005022690430920931,0.0,0.0,0.0005098034059409728,0.0,0.9090909090909091
0.0,0.0002219876075565288,0.0,0.0,0.0,0.0,0.9090909090909091
0.025908424311552877,0.004423265007863778,0.0001270089186670808,0.0,0.0,0.0,0.9090909090909091
0.025745478246700343,0.004429153273316206,6.247504104361717e-05,0.0,0.0044955934577819425,0.0,0.9090909090909091
0.0004888381945576015,8.950163487690286e-05,0.0,0.0,0.0,0.0,0.9090909090909091
0.0005703112269838683,9.244576760311677e-05,0.0,0.0,9.383251434083555e-05,0.0,0.9090909090909091
0.04155124653739612,0.009031421550933791,0.0010786883791099081,0.0036267598452763747,0.0,0.0,0.9090909090909091
0.04179566563467492,0.008879504302261153,0.00021617784088387985,0.0,0.009012702651336307,0.0,0.9090909090909091
0.0,0.0006842164455721127,7.454408306340684e-06,0.0,0.0,0.0,0.9090909090909091
0.010998859377546032,0.0037455256542893362,0.005021147446421441,0.0,0.0,0.0,0.9090909090909091
0.010510021182988431,0.0032944845206333653,0.003516989838931535,0.0,0.0033439039346304135,0.0,0.9090909090909091
0.0,0.00029323561953090545,0.006682983538181657,0.0,0.0,0.0,0.9090909090909091
0.047009939709956004,0.009410037019524899,0.0010797532945822426,0.005359412920374436,0.0,0.0,0.9090909090909091
0.04643962848297214,0.009039076296021947,0.0007322358787771221,0.00582422961094758,0.009174668328956475,0.0,0.9090909090909091
0.0,0.0009468330847503934,6.3894928340063e-07,0.0,0.0,0.0,0.9090909090909091
0.0070881538210852205,0.0054990511060223415,6.361095088077384e-05,0.0,0.0,0.0,0.9090909090909091
0.007576992015642822,0.003958092037121981,0.0,0.0,0.004017465996172589,0.0,0.9090909090909091
0.0,0.0008738185931402885,0.0,0.0,0.0,0.0,0.9090909090909091
0.5496985497800229,0.22574078795590632,0.3281083374007188,0.2809787153044507,0.0,0.0,1.0
0.5490467655206127,0.2280572315848914,0.4005739894395882,0.6085376713958437,0.23147823862624417,0.0,1.0
0.0,0.004774794455373719,0.020606540355859255,0.013274892760756215,0.0,0.0,1.0
0.02550105914942154,0.012469579748606395,0.017839605981275236,0.0,0.0,0.0,1.0
0.02501222095486394,0.0131055124174686,0.01700563517770777,0.00013426149380357712,0.013302103641299216,0.0,1.0
0.0,0.0006453538935860891,0.0029497448640014197,8.327611640981367e-05,0.0,0.0,1.0
0.0450545869317256,0.009642623504895798,0.00469315348094245,0.0,0.0,0.0,1.0
0.0448101678344468,0.009544289471840254,0.003751555220304388,0.0,0.009687460031532506,0.0,1.0
0.0,8.420219596971783e-05,0.0,0.0,0.0,0.0,1.0
0.00448101678344468,0.0016263389179605639,0.0021707946931712294,0.0,0.0,0.0,1.0
0.00472543588072348,0.0017458707066448486,0.003166490659803878,0.0,0.001772059904589665,0.0,1.0
0.0,0.0003939249587674212,0.0,0.0,0.0,0.0,1.0
0.045624898158709466,0.009501893960582774,0.0013697652748813063,0.009179067443457216,0.0,0.0,1.0
0.04538047906143067,0.008120506885443206,0.001407605271331588,0.011231228883556196,0.008242319778818237,0.0,1.0
0.0,1.0598877814370076e-05,0.0,0.0,0.0,0.0,1.0
0.006925207756232687,0.0050450658396401565,0.0,0.0,0.0,0.0,1.0
0.007006680788658954,0.0023647274056950124,0.0,0.0,0.0024001998572789527,0.0,1.0
0.0,0.00011364352323185693,0.0,0.0,0.0,0.0,1.0
0.024278963663027536,0.004327286280989205,0.00014099480853707236,0.0,0.0,0.0,1.0
0.024278963663027536,0.0038226619317161406,0.0002258330744997116,0.0,0.0038800043509599007,0.0,1.0
0.0007332572918364021,0.00011894296213904197,0.0,0.0,0.0,0.0,1.0
0.0008962033566889359,9.715637996505904e-05,0.0,0.0,9.861378895692908e-05,0.0,1.0
0.03869969040247678,0.007082405686180182,0.0009025513599858012,0.003511192989850511,0.0,0.0,1.0
0.03845527130519798,0.007110080533806593,0.00014418955495407553,0.0,0.007216736373666174,0.0,1.0
0.0,0.0006070801681453083,0.0029923414828947953,0.0,0.0,0.0,1.0
0.009369398729020694,0.0023105553635326768,0.006016133469405866,0.0,0.0,0.0,1.0
0.009776763891152028,0.0022593274540965544,0.0024436970315481208,0.0,0.00229321883774386,0.0,1.0
0.0,0.0001996121988373031,0.002293614944313795,0.0,0.0,0.0,1.0
0.045461952093856936,0.0099688334109603,0.001047095886763988,0.006642544918117484,0.0,0.0,1.0
0.04497311389929933,0.00865457256197841,0.0006238274836934818,0.009871618819722504,0.00878439678841784,0.0,1.0
0.0,0.000634755015771719,2.2008253094910593e-06,0.0,0.0,0.0,1.0
0.013198631253055239,0.012587933884200195,0.00017145139104583575,0.0,0.0,0.0,1.0
0.013605996415186573,0.00854858378383471,5.544659892621023e-05,0.0,0.008676818109555735,0.0,1.0
0.0,0.0012930630933531493,0.0,0.0,0.0,0.0,1.0
0.5773993808049536,0.20993491700195432,0.30046618449660556,0.24507226327489276,0.0,0.04,0.0
0.5794362066156102,0.21413089496335438,0.3084875538004171,0.3873783998749159,0.21734299788309067,0.04,0.0
0.0,0.004429153273316206,0.01892581976305631,0.010557372145668622,0.0,0.04,0.0
0.022242137852370867,0.010344504746825195,0.015648009939211074,0.0,0.0,0.04,0.0
0.02134593449568193,0.009975899329503213,0.014835834405644052,0.0,0.010125544318232076,0.04,0.0
0.0,0.0008661638480521323,0.0018380441052491458,0.0,0.0,0.04,0.0
0.04855792732605507,0.009639679372169585,0.00503321648844123,0.0,0.0,0.04,0.0
0.04847645429362881,0.010037137290208463,0.0025002085459466653,0.0,0.010187700888241292,0.04,0.0
0.0,0.0003238545998835301,0.0,0.0,0.0,0.04,0.0
0.005132801042854815,0.0016228059586891072,0.0033769889515019745,0.0,0.0,0.04,0.0
0.0050513280104285485,0.0016145623870557084,0.0037199627279584685,0.0,0.0016387818746660579,0.04,0.0
0.0,0.0003709607235029527,0.0,0.0,0.0,0.04,0.0
0.04774319700179241,0.00995411274732923,0.0013882948040999247,0.007114159659009796,0.0,0.04,0.0
0.048150562163923744,0.010799667666297865,0.0015395837955362293,0.006765759580152412,0.010961669716721432,0.04,0.0
0.0,1.1187704359612858e-05,0.0,0.0,0.0,0.04,0.0
0.01653902558253218,0.011893707387358954,0.0,0.0,0.0,0.04,0.0
0.01605018738797458,0.011278972474125489,0.0,0.0,0.011448164408908949,0.04,0.0
0.0,0.00032974286533595795,0.0,0.0,0.0,0.04,0.0
0.02656020857096301,0.004158293062504526,0.00011458490482317966,0.0,0.0,0.04,0.0
0.026478735538536743,0.004784804506642847,0.0001387939832275813,0.0,0.004856579691297005,0.04,0.0
0.0007332572918364021,0.00018135857593477687,0.0,0.0,0.0,0.04,0.0
0.0008147303242626691,0.00019431275993011808,0.0,0.0,0.00019722757791385817,0.04,0.0
0.0,5.88826545242782e-07,0.0,0.0,0.0,0.04,0.0
0.04130682744011732,0.007166019055604657,0.0010463149487509428,0.0029851938464048513,0.0,0.04,0.0
0.040980935310412255,0.007446300491140222,0.0001818875626747127,0.00011131807397638358,0.007557999849389849,0.04,0.0
0.0,0.0007495761920940615,1.845853485379598e-06,2.039415095750539e-05,0.0,0.04,0.0
0.009695290858725761,0.0024241988867645336,0.005238745174601766,0.0,0.0,0.04,0.0
0.009939709956004562,0.0019731577531085626,0.0027660824422061497,0.0,0.002002756404816178,0.04,0.0
0.0,0.0001672267388489501,0.006024510804454896,0.0,0.0,0.04,0.0
0.04741730487208734,0.009531335287844913,0.0011509606424990016,0.0016247340262812626,0.0,0.04,0.0
0.047009939709956004,0.010645983937989498,0.00039231486000798686,0.005876914500921136,0.01080568063237138,0.04,0.0
0.0,0.0007960934891682413,0.00022554909704042243,0.0,0.0,0.04,0.0
0.019635000814730325,0.018990244910624964,0.0002166038070728136,0.0,0.0,0.04,0.0
0.020205312041714194,0.018992600216805933,3.83369570040378e-06,0.0,0.019277501592762106,0.04,0.0
0.0,0.001612207080874737,0.0,0.0,0.0,0.04,0.0
0.527782304057357,0.21060971222280253,0.30704736211563205,0.2086151691694822,0.0,0.04,0.09090909090909091
0.5282711422519146,0.211285096270196,0.3367162621466921,0.3532428399535013,0.21445451035564317,0.04,0.09090909090909091
0.0,0.0038944987702357603,0.0219824821404801,0.011910184159183147,0.0,0.04,0.09090909090909091
0.024278963663027536,0.01273514052051089,0.01602264720237831,8.497562898960578e-07,0.0,0.04,0.09090909090909091
0.02370865243604367,0.013900428253546355,0.009910742334827173,0.0,0.014108943732764999,0.04,0.09090909090909091
0.0,0.000575283534702198,0.0022004703376669477,0.0009525768009734808,0.0,0.04,0.09090909090909091
0.04423985660746293,0.01026324668358169,0.004553507565337001,0.0,0.0,0.04,0.09090909090909091
0.04399543751018413,0.01034980418573238,0.0028250787593734747,0.0,0.0105050579908845,0.04,0.09090909090909091
0.0,7.301449161010498e-05,0.0,0.0,0.0,0.04,0.09090909090909091
0.006029004399543751,0.002360605619878313,0.0007971957225895195,0.0,0.0,0.04,0.09090909090909091
0.006273423496822552,0.0027003585364833984,0.0,0.0,0.002740865673675617,0.04,0.09090909090909091
0.0,0.0003479964882384842,0.0,0.0,0.0,0.04,0.09090909090909091
0.03935147466188692,0.009935859124426703,0.001384248125305054,0.0068405381336632655,0.0,0.04,0.09090909090909091
0.03943294769431318,0.009977665809138942,0.0014206682344588897,0.006505734155444218,0.010127337296213111,0.04,0.09090909090909091
0.0,3.650724580505249e-05,0.0,0.0,0.0,0.04,0.09090909090909091
0.015642822225843248,0.012061522952753147,0.0,0.0,0.0,0.04,0.09090909090909091
0.015561349193416979,0.011851900702646717,0.0,0.0,0.012029686934091325,0.04,0.09090909090909091
0.0,0.00021138872974215875,0.0,0.0,0.0,0.04,0.09090909090909091
0.02134593449568193,0.004576359909626902,0.00016861161645294405,8.497562898960578e-07,0.0,0.04,0.09090909090909091
0.021427407528108195,0.004490980060566699,0.00011572081466033634,0.0,0.0045583476871181704,0.04,0.09090909090909091
0.0,6.477091997670602e-06,0.0,0.0,0.0,0.04,0.09090909090909091
0.0018738797458041389,0.00022080995446604326,0.0,0.0,0.0,0.04,0.09090909090909091
0.0017924067133778718,0.00021374403592312987,0.0,0.0,0.00021695033570524397,0.04,0.09090909090909091
0.037559067948509044,0.007388006663161186,0.0009478457647424236,0.0020351663143010584,0.0,0.04,0.09090909090909091
0.03764054098093531,0.0073338346209988504,0.00020091405244708702,9.177367930877425e-05,0.0074438469179306166,0.04,0.09090909090909091
0.0,0.0006959929764769684,7.099436482229223e-08,0.0,0.0,0.04,0.09090909090909091
0.010672967247840965,0.003084862270526935,0.004563233793317655,0.0,0.0,0.04,0.09090909090909091
0.010428548150562164,0.003069552780350623,0.0029041664817855083,0.0,0.0031155980717119474,0.04,0.09090909090909091
0.0,0.00023670827118759836,0.005443989883303013,0.0,0.0,0.04,0.09090909090909091
0.04179566563467492,0.009972366370231757,0.0010964369703154813,0.000970421683061298,0.0,0.04,0.09090909090909091
0.040980935310412255,0.01017845566106673,0.0005885432843768026,0.005505571002236559,0.010331139126724098,0.04,0.09090909090909091
0.0,0.0008161135917064959,7.1704308470515155e-06,0.0,0.0,0.04,0.09090909090909091
0.021916245722665796,0.021057026084427128,0.00038784221502418244,0.0,0.0,0.04,0.09090909090909091
0.022730976046928468,0.021388535429398815,0.0,0.0,0.02170937739437268,0.04,0.09090909090909091
0.0,0.0013925747794991796,0.0,0.0,0.0,0.04,0.09090909090909091
0.5945087176144697,0.25850368575975996,0.33106922837999736,0.25423773461771165,0.0,0.04,0.18181818181818182
0.5949975558090272,0.253480995328839,0.3664673736522164,0.4037319596739655,0.257283375388628,0.04,0.18181818181818182
0.0,0.004157115409414041,0.021446900652260726,0.007743829069822775,0.0,0.04,0.18181818181818182
0.03104122535440769,0.018506229490435396,0.0189843901140347,0.00035689764175634426,0.0,0.04,0.18181818181818182
0.029574710770734886,0.017598258957671028,0.014432799396547898,0.0,0.01786224430639842,0.04,0.18181818181818182
0.0,0.0006553639448552164,0.0028090340329236367,0.0,0.0,0.04,0.18181818181818182
0.050676226169138014,0.012007939737136054,0.005770776944580024,0.0,0.0,0.04,0.18181818181818182
0.05092064526641681,0.012037381064398193,0.0034076585171052046,0.0,0.012217949622100007,0.04,0.18181818181818182
0.0,0.00019254628029438973,0.0,0.0,0.0,0.04,0.18181818181818182
0.007739938080495356,0.003329814113347932,7.099436482229223e-05,0.0,0.0,0.04,0.18181818181818182
0.007739938080495356,0.003087806403253149,0.0,0.0,0.0031341255108493097,0.04,0.18181818181818182
0.0,0.0005823494532451114,0.0,0.0,0.0,0.04,0.18181818181818182
0.04163271956982239,0.010318007552289269,0.0012186892665394685,0.00577239447726392,0.0,0.04,0.18181818181818182
0.04138830047254359,0.010887991648084282,0.002018085814438479,0.006577963440085383,0.011051318615773185,0.04,0.18181818181818182
0.0,1.1187704359612858e-05,0.0,0.0,0.0,0.04,0.18181818181818182
0.015398403128564445,0.010539406333300555,0.0,0.0,0.0,0.04,0.18181818181818182
0.015561349193416979,0.012473701534423095,0.0,0.0,0.01266081518341567,0.04,0.18181818181818182
0.0,0.00023435296500662724,0.0,0.0,0.0,0.04,0.18181818181818182
0.02395307153332247,0.004787748639369061,0.0002274659448906243,0.0,0.0,0.04,0.18181818181818182
0.02370865243604367,0.004840743028440911,0.00013417934951413232,0.0,0.004913357327363115,0.04,0.18181818181818182
0.0013850415512465374,0.0002608501595425524,0.0,0.0,0.0,0.04,0.18181818181818182
0.0014665145836728042,0.00022669821991847108,0.0,0.0,0.00023009884089950119,0.04,0.18181818181818182
0.0,0.00014956194249166662,0.0,0.0,0.0,0.04,0.18181818181818182
0.04130682744011732,0.008628664193987728,0.001291955451036074,0.005068796269229985,0.0,0.04,0.18181818181818182
0.04138830047254359,0.00881767751501066,0.0001225362736832764,0.0008208645760395918,0.008949948422000078,0.04,0.18181818181818182
0.0,0.0007254343037391075,0.0,0.0,0.0,0.04,0.18181818181818182
0.012872739123350171,0.004162414848321226,0.005208998535741226,4.248781449480289e-05,0.0,0.04,0.18181818181818182
0.012954212155776438,0.004370270618791928,0.003559799440919377,0.0,0.004435827525080774,0.04,0.18181818181818182
0.0,0.000542898074713845,0.006753622931179838,0.0,0.0,0.04,0.18181818181818182
0.0460322633208408,0.010894468740081953,0.0012497138039668102,0.0006670586875684054,0.0,0.04,0.18181818181818182
0.045706371191135735,0.011115278694547997,0.0005130762745707059,0.006536325381880477,0.011282015115999699,0.04,0.18181818181818182
0.0,0.0009821626774649604,4.969605537560456e-06,0.0,0.0,0.04,0.18181818181818182
0.02183477269023953,0.01749933609807024,0.00010677552469272752,0.0,0.0,0.04,0.18181818181818182
0.02207919178751833,0.021035239502253146,6.375293961041842e-05,0.0,0.021350781798165665,0.04,0.18181818181818182
0.0,0.0018129969328025259,0.0,0.0,0.0,0.04,0.18181818181818182
0.5738145673781978,0.2642317903918817,0.2958551714957625,0.26251351112500937,0.0,0.04,0.2727272727272727
0.5748737167997393,0.2635028231288712,0.34021060478324533,0.3783650349079884,0.267455537134367,0.04,0.2727272727272727
0.0,0.002498979858010367,0.009009894839597106,0.00508919042018749,0.0,0.04,0.2727272727272727
0.045624898158709466,0.02768426885113464,0.014196033189865554,1.189658805854481e-05,0.0,0.04,0.2727272727272727
0.0448101678344468,0.0315746458355537,0.013428300128677286,0.0,0.03204828609234793,0.04,0.2727272727272727
0.0,0.0011223033952327424,0.002496658827705551,0.0,0.0,0.04,0.2727272727272727
0.04643962848297214,0.011772409119038941,0.004024883524870213,0.0,0.0,0.04,0.2727272727272727
0.0462766824181196,0.011856022488463416,0.0028213160580378934,0.0,0.012033870549380406,0.04,0.2727272727272727
0.0,2.9441327262139102e-05,0.0,0.0,0.0,0.04,0.2727272727272727
0.008636141437184292,0.0034322699322201764,4.969605537560456e-05,0.0,0.0,0.04,0.2727272727272727
0.008636141437184292,0.003959858516757709,0.0,0.0,0.0040192589741536245,0.04,0.2727272727272727
0.0,0.000859097929509219,0.0,0.0,0.0,0.04,0.2727272727272727
0.028597034381619684,0.00710949170726135,0.0013537205484314683,0.0030659206939449768,0.0,0.04,0.2727272727272727
0.02867850741404595,0.007665932792515779,0.001289754625726583,0.00476798254260678,0.0077809267783652105,0.04,0.2727272727272727
0.0,7.0659185429133845e-06,0.0,0.0,0.0,0.04,0.2727272727272727
0.007332572918364022,0.0028169461924414693,0.00011543683720104717,0.0,0.0,0.04,0.2727272727272727
0.007006680788658954,0.0046452526154203075,0.0,0.0,0.004714934430795233,0.04,0.2727272727272727
0.0,0.0003173775078858595,0.0,0.0,0.0,0.04,0.2727272727272727
0.021427407528108195,0.004412077303504166,0.00017074144739761282,0.0,0.0,0.04,0.2727272727272727
0.02134593449568193,0.004542796796548064,0.00012445312153347828,0.0,0.004610941707895199,0.04,0.2727272727272727
0.0011406224539677367,0.00012836418686292648,0.0,0.0,0.0,0.04,0.2727272727272727
0.000977676389115203,0.00018606918829671912,0.00031904867551138126,0.0,0.0001888603473356945,0.04,0.2727272727272727
0.0,8.361336942447505e-05,0.0,0.0,0.0,0.04,0.2727272727272727
0.038618217370050514,0.00798566560658261,0.0014525447042640991,0.0028288386890639766,0.0,0.04,0.2727272727272727
0.038618217370050514,0.00797330024913251,0.000219372587300883,0.0003866391119027063,0.008092904947065313,0.04,0.2727272727272727
0.0,0.0007113024666532807,2.9107689577139815e-06,0.0,0.0,0.04,0.2727272727272727
0.015316930096138178,0.008189988417781855,0.005155184807205928,0.0,0.0,0.04,0.2727272727272727
0.015316930096138178,0.008953107620416501,0.007727097661623108,0.0,0.009087410067212767,0.04,0.2727272727272727
0.0,0.0008720521135045601,0.0070423570129121,0.0,0.0,0.04,0.2727272727272727
0.04472869480202053,0.011942579990614105,0.0012546124151395484,0.0016816676977042984,0.0,0.04,0.2727272727272727
0.04472869480202053,0.012274678162131033,0.00036696987176642855,0.005682320310534938,0.01245880633088572,0.04,0.2727272727272727
0.0,0.0005894153717880248,3.5497182411146117e-06,0.0,0.0,0.04,0.2727272727272727
0.014909564934006844,0.008722876441226574,8.874295602786528e-05,0.0,0.0,0.04,0.2727272727272727
0.014909564934006844,0.01150331538786299,1.4269867329280738e-05,0.0,0.011675872612500403,0.04,0.2727272727272727
0.0,0.0019725689265633196,0.0,0.0,0.0,0.04,0.2727272727272727
0.6081961870620824,0.28269915733033113,0.3027683897590629,0.24547589751259338,0.0,0.04,0.36363636363636365
0.6086035522242138,0.2783194654868153,0.35004034254781025,0.3718898919789804,0.28249443877996216,0.04,0.36363636363636365
0.0,0.0036460139681433064,0.023084030705062784,0.00486060597820545,0.0,0.04,0.36363636363636365
0.0558905002444191,0.03153401680393195,0.016038620934463326,4.078830191501078e-05,0.0,0.04,0.36363636363636365
0.0556460811471403,0.03575060369441551,0.01442044637706882,0.0,0.03628688603951485,0.04,0.36363636363636365
0.0,0.0017117187670207673,0.0020141101300084306,0.0,0.0,0.04,0.36363636363636365
0.050594753136711745,0.01350355916205272,0.004863823933975241,8.497562898960578e-07,0.0,0.04,0.36363636363636365
0.05035033403943295,0.0129995236393249,0.0021258552602387184,0.0,0.013194524962437112,0.04,0.36363636363636365
0.0,0.00021138872974215875,0.0,0.0,0.0,0.04,0.36363636363636365
0.01662049861495845,0.00657189307145469,0.003856697874606203,0.0,0.0,0.04,0.36363636363636365
0.016783444679810983,0.007992731525125522,0.003921657718418601,0.0,0.0081126277048567,0.04,0.36363636363636365
0.0,0.0021763029112173223,0.0,0.0,0.0,0.04,0.36363636363636365
0.036418445494541304,0.007991553872035038,0.0010802502551359985,0.003027681660899654,0.0,0.04,0.36363636363636365
0.03674433762424637,0.007926194125513089,0.0016756799929005634,0.00479177571872387,0.008045092200904378,0.04,0.36363636363636365
0.0,0.00012954183995341205,0.0,0.0,0.0,0.04,0.36363636363636365
0.014013361577317907,0.005972467648397538,0.0,4.248781449480289e-05,0.0,0.04,0.36363636363636365
0.013605996415186573,0.007241388853395733,0.00017791187824466433,0.0,0.007350014403589781,0.04,0.36363636363636365
0.0,0.0005735170550664697,0.0,0.0,0.0,0.04,0.36363636363636365
0.022812449079354733,0.005133389821426574,0.00018245551759329102,0.0,0.0,0.04,0.36363636363636365
0.022730976046928468,0.004887260325515091,7.930070550650042e-05,0.0,0.0049605724141970385,0.04,0.36363636363636365
0.0,6.477091997670602e-06,0.0,0.0,0.0,0.04,0.36363636363636365
0.0016294606485253381,0.0006153237397787072,0.0,0.0,0.0,0.04,0.36363636363636365
0.0017924067133778718,0.0009003157876762137,0.001139388561032968,0.0,0.0009138211110008761,0.04,0.36363636363636365
0.0,0.0001018669923270013,0.0,0.0,0.0,0.04,0.36363636363636365
0.042040084731953725,0.009260475077033233,0.0012563872742601056,0.0035919198373906363,0.0,0.04,0.36363636363636365
0.042203030796806255,0.009168029309430116,0.0002802147579535874,0.0,0.009305555721572035,0.04,0.36363636363636365
0.0,0.0008220018571589237,1.114611527709988e-05,0.0,0.0,0.04,0.36363636363636365
0.019553527782304056,0.008571548019099177,0.004849128100457026,0.0,0.0,0.04,0.36363636363636365
0.019309108685025257,0.009885220041535825,0.005065376935705728,0.0,0.010033504781872276,0.04,0.36363636363636365
0.0,0.0011811860497570206,0.008012920974397658,0.0,0.0,0.04,0.36363636363636365
0.049209711585465214,0.014459813471526998,0.0012206061143896704,0.0012151514945513626,0.0,0.04,0.36363636363636365
0.049128238553038946,0.013419356966083002,0.00041439410746771973,0.00518181385578616,0.013620656062596447,0.04,0.36363636363636365
0.0,0.0008379001738804788,3.1237520521808582e-06,0.0,0.0,0.04,0.36363636363636365
0.023056868176633535,0.014681801079083527,6.346896215112926e-05,0.0,0.0,0.04,0.36363636363636365
0.0231383412090598,0.015017432209871912,2.7474819186227094e-05,0.0,0.015242703476106179,0.04,0.36363636363636365
0.0,0.002730977516836023,0.0003809557616364201,3.9088789335218656e-05,0.0,0.04,0.36363636363636365
0.5843245885611863,0.2819118962393415,0.28435145760305275,0.24555322533497392,0.0,0.04,0.45454545454545453
0.5835098582369236,0.2912595176450707,0.3353048231796601,0.40393930020870017,0.29562860015037107,0.04,0.45454545454545453
0.0,0.0022999564857183064,0.025024306695656032,0.0046473171494415405,0.0,0.04,0.45454545454545453
0.07617728531855955,0.04773440154319661,0.01625515374717132,4.248781449480289e-05,0.0,0.04,0.45454545454545453
0.07674759654554343,0.05872897079596984,0.013103074943426366,1.189658805854481e-05,0.05960994361681909,0.04,0.45454545454545453
0.0,0.001807697493895341,0.0034748191862270933,7.64780660906452e-06,0.0,0.04,0.45454545454545453
0.04872087339090761,0.012609720466374177,0.0036605404446022095,0.0,0.0,0.04,0.45454545454545453
0.04863940035848134,0.01239008816499862,0.0019122332164884413,0.0,0.01257594755898001,0.04,0.45454545454545453
0.0,0.00013601893195108264,0.0,0.0,0.0,0.04,0.45454545454545453
0.0226495030145022,0.011886052642270798,0.0031986511070683766,0.0,0.0,0.04,0.45454545454545453
0.022730976046928468,0.012940640984800621,0.0036770111372409816,0.0,0.013134759029735942,0.04,0.45454545454545453
0.0,0.002288179954813451,0.0,0.0,0.0,0.04,0.45454545454545453
0.03690728368909891,0.008055147138921259,0.0011259706260815549,0.002980945064955371,0.0,0.04,0.45454545454545453
0.03690728368909891,0.007863778511717354,0.0013948262856635755,0.006457298046920143,0.007981740312241139,0.04,0.45454545454545453
0.0,7.772510397204723e-05,0.0,0.0,0.0,0.04,0.45454545454545453
0.018331432295910055,0.0115433555929395,1.4198872964458447e-05,0.0,0.0,0.04,0.45454545454545453
0.018005540166204988,0.011110568082186054,0.0,0.0002897668948545557,0.011277233841383605,0.04,0.45454545454545453
0.0,0.0006223896583216206,0.0,0.0,0.0,0.04,0.45454545454545453
0.021508880560534464,0.004919056958958201,0.00017528508674623952,0.0,0.0,0.04,0.45454545454545453
0.02134593449568193,0.0046705721568657465,7.887473931756667e-05,0.0,0.004740633781856737,0.04,0.45454545454545453
0.0046439628482972135,0.0027091909346620402,0.0,0.0001750497957185879,0.0,0.04,0.45454545454545453
0.004562489815870947,0.0025613954718061017,7.809380130452146e-07,0.0001750497957185879,0.0025998180725008576,0.04,0.45454545454545453
0.0,0.000294413272621391,0.0,0.0,0.0,0.04,0.45454545454545453
0.03975883982401825,0.008448483271143436,0.0011129786573190754,0.0032554163465917975,0.0,0.04,0.45454545454545453
0.04000325892129705,0.008172912447969815,0.00015853041664817854,0.0002965649451737242,0.008295511458922277,0.04,0.45454545454545453
0.0,0.0007525203248202754,6.3894928340063e-07,0.0,0.0,0.04,0.45454545454545453
0.024278963663027536,0.016116771369840188,0.004211669698717664,0.0,0.0,0.04,0.45454545454545453
0.024116017598175003,0.017516412067882278,0.004625069885077872,0.0,0.017779169659943795,0.04,0.45454545454545453
0.0,0.0011305469668661415,0.007552522518525092,0.0,0.0,0.04,0.45454545454545453
0.047824670034218676,0.01497032608625249,0.0011728269068642676,0.0013315681062671227,0.0,0.04,0.45454545454545453
0.04741730487208734,0.014445092807895929,0.00034687846652171986,0.005806384728859763,0.014661778610250814,0.04,0.45454545454545453
0.0,0.0008396666535162072,7.099436482229224e-07,0.0,0.0,0.04,0.45454545454545453
0.03104122535440769,0.024512849078457015,4.472644983804411e-06,0.0,0.0,0.04,0.45454545454545453
0.03136711748411276,0.023620188035868957,0.00014383458312996407,0.0,0.02397450624374699,0.04,0.45454545454545453
0.0,0.0020944560214285757,0.0,0.0,0.0,0.04,0.45454545454545453
0.6134104611373635,0.28522698968905835,0.2757745573945068,0.24604523422682376,0.0,0.04,0.5454545454545454
0.6145510835913313,0.30245605440286216,0.33223034121666595,0.3815737146586359,0.3069930922534984,0.04,0.5454545454545454
0.0,0.002279347556634809,0.01832684030705063,0.004252180474639873,0.0,0.04,0.5454545454545454
0.08082124816685678,0.06758138907714982,0.016427315081865377,0.00013766051896316138,0.0,0.04,0.5454545454545454
0.08008799087502037,0.07305041002936478,0.017475617872831344,0.0,0.07414621376839745,0.04,0.5454545454545454
0.0,0.0013961077387706362,0.0026982828238008606,0.0,0.0,0.04,0.5454545454545454
0.050431807071859215,0.012080954228746159,0.004224519678750499,0.0,0.0,0.04,0.5454545454545454
0.05026886100700668,0.013021899048044124,0.0021552469272751477,0.0,0.013217236016863556,0.04,0.5454545454545454
0.0,0.00016428260612273617,0.0,0.0,0.0,0.04,0.5454545454545454
0.01792406713377872,0.01235416974573881,2.172427563562142e-05,0.0,0.0,0.04,0.5454545454545454
0.018087013198631253,0.013265673237774635,3.549718241114612e-07,0.0,0.013464666978246395,0.04,0.5454545454545454
0.0,0.002222820208291502,0.0,0.0,0.0,0.04,0.5454545454545454
0.03560371517027864,0.007207825740316895,0.0012933043439676975,0.0029631001828675538,0.0,0.04,0.5454545454545454
0.036418445494541304,0.007800185244831133,0.0014626259040688644,0.0061777282275443405,0.007917193104923876,0.04,0.5454545454545454
0.0,0.00016310495303225063,0.0,0.0,0.0,0.04,0.5454545454545454
0.01613166042040085,0.010253825458857805,1.6328703909127212e-06,0.0,0.0,0.04,0.5454545454545454
0.015479876160990712,0.01054647225184347,0.0,0.0,0.010704676206106404,0.04,0.5454545454545454
0.0,0.0007931493564420274,0.0,0.0,0.0,0.04,0.5454545454545454
0.022975395144207267,0.005283540590463483,0.00021880463238230466,0.0,0.0,0.04,0.5454545454545454
0.022975395144207267,0.005326524928266206,0.00013943293251098194,0.0,0.005406426272147761,0.04,0.5454545454545454
0.003503340394329477,0.001982578977832447,0.0,0.0,0.0,0.04,0.5454545454545454
0.00342186736190321,0.002004954386551673,0.0,0.0,0.002035030008474809,0.04,0.5454545454545454
0.0,0.0001801809228442913,0.0,0.0,0.0,0.04,0.5454545454545454
0.042203030796806255,0.007976244381858726,0.0013971690997027111,0.0033131997743047295,0.0,0.04,0.5454545454545454
0.042040084731953725,0.00881767751501066,0.0001798287260948662,0.00018184784603775638,0.008949948422000078,0.04,0.5454545454545454
0.0,0.0008237683367946521,4.543639348626703e-06,0.0,0.0,0.04,0.5454545454545454
0.024116017598175003,0.017308556297411577,0.005118267737498336,0.0,0.0,0.04,0.5454545454545454
0.024278963663027536,0.018766490823432704,0.009238922660513823,0.0,0.019048000411189616,0.04,0.5454545454545454
0.0,0.0013890418202277227,0.00794611527709988,0.0,0.0,0.04,0.5454545454545454
0.050594753136711745,0.01587594131283589,0.0012405555309047344,0.0009763699770905704,0.0,0.04,0.5454545454545454
0.04969854978002281,0.016321683007584676,0.00039863335847717087,0.007004541097613204,0.016566518885437073,0.04,0.5454545454545454
0.0,0.000869696807323589,7.099436482229224e-07,0.0,0.0,0.04,0.5454545454545454
0.02713051979794688,0.022184628918567054,2.513200514709145e-05,0.0,0.0,0.04,0.5454545454545454
0.028189669219488348,0.02288827664013218,6.432089452899675e-05,0.0,0.023231615700271456,0.04,0.5454545454545454
0.0,0.002407122916952493,0.0,0.0,0.0,0.04,0.5454545454545454
0.6056705230568682,0.29713659539313886,0.27073069175134223,0.23608354124037226,0.0,0.04,0.6363636363636364
0.6028189669219488,0.2897479999034325,0.3070101610684652,0.36826228237741415,0.29409440865793207,0.04,0.6363636363636364
0.0,0.002785149558998359,0.0219162443981009,0.005236198258339508,0.0,0.04,0.6363636363636364
0.08310249307479224,0.07447301496267134,0.015406345121355993,2.2093663537297502e-05,0.0,0.04,0.6363636363636364
0.0869317255988268,0.07051080113973267,0.010580006212006922,0.0,0.07156850909099602,0.04,0.6363636363636364
0.0,0.0014938529452809379,0.006545751430980166,0.0,0.0,0.04,0.6363636363636364
0.050513280104285484,0.01162166952345679,0.0037974885743444113,4.248781449480289e-06,0.0,0.04,0.6363636363636364
0.050513280104285484,0.011747678404138744,0.0017380130452145362,0.0,0.011923901233210256,0.04,0.6363636363636364
0.0,0.00017193735121089234,0.0,0.0,0.0,0.04,0.6363636363636364
0.019960892944435392,0.013919859529539367,0.0023796601144784133,0.0,0.0,0.04,0.6363636363636364
0.019960892944435392,0.013799150087764597,0.003382171540134002,0.0,0.014006146328518989,0.04,0.6363636363636364
0.0,0.002574349655801443,0.0,0.0,0.0,0.04,0.6363636363636364
0.03560371517027864,0.007298505028284283,0.001107583085592581,0.002532273743890252,0.0,0.04,0.6363636363636364
0.03584813426755744,0.007169552014876114,0.0013675644495718153,0.0065907097844338245,0.007277099965694355,0.04,0.6363636363636364
0.0,0.00015250607521788054,0.0,0.0,0.0,0.04,0.6363636363636364
0.01662049861495845,0.010690145928882707,1.0649154723343835e-05,0.0,0.0,0.04,0.6363636363636364
0.016294606485253382,0.010740785011773587,7.099436482229223e-05,0.0,0.010901903784020263,0.04,0.6363636363636364
0.0,0.0009279906353026245,0.0,0.0,0.0,0.04,0.6363636363636364
0.023056868176633535,0.005079806605809481,0.00023811509961396815,0.0,0.0,0.04,0.6363636363636364
0.022893922111781,0.005410727124235924,0.00013141056928606291,0.0,0.005491891555910433,0.04,0.6363636363636364
0.0038292325240345446,0.0025513854205369744,0.0,0.0,0.0,0.04,0.6363636363636364
0.004073651621313346,0.0025007463376460954,0.0,0.0,0.0025382591618186533,0.04,0.6363636363636364
0.0,0.00017547031048234903,0.0,0.0,0.0,0.04,0.6363636363636364
0.042040084731953725,0.008046314740742615,0.0014198872964458445,0.0033293451438127543,0.0,0.04,0.6363636363636364
0.04179566563467492,0.007607638964536744,0.00029008297466388605,0.0,0.007721758504991053,0.04,0.6363636363636364
0.0,0.0010404565054439958,6.815459022940054e-06,0.0,0.0,0.04,0.6363636363636364
0.0224050839172234,0.01863164954457211,0.004074579580245818,0.0,0.0,0.04,0.6363636363636364
0.022812449079354733,0.018120548103301375,0.0029056573634467764,0.0,0.01839236812945779,0.04,0.6363636363636364
0.0,0.0013060172773484906,0.006181834316901096,0.0,0.0,0.04,0.6363636363636364
0.04896529248818641,0.017380393135931198,0.00121471358210942,0.000559139638751606,0.0,0.04,0.6363636363636364
0.049372657650317744,0.018033990601150685,0.00042085459466654834,0.007636759777295872,0.018304512208387073,0.04,0.6363636363636364
0.0,0.0005558522587091863,4.046678794870657e-06,0.0,0.0,0.04,0.6363636363636364
0.028515561349193416,0.02544260619339537,3.826596263921551e-05,0.0,0.0,0.04,0.6363636363636364
0.028108196187062083,0.0257664607932789,5.892532280250255e-06,0.0,0.026152974490704604,0.04,0.6363636363636364
0.0,0.002384747508233267,0.0,0.0,0.0,0.04,0.6363636363636364
0.5902721199283038,0.28554907780930616,0.28754194435816655,0.2277066437345769,0.0,0.04,0.7272727272727273
0.5887241323122047,0.27840425650933026,0.3225092248302791,0.3808165818043385,0.2825805017230518,0.04,0.7272727272727273
0.0,0.0025837708805253276,0.023025105382260283,0.004507107361608691,0.0,0.04,0.7272727272727273
0.0753625549942969,0.061031282587869114,0.020222815813994766,0.0001410595441227456,0.0,0.04,0.7272727272727273
0.07691054261039595,0.052631671919980826,0.016878200292851756,0.0,0.053421181285613024,0.04,0.7272727272727273
0.0,0.001591009325245997,0.004337187735723477,0.0,0.0,0.04,0.7272727272727273
0.046928466677529736,0.013184415174531132,0.004225087633669078,0.0,0.0,0.04,0.7272727272727273
0.046765520612677206,0.012152791067265778,0.0019591604916359764,0.0,0.012335090850194299,0.04,0.7272727272727273
0.0,0.00014131837085826768,0.0,0.0,0.0,0.04,0.7272727272727273
0.020449731138992993,0.012668014294353212,0.00010578160358521543,0.0,0.0,0.04,0.7272727272727273
0.02085709630112433,0.010500543781314532,0.0,0.0,0.010658058778599494,0.04,0.7272727272727273
0.0,0.002227530820653444,0.0,0.0,0.0,0.04,0.7272727272727273
0.03649991852696757,0.007875555042622209,0.0011307272485246483,0.0031398494911659336,0.0,0.04,0.7272727272727273
0.03649991852696757,0.007550522789648194,0.0013177973998313884,0.005736704713088286,0.007663785550270919,0.04,0.7272727272727273
0.0,0.00012365357450098424,0.0,0.0,0.0,0.04,0.7272727272727273
0.017027863777089782,0.009450077224601408,0.00018948395971069796,0.0,0.0,0.04,0.7272727272727273
0.017027863777089782,0.009249876199218863,6.31139903270178e-05,0.0,0.00938863036802666,0.04,0.7272727272727273
0.0,0.0007613527229989171,0.0,0.0,0.0,0.04,0.7272727272727273
0.021997718755092065,0.004904925121872374,0.0001891289878865865,0.0,0.0,0.04,0.7272727272727273
0.021916245722665796,0.004760662618287893,5.615654257443315e-05,0.0,0.004832075658889525,0.04,0.7272727272727273
0.00342186736190321,0.001956081783296522,0.0,0.0,0.0,0.04,0.7272727272727273
0.003503340394329477,0.0019166304047652555,0.0,0.0,0.0019453811094230556,0.04,0.7272727272727273
0.0,0.00010657760468894355,0.0,0.0,0.0,0.04,0.7272727272727273
0.03918852859703438,0.008647506643435497,0.0014937214358610286,0.00385194526209883,0.0,0.04,0.7272727272727273
0.039677366791591985,0.008264769389027688,0.000274038248214048,0.0,0.0083887463139361,0.04,0.7272727272727273
0.0,0.0008367225207899933,4.3306562541598265e-06,0.0,0.0,0.04,0.7272727272727273
0.023301287273912334,0.016601375616574997,0.0037961396814127878,0.0,0.0,0.04,0.7272727272727273
0.022568029982075934,0.014299063824675719,0.0030405466566091315,0.0,0.014513559097151914,0.04,0.7272727272727273
0.0,0.0015804104474316269,0.005138430137107867,0.0,0.0,0.04,0.7272727272727273
0.04839498126120254,0.015434321403903802,0.001050929582464392,0.0006959504014248714,0.0,0.04,0.7272727272727273
0.04758025093693987,0.015076903690941433,0.00047026667258286375,0.0063400316789144874,0.01530306706813436,0.04,0.7272727272727273
0.0,0.0008361336942447504,7.880374495274437e-06,0.0,0.0,0.04,0.7272727272727273
0.028759980446472218,0.02162877665985787,8.022363224919023e-05,0.0,0.0,0.04,0.7272727272727273
0.029574710770734886,0.02198854967900121,8.803301237964237e-06,0.0,0.022318392248597593,0.04,0.7272727272727273
0.0,0.0024972133783746383,0.0,0.0,0.0,0.04,0.7272727272727273
0.5975232198142415,0.24350862895860725,0.3194242357012912,0.23016328916866644,0.0,0.04,0.8181818181818182
0.5960567052305686,0.25078829153744375,0.35334470426409903,0.4344345041842,0.2545502792862035,0.04,0.8181818181818182
0.0,0.002706246801935826,0.031208128854772154,0.007153248448345015,0.0,0.04,0.8181818181818182
0.04538047906143067,0.03148808833340301,0.01826180946887341,0.00023793176117089618,0.0,0.04,0.8181818181818182
0.045950790288414534,0.02421961345892611,0.014519199538536628,0.0,0.02458292343864489,0.04,0.8181818181818182
0.0,0.0007377996611892058,0.0022405111594267207,0.0,0.0,0.04,0.8181818181818182
0.04146977350496985,0.010750206236497471,0.003917043084705151,0.0,0.0,0.04,0.8181818181818182
0.04122535440769105,0.011131177011269552,0.002020073656653503,0.0,0.011298151917829015,0.04,0.8181818181818182
0.0,0.00016781556539419287,6.85805564183343e-05,0.0,0.0,0.04,0.8181818181818182
0.009939709956004562,0.005115136198524047,0.0004073656653503128,0.0,0.0,0.04,0.8181818181818182
0.010347075118135898,0.004000487548379461,0.0,0.0,0.004060497467717431,0.04,0.8181818181818182
0.0,0.0014685334038354984,0.0,0.0,0.0,0.04,0.8181818181818182
0.03193742871109663,0.007006447061843863,0.0013815503394418067,0.0033573871013793245,0.0,0.04,0.8181818181818182
0.03161153658139156,0.007237267067579034,0.0017124550738785108,0.006854134234301602,0.007345830788300699,0.04,0.8181818181818182
0.0,2.29642352644685e-05,0.0,0.0,0.0,0.04,0.8181818181818182
0.007658465048069089,0.003997543415653247,0.0,0.0,0.0,0.04,0.8181818181818182
0.008391722339905492,0.003171419772677624,9.655233615831744e-06,0.0,0.00321899313528497,0.04,0.8181818181818182
0.0,0.0006518309855837597,0.0,0.0,0.0,0.04,0.8181818181818182
0.020938569333550594,0.003941604893855183,0.000133611394595554,0.0,0.0,0.04,0.8181818181818182
0.020938569333550594,0.004346128730436974,0.00010102498114212184,0.0,0.0044113234926732945,0.04,0.8181818181818182
0.002444190972788007,0.0009344677273002951,0.0,0.0,0.0,0.04,0.8181818181818182
0.002444190972788007,0.000634755015771719,0.0,0.0,0.0006442767545186034,0.04,0.8181818181818182
0.0,0.0003397529166050852,0.0,0.0,0.0,0.04,0.8181818181818182
0.035033403943294766,0.007150120738883102,0.0008805431068908906,0.004336306347339583,0.0,0.04,0.8181818181818182
0.034951930910868505,0.007243744159576704,0.0002246971646625549,0.0005846323274484878,0.007352405040897828,0.04,0.8181818181818182
0.0,0.0008190577244327098,0.0,0.0,0.0,0.04,0.8181818181818182
0.01580576829069578,0.008141115814526704,0.003666929937436216,0.0,0.0,0.04,0.8181818181818182
0.015887241323122046,0.006737942157213154,0.0032660247592847316,0.0,0.006839015678994785,0.04,0.8181818181818182
0.0,0.0005481975136210301,0.004115756311842748,0.0,0.0,0.04,0.8181818181818182
0.04709141274238227,0.012069766524386545,0.0009019124107024005,0.0001529561321812904,0.0,0.04,0.8181818181818182
0.04668404758025094,0.013106101244013842,0.00033409948085370725,0.0032120787758070984,0.013302701300626227,0.04,0.8181818181818182
0.0,0.0008220018571589237,1.27789856680126e-06,0.0,0.0,0.04,0.8181818181818182
0.012954212155776438,0.010468747147871422,9.335758974131429e-05,3.484000788573837e-05,0.0,0.04,0.8181818181818182
0.013280104285481506,0.00897842716186194,2.5273993876736034e-05,0.0,0.00911310941827427,0.04,0.8181818181818182
0.0,0.0014491021278424865,0.0,0.0,0.0,0.04,0.8181818181818182
0.5645266416816034,0.22088296895765336,0.30346548342725294,0.25675386299209385,0.0,0.04,0.9090909090909091
0.5630601270979306,0.21436819206108723,0.30990907396725387,0.4599866758213744,0.21758385459187637,0.04,0.9090909090909091
0.0,0.0016222171321438644,0.029761476682788304,0.002854331377760858,0.0,0.04,0.9090909090909091
0.025256640052142742,0.013466463089702424,0.019879416071349337,0.0003356537345089428,0.0,0.04,0.9090909090909091
0.027293465862799415,0.011273084208673062,0.015083675733238674,4.248781449480289e-05,0.011442187815638832,0.04,0.9090909090909091
0.0,0.0019890560698301177,0.003462821138572126,3.2290739016050196e-05,0.0,0.04,0.9090909090909091
0.04277334202379013,0.010498188475133561,0.003435346319385899,0.0,0.0,0.04,0.9090909090909091
0.04269186899136386,0.010310941633746356,0.001703722767005369,0.0,0.010465612475301728,0.04,0.9090909090909091
0.0,0.0,1.0649154723343835e-05,0.0,0.0,0.04,0.9090909090909091
0.00554016620498615,0.0019331175480320534,0.003030252473709899,0.0,0.0,0.04,0.9090909090909091
0.00554016620498615,0.0015998417234246388,0.005964591560544881,0.0,0.0016238403914907655,0.04,0.9090909090909091
0.0,0.0004215998063938319,0.0,0.0,0.0,0.04,0.9090909090909091
0.02981912986801369,0.006620176848164599,0.0012771886231530373,0.00237761809912917,0.0,0.04,0.9090909090909091
0.030145021997718756,0.0067491298615727675,0.0018680037272041533,0.006253356537345089,0.006850371206208007,0.04,0.9090909090909091
0.0,2.355306180971128e-06,0.0,0.0,0.0,0.04,0.9090909090909091
0.002607137037640541,0.0008979604814952426,0.0,0.00010791904881679934,0.0,0.04,0.9090909090909091
0.001955352778230406,0.00028970266025944876,0.0,0.0,0.00029404838888975215,0.04,0.9090909090909091
0.0,0.0001271865337724409,0.0,0.0,0.0,0.04,0.9090909090909091
0.019879419912009123,0.003567700037626016,0.00015015308159914808,0.0,0.0,0.04,0.9090909090909091
0.01971647384715659,0.003498807331832611,5.239384123885167e-05,0.0,0.00355129172110347,0.04,0.9090909090909091
0.00016294606485253382,0.0,0.0,0.0,0.0,0.04,0.9090909090909091
0.00032589212970506764,0.0,6.474686071793052e-05,0.0,0.0,0.04,0.9090909090909091
0.0342186736190321,0.006674348890326934,0.0006802680037272041,0.0026197986417495463,0.0,0.04,0.9090909090909091
0.03462603878116344,0.006714977921948686,0.00013098460309712915,0.0,0.006815706965241329,0.04,0.9090909090909091
0.0,0.0005976589434214237,7.809380130452146e-07,0.0,0.0,0.04,0.9090909090909091
0.007739938080495356,0.0027133127204787394,0.003897235656919732,0.0,0.0,0.04,0.9090909090909091
0.0074955189832165555,0.0019248739763986543,0.00283608288592093,0.0,0.0019537483400012194,0.04,0.9090909090909091
0.0,7.360331815534775e-05,0.00474703820384257,0.00019034540893671695,0.0,0.04,0.9090909090909091
0.05328336320677855,0.012708643325974964,0.0007957758352930736,0.00033310446563925467,0.0,0.04,0.9090909090909091
0.052794525012220955,0.01223581561014501,0.0005542530061676354,0.00676406006757262,0.012419360815302947,0.04,0.9090909090909091
0.0,0.0012165156424715877,2.484802768780228e-06,0.0,0.0,0.04,0.9090909090909091
0.005866058334691217,0.004740053689204395,2.6338909349070417e-05,0.0,0.0,0.04,0.9090909090909091
0.006517842594101353,0.003336291205345603,2.0801348892931625e-05,0.0,0.0033863377468482435,0.04,0.9090909090909091
0.0,0.0007837281317181428,0.0,0.0,0.0,0.04,0.9090909090909091
0.5189832165553202,0.20847521599629745,0.27730178817056395,0.25911023718397563,0.0,0.04,1.0
0.516783444679811,0.20903283473464238,0.2918762923192972,0.5928418229651736,0.21216846342982343,0.04,1.0
0.0,0.001283053042084022,0.0219942672050406,0.0072067830946084665,0.0,0.04,1.0
0.020449731138992993,0.009008457315669322,0.006377565780716156,0.00014785759444191406,0.0,0.04,1.0
0.021182988430829396,0.009743901670677556,0.020408750055464348,8.497562898960578e-07,0.00989006654338947,0.04,1.0
0.0,0.0014644116180187988,0.002611385721258375,0.000279569819375803,0.0,0.04,1.0
0.03609255336483624,0.008689902154692977,0.003406735590362515,0.0,0.0,0.04,1.0
0.036418445494541304,0.00837723525916906,0.0016161867151794826,8.497562898960578e-07,0.008502899245395334,0.04,1.0
0.0,7.0659185429133845e-06,0.0,0.0,0.0,0.04,1.0
0.0030145021997718753,0.0008367225207899933,0.0,0.0,0.0,0.04,1.0
0.0028515561349193416,0.0008985493080404854,0.0,0.0,0.0009120281330198411,0.04,1.0
0.0,0.00016781556539419287,0.0,0.0,0.0,0.04,1.0
0.032507739938080496,0.007171318494511842,0.0011831210897635,0.003557079829504898,0.0,0.04,1.0
0.03201890174352289,0.006494756794027886,0.0012049163597639438,0.009207109401023787,0.006592182376938956,0.04,1.0
0.0,6.53597465219488e-05,0.0,0.0,0.0,0.04,1.0
0.008554668404758025,0.0058405705022631545,6.460487198828593e-06,0.000425727901237925,0.0,0.04,1.0
0.009043506599315626,0.003063075688352952,0.0,0.0,0.0031090238191148188,0.04,1.0
0.0,2.4730714900196843e-05,0.0,0.0,0.0,0.04,1.0
0.018820270490467656,0.0034970408521968824,5.452367218352043e-05,0.0,0.0,0.04,1.0
0.018738797458041388,0.0031720085992228667,2.9675644495718153e-05,1.0197075478752694e-05,0.0032195907946119817,0.04,1.0
0.00032589212970506764,0.00010245581887224407,0.0,0.0,0.0,0.04,1.0
0.00040736516213133454,3.532959271456692e-05,0.0,0.0,3.585955962070149e-05,0.04,1.0
0.030878279289555156,0.005401894726057282,0.0006197808048986112,0.004167204845650268,0.0,0.04,1.0
0.03177448264624409,0.005323580795539992,0.00027666503971247283,0.0001087688051066954,0.005403437975512702,0.04,1.0
0.0,0.00046988358310374003,0.0,0.0,0.0,0.04,1.0
0.006354896529248819,0.001202383805385761,0.003386857168212273,0.0,0.0,0.04,1.0
0.005295747107707349,0.0012029726319310037,0.003171105293517327,0.0,0.0012210180050848856,0.04,1.0
0.0,0.00019549041302060363,0.004071881794382571,0.0,0.0,0.04,1.0
0.05197979468795828,0.01552264538569022,0.0010765585481652394,0.00010621953623700723,0.0,0.04,1.0
0.051735375590679485,0.013455275385342812,0.0006128943515108489,0.010492790667636523,0.01365711328154416,0.04,1.0
0.0,0.0008897169098618437,7.972667169543418e-05,0.0,0.0,0.04,1.0
0.011161805442398566,0.010444605259516468,0.00020879442694236145,0.0,0.0,0.04,1.0
0.0115691706045299,0.00599189892439055,1.973643342059724e-05,0.0,0.006081781311670972,0.04,1.0
0.0,0.0006112019539620077,0.0,0.0,0.0,0.04,1.0
0.5510835913312694,0.1959320329295357,0.2596760172161335,0.2212026090917125,0.0,0.08,0.0
0.5511650643636956,0.20093529208446365,0.2560187425123131,0.41565489017749707,0.20394945236475867,0.08,0.0
0.0,0.0015880651925197832,0.023323139725784266,0.004264077062698418,0.0,0.08,0.0
0.02134593449568193,0.008802368024834348,0.01626459599769268,6.883025948158069e-05,0.0,0.08,0.0
0.02321981424148607,0.00889599144552795,0.012744624395438612,5.098537739376347e-06,0.009029437112492635,0.08,0.0
0.0,0.0013896306467729655,0.004424368815725252,0.0004291269263975092,0.0,0.08,0.0
0.04130682744011732,0.008927199252425818,0.0037885432843768026,0.0,0.0,0.08,0.0
0.040899462277985986,0.00936587502863169,0.0018037538270399788,0.0,0.009506369255447964,0.08,0.0
0.0021997718755092065,0.0009491883909313647,0.0,0.0,0.0,0.08,0.0
0.0022812449079354733,0.0009274018087573817,0.0,0.0,0.000941313440043414,0.08,0.0
0.0,0.00023788592427808394,0.0,0.0,0.0,0.08,0.0
0.03690728368909891,0.007598217739812859,0.0009809291387496118,0.002782951849409589,0.0,0.08,0.0
0.03821085220791918,0.008622187101990057,0.001373314993122421,0.0022917927138496677,0.008751525525432197,0.08,0.0
0.0,0.00019254628029438973,0.0,0.0,0.0,0.08,0.0
0.018820270490467656,0.013630156869279918,1.2778985668012601e-05,0.0,0.0,0.08,0.0
0.017272282874368584,0.012771647766315942,0.0,0.0,0.012963230802883587,0.08,0.0
0.0,8.420219596971783e-05,0.0,0.0,0.0,0.08,0.0
0.02159035359296073,0.0034611224329370725,0.00017322625016639304,0.0,0.0,0.08,0.0
0.02126446146325566,0.003946904332762368,5.778941296534588e-05,0.0,0.004006110468959367,0.08,0.0
0.0010591494215414698,0.00030736745661673223,0.0,0.0,0.0,0.08,0.0
0.0011406224539677367,0.000294413272621391,0.0,0.0,0.0002988296635058457,0.08,0.0
0.036174026397262506,0.005750480040841009,0.0006759373474730443,0.0031347509534265573,0.0,0.08,0.0
0.03674433762424637,0.00605961397709347,0.0001837334161600923,0.002114193649261392,0.006150512134277316,0.08,0.0
0.0,0.0005399539419876312,2.2718196743133514e-06,5.608391513313982e-05,0.0,0.08,0.0
0.0030145021997718753,0.0011947290602976046,2.3073168567244975e-05,0.0,0.0,0.08,0.0
0.002444190972788007,0.0011146486501445864,4.969605537560456e-06,0.0,0.0011313691060331318,0.08,0.0
0.0,8.066923669826114e-05,0.0,0.0,0.0,0.08,0.0
0.056705230568681764,0.012992457720781985,0.0012308293029240805,0.00016485272023983522,0.0,0.08,0.0
0.055157242952582695,0.014330860458118828,0.000728331188711896,0.0072994065302071365,0.014545832700810545,0.08,0.0
0.0,0.0011164151297803147,2.229223055419976e-05,0.0,0.0,0.08,0.0
0.02134593449568193,0.02026976499343753,0.00014369259440031947,0.0,0.0,0.08,0.0
0.022812449079354733,0.019934722689194384,4.1886675245152414e-05,0.0,0.020233756515980812,0.08,0.0
0.0,0.0006989371092031823,0.0,0.0,0.0,0.08,0.0
0.5124653739612188,0.20208232619459657,0.2490270044815193,0.21155787520139224,0.0,0.08,0.09090909090909091
0.5111618054423985,0.1999961137448014,0.2736309535430625,0.37271245606759984,0.20299618573817502,0.08,0.09090909090909091
0.0,0.0013142608489818894,0.024141349780361185,0.004756935710838132,0.0,0.08,0.09090909090909091
0.022323610884797132,0.01114177588908392,0.01706725828637352,0.00014360881299243378,0.0,0.08,0.09090909090909091
0.0236271794036174,0.012609131639828934,0.01568506899764831,0.0,0.01279827682862836,0.08,0.09090909090909091
0.0,0.0006288667503192912,0.0032050405999023827,7.64780660906452e-06,0.0,0.08,0.09090909090909091
0.03943294769431318,0.009570197839830936,0.004217704219727559,5.098537739376347e-06,0.0,0.08,0.09090909090909091
0.03927000162946065,0.009594928554731133,0.0014775347206815459,0.0,0.009738858733655511,0.08,0.09090909090909091
0.002688610070066808,0.0012271145202859576,0.0,0.0,0.0,0.08,0.09090909090909091
0.0028515561349193416,0.001326037379886745,0.0,0.0,0.0013459288044303291,0.08,0.09090909090909091
0.0,0.00025849485336158133,0.0,0.0,0.0,0.08,0.09090909090909091
0.033892781489327034,0.007909118155701047,0.0008865776279007853,0.0025076308114832667,0.0,0.08,0.09090909090909091
0.03430014665145837,0.008085766119273882,0.0011893685938678617,0.002364021998490833,0.008207057878524547,0.08,0.09090909090909091
0.0,0.00010127816578175851,0.0,0.0,0.0,0.08,0.09090909090909091
0.018249959263483786,0.014068243818940548,0.0,0.0,0.0,0.08,0.09090909090909091
0.017679648036499917,0.013980508663699374,0.0,0.0,0.01419022540123859,0.08,0.09090909090909091
0.0,5.829382797903542e-05,0.0,0.0,0.0,0.08,0.09090909090909091
0.019064689587746455,0.0037372820826559374,0.00011266805697297777,0.0,0.0,0.08,0.09090909090909091
0.019064689587746455,0.003637770396509907,7.539601544127435e-05,0.0,0.0036923393222782295,0.08,0.09090909090909091
0.0006517842594101353,0.00017605913702759183,0.0,0.0,0.0,0.08,0.09090909090909091
0.0005703112269838683,0.0001766479635728346,0.0,0.0,0.0001792977981035074,0.08,0.09090909090909091
0.036418445494541304,0.006259815002476015,0.0005957847095886764,0.0023614727296211446,0.0,0.08,0.09090909090909091
0.03658139155939384,0.006334595973721849,0.0002112792297111417,6.373172174220434e-05,0.0064296190399917765,0.08,0.09090909090909091
0.0,0.0006659628226695865,4.117673159692949e-06,0.0,0.0,0.08,0.09090909090909091
0.004399543751018413,0.0016922874910277556,3.37933176554111e-05,0.0,0.0,0.08,0.09090909090909091
0.004073651621313346,0.002055004642897309,0.0007957048409282513,0.0,0.002085831051270803,0.08,0.09090909090909091
0.0,0.0001672267388489501,0.0,0.0,0.0,0.08,0.09090909090909091
0.05100211829884308,0.013830357894662464,0.001239987575986156,0.0004291269263975092,0.0,0.08,0.09090909090909091
0.050431807071859215,0.014139491830914924,0.0004114123441451835,0.007038531349209047,0.014351593419531745,0.08,0.09090909090909091
0.0,0.0012871748279007216,3.975684430048365e-06,0.0,0.0,0.08,0.09090909090909091
0.019960892944435392,0.02112532996367529,0.00016208013488929317,0.0,0.0,0.08,0.09090909090909091
0.020205312041714194,0.02124545057890482,1.1075120912277588e-05,0.0,0.021564146177908836,0.08,0.09090909090909091
0.0,0.0004357316434796587,0.0,0.0,0.0,0.08,0.09090909090909091
0.5680299820759329,0.25112097853550597,0.2910321693215601,0.23494401805562165,0.0,0.08,0.18181818181818182
0.5664819944598338,0.24807792294969125,0.3208811820561743,0.43122922345871206,0.2517992534039687,0.08,0.18181818181818182
0.0,0.0016652014699465876,0.02645640502285131,0.0037584720702102635,0.0,0.08,0.18181818181818182
0.032507739938080496,0.01788678396483999,0.017118516217775215,0.0,0.0,0.08,0.18181818181818182
0.03430014665145837,0.01894078348082457,0.01728379109908151,1.9544394667609328e-05,0.019224907571985077,0.08,0.18181818181818182
0.0,0.0012571446740933397,0.0032739051337800063,0.0,0.0,0.08,0.18181818181818182
0.04212155776437999,0.011099380377826441,0.0036388871633314104,4.248781449480289e-06,0.0,0.08,0.18181818181818182
0.042203030796806255,0.01075432802231417,0.0022520832408927543,0.0,0.010915649948541531,0.08,0.18181818181818182
0.004399543751018413,0.002398879345319094,2.6977858632471048e-05,0.0,0.0,0.08,0.18181818181818182
0.004236597686165879,0.002355895007516371,0.0,0.0,0.0023912349673737773,0.08,0.18181818181818182
0.0,0.0004810712874633529,0.0,0.0,0.0,0.08,0.18181818181818182
0.03682581065667264,0.008186455458510399,0.0009500465900519146,0.002793998681178238,0.0,0.08,0.18181818181818182
0.037396121883656507,0.008676947970697636,0.0011616097972223455,0.002499983004874202,0.008807107842844285,0.08,0.18181818181818182
0.0,0.0002844032213522637,0.0,0.0,0.0,0.08,0.18181818181818182
0.019064689587746455,0.013334565943568041,0.0,0.0,0.0,0.08,0.18181818181818182
0.01890174352289392,0.015469062170073126,0.0,0.0,0.015701108179924143,0.08,0.18181818181818182
0.0,0.0001401407177677821,0.0,0.0,0.0,0.08,0.18181818181818182
0.02183477269023953,0.004041116580001213,0.0001315525580157075,0.0,0.0,0.08,0.18181818181818182
0.021916245722665796,0.003857991524430708,7.67449083728979e-05,0.0,0.003915863910580602,0.08,0.18181818181818182
0.0008147303242626691,0.0002090334235611876,0.0,0.0,0.0,0.08,0.18181818181818182
0.0008147303242626691,0.00021786582173982934,0.0,0.0,0.00022113395099432583,0.08,0.18181818181818182
0.04236597686165879,0.0070523755323728,0.000624821404800994,0.00255861618887703,0.0,0.08,0.18181818181818182
0.04252892292651132,0.006700257258317617,0.000379464879975152,5.098537739376347e-06,0.006800765482066037,0.08,0.18181818181818182
0.0,0.0012424240104622702,2.6977858632471048e-05,7.05297720613728e-05,0.0,0.08,0.18181818181818182
0.005866058334691217,0.0034263816667677487,0.0,0.0,0.0,0.08,0.18181818181818182
0.00578458530226495,0.0037455256542893362,4.422948928428806e-05,0.0,0.003801710979121369,0.08,0.18181818181818182
0.0,0.0003697830704124671,0.0,0.0,0.0,0.08,0.18181818181818182
0.05222421378523709,0.015373672269743796,0.001119226161423437,0.00012151514945513627,0.0,0.08,0.18181818181818182
0.05246863288251589,0.015557386151859543,0.0006606025646714292,0.00719743577541961,0.015790757078975898,0.08,0.18181818181818182
0.0,0.00044691934783927154,7.099436482229223e-08,0.0,0.0,0.08,0.18181818181818182
0.02183477269023953,0.021301977927248125,0.00012438212716865598,0.0,0.0,0.08,0.18181818181818182
0.021671826625386997,0.02479313051399258,5.494963837245419e-05,0.0,0.02516504362315428,0.08,0.18181818181818182
0.0,0.0005876488921522965,0.0,0.0,0.0,0.08,0.18181818181818182
0.5821248166856771,0.2580320356970205,0.27743383768913343,0.20866530479058606,0.0,0.08,0.2727272727272727
0.5811471402965619,0.25731602261800524,0.2977686826108178,0.4750987416808859,0.26117593058545513,0.08,0.2727272727272727
0.0,0.0008496767047853344,0.025658783334072857,0.0010749417067185132,0.0,0.08,0.2727272727272727
0.034951930910868505,0.02099166633790518,0.016309535430625195,1.0197075478752694e-05,0.0,0.08,0.2727272727272727
0.03576666123513117,0.021524554361349896,0.010506101078226917,0.0,0.02184743669891238,0.08,0.2727272727272727
0.0,0.0008785292055022308,0.004448009939211075,0.0,0.0,0.08,0.2727272727272727
0.048069089131497475,0.01369846074852808,0.0030827883036783957,0.0,0.0,0.08,0.2727272727272727
0.04790614306664494,0.01414243596364114,0.0026781914185561523,0.0,0.014354581716166805,0.08,0.2727272727272727
0.006273423496822552,0.002882305938963418,0.0,0.0,0.0,0.08,0.2727272727272727
0.006191950464396285,0.0034946855460159113,1.7038647557350134e-05,0.0,0.0035471081058143887,0.08,0.2727272727272727
0.0,0.000769596294632316,5.57305763854994e-05,0.0,0.0,0.08,0.2727272727272727
0.03356688935962197,0.006810367822278017,0.0010118826818121312,0.0025212269121216036,0.0,0.08,0.2727272727272727
0.033892781489327034,0.007320880437003509,0.0012616408572569552,0.0021651790266551552,0.007430698412736359,0.08,0.2727272727272727
0.0,8.53798490602034e-05,0.0,0.0,0.0,0.08,0.2727272727272727
0.008310249307479225,0.00236001679333307,0.0,0.0,0.0,0.08,0.2727272727272727
0.007414045950790289,0.004247205870836187,0.0,0.0,0.00431091672573533,0.08,0.2727272727272727
0.0,0.00014131837085826768,0.0,0.0,0.0,0.08,0.2727272727272727
0.021508880560534464,0.0038562250447949794,0.0001087633669077517,0.0,0.0,0.08,0.2727272727272727
0.02126446146325566,0.00407232438689908,4.8418156808803304e-05,0.0,0.004133411905612858,0.08,0.2727272727272727
0.000977676389115203,0.00032620990606450125,0.0,0.0,0.0,0.08,0.2727272727272727
0.0010591494215414698,0.0005063908289087925,0.0,0.0,0.0005139870212300546,0.08,0.2727272727272727
0.044402802672315465,0.007267886047931658,0.0005073257310201002,0.002955452376258489,0.0,0.08,0.2727272727272727
0.044402802672315465,0.0074939954413048866,0.0004542219461330257,5.353464626345164e-05,0.007606410254877797,0.08,0.2727272727272727
0.0,0.0014131837085826768,2.569996006566979e-05,2.5492688696881735e-05,0.0,0.08,0.2727272727272727
0.008880560534463093,0.0052582210490180435,0.0,0.0,0.0,0.08,0.2727272727272727
0.00896203356688936,0.005638602997244881,5.821537915427963e-05,0.0,0.005723185715463957,0.08,0.2727272727272727
0.0,0.0011187704359612858,0.0,0.0,0.0,0.08,0.2727272727272727
0.05092064526641681,0.012029726319310036,0.0009872476372187959,0.000426577657527821,0.0,0.08,0.2727272727272727
0.05083917223399055,0.013484127886059709,0.0005718596086435639,0.006320487284246878,0.013686398588567733,0.08,0.2727272727272727
0.0,0.0004121785816699474,7.1704308470515155e-06,0.0,0.0,0.08,0.2727272727272727
0.012302427896366304,0.007571720545276934,7.575098726538582e-05,0.0,0.0,0.08,0.2727272727272727
0.012302427896366304,0.009750378762675227,9.016284332431113e-06,2.5492688696881735e-05,0.009896640795986598,0.08,0.2727272727272727
0.0,0.0009309347680288384,0.0,0.0,0.0,0.08,0.2727272727272727
0.6055890500244419,0.2760913458396166,0.26801160757864845,0.23440187354266798,0.0,0.08,0.36363636363636365
0.6051002118298843,0.27531998306534855,0.30787409149398764,0.4712901339895718,0.2794499621681646,0.08,0.36363636363636365
0.0,0.0009203358902144683,0.02188770466344234,0.0012024051502029219,0.0,0.08,0.36363636363636365
0.056216392374124166,0.029175177663689364,0.040433420597240095,0.00018694638377713272,0.0,0.08,0.36363636363636365
0.05719406876323937,0.03588014553436892,0.033967040866131254,0.0,0.036418371091457416,0.08,0.36363636363636365
0.0,0.0020467610712639104,0.005563544393663753,0.0,0.0,0.08,0.36363636363636365
0.048069089131497475,0.014956783075711907,0.004036313617606603,0.0,0.0,0.08,0.36363636363636365
0.047824670034218676,0.014402108470093206,0.0024492345920042596,0.0,0.01461814947937896,0.08,0.36363636363636365
0.0,1.177653090485564e-06,0.0,0.0,0.0,0.08,0.36363636363636365
0.015561349193416979,0.00687042812989278,0.0,0.0,0.0,0.08,0.36363636363636365
0.01580576829069578,0.007938559482963186,5.679549185783378e-07,0.0,0.008057643046771623,0.08,0.36363636363636365
0.0,0.0019166304047652555,0.0,0.0,0.0,0.08,0.36363636363636365
0.032589212970506765,0.0062945557686453395,0.0011126236854949638,0.0016876159917335709,0.0,0.08,0.36363636363636365
0.03307805116506436,0.006378169138069815,0.0011436482229223055,0.0018558677371329903,0.006473845830190642,0.08,0.36363636363636365
0.0,9.244576760311677e-05,0.0,0.0,0.0,0.08,0.36363636363636365
0.011895062734234968,0.005663333712145078,0.0,0.0,0.0,0.08,0.36363636363636365
0.011243278474824833,0.006868072823711809,0.0,0.0,0.006971098390264369,0.08,0.36363636363636365
0.0,0.0005805829736093831,0.0,0.0,0.0,0.08,0.36363636363636365
0.021997718755092065,0.004541619143457578,8.739406309624173e-05,0.0,0.0,0.08,0.36363636363636365
0.021753299657813262,0.004323753321717748,6.403691706970759e-05,0.0,0.00438861243824685,0.08,0.36363636363636365
0.003340394329476943,0.0012859971748102358,0.0,0.0,0.0,0.08,0.36363636363636365
0.00342186736190321,0.0019183968844009838,0.0,0.0,0.0019471740874040906,0.08,0.36363636363636365
0.0,7.419214470059054e-05,0.0,0.0,0.0,0.08,0.36363636363636365
0.044484275704741734,0.007252576557755346,0.0006237564893286596,0.002282445394660811,0.0,0.08,0.36363636363636365
0.0443213296398892,0.007243744159576704,0.0004248302790965967,0.00013851027525305743,0.007352405040897828,0.08,0.36363636363636365
0.0,0.0013172049817081035,3.5497182411146113e-05,7.64780660906452e-06,0.0,0.08,0.36363636363636365
0.01605018738797458,0.00867577031760715,0.0,0.0,0.0,0.08,0.36363636363636365
0.015968714355548315,0.011068172570928573,4.3022585082309094e-05,0.0,0.011234202369838764,0.08,0.36363636363636365
0.0,0.0012400687042812988,0.0,0.0,0.0,0.08,0.36363636363636365
0.05222421378523709,0.013986985755697044,0.0010279274082619692,2.8891713856465966e-05,0.0,0.08,0.36363636363636365
0.05181684862310575,0.013572451867846126,0.0004753782668500688,0.0065669166083167346,0.013776047487619488,0.08,0.36363636363636365
0.0,0.0007065918542913384,5.963526645072547e-06,0.0,0.0,0.08,0.36363636363636365
0.023382760306338603,0.01484137307284432,5.9280294626614015e-05,0.0,0.0,0.08,0.36363636363636365
0.023871598500896204,0.01585297707757142,1.1359098371566758e-05,0.0,0.016090782061135768,0.08,0.36363636363636365
0.0,0.00184773769897185,0.0,0.0,0.0,0.08,0.36363636363636365
0.5871761446961056,0.28594594690079983,0.2845875138660869,0.2558216803420779,0.0,0.08,0.45454545454545453
0.5872576177285319,0.2930318855462514,0.3309119048675511,0.47256986696215525,0.2974275547246763,0.08,0.45454545454545453
0.0,0.0007884387440800851,0.02807550250698851,7.392879722095703e-05,0.0,0.08,0.45454545454545453
0.0753625549942969,0.047092580608881975,0.04101351555220304,0.0005633884202010863,0.0,0.08,0.45454545454545453
0.07568844712400195,0.05822375762015153,0.03290219638816169,6.798050319168462e-06,0.05909715191424306,0.08,0.45454545454545453
0.0,0.0018671689749648619,0.006484270311044061,0.0,0.0,0.08,0.45454545454545453
0.04709141274238227,0.015118710375653672,0.0033604472644983806,0.0,0.0,0.08,0.45454545454545453
0.04717288577480854,0.014734795468155377,0.002205155965745219,0.0,0.014955826999140566,0.08,0.45454545454545453
0.01686491771223725,0.008930143385152032,0.0,0.0,0.0,0.08,0.45454545454545453
0.016783444679810983,0.009762155293580084,0.0,0.0,0.009908593982526833,0.08,0.45454545454545453
0.0,0.002339996690794816,0.00013070062563784,2.2093663537297502e-05,0.0,0.08,0.45454545454545453
0.03185595567867036,0.0072272570163099065,0.0009359897058171008,0.0016842169665739865,0.0,0.08,0.45454545454545453
0.03185595567867036,0.006937554356050458,0.0014112259839375249,0.0021804746398732845,0.0070416221908517485,0.08,0.45454545454545453
0.0,2.7674847626410755e-05,0.0,0.0,0.0,0.08,0.45454545454545453
0.01735375590679485,0.010578857711831821,0.0,0.0,0.0,0.08,0.45454545454545453
0.017842594101352454,0.009902296011347865,6.1055153747171314e-06,0.0,0.010050836902355614,0.08,0.45454545454545453
0.0,0.00023670827118759836,0.0,0.0,0.0,0.08,0.45454545454545453
0.020449731138992993,0.004879016753881692,0.00012686692993743622,0.0,0.0,0.08,0.45454545454545453
0.020694150236271795,0.004775383281918962,8.583218707015131e-05,0.0,0.004847017142064818,0.08,0.45454545454545453
0.003503340394329477,0.0017364494819209642,0.0,0.0,0.0,0.08,0.45454545454545453
0.0032589212970506763,0.0014196608005803473,0.0,0.0,0.001440956637425188,0.08,0.45454545454545453
0.0,0.00034210822278605635,0.0,0.0,0.0,0.08,0.45454545454545453
0.04366954538047906,0.007628836720165484,0.0004945467453520877,0.0025637147266164063,0.0,0.08,0.45454545454545453
0.04318070718592146,0.007311459212279625,0.0006828238008608066,0.0004690654720226239,0.007421135863504172,0.08,0.45454545454545453
0.0,0.0013807982485943239,3.620712605936904e-05,0.0,0.0,0.08,0.45454545454545453
0.01890174352289392,0.013491782631147864,0.0,0.0,0.0,0.08,0.45454545454545453
0.019309108685025257,0.014171877290903278,9.854017837334161e-05,0.0,0.01438446468251739,0.08,0.45454545454545453
0.0,0.0015521467732599733,1.3559923681057815e-05,0.0,0.0,0.08,0.45454545454545453
0.05026886100700668,0.014489254798789137,0.001103891378621822,1.7844882087817215e-05,0.0,0.08,0.45454545454545453
0.05010591494215415,0.01409415218693123,0.0005083906464924346,0.006172629689804964,0.014305573651351846,0.08,0.45454545454545453
0.0,0.0006406432812241468,1.1359098371566757e-06,1.869463837771327e-05,0.0,0.08,0.45454545454545453
0.030063548965292487,0.022325947289425323,1.5405777166437415e-05,0.0,0.0,0.08,0.45454545454545453
0.03022649503014502,0.02086506863067798,2.2718196743133514e-06,0.0,0.021178058252659285,0.08,0.45454545454545453
0.0,0.003292129214452394,0.0,0.0,0.0,0.08,0.45454545454545453
0.6157731790777252,0.2823770692100833,0.29540549318897813,0.29023511057028845,0.0,0.08,0.5454545454545454
0.6148769757210364,0.29786026321724224,0.33708876957891465,0.4903144778077647,0.3023283612061721,0.08,0.5454545454545454
0.0,0.0008820621647736875,0.0216914052447087,0.00028466835711517935,0.0,0.08,0.5454545454545454
0.07642170441583836,0.06376991484979329,0.04448847672715978,0.00014870735073181012,0.0,0.08,0.5454545454545454
0.07707348867524849,0.06421212358527062,0.04429026046057594,0.0,0.06517534726995196,0.08,0.5454545454545454
0.0,0.0015892428456102687,0.008614385233172117,0.0,0.0,0.08,0.5454545454545454
0.04904676552061268,0.014370900663195338,0.0031109020721480233,0.0,0.0,0.08,0.5454545454545454
0.04888381945576014,0.015256495787240481,0.0020893641567200603,0.0,0.015485353162872924,0.08,0.5454545454545454
0.0,0.00011423234977709971,5.11159426720504e-06,1.7844882087817215e-05,0.0,0.08,0.5454545454545454
0.01686491771223725,0.011552187991118141,2.484802768780228e-05,0.0,0.0,0.08,0.5454545454545454
0.017027863777089782,0.012007939737136054,0.0,0.0,0.012188066655749423,0.08,0.5454545454545454
0.0,0.0019301734153058395,0.0,0.0,0.0,0.08,0.5454545454545454
0.030389441094997555,0.006333418320631363,0.0018002751031636864,0.0021872726901924528,0.0,0.08,0.5454545454545454
0.030389441094997555,0.006734998024486941,0.0011491147890136221,0.002305388814488005,0.006836027382359726,0.08,0.5454545454545454
0.0,1.1187704359612858e-05,0.0,0.0,0.0,0.08,0.5454545454545454
0.015072510998859378,0.009769810038668239,0.0,0.0,0.0,0.08,0.5454545454545454
0.014991037966433111,0.010133704843628279,1.3630918045880108e-05,0.0,0.01028571701787121,0.08,0.5454545454545454
0.0,0.00033150934497168627,0.0,0.0,0.0,0.08,0.5454545454545454
0.023545706371191136,0.0077601450397546245,4.3093579447131386e-05,0.0,0.0,0.08,0.5454545454545454
0.023545706371191136,0.007644146210341796,8.214048009939211e-05,0.0,0.007758813383265778,0.08,0.5454545454545454
0.0029330291673456085,0.0015380149361741465,0.0,0.0,0.0,0.08,0.5454545454545454
0.0029330291673456085,0.0014920864656452096,0.0,0.0,0.001514468734647626,0.08,0.5454545454545454
0.0,0.00020726694392545926,0.0,0.0,0.0,0.08,0.5454545454545454
0.04611373635326707,0.006969939816038811,0.00040630074987797846,0.0014624305749111155,0.0,0.08,0.5454545454545454
0.04611373635326707,0.007552289269283922,0.0014710742334827173,0.0001087688051066954,0.0076655785282519545,0.08,0.5454545454545454
0.0,0.0014755993223784117,1.625770954430492e-05,0.0,0.0,0.08,0.5454545454545454
0.01686491771223725,0.014667669241997701,0.0,0.0,0.0,0.08,0.5454545454545454
0.01686491771223725,0.015458463292258756,3.265740781825442e-05,0.0,0.015690350312037936,0.08,0.5454545454545454
0.0,0.0007766622131752294,4.550738785108932e-05,0.0,0.0,0.08,0.5454545454545454
0.05312041714192602,0.014986224402974046,0.0011601189155610774,0.00026937274389705033,0.0,0.08,0.5454545454545454
0.052875998044647224,0.015900672027736085,0.0005332386741802369,0.007306204580526305,0.016139192466623715,0.08,0.5454545454545454
0.0,0.0003179663344311023,2.413808403957936e-06,0.0,0.0,0.08,0.5454545454545454
0.02892292651132475,0.022370698106863773,5.615654257443315e-05,0.0,0.0,0.08,0.5454545454545454
0.029167345608603554,0.022942448682294517,5.821537915427963e-06,0.0,0.023286600358356533,0.08,0.5454545454545454
0.0,0.0030189136974597434,0.0,0.0,0.0,0.08,0.5454545454545454
0.61479550268861,0.29294532804410073,0.29302022451967874,0.2673307795324301,0.0,0.08,0.6363636363636364
0.610803324099723,0.28282516621101306,0.31727488130629633,0.4450173690185655,0.2870677279502556,0.08,0.6363636363636364
0.0,0.00110699390505643,0.01949917025336114,1.3596100638336924e-05,0.0,0.08,0.6363636363636364
0.07723643474010103,0.0683533406779631,0.03901743799085947,0.00017844882087817213,0.0,0.08,0.6363636363636364
0.0817174515235457,0.0648091937021468,0.03802841549452012,0.0,0.06578137382754182,0.08,0.6363636363636364
0.0,0.002141562145047998,0.010179952966233306,0.00011896588058544809,0.0,0.08,0.6363636363636364
0.04758025093693987,0.013455864211888055,0.002923973909570928,0.0,0.0,0.08,0.6363636363636364
0.04790614306664494,0.013498848549690778,0.0021370723698806407,0.0,0.013701340071743026,0.08,0.6363636363636364
0.0,0.00011011056396040023,8.732306873141944e-06,0.0,0.0,0.08,0.6363636363636364
0.01849437836076259,0.013734967994333134,0.0,0.0,0.0,0.08,0.6363636363636364
0.01841290532833632,0.013794439475402655,8.519323778675068e-05,0.0,0.014001365053902894,0.08,0.6363636363636364
0.0,0.0020438169385376963,0.0,0.0,0.0,0.08,0.6363636363636364
0.029900602900439954,0.0066078114907145,0.0011586280338998093,0.0017445496631566066,0.0,0.08,0.6363636363636364
0.030715333224702622,0.0063769914849793295,0.0008951679460442827,0.0021821741524530765,0.006472650511536618,0.08,0.6363636363636364
0.0,1.4720663631069551e-05,0.0,0.0,0.0,0.08,0.6363636363636364
0.016946390744663517,0.011124111092726638,2.484802768780228e-05,0.0,0.0,0.08,0.6363636363636364
0.015561349193416979,0.011077004969107216,0.0,0.0,0.011243167259743938,0.08,0.6363636363636364
0.0,0.0003185551609763451,0.0,0.0,0.0,0.08,0.6363636363636364
0.02321981424148607,0.007425102735511481,5.423969472423126e-05,0.0,0.0,0.08,0.6363636363636364
0.02321981424148607,0.0077872310608357925,4.607534276966766e-05,0.0,0.007904044599729619,0.08,0.6363636363636364
0.0,1.1187704359612858e-05,0.0,0.0,0.0,0.08,0.6363636363636364
0.00342186736190321,0.002053238163261581,0.0,0.0,0.0,0.08,0.6363636363636364
0.003340394329476943,0.002052060510171095,0.0,0.0,0.0020828427546357446,0.08,0.6363636363636364
0.0,0.00023670827118759836,0.0,0.0,0.0,0.08,0.6363636363636364
0.0443213296398892,0.006309865258821652,0.00041709189333096684,0.0015635515734087463,0.0,0.08,0.6363636363636364
0.044402802672315465,0.006381113270796029,0.0007905222522962239,0.00011046831768648751,0.0064768341268257,0.08,0.6363636363636364
0.0,0.0016033746826960955,1.9168478502018902e-05,0.0,0.0,0.08,0.6363636363636364
0.01841290532833632,0.016981757564801834,0.0,0.0,0.0,0.08,0.6363636363636364
0.018249959263483786,0.016712075007080638,2.5557971336025203e-05,0.0,0.016962767019245827,0.08,0.6363636363636364
0.0,0.0008826509913189303,0.0,0.0,0.0,0.08,0.6363636363636364
0.052875998044647224,0.015838845240485594,0.0012969250565736344,6.798050319168462e-05,0.0,0.08,0.6363636363636364
0.052957471077073485,0.017081269250947863,0.0005243643785774505,0.006951006451349753,0.017337499417282156,0.08,0.6363636363636364
0.0,0.00023729709773284116,3.365132892576652e-05,5.098537739376347e-05,0.0,0.08,0.6363636363636364
0.03055238715985009,0.024194882744025915,3.28703909127213e-05,0.0,0.0,0.08,0.6363636363636364
0.030389441094997555,0.025602178187156162,7.48990548875183e-05,0.0,0.025986227538468343,0.08,0.6363636363636364
0.0,0.003116658903970045,0.0,0.0,0.0,0.08,0.6363636363636364
0.5993970995600456,0.30179539101909975,0.3096811820561743,0.2890488507895935,0.0,0.08,0.7272727272727273
0.5996415186573244,0.2944215161930244,0.33848991436304743,0.4505382356340202,0.29883803073642384,0.08,0.7272727272727273
0.0,0.0010787302308847768,0.02015359630829303,0.0001206653931652402,0.0,0.08,0.7272727272727273
0.07104448427570474,0.0536415094450722,0.04469854905266894,0.0005081542613578426,0.0,0.08,0.7272727272727273
0.07137037640540982,0.047929303129671974,0.04408998535741226,0.0,0.048648273900097655,0.08,0.7272727272727273
0.0,0.0021674705130386804,0.0064671606691218885,0.0,0.0,0.08,0.7272727272727273
0.047824670034218676,0.015871230700473946,0.0038524382127168655,0.0,0.0,0.08,0.7272727272727273
0.04758025093693987,0.015368961657381854,0.0028887607046190708,0.0,0.015599506094332157,0.08,0.7272727272727273
0.0,0.00010304464541748686,0.0,0.0,0.0,0.08,0.7272727272727273
0.015724295258269513,0.01078789113539301,6.538581000133114e-05,0.0,0.0,0.08,0.7272727272727273
0.01580576829069578,0.009176861707608758,0.0006929050006655722,0.0,0.00931452061147721,0.08,0.7272727272727273
0.0,0.0016699120823085297,0.0,0.0,0.0,0.08,0.7272727272727273
0.03283363206778556,0.007544634524195766,0.0011321471358210942,0.00037134349868457725,0.0,0.08,0.7272727272727273
0.03283363206778556,0.007383884877344486,0.0014688734081732262,0.0021524326823067143,0.00749464796072661,0.08,0.7272727272727273
0.0,0.0001401407177677821,0.0,0.0,0.0,0.08,0.7272727272727273
0.01450219977187551,0.00794739188114183,0.0,0.0,0.0,0.08,0.7272727272727273
0.01474661886915431,0.008215307959227295,0.0,7.222928464116492e-05,0.00833854293046712,0.08,0.7272727272727273
0.0,0.0005852935859713254,0.0,0.0,0.0,0.08,0.7272727272727273
0.021916245722665796,0.00710949170726135,9.562940941562764e-05,0.0,0.0,0.08,0.7272727272727273
0.02183477269023953,0.007300271507920011,4.4655455473221814e-05,0.0,0.00740978033629095,0.08,0.7272727272727273
0.002444190972788007,0.0015444920281718173,0.0,0.0,0.0,0.08,0.7272727272727273
0.0025256640052142743,0.0014814875878308396,6.03452100989484e-05,0.0,0.0015037108667614156,0.08,0.7272727272727273
0.0,0.00015309490176312332,0.0,0.0,0.0,0.08,0.7272727272727273
0.044565748737167996,0.007890864532798521,0.0005227315081865377,0.0032834583041583673,0.0,0.08,0.7272727272727273
0.04423985660746293,0.007559355187826836,0.0005817988197186849,0.0,0.007672750440176094,0.08,0.7272727272727273
0.0,0.001520938966362106,1.7322625016639306e-05,2.5492688696881735e-05,0.0,0.08,0.7272727272727273
0.01653902558253218,0.014251368874511052,0.0023896703199183566,0.0,0.0,0.08,0.7272727272727273
0.016701971647384715,0.0121021519843749,6.779961840528909e-05,0.0,0.012283692148071294,0.08,0.7272727272727273
0.0,0.00053759863580666,0.0,0.0,0.0,0.08,0.7272727272727273
0.051572429525826954,0.015838845240485594,0.001097359897058171,0.0,0.0,0.08,0.7272727272727273
0.05140948346097442,0.015484960486794682,0.0007776012778985668,0.00685243472172181,0.01571724498175346,0.08,0.7272727272727273
0.0,0.00034564118205751305,2.4209078404401652e-05,0.0,0.0,0.08,0.7272727272727273
0.027293465862799415,0.01995474279173264,5.452367218352043e-05,0.0,0.0,0.08,0.7272727272727273
0.027537884960078213,0.019568472578053376,3.5852154235257576e-05,0.0,0.01986201241457954,0.08,0.7272727272727273
0.0,0.0021680593395839234,0.0,0.0,0.0,0.08,0.7272727272727273
0.6240019553527782,0.2835535446474784,0.32688098682167105,0.32990938198924546,0.0,0.08,0.8181818181818182
0.6354896529248819,0.29498796732954796,0.36045081421662156,0.5281481771028069,0.2994129790090091,0.08,0.8181818181818182
0.0,0.0019030873942246715,0.029486231530372276,0.0015125661960149828,0.0,0.08,0.8181818181818182
0.047987616099071206,0.03154932629410826,0.048224768159027376,0.0002982644577535163,0.0,0.08,0.8181818181818182
0.04839498126120254,0.02568579155658064,0.042442703110440606,0.0001249141746147205,0.026071095162904002,0.08,0.8181818181818182
0.0,0.001880123158960203,0.008592022008253096,0.0,0.0,0.08,0.8181818181818182
0.05075769920156428,0.015773485493963645,0.0034024049341083553,0.0,0.0,0.08,0.8181818181818182
0.05092064526641681,0.016162699840369124,0.002528819274970049,0.0,0.016405150867143916,0.08,0.8181818181818182
0.009043506599315626,0.0058181950935439295,1.3630918045880108e-05,0.0,0.0,0.08,0.8181818181818182
0.008717614469610559,0.004607567716524769,0.0,0.0,0.004676684233866486,0.08,0.8181818181818182
0.0,0.0007224901710128935,0.0,0.0,0.0,0.08,0.8181818181818182
0.035359296072999834,0.007718927181587629,0.0009592048631139903,0.00012406441832482444,0.0,0.08,0.8181818181818182
0.03568518820270491,0.00820765321413914,0.0017967253849225718,0.00247024153472784,0.008330773359215967,0.08,0.8181818181818182
0.0,1.2954183995341204e-05,0.0,0.0,0.0,0.08,0.8181818181818182
0.007984357177774157,0.004587547613986514,3.3012379642365886e-05,0.0,0.0,0.08,0.8181818181818182
0.007414045950790289,0.0037514139197417644,0.0,0.0,0.003807687572391486,0.08,0.8181818181818182
0.0,0.0002579060268163385,0.0,0.0,0.0,0.08,0.8181818181818182
0.023382760306338603,0.006607222664169257,0.00012537604827616807,0.0,0.0,0.08,0.8181818181818182
0.023301287273912334,0.006928721957871816,5.445267781869814e-05,0.0,0.007032657300946573,0.08,0.8181818181818182
0.0013850415512465374,0.0007801951724466862,0.0,0.0,0.0,0.08,0.8181818181818182
0.0013850415512465374,0.0006064913416000655,0.0,0.0,0.0006155891068220421,0.08,0.8181818181818182
0.0,0.00011069939050564302,0.0,0.0,0.0,0.08,0.8181818181818182
0.04668404758025094,0.0076512121288847094,0.00045727470382038427,0.002113343892971496,0.0,0.08,0.8181818181818182
0.046846993645103474,0.007960934891682413,0.0007986156098859653,2.719220127667385e-05,0.008080354101198069,0.08,0.8181818181818182
0.0,0.0015203501398168631,1.5760748990548875e-05,0.0,0.0,0.08,0.8181818181818182
0.009613817826299494,0.0067220438404915995,0.0,0.0,0.0,0.08,0.8181818181818182
0.009613817826299494,0.005374219878430872,0.0,0.0,0.005454836677635707,0.08,0.8181818181818182
0.0,0.0007666521619061022,0.0,0.0,0.0,0.08,0.8181818181818182
0.05442398566074629,0.013947534377165777,0.0012893996539024716,0.0003866391119027063,0.0,0.08,0.8181818181818182
0.05442398566074629,0.015122832161470371,0.0008270843501797045,0.007682646616950259,0.01534968449564127,0.08,0.8181818181818182
0.0,0.0004475081743845143,4.3306562541598265e-06,0.0,0.0,0.08,0.8181818181818182
0.01344305035033404,0.01099751338549944,5.679549185783379e-05,0.0,0.0,0.08,0.8181818181818182
0.01344305035033404,0.009465975541322964,0.0,0.0,0.009607971341039951,0.08,0.8181818181818182
0.0,0.0012229927344692582,0.0,0.0,0.0,0.08,0.8181818181818182
0.5911683232849927,0.24349508594806668,0.32659814527221903,0.33575485550744044,0.0,0.08,0.9090909090909091
0.5899462277985986,0.2368024834348372,0.35416710298620047,0.5452393253614863,0.2403546749510218,0.08,0.9090909090909091
0.0,0.0010869738025181756,0.02217047521852953,0.0007239923589914413,0.0,0.08,0.9090909090909091
0.038781163434903045,0.021566949872607377,0.04995710165505613,0.00022858444198203956,0.0,0.08,0.9090909090909091
0.038781163434903045,0.01875648077216358,0.042850849713803964,0.0,0.01903784020263042,0.08,0.9090909090909091
0.0,0.0012812865624482936,0.010618272174646138,0.0,0.0,0.08,0.9090909090909091
0.04668404758025094,0.013752043964145174,0.0036978834804987353,0.0,0.0,0.08,0.9090909090909091
0.047009939709956004,0.01380386070012654,0.002995962195500732,0.0,0.014010927603135081,0.08,0.9090909090909091
0.0,3.8862551986023616e-05,0.0,0.0,0.0,0.08,0.9090909090909091
0.005458693172559883,0.002136851532686056,0.00037974885743444117,0.0,0.0,0.08,0.9090909090909091
0.005458693172559883,0.0025189999605486216,0.0001818875626747127,0.0,0.002556786600956016,0.08,0.9090909090909091
0.0,0.0002643831188140091,0.0,0.0,0.0,0.08,0.9090909090909091
0.03462603878116344,0.007405082632973226,0.0011809912588188313,4.4187327074595004e-05,0.0,0.08,0.9090909090909091
0.03438161968388463,0.007496350747485858,0.0013427874162488353,0.0012542402838865813,0.007608800892185843,0.08,0.9090909090909091
0.0,3.5329592714566923e-06,0.0,0.0,0.0,0.08,0.9090909090909091
0.004236597686165879,0.0019378281603939956,0.0,0.0,0.0,0.08,0.9090909090909091
0.004318070718592146,0.001204739111566732,0.0,0.0,0.0012228109830659207,0.08,0.9090909090909091
0.0,4.8872603255150906e-05,0.0,0.0,0.0,0.08,0.9090909090909091
0.0221606648199446,0.005999553669478706,0.00013403736078448773,0.0,0.0,0.08,0.9090909090909091
0.02207919178751833,0.006151470918151344,5.11869370368727e-05,0.0,0.00624374698929114,0.08,0.9090909090909091
8.147303242626691e-05,0.00010952173741515746,0.0,0.0,0.0,0.08,0.9090909090909091
0.00016294606485253382,0.0,0.0,0.0,0.0,0.08,0.9090909090909091
0.043262180218347726,0.0073326569679083645,0.0005758352930736123,0.0025994044907920407,0.0,0.08,0.9090909090909091
0.04358807234805279,0.007231378802126606,0.0010135865465678662,0.0,0.007339854195030583,0.08,0.9090909090909091
0.0,0.001339580390427329,2.1440298176332253e-05,4.248781449480289e-06,0.0,0.08,0.9090909090909091
0.006680788658953886,0.0042725254122816265,0.002484802768780228,0.0,0.0,0.08,0.9090909090909091
0.006354896529248819,0.00375259157283225,4.259661889337534e-07,0.0,0.0038088828910455095,0.08,0.9090909090909091
0.0,0.00020667811738021648,0.0,0.0,0.0,0.08,0.9090909090909091
0.051653902558253216,0.013572451867846126,0.0009455029507032879,0.0,0.0,0.08,0.9090909090909091
0.051572429525826954,0.01326037379886745,0.0010103208057860406,0.007007090366482892,0.01345928804430329,0.08,0.9090909090909091
0.0,0.0004251327656652886,5.331676798154147e-05,0.0,0.0,0.08,0.9090909090909091
0.008554668404758025,0.0063493166373529185,0.00016676576296756446,0.0,0.0,0.08,0.9090909090909091
0.008554668404758025,0.005376575184611843,1.2566002573545724e-05,0.0,0.0054572273149437545,0.08,0.9090909090909091
0.0,0.0006641963430338581,0.0,0.0,0.0,0.08,0.9090909090909091
0.5620824507088154,0.24061572414182947,0.29185116031415004,0.343181725481132,0.0,0.08,1.0
0.5608603552224214,0.24427645877360385,0.3105732972445312,0.7005178414830626,0.24794076478878121,0.08,1.0
0.0,0.001120536915597014,0.021886923725429296,0.000719743577541961,0.0,0.08,1.0
0.030715333224702622,0.011318423852656755,0.043609637485024624,1.0197075478752694e-05,0.0,0.08,1.0
0.030959752321981424,0.011762399067769814,0.04106853618494032,0.0,0.011938842716385548,0.08,1.0
0.0,0.0010946285476063319,0.008707955806007897,4.928586481397135e-05,0.0,0.08,1.0
0.04041062408342839,0.011877809070637398,0.0036163109553179217,0.0,0.0,0.08,1.0
0.04081798924555972,0.011467985795148423,0.00179047788081821,0.0,0.011640013052879702,0.08,1.0
0.0030145021997718753,0.0010227917090867124,0.0,0.0,0.0,0.08,1.0
0.002688610070066808,0.0015227054459978342,1.9878422150241826e-06,0.0,0.001545547019652234,0.08,1.0
0.0,0.00030206801770954716,0.0,0.0,0.0,0.08,1.0
0.03315952419749063,0.007717160701951901,0.0010660513821715402,0.00011981563687534415,0.0,0.08,1.0
0.033648362392048235,0.006878671701526179,0.0012616408572569552,0.0019365945846731157,0.006981856258150579,0.08,1.0
0.0,5.88826545242782e-06,0.0,0.0,0.0,0.08,1.0
0.01026560208570963,0.007511071411116927,0.0,0.0,0.0,0.08,1.0
0.009939709956004562,0.0038544585651592513,4.2596618893375335e-06,0.0,0.003912277954618532,0.08,1.0
0.019553527782304056,0.006176201633051541,8.299241247725962e-05,0.0,0.0,0.08,1.0
0.01971647384715659,0.005361854520980773,0.00010123796423658872,0.0,0.005442285831768462,0.08,1.0
0.0,8.479102251496061e-05,0.0,0.0,0.0,0.08,1.0
0.0008962033566889359,4.7694950164665346e-05,0.0,0.0,0.0,0.08,1.0
0.0008962033566889359,2.29642352644685e-05,0.0,0.0,2.3308713753455964e-05,0.08,1.0
0.038781163434903045,0.005690419733226246,0.0004617473488041887,0.003733829137803278,0.0,0.08,1.0
0.03918852859703438,0.005633892384882939,0.0008781292984869326,3.399025159584231e-05,0.005718404440847863,0.08,1.0
0.0,0.0014014071776778212,1.8813506677907442e-05,4.248781449480289e-06,0.0,0.08,1.0
0.004969854978002281,0.0023105553635326768,0.001462696898433687,0.0,0.0,0.08,1.0
0.00448101678344468,0.0023941687329571515,0.00021681679016728048,0.0,0.0024300828236295375,0.08,1.0
0.0,0.0006359326688622046,0.0,0.0,0.0,0.08,1.0
0.04994296887730161,0.016493620358795567,0.0009365576607356791,0.0,0.0,0.08,1.0
0.04986149584487535,0.014621740771468763,0.0005023561254825399,0.011148802523436278,0.01484107640835432,0.08,1.0
0.0,0.000248484802092454,1.0649154723343834e-06,0.0,0.0,0.08,1.0
0.012058008799087501,0.011863088407006329,0.0002275369392554466,0.0,0.0,0.08,1.0
0.012139481831513768,0.007633547332527426,0.0,0.0,0.007748055515379567,0.08,1.0
0.0,0.00027086021081167974,0.0,0.0,0.0,0.08,1.0
0.5858725761772853,0.22487403528130895,0.26444442472378754,0.3277034146606753,0.0,0.12,0.0
0.5866058334691218,0.2297389201981048,0.27150495629409416,0.4925272431866541,0.23318515366418957,0.12,0.0
0.0,0.0013454686558797568,0.02198773572347695,0.0005999279406666169,0.0,0.12,0.0
0.028271142251914617,0.011515091918767845,0.039582624129209744,0.000278720063085907,0.0,0.12,0.0
0.02949323773830862,0.011955534174609445,0.03558415050805342,0.0,0.012134874975645383,0.12,0.0
0.0,0.0012459569697337268,0.012189590451257932,0.00010197075478752694,0.0,0.12,0.0
0.045624898158709466,0.011538056154032314,0.0035157119403647335,0.0,0.0,0.12,0.0
0.04538047906143067,0.012480178626420766,0.001885965301504193,4.758635223417924e-05,0.0126673894360128,0.12,0.0
0.0,1.5898316721555113e-05,0.0,0.0,0.0,0.12,0.0
0.003503340394329477,0.001631638356867749,2.8752717753028353e-05,0.0,0.0,0.12,0.0
0.003503340394329477,0.0017340941757399931,4.259661889337534e-05,0.0,0.0017601067180494311,0.12,0.0
0.0,0.00011894296213904197,0.0,0.0,0.0,0.12,0.0
0.03552224213785237,0.007993909178216008,0.0011023295025957315,8.922441043908606e-05,0.0,0.12,0.0
0.036255499429688774,0.008789413840839007,0.001271296090872787,0.0007809260304144772,0.008921260774303517,0.12,0.0
0.0,2.5319541445439627e-05,0.0,0.0,0.0,0.12,0.0
0.023382760306338603,0.0158994943746456,1.6328703909127212e-06,0.0,0.0,0.12,0.0
0.02207919178751833,0.015209978490166302,0.0,0.0,0.015438138076039,0.12,0.0
0.0,1.1187704359612858e-05,0.0,0.0,0.0,0.12,0.0
0.02077562326869806,0.004887260325515091,7.39761281448285e-05,0.0,0.0,0.12,0.0
0.02077562326869806,0.005676287896140418,7.610595908949726e-05,0.0,0.005761435912392705,0.12,0.0
0.0011406224539677367,0.00012600888068195536,0.0,0.0,0.0,0.12,0.0
0.000977676389115203,0.00012836418686292648,2.6977858632471048e-05,0.0,0.00013028973328854874,0.12,0.0
0.0,5.88826545242782e-07,0.0,0.0,0.0,0.12,0.0
0.04008473195372332,0.005942437494590156,0.0004412299773705462,0.0026104513225606897,0.0,0.12,0.0
0.04008473195372332,0.006228018369032905,0.0007421040954874206,2.379317611708962e-05,0.00632144270180266,0.12,0.0
0.0,0.0014791322816498683,4.628832586413453e-05,9.26234355986703e-05,0.0,0.12,0.0
0.004969854978002281,0.0026261663917828077,0.0,0.0,0.0,0.12,0.0
0.004806908913149747,0.002555507206353674,0.00023016373075387142,0.0,0.0025938414792307405,0.12,0.0
0.0,0.0007796063459014434,0.0,0.0,0.0,0.12,0.0
0.05083917223399055,0.012905311392086054,0.0007678750499179128,0.0001368107626732653,0.0,0.12,0.0
0.05075769920156428,0.01423370407815377,0.00046820783600301724,0.00620577018511091,0.014447218911853616,0.12,0.0
0.0,0.00042925455148198807,3.095354306251941e-05,0.0,0.0,0.12,0.0
0.025664005214274074,0.021880205594676537,0.0002842614367484581,0.0,0.0,0.12,0.0
0.025826951279126608,0.021962052484465283,0.0,0.0,0.022291497578882068,0.12,0.0
0.0,0.0010304464541748685,0.0,0.0,0.0,0.12,0.0
0.5501873879745804,0.2219999729139789,0.26314828060522694,0.2950115906757942,0.0,0.12,0.09090909090909091
0.5489652924881864,0.21731939070584405,0.29058817056396147,0.45144747486420894,0.22057932313885897,0.12,0.09090909090909091
0.0,0.0014267267191232608,0.020902728845897858,0.000955975826133065,0.0,0.12,0.09090909090909091
0.026804627668241814,0.01162402482963776,0.040455783822159114,0.00033055519676956647,0.0,0.12,0.09090909090909091
0.027782304057357016,0.011802439272846323,0.03483530194790788,0.0,0.011979483550622342,0.12,0.09090909090909091
0.0,0.0010434006381702097,0.008813524426498647,0.0011055329331547711,0.0,0.12,0.09090909090909091
0.04383249144533159,0.012370068062460365,0.0038859475529129874,0.0,0.0,0.12,0.09090909090909091
0.04497311389929933,0.012548482505668928,0.0019380041709189332,0.0,0.012736717917946156,0.12,0.09090909090909091
0.0,1.5309490176312333e-05,0.0,0.0,0.0,0.12,0.09090909090909091
0.005132801042854815,0.00231762128207559,1.5831743355371166e-05,0.0,0.0,0.12,0.09090909090909091
0.004073651621313346,0.0023517732216996714,6.531481563650885e-06,0.0,0.0023870513520846954,0.12,0.09090909090909091
0.0,0.00016251612648700783,0.0,0.0,0.0,0.12,0.09090909090909091
0.03332247026234316,0.008143471120707676,0.0012284864888849447,2.9741470146362022e-05,0.0,0.12,0.09090909090909091
0.0344630927163109,0.00824828224576089,0.0012619248347162445,0.0009347319188856636,0.008372011852779773,0.12,0.09090909090909091
0.020612677203845527,0.01639646397883051,0.0,0.0,0.0,0.12,0.09090909090909091
0.019553527782304056,0.016554269492955572,4.543639348626703e-06,9.347319188856636e-06,0.016802594319606692,0.12,0.09090909090909091
0.0,8.008041015301835e-05,0.0,0.0,0.0,0.12,0.09090909090909091
0.01898321655532019,0.005616816415070898,9.683631361760661e-05,0.0,0.0,0.12,0.09090909090909091
0.019064689587746455,0.005565588505634776,5.6511514398544615e-05,0.0,0.005649075958914508,0.12,0.09090909090909091
0.000977676389115203,0.00013601893195108264,0.0,0.0,0.0,0.12,0.09090909090909091
0.0007332572918364021,0.00013719658504156822,2.129830944668767e-05,0.0,0.0001392546231937241,0.12,0.09090909090909091
0.04138830047254359,0.006406432812241469,0.000499232373430359,0.0025671137517759906,0.0,0.12,0.09090909090909091
0.04122535440769105,0.006317520003909808,0.0010037893242223898,4.1638058204906833e-05,0.006412286919508437,0.12,0.09090909090909091
0.0,0.001412594882037434,1.405688423481386e-05,0.0,0.0,0.12,0.09090909090909091
0.005947531367117484,0.003116658903970045,0.00044264986466699207,0.0,0.0,0.12,0.09090909090909091
0.0061104774319700175,0.0028887830309610885,0.0004641611572081466,0.0,0.002932116658319358,0.12,0.09090909090909091
0.0,0.0006694957819410432,0.0,0.0,0.0,0.12,0.09090909090909091
0.04994296887730161,0.014221338720703672,0.0009467808492700892,0.00028891713856465966,0.0,0.12,0.09090909090909091
0.05035033403943295,0.014228993465791828,0.00048389759062874384,0.006743665916615115,0.014442437637237522,0.12,0.09090909090909091
0.0,0.0003792042951363516,4.4726449838044105e-05,0.0,0.0,0.12,0.09090909090909091
0.022242137852370867,0.021932611157203144,0.000303429915250477,0.0,0.0,0.12,0.09090909090909091
0.021753299657813262,0.022270597594172502,0.0,0.0,0.022604671066236193,0.12,0.09090909090909091
0.0,0.000707769507381824,0.0,0.0,0.0,0.12,0.09090909090909091
0.6064852533811308,0.255418823489233,0.33419802103208057,0.32381577963440084,0.0,0.12,0.18181818181818182
0.606240834283852,0.25349924895174153,0.32637138927097664,0.5262787132650356,0.2573019028277653,0.12,0.18181818181818182
0.0,0.001118181609416043,0.025692718640457912,0.008223091617324152,0.0,0.12,0.18181818181818182
0.02794525012220955,0.013428189364261644,0.04266314061321383,0.0001529561321812904,0.0,0.12,0.18181818181818182
0.02867850741404595,0.01225053627377608,0.045596414784576475,0.002173676589554116,0.01243430229847824,0.12,0.18181818181818182
0.0,0.0009774520651030182,0.016244291609353506,4.4187327074595004e-05,0.0,0.12,0.18181818181818182
0.04978002281244908,0.013314545841029786,0.00422331277454852,0.0,0.0,0.12,0.18181818181818182
0.050431807071859215,0.013449975946435627,0.0019154279629054443,0.0,0.013651734347601056,0.12,0.18181818181818182
0.0,0.00011011056396040023,0.0,0.0,0.0,0.12,0.18181818181818182
0.008636141437184292,0.0022599162806417974,3.5497182411146117e-06,0.0,0.0,0.12,0.18181818181818182
0.007658465048069089,0.0021109431646953733,0.0,0.0,0.002142608687336914,0.12,0.18181818181818182
0.0,0.0005099237881802493,0.0,0.0,0.0,0.12,0.18181818181818182
0.038373798272771716,0.008558005008558594,0.0012057682921418113,0.0003212078775807099,0.0,0.12,0.18181818181818182
0.03910705556460811,0.009215724259594781,0.0012503527532502108,0.000927084112276599,0.009353966127059982,0.12,0.18181818181818182
0.0,0.00017900326975380573,0.0,0.0,0.0,0.12,0.18181818181818182
0.02183477269023953,0.014981513790612104,0.0,0.0,0.0,0.12,0.18181818181818182
0.021508880560534464,0.01773722202234832,0.0,0.0,0.01800329190757318,0.12,0.18181818181818182
0.0,1.2365357450098422e-05,0.0,0.0,0.0,0.12,0.18181818181818182
0.02077562326869806,0.005357143908618831,0.00013013267071926166,0.0,0.0,0.12,0.18181818181818182
0.020694150236271795,0.005699252131404887,6.964547189066867e-05,0.0,0.0057847446261461615,0.12,0.18181818181818182
0.0010591494215414698,1.7664796357283461e-06,0.0,0.0,0.0,0.12,0.18181818181818182
0.0011406224539677367,1.7664796357283461e-06,0.00012807383413941518,0.0,1.7929779810350742e-06,0.12,0.18181818181818182
0.043506599315626525,0.006906935375697833,0.0006155211430092736,0.0024719410473076323,0.0,0.12,0.18181818181818182
0.04358807234805279,0.00699938114330095,0.0009183831033411723,4.928586481397135e-05,0.0071043764201879755,0.12,0.18181818181818182
0.0,0.00131013906316519,4.430048364911035e-05,0.0,0.0,0.12,0.18181818181818182
0.0061104774319700175,0.0034528788613036737,0.0,0.0,0.0,0.12,0.18181818181818182
0.006273423496822552,0.003641892182326607,0.013037476150330567,0.0,0.0036965229375673114,0.12,0.18181818181818182
0.0,0.0006771505270291993,0.0,0.0,0.0,0.12,0.18181818181818182
0.05222421378523709,0.012513741739499604,0.0008857966898877401,0.0,0.0,0.12,0.18181818181818182
0.05238715985008962,0.013889829375731985,0.0006123973909570927,0.007718336381125893,0.01409818586487879,0.12,0.18181818181818182
0.0,0.0003574177129623687,1.3133957492124063e-05,0.0,0.0,0.12,0.18181818181818182
0.021671826625386997,0.018741171281987264,0.0001835914274304477,0.0,0.0,0.12,0.18181818181818182
0.02159035359296073,0.022376586372316203,0.00016754670098060966,0.0,0.022712249745098296,0.12,0.18181818181818182
0.0,0.0009032599204024276,0.0,0.0,0.0,0.12,0.18181818181818182
0.5919830536092553,0.2548553164854357,0.283552770998802,0.31090118354056057,0.0,0.12,0.2727272727272727
0.5897018087013198,0.25202777141517985,0.29323902915206107,0.5183351914670873,0.2558083521695631,0.12,0.2727272727272727
0.0,0.0010958062006968174,0.0278331277454852,0.0010299046233540222,0.0,0.12,0.2727272727272727
0.03682581065667264,0.020434047599560263,0.03893487154457115,0.0002294341982719356,0.0,0.12,0.2727272727272727
0.037722014013361574,0.023274546853811445,0.03620875892975995,0.0,0.023623680218791125,0.12,0.2727272727272727
0.0,0.0012489011024599407,0.009092106314061321,0.0,0.0,0.12,0.2727272727272727
0.058823529411764705,0.014471001175886612,0.003919811864933221,0.0,0.0,0.12,0.2727272727272727
0.05931236760632231,0.014515751993325061,0.0017258020144651019,0.0,0.014733497729492217,0.12,0.2727272727272727
0.0,6.948153233864828e-05,0.0,0.0,0.0,0.12,0.2727272727272727
0.007332572918364022,0.0017087746342945534,0.00025806451612903227,0.0,0.0,0.12,0.2727272727272727
0.00684373472380642,0.0033881079413269678,0.0,0.0,0.0034389317676252725,0.12,0.2727272727272727
0.0,0.00043808694966062983,0.0,0.0,0.0,0.12,0.2727272727272727
0.03478898484601597,0.006465904293310989,0.0009743976571859608,2.9741470146362022e-05,0.0,0.12,0.2727272727272727
0.03478898484601597,0.006784459454287335,0.0011003416603807073,0.0006730069815976778,0.006886230765828709,0.12,0.2727272727272727
0.0,0.0002714490373569225,0.0,0.0,0.0,0.12,0.2727272727272727
0.008310249307479225,0.0033645548795172564,0.0,0.0,0.0,0.12,0.2727272727272727
0.008554668404758025,0.005437224318771849,0.0,0.0,0.005518786225625958,0.12,0.2727272727272727
0.0,0.0004751830220109251,0.0,0.0,0.0,0.12,0.2727272727272727
0.02004236597686166,0.005804652083003345,6.559879309579802e-05,0.0,0.0,0.12,0.2727272727272727
0.02004236597686166,0.005777566061922177,0.00013283045658250877,0.0,0.005864233316638716,0.12,0.2727272727272727
0.0013035685188202706,0.0007189572117414369,0.0,0.0,0.0,0.12,0.2727272727272727
0.0013035685188202706,0.0009815738509197176,0.0,0.0,0.0009962980981284896,0.12,0.2727272727272727
0.0,3.0618980352624666e-05,0.0,0.0,0.0,0.12,0.2727272727272727
0.04358807234805279,0.007340900539541764,0.00039799440919377027,0.0015533544979299937,0.0,0.12,0.2727272727272727
0.04318070718592146,0.007135988901797275,0.0004670009318010383,3.059122643625808e-05,0.0072430333840546885,0.12,0.2727272727272727
0.0,0.0013389915638820863,5.445267781869814e-05,1.6995125797921155e-05,0.0,0.12,0.2727272727272727
0.010591494215414698,0.006367570260255445,0.0,0.0,0.0,0.12,0.2727272727272727
0.010917386345119766,0.007054142012008529,7.809380130452146e-06,0.0,0.007159958737600063,0.12,0.2727272727272727
0.0,0.0005729282285212269,0.0,0.0,0.0,0.12,0.2727272727272727
0.0440769105426104,0.01223581561014501,0.000587904335093402,0.00015040686331160223,0.0,0.12,0.2727272727272727
0.04423985660746293,0.01309079175383753,0.00016470692638771798,0.0050840918824481135,0.013287162158123924,0.12,0.2727272727272727
0.0,0.00030736745661673223,0.0,0.0,0.0,0.12,0.2727272727272727
0.010184129053283364,0.00620564296031368,0.000160092292674269,0.0,0.0,0.12,0.2727272727272727
0.01002118298843083,0.007649445649248981,0.0,0.0,0.007764192317208883,0.12,0.2727272727272727
0.0,0.000891483389497572,0.0,0.0,0.0,0.12,0.2727272727272727
0.6204171419260225,0.28038742431370794,0.27122594844034253,0.314854249801157,0.0,0.12,0.36363636363636365
0.6185432621802184,0.27497551953638155,0.28517364334205975,0.45318352696446657,0.27910033146186275,0.12,0.36363636363636365
0.0,0.001012781657817585,0.03308117318187869,0.0014590315497515314,0.0,0.12,0.36363636363636365
0.051735375590679485,0.02415837549822086,0.04105029063318099,0.00010452002365721511,0.0,0.12,0.36363636363636365
0.05417956656346749,0.03004251916483198,0.04464842703110441,0.0008489065336061617,0.03049317652346351,0.12,0.36363636363636365
0.0,0.002209866024296161,0.010594560056795491,0.00012236490574503233,0.0,0.12,0.36363636363636365
0.059067948509043504,0.016389398060287594,0.003521462483915339,0.0,0.0,0.12,0.36363636363636365
0.059067948509043504,0.015754643044515876,0.001475830855925811,0.0,0.015990972953524814,0.12,0.36363636363636365
0.0,3.297428653359579e-05,0.0,0.0,0.0,0.12,0.36363636363636365
0.013605996415186573,0.003959858516757709,0.00037605715046368194,0.0,0.0,0.12,0.36363636363636365
0.013605996415186573,0.0056315370787019675,0.00013126858055641835,0.0,0.005716013803539817,0.12,0.36363636363636365
0.0,0.0013166161551628607,0.0,0.0,0.0,0.12,0.36363636363636365
0.035359296072999834,0.006727932105944028,0.0013101300084305807,0.0,0.0,0.12,0.36363636363636365
0.03527782304057357,0.006705556697224802,0.0012485778941296534,0.0006194723353342261,0.006806144416009142,0.12,0.36363636363636365
0.0,0.00022022112792080046,0.0,0.0,0.0,0.12,0.36363636363636365
0.013035685188202705,0.005262931661379986,0.0,0.0,0.0,0.12,0.36363636363636365
0.012872739123350171,0.006020751425107446,9.300261791720283e-06,0.0,0.0061110666186945444,0.12,0.36363636363636365
0.0,0.0007301449161010497,0.0,0.0,0.0,0.12,0.36363636363636365
0.019390581717451522,0.0059230062185971445,0.00013659315791809026,0.0,0.0,0.12,0.36363636363636365
0.019390581717451522,0.005526725953648752,6.57407818254426e-05,0.0,0.005609630443331736,0.12,0.36363636363636365
0.001955352778230406,0.0006565415979457019,0.0,0.0,0.0,0.12,0.36363636363636365
0.002036825810656673,0.0008861839505903869,0.0,0.0,0.0008994772871525956,0.12,0.36363636363636365
0.0,0.00011187704359612858,0.0,0.0,0.0,0.12,0.36363636363636365
0.04383249144533159,0.007425102735511481,0.0005505612991968762,0.002391214199767507,0.0,0.12,0.36363636363636365
0.0440769105426104,0.00735503237662759,0.0005526201357767227,2.379317611708962e-05,0.007465362653703038,0.12,0.36363636363636365
0.0,0.0011870743152094486,3.947286684119448e-05,4.248781449480289e-06,0.0,0.12,0.36363636363636365
0.014257780674596708,0.005526725953648752,0.0004153170342104095,0.0,0.0,0.12,0.36363636363636365
0.014013361577317907,0.0069075242022430755,0.0019943736965878332,0.0,0.007011141565174152,0.12,0.36363636363636365
0.0,0.001356067533694127,0.0,0.0,0.0,0.12,0.36363636363636365
0.04538047906143067,0.013740267433240319,0.0005709366819008742,0.000337353247088735,0.0,0.12,0.36363636363636365
0.04489164086687306,0.013406991608632905,0.00017918977681146558,0.00417315313967954,0.013608105216729201,0.12,0.36363636363636365
0.0,0.0005411315950781167,0.0,0.0,0.0,0.12,0.36363636363636365
0.019879419912009123,0.011319601505747241,2.7261836091760216e-05,0.0,0.0,0.12,0.36363636363636365
0.020368258106566728,0.012302941836302688,1.625770954430492e-05,0.0,0.01248749397858228,0.12,0.36363636363636365
0.0,0.0020002437741897306,0.0,0.0,0.0,0.12,0.36363636363636365
0.61479550268861,0.29405173312261196,0.2714517815148423,0.33971896859980555,0.0,0.12,0.45454545454545453
0.6139807723643474,0.3034240852432413,0.288824954519235,0.41937427345837214,0.3079756441871056,0.12,0.45454545454545453
0.0,0.001277753603176837,0.040696099747082576,0.0011590675794182228,0.0,0.12,0.45454545454545453
0.07422193254032915,0.044774370500261146,0.039143736965878334,1.6995125797921155e-05,0.0,0.12,0.45454545454545453
0.07552550105914942,0.057331096577563474,0.04425426631761104,0.0,0.058191100374493335,0.12,0.45454545454545453
0.0,0.002341763170430544,0.00715261126148112,0.0,0.0,0.12,0.45454545454545453
0.057682906957796966,0.015652776052188875,0.003991729156498203,0.0,0.0,0.12,0.45454545454545453
0.057519960892944436,0.015852388251026178,0.0016304565825087634,0.0,0.016090184401808757,0.12,0.45454545454545453
0.0,2.0020102538254588e-05,0.0,0.0,0.0,0.12,0.45454545454545453
0.021020042365976863,0.010226739437776638,0.0004248302790965967,0.0,0.0,0.12,0.45454545454545453
0.02085709630112433,0.012268789896678607,0.00024329768824599547,0.0,0.012452829737615603,0.12,0.45454545454545453
0.0,0.0013813870751395666,6.460487198828593e-05,0.0,0.0,0.12,0.45454545454545453
0.03527782304057357,0.007194871556321553,0.0015734481075564627,0.0004384742455863658,0.0,0.12,0.45454545454545453
0.03527782304057357,0.006780926495015878,0.0013042374761503305,0.0005514918321425415,0.006882644809866638,0.12,0.45454545454545453
0.0,0.0002131552093778871,0.0,0.0,0.0,0.12,0.45454545454545453
0.01849437836076259,0.009762744120125327,2.1298309446687668e-06,0.0,0.0,0.12,0.45454545454545453
0.01898321655532019,0.009415925284977327,0.0,0.0003399025159584231,0.009557170298243958,0.12,0.45454545454545453
0.0,0.0008443772658781495,0.0,0.0,0.0,0.12,0.45454545454545453
0.02004236597686166,0.0064017221998795264,0.00025550871899542976,0.0,0.0,0.12,0.45454545454545453
0.02004236597686166,0.0060819893858126955,8.67551138128411e-05,0.0,0.00617322318870376,0.12,0.45454545454545453
0.004562489815870947,0.002218698422474803,0.0,0.0,0.0,0.12,0.45454545454545453
0.004562489815870947,0.002147450410500426,0.0,0.0,0.0021796635656116388,0.12,0.45454545454545453
0.0,0.00039451378531266395,0.0,0.0,0.0,0.12,0.45454545454545453
0.04261039595893759,0.007429813347873423,0.00048730532014021387,0.001689315504313363,0.0,0.12,0.45454545454545453
0.04252892292651132,0.0074410010522330365,0.0002821316058037893,4.503708336449107e-05,0.007552620915446745,0.12,0.45454545454545453
0.0,0.0012736318173601376,1.2495008208723433e-05,0.0,0.0,0.12,0.45454545454545453
0.01947205474987779,0.012727485775422733,0.00021085326352220793,0.0,0.0,0.12,0.45454545454545453
0.019553527782304056,0.013812104271759938,0.005937400718817944,0.0,0.014019294833713246,0.12,0.45454545454545453
0.0,0.0010987503334230313,0.0,0.0,0.0,0.12,0.45454545454545453
0.04285481505621639,0.012864093533919058,0.0008424191329813196,0.0001954439466760933,0.0,0.12,0.45454545454545453
0.04261039595893759,0.012262901631226179,0.00014404756622443093,0.0030829158197428976,0.012446853144345486,0.12,0.45454545454545453
0.0,7.654745088156166e-06,0.0,0.0,0.0,0.12,0.45454545454545453
0.029900602900439954,0.022942448682294517,0.0003515640945999911,0.0,0.0,0.12,0.45454545454545453
0.03022649503014502,0.023024884398628504,7.596397035985268e-05,0.0,0.02337027266413817,0.12,0.45454545454545453
0.0,0.002959442216390222,0.0,0.0,0.0,0.12,0.45454545454545453
0.6394818315137689,0.30113767176806355,0.27542434219283846,0.3335752306238571,0.0,0.12,0.5454545454545454
0.6384226820922275,0.3140712468343213,0.30221995829081066,0.4414721857771191,0.318782520138131,0.12,0.5454545454545454
0.0,0.001479721108195111,0.0390528641789058,0.0001453083255722259,0.0,0.12,0.5454545454545454
0.0804953560371517,0.06536563478740123,0.04672614811199361,0.00011981563687534415,0.0,0.12,0.5454545454545454
0.08188039758839824,0.06869486007420392,0.04852159559834938,0.00015635515734087463,0.06972532772649197,0.12,0.5454545454545454
0.0,0.00303304553454557,0.007704095487420686,0.0003585971543361364,0.0,0.12,0.5454545454545454
0.05947531367117484,0.016137380298923684,0.003647477481474908,0.0,0.0,0.12,0.5454545454545454
0.05914942154146977,0.016798632509231328,0.001823490260460576,0.0,0.017050622940316545,0.12,0.5454545454545454
0.0,2.0020102538254588e-05,0.0,0.0,0.0,0.12,0.5454545454545454
0.021671826625386997,0.011885463815725555,7.170430847051515e-05,0.0,0.0,0.12,0.5454545454545454
0.02207919178751833,0.013013066649865483,0.0,0.0,0.01320827112695838,0.12,0.5454545454545454
0.0,0.0027433428742861215,0.0,0.0,0.0,0.12,0.5454545454545454
0.03315952419749063,0.006612522103076442,0.0015489550516927719,7.562830980074914e-05,0.0,0.12,0.5454545454545454
0.032996578132638094,0.0071459989530664025,0.001219115232728402,0.0008047192065315668,0.007253193592613887,0.12,0.5454545454545454
0.0,0.0001966680661110892,0.0,0.0,0.0,0.12,0.5454545454545454
0.015398403128564445,0.009730358660136973,0.0004550738785108932,0.0,0.0,0.12,0.5454545454545454
0.015479876160990712,0.010252647805767321,0.0,0.0,0.010406444201927571,0.12,0.5454545454545454
0.0,0.0008461437455138778,0.0,0.0,0.0,0.12,0.5454545454545454
0.02134593449568193,0.007005269408753377,0.00017443315436837202,0.0,0.0,0.12,0.5454545454545454
0.02159035359296073,0.00680683486300656,0.00010556862049074855,0.0,0.006908941820255153,0.12,0.5454545454545454
0.003666286459182011,0.0017682461153640744,0.0,0.0,0.0,0.12,0.5454545454545454
0.00342186736190321,0.001796509789535728,0.0,0.0,0.0018234586067126706,0.12,0.5454545454545454
0.0,0.00038862551986023616,0.0,0.0,0.0,0.12,0.5454545454545454
0.043262180218347726,0.007070629155275327,0.0003891201135909837,0.0027226191528269693,0.0,0.12,0.5454545454545454
0.043099234153495196,0.007766622131752295,0.0007315259351288991,0.000249828349229441,0.00788312652328421,0.12,0.5454545454545454
0.0,0.0014332038111209314,7.95136886009673e-06,0.0,0.0,0.12,0.5454545454545454
0.018331432295910055,0.014156567800726966,0.00034105692860629186,0.0,0.0,0.12,0.5454545454545454
0.01841290532833632,0.015159928233820666,0.0035380751652837558,0.0,0.015387337033243007,0.12,0.5454545454545454
0.0,0.0009627314014719485,0.0,0.0,0.0,0.12,0.5454545454545454
0.04611373635326707,0.01389512881463917,0.0008686160536007455,0.0005523415884324376,0.0,0.12,0.5454545454545454
0.045787844223562,0.013952833816072962,0.00022767892798509118,0.004296367801714468,0.01416213541286904,0.12,0.5454545454545454
0.027211992830373146,0.021972062535734412,0.00020510271997160225,0.0,0.0,0.12,0.5454545454545454
0.027537884960078213,0.023075523481519384,0.0004373252873053201,0.0,0.023421671366261176,0.12,0.5454545454545454
0.0,0.002855808744427493,0.0,0.0,0.0,0.12,0.5454545454545454
0.6316604204008474,0.3195343795210838,0.264591667036429,0.31690046294722674,0.0,0.12,0.6363636363636364
0.6299494867198957,0.30211983444552853,0.2899388561032968,0.41359593068707895,0.30665182877777475,0.12,0.6363636363636364
0.0,0.0018141745858930114,0.036124346629986245,5.9482940292724045e-05,0.0,0.12,0.6363636363636364
0.08147303242626691,0.07657394807609759,0.039724825841948794,0.0010265055981944378,0.0,0.12,0.6363636363636364
0.08318396610721851,0.06610873388749762,0.03614962062386298,0.0003161093398413335,0.06710040796225662,0.12,0.6363636363636364
0.0,0.0024695385307482278,0.00511187824466433,0.0,0.0,0.12,0.6363636363636364
0.051735375590679485,0.014651770925276145,0.0036168789102365,2.5492688696881735e-05,0.0,0.12,0.6363636363636364
0.051490956493400686,0.014626451383830705,0.0014435994142964902,0.0,0.014845857682970415,0.12,0.6363636363636364
0.0,4.710612361942256e-05,0.0,0.0,0.0,0.12,0.6363636363636364
0.025826951279126608,0.015010366291329,0.0006740914939876647,0.0,0.0,0.12,0.6363636363636364
0.026152843408831675,0.014816642357944124,1.7606602475928474e-05,0.0,0.01503890164559519,0.12,0.6363636363636364
0.0,0.0034705436576609574,0.0,0.0,0.0,0.12,0.6363636363636364
0.0334854163271957,0.006808601342642289,0.001440617650973954,0.00013171222493388895,0.0,0.12,0.6363636363636364
0.03340394329476943,0.0063234082693622365,0.0008892754137640325,0.0007656304171963481,0.006418263512778554,0.12,0.6363636363636364
0.0,0.0001348412788605971,0.0,0.0,0.0,0.12,0.6363636363636364
0.017679648036499917,0.011948468256066533,3.095354306251941e-05,0.0,0.0,0.12,0.6363636363636364
0.017842594101352454,0.011941402337523619,0.0,0.0,0.012120531151797101,0.12,0.6363636363636364
0.0,0.0010634207407084642,0.0,0.0,0.0,0.12,0.6363636363636364
0.021101515398403128,0.006708500829951016,0.00016030527576873585,0.0,0.0,0.12,0.6363636363636364
0.021508880560534464,0.007058263797825228,8.036562097883481e-05,0.0,0.007164142352889145,0.12,0.6363636363636364
0.004806908913149747,0.0026667954234045597,0.0,0.0,0.0,0.12,0.6363636363636364
0.004399543751018413,0.0025878926663420268,0.0,0.0,0.0026267127422163836,0.12,0.6363636363636364
0.0,0.0004486858274749999,0.0,0.0,0.0,0.12,0.6363636363636364
0.04155124653739612,0.006608400317259742,0.0003877002262945379,0.0014037973909082875,0.0,0.12,0.6363636363636364
0.04163271956982239,0.006366392607164959,0.0006292940497847983,0.0,0.006461892643650408,0.12,0.6363636363636364
0.0,0.0015068071292762791,4.998003283489373e-05,0.0,0.0,0.12,0.6363636363636364
0.019635000814730325,0.01776842982924619,0.0002539468429693393,0.0,0.0,0.12,0.6363636363636364
0.019553527782304056,0.01726439430651837,0.0017250210764520567,0.0,0.01752337146798279,0.12,0.6363636363636364
0.0,0.0012671547253624669,0.0,0.0,0.0,0.12,0.6363636363636364
0.04619520938569333,0.01595013345753648,0.0011378976793716999,0.0,0.0,0.12,0.6363636363636364
0.045950790288414534,0.01624395790361263,0.0001908328526423215,0.003943718941407604,0.01648762785427153,0.12,0.6363636363636364
0.0,5.88826545242782e-07,0.0,0.0,0.0,0.12,0.6363636363636364
0.027293465862799415,0.024788419901630637,0.0003015840617650974,0.0,0.0,0.12,0.6363636363636364
0.02745641192765195,0.02532896267016351,1.1998047654967387e-05,0.0,0.025708913610734917,0.12,0.6363636363636364
0.0,0.0026214557794208655,0.0,0.0,0.0,0.12,0.6363636363636364
0.641926022486557,0.32732749884737206,0.2963182677374983,0.3638197564938376,0.0,0.12,0.7272727272727273
0.6412742382271468,0.3249933904220296,0.3015357855970182,0.41926210562810584,0.32986850299487086,0.12,0.7272727272727273
0.0,0.0014526350871139433,0.031741722500776504,0.0006152235538847458,0.0,0.12,0.7272727272727273
0.07047417304872088,0.05191153705514891,0.04579725784265874,0.0004146810694692762,0.0,0.12,0.7272727272727273
0.07153332247026234,0.046673924935214356,0.046211793938856105,0.0003840898430330181,0.04737406421490873,0.12,0.7272727272727273
0.0,0.0020803241843427487,0.0056109686293650445,0.0,0.0,0.12,0.7272727272727273
0.054016620498614956,0.01679509954995987,0.003725500288414607,0.0,0.0,0.12,0.7272727272727273
0.05417956656346749,0.016611385667844123,0.0016964103474286728,0.0,0.016860567274326825,0.12,0.7272727272727273
0.0,1.8842449447769024e-05,0.0,0.0,0.0,0.12,0.7272727272727273
0.018575851393188854,0.010460503576238022,7.809380130452146e-05,0.0,0.0,0.12,0.7272727272727273
0.01841290532833632,0.008409620719157412,0.0,0.0,0.008535770508380976,0.12,0.7272727272727273
0.0,0.0021344962265050847,0.0,0.0,0.0,0.12,0.7272727272727273
0.03584813426755744,0.007478685951128574,0.0011373297244531215,8.412587269970972e-05,0.0,0.12,0.7272727272727273
0.03576666123513117,0.007512249064207413,0.0011167413586546568,0.00010621953623700723,0.007624937694015159,0.12,0.7272727272727273
0.0,0.00029676857880236215,0.0,0.0,0.0,0.12,0.7272727272727273
0.013117158220628972,0.006925188998600359,2.960465013089586e-05,0.0,0.0,0.12,0.7272727272727273
0.012954212155776438,0.007231378802126606,0.0,0.0,0.007339854195030583,0.12,0.7272727272727273
0.0,0.0008844174709546586,0.0,0.0,0.0,0.12,0.7272727272727273
0.0236271794036174,0.007930315911329788,0.00020311487775657807,0.0,0.0,0.12,0.7272727272727273
0.02395307153332247,0.00812757280398612,8.228246882903669e-05,0.0,0.008249491690742376,0.12,0.7272727272727273
0.0030959752321981426,0.0016457701939535758,0.0,0.0,0.0,0.12,0.7272727272727273
0.002688610070066808,0.0013001290118960626,0.0,0.0,0.0013196317940418147,0.12,0.7272727272727273
0.0,5.770500143379264e-05,0.0,0.0,0.0,0.12,0.7272727272727273
0.04285481505621639,0.008102842089085923,0.000560216532812708,0.0024914854419752414,0.0,0.12,0.7272727272727273
0.04269186899136386,0.007667699272151507,0.0005949327772108089,0.00010621953623700723,0.007782719756346246,0.12,0.7272727272727273
0.0,0.0013931636060444223,3.166348671074233e-05,0.0,0.0,0.12,0.7272727272727273
0.01605018738797458,0.01215514637344675,0.00027907884811643075,0.0,0.0,0.12,0.7272727272727273
0.016294606485253382,0.009643212331441041,0.0029129697830234725,0.0,0.00978786679847047,0.12,0.7272727272727273
0.0,0.0012053279381119748,0.0,0.0,0.0,0.12,0.7272727272727273
0.0450545869317256,0.014128304126555311,0.0008882104982916981,0.0,0.0,0.12,0.7272727272727273
0.045461952093856936,0.014169521984722306,0.0001745751430980166,0.004613326897845698,0.014382074045209341,0.12,0.7272727272727273
0.0,0.00018194740248001965,0.0,0.0,0.0,0.12,0.7272727272727273
0.02370865243604367,0.017458118239903245,2.002041087988641e-05,0.0,0.0,0.12,0.7272727272727273
0.023382760306338603,0.017015909504425913,4.3803523095354305e-05,0.0,0.017271159231983857,0.12,0.7272727272727273
0.0,0.00315787676213704,0.0,0.0,0.0,0.12,0.7272727272727273
0.659931562652762,0.31663617526539883,0.32767598171895107,0.3657104642388563,0.0,0.12,0.8181818181818182
0.6596056705230569,0.32422026116812586,0.31430199227936284,0.4950425218047464,0.32908377629850455,0.12,0.8181818181818182
0.0,0.0009168029309430116,0.0566620934463327,0.000337353247088735,0.0,0.12,0.8181818181818182
0.051735375590679485,0.031910276966342084,0.05523688157252518,0.0005378957315042046,0.0,0.12,0.8181818181818182
0.05238715985008962,0.02435033295197001,0.06452692017571106,0.0004920088918498175,0.024715603809241486,0.12,0.8181818181818182
0.0,0.0012565558475480967,0.009127177530283534,0.0,0.0,0.12,0.8181818181818182
0.056379338438976696,0.01674975990597618,0.003930390025291742,0.0,0.0,0.12,0.8181818181818182
0.056297865406550435,0.017025330729149798,0.0020500332786085105,0.0,0.017280721781216046,0.12,0.8181818181818182
0.0,3.0618980352624666e-05,0.0,0.0,0.0,0.12,0.8181818181818182
0.010102656020857097,0.004905513948417617,3.876292319297156e-05,0.0,0.0,0.12,0.8181818181818182
0.010184129053283364,0.0035076397300112523,2.129830944668767e-05,0.0,0.003560256611008646,0.12,0.8181818181818182
0.0,0.0010351570665368109,0.0,0.0,0.0,0.12,0.8181818181818182
0.036255499429688774,0.007697140599413646,0.0016550916271020988,0.0,0.0,0.12,0.8181818181818182
0.036418445494541304,0.008000975096758923,0.0016747570661578737,0.0,0.008120994935434863,0.12,0.8181818181818182
0.0,0.00027615964971886475,0.0,0.0,0.0,0.12,0.8181818181818182
0.008880560534463093,0.005238789773025032,0.0,0.0,0.0,0.12,0.8181818181818182
0.008717614469610559,0.003971635047662565,0.0,0.0,0.0040312121606938586,0.12,0.8181818181818182
0.0,0.0005164008801779198,0.0,0.0,0.0,0.12,0.8181818181818182
0.02419749063060127,0.007834337184455215,0.00019857123840795137,0.0,0.0,0.12,0.8181818181818182
0.02419749063060127,0.008069867802552328,0.00010727248524648356,0.0,0.00819092107669523,0.12,0.8181818181818182
0.0,2.5908367990682407e-05,0.0,0.0,0.0,0.12,0.8181818181818182
0.006599315626527619,0.003719617286298654,0.0,0.0,0.0,0.12,0.8181818181818182
0.006517842594101353,0.0034511123816679456,0.0,0.0,0.0035028813156155235,0.12,0.8181818181818182
0.0,6.300444034097768e-05,0.0,0.0,0.0,0.12,0.8181818181818182
0.045461952093856936,0.007756612080483167,0.0005986954785463903,0.0036972896173377476,0.0,0.12,0.8181818181818182
0.04521753299657813,0.008251815205032348,0.0005507032879265209,6.883025948158069e-05,0.008375597808741843,0.12,0.8181818181818182
0.0,0.001591009325245997,9.087278697253405e-06,0.00010791904881679934,0.0,0.12,0.8181818181818182
0.008636141437184292,0.006218597144309021,0.0008412832231441629,0.0,0.0,0.12,0.8181818181818182
0.008799087502036826,0.004945554153494126,0.00274379021165195,0.0,0.005019740687571196,0.12,0.8181818181818182
0.0,0.0010640095672537072,0.0,0.0,0.0,0.12,0.8181818181818182
0.04668404758025094,0.013001290118960626,0.0006357545369836269,0.0,0.0,0.12,0.8181818181818182
0.048069089131497475,0.014250780047965811,0.00016605581931934153,0.004217340466754135,0.014464551032336955,0.12,0.8181818181818182
0.0,0.0004575182256536416,0.0,0.0,0.0,0.12,0.8181818181818182
0.012872739123350171,0.009218079565775753,0.0,0.0,0.0,0.12,0.8181818181818182
0.011487697572103633,0.007569365239095962,1.810356302968452e-05,0.0,0.007682910648735293,0.12,0.8181818181818182
0.0,0.0020491163774448815,0.0,0.0,0.0,0.12,0.8181818181818182
0.6393188854489165,0.28263556406344487,0.3473989972045969,0.31424157551614196,0.0,0.12,0.9090909090909091
0.6406224539677366,0.2808655514684451,0.32724327106535916,0.48998902114873455,0.2850787177099607,0.12,0.9090909090909091
0.0,0.0010410453319892386,0.09683801748236234,0.0004733142534721042,0.0,0.12,0.9090909090909091
0.039840312856444515,0.016858103990300848,0.045786608687935396,0.000515802067966907,0.0,0.12,0.9090909090909091
0.03821085220791918,0.015420778393363218,0.053607986866042505,3.314049530594625e-05,0.015652100115109185,0.12,0.9090909090909091
0.0,0.0005776388408831692,0.010952584638594312,0.0,0.0,0.12,0.9090909090909091
0.054098093531041225,0.014729496029248192,0.0041576429870879,0.0,0.0,0.12,0.9090909090909091
0.054098093531041225,0.014926752921904525,0.0011046013222700448,0.0,0.015150663939746378,0.12,0.9090909090909091
0.0,2.29642352644685e-05,0.0,0.0,0.0,0.12,0.9090909090909091
0.00578458530226495,0.0021751252581268367,1.1359098371566758e-05,0.0,0.0,0.12,0.9090909090909091
0.005866058334691217,0.002261093933732283,0.0003207525402671163,0.0,0.002295011815724895,0.12,0.9090909090909091
0.0,0.00046693945037752616,0.0,0.0,0.0,0.12,0.9090909090909091
0.03462603878116344,0.007622948454713056,0.0020563517770776944,0.0,0.0,0.12,0.9090909090909091
0.034951930910868505,0.007756612080483167,0.00151203798198518,0.0,0.00787296631472501,0.12,0.9090909090909091
0.0,0.00025672837372585296,0.0,0.0,0.0,0.12,0.9090909090909091
0.00448101678344468,0.001609851774693766,0.0,0.0,0.0,0.12,0.9090909090909091
0.003992178588887079,0.0012748094704506231,0.0,0.0,0.001293932442980312,0.12,0.9090909090909091
0.0,0.00012012061522952753,0.0,0.0,0.0,0.12,0.9090909090909091
0.022242137852370867,0.006511243937294684,0.00014411856058925323,0.0,0.0,0.12,0.9090909090909091
0.022242137852370867,0.006755606953570438,0.0002639570484092825,0.0,0.006856945458805136,0.12,0.9090909090909091
0.00024441909727880074,0.00015132842212739497,0.0,0.0,0.0,0.12,0.9090909090909091
0.00040736516213133454,0.00011599882941282806,0.0,0.0,0.0001177388874213032,0.12,0.9090909090909091
0.042203030796806255,0.007877910348803181,0.0005311088432355681,0.0025807098524143275,0.0,0.12,0.9090909090909091
0.04187713866710119,0.007824327133186088,0.0006184319119669876,2.5492688696881735e-05,0.007941697137331356,0.12,0.9090909090909091
0.0,0.001193551407207119,1.909748413719661e-05,0.0,0.0,0.12,0.9090909090909091
0.004399543751018413,0.002862874662970406,0.00010720149088166127,0.0,0.0,0.12,0.9090909090909091
0.00472543588072348,0.002692703791395242,9.22926742689799e-05,0.0,0.0027330961024244647,0.12,0.9090909090909091
0.0,0.0003167886813406167,0.0,0.0,0.0,0.12,0.9090909090909091
0.048150562163923744,0.013017777262227425,0.0008102586857168212,0.0,0.0,0.12,0.9090909090909091
0.047987616099071206,0.013210912369067058,0.000188277055508719,0.003201881700328346,0.013409084660834309,0.12,0.9090909090909091
0.0,0.0001872468413872047,0.0,0.0,0.0,0.12,0.9090909090909091
0.00684373472380642,0.004469782304937958,8.68261081776634e-05,0.0,0.0,0.12,0.9090909090909091
0.006925207756232687,0.004189500869402394,0.0,0.0,0.0042523461116881845,0.12,0.9090909090909091
0.0,0.00045869587874412717,0.0,0.0,0.0,0.12,0.9090909090909091
0.6109662701645755,0.27278214065535217,0.3231654967386964,0.34687901509846975,0.0,0.12,1.0
0.6073814567378197,0.2747023040193889,0.3122793628255757,0.628425367604571,0.27882301753412936,0.12,1.0
0.0,0.0014979747310976375,0.08492956471580068,0.0020971985234634707,0.0,0.12,1.0
0.053935147466188695,0.020565355919149406,0.04983768913342503,0.0023130366210970693,0.0,0.12,1.0
0.05605344630927163,0.023028417357899962,0.07217642099658339,0.003105009483280195,0.02337385862010024,0.12,1.0
0.0,0.000731911395736778,0.008105071659936992,4.248781449480289e-06,0.0,0.12,1.0
0.046846993645103474,0.012980092363331888,0.004792758574788126,0.0,0.0,0.12,1.0
0.04717288577480854,0.012341215561743469,0.0014546745352087677,0.0,0.01252634183483804,0.12,1.0
0.0,3.532959271456692e-05,0.0,0.0,0.0,0.12,1.0
0.003910705556460812,0.001490908812554724,5.679549185783379e-06,0.0,0.0,0.12,1.0
0.0038292325240345446,0.001698764583025426,7.106535918711452e-05,0.0,0.0017242471584287297,0.12,1.0
0.0,0.0002090334235611876,0.0,0.0,0.0,0.12,1.0
0.033892781489327034,0.008008041015301835,0.0013670674890180591,0.0,0.0,0.12,1.0
0.033892781489327034,0.006811545475368502,0.001124337755690642,0.0,0.006913723094871246,0.12,1.0
0.0,0.00016663791230370732,0.0,0.0,0.0,0.12,1.0
0.010591494215414698,0.007821383000459873,0.0,0.0,0.0,0.12,1.0
0.010591494215414698,0.004126496429061416,0.0,0.0,0.004188396563697933,0.12,1.0
0.02207919178751833,0.007806073510283561,0.0001882060611438967,0.0,0.0,0.12,1.0
0.022242137852370867,0.006780926495015878,0.00011259706260815548,0.0,0.006882644809866638,0.12,1.0
0.000977676389115203,4.121785816699474e-06,0.0,0.0,0.0,0.12,1.0
0.0008962033566889359,8.83239817864173e-06,0.0,0.0,8.964889905175372e-06,0.12,1.0
0.03690728368909891,0.005946559280406855,0.0005122953365576607,0.005339018769416931,0.0,0.12,1.0
0.03682581065667264,0.005940082188409185,0.00043278164795669343,3.399025159584231e-05,0.006029187290893943,0.12,1.0
0.0,0.0013849200344110233,7.809380130452146e-06,8.497562898960577e-06,0.0,0.12,1.0
0.0030145021997718753,0.0013654887584180115,0.0,0.0,0.0,0.12,1.0
0.0031774482646244094,0.001661668510675131,2.7261836091760216e-05,0.0,0.0016865946208269931,0.12,1.0
0.0,0.00013189714613438317,0.0,0.0,0.0,0.12,1.0
0.0462766824181196,0.015809403913223455,0.0006687669166259928,0.00015720491363077068,0.0,0.12,1.0
0.04611373635326707,0.013394626251182805,0.00026807472156897545,0.007035132324049463,0.013595554370861957,0.12,1.0
0.0,0.0001996121988373031,0.0,0.0,0.0,0.12,1.0
0.013361577317907773,0.013438788242076014,4.706926387717975e-05,0.0,0.0,0.12,1.0
0.013605996415186573,0.009339966660641009,0.0,0.0,0.00948007224505945,0.12,1.0
0.0,0.0003244434264287729,0.0,0.0,0.0,0.12,1.0
0.6112106892618543,0.24006811545475368,0.2771577406043395,0.36075808458134206,0.0,0.16,0.0
0.6110477431970018,0.24855016183897596,0.26582228335625857,0.4161681429765943,0.25227857618423205,0.16,0.0
0.0,0.0012718653377244093,0.06903889603762701,0.0010953358576760185,0.0,0.16,0.0
0.05189832165553202,0.020541802857339694,0.044072946709854906,0.0032996036736663925,0.0,0.16,0.0
0.05417956656346749,0.021419154409751437,0.04544832053955717,0.0015703496237279148,0.021740455679377286,0.16,0.0
0.0,0.0011476229366781821,0.005076381062253184,0.0,0.0,0.16,0.0
0.05026886100700668,0.01101046756949478,0.003772072591738031,0.0,0.0,0.16,0.0
0.050431807071859215,0.012172811169804032,0.0017439765718596087,0.0,0.012355411267312696,0.16,0.0
0.0,2.1786582173982936e-05,0.0,0.0,0.0,0.16,0.0
0.006925207756232687,0.0020514716836258526,0.00010059901495318809,0.0,0.0,0.16,0.0
0.006436369561675086,0.0018518594847885493,8.519323778675068e-07,0.0,0.0018796385834517694,0.16,0.0
0.0,0.0006165013928691928,0.0,0.0,0.0,0.16,0.0
0.03682581065667264,0.009019645020028935,0.00113108222034876,0.0,0.0,0.16,0.0
0.037559067948509044,0.009531335287844913,0.0010739317566668145,0.0,0.009674311526338249,0.16,0.0
0.0,0.00017488148393710626,0.0,0.0,0.0,0.16,0.0
0.026152843408831675,0.018741171281987264,5.608554820961086e-06,0.0,0.0,0.16,0.0
0.02444190972788007,0.018594553472221814,0.0,0.0,0.018873483887702203,0.16,0.0
0.0,5.299438907185038e-05,0.0,0.0,0.0,0.16,0.0
0.02419749063060127,0.0070670961960038695,0.00014269867329280738,0.0,0.0,0.16,0.0
0.02419749063060127,0.008049847700014073,0.0003848604517016462,0.0,0.008170600659576832,0.16,0.0
0.0008962033566889359,0.00012483122759146978,0.0,0.0,0.0,0.16,0.0
0.0007332572918364021,5.1227909436122034e-05,0.0,0.0,5.1996361450017155e-05,0.16,0.0
0.039595893759165716,0.0066672829717840205,0.0005399121444735325,0.003200182187748554,0.0,0.16,0.0
0.03951442072673945,0.006968173336403083,0.0006358965257132715,0.0,0.007072700475856356,0.16,0.0
0.0,0.0011593994675830378,1.7677596840750765e-05,0.0,0.0,0.16,0.0
0.004318070718592146,0.002085623623249934,0.0,0.0,0.0,0.16,0.0
0.00448101678344468,0.002032040407632841,2.357012912100102e-05,0.0,0.002062522337517347,0.16,0.0
0.0,0.0002714490373569225,0.0,0.0,0.0,0.16,0.0
0.048069089131497475,0.013485894365695436,0.0006974486400141989,0.00021583809763359868,0.0,0.16,0.0
0.048069089131497475,0.015123420988015614,0.00024805431068908903,0.004395789287632307,0.015350282154968283,0.16,0.0
0.0,0.00026673842499498027,0.0,0.0,0.0,0.16,0.0
0.03210037477594916,0.02835553111271141,0.00016612681368416383,0.0,0.0,0.16,0.0
0.03193742871109663,0.028140609423697796,1.3204951856946356e-05,0.0,0.028562736897215744,0.16,0.0
0.0,0.0008685191542331035,0.0,0.0,0.0,0.16,0.0
0.6136548802346423,0.25264721694077524,0.3107923858543728,0.34921414538310414,0.0,0.16,0.09090909090909091
0.6119439465536908,0.24742550313756226,0.3117170164618183,0.3899310677697636,0.2511370468696397,0.16,0.09090909090909091
0.0,0.001210038550473917,0.07818545502950704,0.000998463640627868,0.0,0.16,0.09090909090909091
0.036011080332409975,0.0191462839451143,0.04381665705284643,0.00170716038640118,0.0,0.16,0.09090909090909091
0.03707022975395144,0.01896610302227001,0.05377361671917292,0.0019297965343539473,0.01925060692304658,0.16,0.09090909090909091
0.0,0.0009739191058315615,0.005578737187735723,1.9544394667609328e-05,0.0,0.16,0.09090909090909091
0.05238715985008962,0.012907077871721781,0.004143018147934508,4.333757078469895e-05,0.0,0.16,0.09090909090909091
0.05222421378523709,0.013033086752403738,0.0022774992234991347,0.0,0.013228591544076778,0.16,0.09090909090909091
0.0,3.238545998835301e-05,0.0,0.0,0.0,0.16,0.09090909090909091
0.007414045950790289,0.0028057584880818564,0.0,0.0,0.0,0.16,0.09090909090909091
0.007332572918364022,0.0027745506811839887,0.0,0.0,0.00281617074887909,0.16,0.09090909090909091
0.0,0.00023435296500662724,0.0,0.0,0.0,0.16,0.09090909090909091
0.037314648851230245,0.009810439070289992,0.0013802724408750057,0.0,0.0,0.16,0.09090909090909091
0.03935147466188692,0.010618897916908331,0.001122136930381151,0.0,0.010778188303328842,0.16,0.09090909090909091
0.0,0.00018489153520623354,0.0,0.0,0.0,0.16,0.09090909090909091
0.021997718755092065,0.01683513975503638,0.0,0.0,0.0,0.16,0.09090909090909091
0.020449731138992993,0.016515995767514793,0.0,0.0,0.016763746463350934,0.16,0.09090909090909091
0.02550105914942154,0.009919960807705148,0.0001881350667790744,0.0,0.0,0.16,0.09090909090909091
0.025664005214274074,0.009789830141206494,0.00029469760837733507,0.0,0.00993668397089638,0.16,0.09090909090909091
0.001710933680951605,0.00014779546285593827,0.0,0.0,0.0,0.16,0.09090909090909091
0.0013850415512465374,0.0002125663828326443,0.0,0.0,0.0002157550170512206,0.16,0.09090909090909091
0.0,8.361336942447505e-05,0.0,0.0,0.0,0.16,0.09090909090909091
0.04065504318070719,0.008786469708112794,0.0004667879487065714,0.005240447039788989,0.0,0.16,0.09090909090909091
0.04057357014828092,0.008813555729193961,0.00026594489062430667,0.0,0.008945764806710997,0.16,0.09090909090909091
0.0,0.0012253480406502293,1.9594444690952656e-05,0.0,0.0,0.16,0.09090909090909091
0.003992178588887079,0.0023859251613237526,0.0,0.0,0.0,0.16,0.09090909090909091
0.003910705556460812,0.002339996690794816,0.0,0.0,0.002375098165544462,0.16,0.09090909090909091
0.0,0.0002920579664404199,0.0,0.0,0.0,0.16,0.09090909090909091
0.04717288577480854,0.01476305914232703,0.0006699028264631494,0.0002175376102133908,0.0,0.16,0.09090909090909091
0.047009939709956004,0.014994467974607444,0.00014227270710387362,0.0029197626120828547,0.015219394762352722,0.16,0.09090909090909091
0.0,0.0002614389860877952,0.0,0.0,0.0,0.16,0.09090909090909091
0.02631578947368421,0.024186639172392513,4.273860762301992e-05,0.0,0.0,0.16,0.09090909090909091
0.026641681603389276,0.02470833949147762,2.4706038958157698e-05,0.0,0.025078980680064596,0.16,0.09090909090909091
0.0,0.0008214130306136809,0.0,0.0,0.0,0.16,0.09090909090909091
0.6781815219162457,0.2994518613690335,0.3512640014198873,0.3549015642313784,0.0,0.16,0.18181818181818182
0.6771223724947043,0.2956215446922292,0.3435154634600879,0.46638788995316144,0.3000560604448737,0.16,0.18181818181818182
0.0,0.00116411007994498,0.10328813950392687,0.0011369739158809252,0.0,0.16,0.18181818181818182
0.039840312856444515,0.0183590228541247,0.06321111061809469,2.4642932406985675e-05,0.0,0.16,0.18181818181818182
0.04057357014828092,0.018345479843584117,0.06633827039978701,0.0014131447100971441,0.01862067399237626,0.16,0.18181818181818182
0.0,0.0008979604814952426,0.01509034920353197,0.00013171222493388895,0.0,0.16,0.18181818181818182
0.05914942154146977,0.014909676952092483,0.004168008164351955,0.0,0.0,0.16,0.18181818181818182
0.059067948509043504,0.014950894810259479,0.0013241868926653947,0.0,0.015175167972153857,0.16,0.18181818181818182
0.0,0.00010952173741515746,0.0,0.0,0.0,0.16,0.18181818181818182
0.009695290858725761,0.0024024123045905507,5.608554820961086e-05,0.0,0.0,0.16,0.18181818181818182
0.009776763891152028,0.0025454971550845466,0.01839322003815947,0.0,0.002583681270671542,0.16,0.18181818181818182
0.0,0.0002420077100947834,0.0,0.0,0.0,0.16,0.18181818181818182
0.038536744337624246,0.009851068101911744,0.001692363668633802,0.0,0.0,0.16,0.18181818181818182
0.03943294769431318,0.010651283376896683,0.0013870878998979456,0.0,0.010811059566314486,0.16,0.18181818181818182
0.0,0.00032974286533595795,0.0,0.0,0.0,0.16,0.18181818181818182
0.017598175004073652,0.012130415658546553,0.0,0.0,0.0,0.16,0.18181818181818182
0.016457552550105916,0.013883941110279557,0.0,0.0,0.014092209271608671,0.16,0.18181818181818182
0.0,1.3543010540583987e-05,0.0,0.0,0.0,0.16,0.18181818181818182
0.02745641192765195,0.010143126068352163,0.000147952256289657,0.0,0.0,0.16,0.18181818181818182
0.02737493889522568,0.010514675618400358,0.00020304388339175577,0.0,0.010672402602447773,0.16,0.18181818181818182
0.00032589212970506764,1.7664796357283461e-06,0.0,0.0,0.0,0.16,0.18181818181818182
0.00040736516213133454,2.355306180971128e-06,0.0,0.0,2.390637308046766e-06,0.16,0.18181818181818182
0.039921785888870784,0.009928793205883791,0.0009266894440253804,0.0049226381873678626,0.0,0.16,0.18181818181818182
0.039595893759165716,0.009841646877187858,0.0005450947331055597,0.0,0.00998927799167341,0.16,0.18181818181818182
0.0,0.001058710128346522,2.10143319873985e-05,0.0,0.0,0.16,0.18181818181818182
0.004562489815870947,0.002537253583451148,0.0,0.0,0.0,0.16,0.18181818181818182
0.004888381945576014,0.002533720624179691,0.008044158494919466,0.0,0.002571728084131308,0.16,0.18181818181818182
0.0,0.00017605913702759183,0.0,0.0,0.0,0.16,0.18181818181818182
0.048150562163923744,0.014522229085322733,0.000676363313661978,0.00018184784603775638,0.0,0.16,0.18181818181818182
0.04847645429362881,0.015394870025372535,0.00028646226205794915,0.0,0.01562580310472067,0.16,0.18181818181818182
0.0,0.0004251327656652886,0.0,0.0,0.0,0.16,0.18181818181818182
0.020205312041714194,0.015067482466217549,3.251541908860984e-05,0.0,0.0,0.16,0.18181818181818182
0.01971647384715659,0.01843733678464199,0.0,0.0,0.018713908847390083,0.16,0.18181818181818182
0.0,0.00092916828839311,0.0,0.0,0.0,0.16,0.18181818181818182
0.6697897995763402,0.31797634448237144,0.36237291564982027,0.4337215586569772,0.0,0.16,0.2727272727272727
0.6684862310575199,0.3142720366862491,0.3135887828903581,0.4578979748608099,0.318986321968642,0.16,0.2727272727272727
0.0,0.002171003472310137,0.09559440919377024,0.002287543932400188,0.0,0.16,0.2727272727272727
0.05971973276845364,0.035914297473993,0.06648821049829169,0.002514428861802435,0.0,0.16,0.2727272727272727
0.061023301287273915,0.03816125957063946,0.055574956737808934,0.0022544034370942413,0.038733703324300706,0.16,0.2727272727272727
0.0,0.0009215135433049539,0.007413444557838222,0.0,0.0,0.16,0.2727272727272727
0.05548313508228776,0.014766003275053244,0.003518267737498336,0.0,0.0,0.16,0.2727272727272727
0.05572755417956656,0.014681801079083527,0.001046385943115765,0.0,0.014902037659709514,0.16,0.2727272727272727
0.0,3.8862551986023616e-05,0.0,0.0,0.0,0.16,0.2727272727272727
0.01344305035033404,0.003846214993525852,0.0,0.0,0.0,0.16,0.2727272727272727
0.013117158220628972,0.004138272959966272,0.0,0.0,0.0042003497502381675,0.16,0.2727272727272727
0.0,0.0006736175677577427,0.0,0.0,0.0,0.16,0.2727272727272727
0.029085872576177285,0.007002325276027164,0.0018605493188978124,0.0,0.0,0.16,0.2727272727272727
0.02900439954375102,0.007516959676569355,0.0010786173847450859,0.0,0.007629718968631252,0.16,0.2727272727272727
0.0,0.00019254628029438973,0.0,0.0,0.0,0.16,0.2727272727272727
0.010835913312693499,0.004433275059132906,1.4198872964458447e-06,0.0,0.0,0.16,0.2727272727272727
0.010835913312693499,0.006733231544851212,0.0,6.798050319168462e-05,0.006834234404378691,0.16,0.2727272727272727
0.0,0.0003927473056769356,0.0,0.0,0.0,0.16,0.2727272727272727
0.02656020857096301,0.010823220728107576,0.00019807427785419531,0.0,0.0,0.16,0.2727272727272727
0.02656020857096301,0.01098691450768507,9.78302347251187e-05,0.0,0.01115172538271115,0.16,0.2727272727272727
0.0,9.656755341981625e-05,0.0,0.0,0.0,0.16,0.2727272727272727
0.0016294606485253381,0.0002449518428209973,0.0,0.0,0.0,0.16,0.2727272727272727
0.0016294606485253381,0.00040157970385557734,0.0,0.0,0.0004076036610219735,0.16,0.2727272727272727
0.0,0.00011187704359612858,0.0,0.0,0.0,0.16,0.2727272727272727
0.03584813426755744,0.009773342997939695,0.0018721923947286683,0.005524265640614272,0.0,0.16,0.2727272727272727
0.03576666123513117,0.009785119528844552,0.0012237298664418512,0.0,0.009931902696280288,0.16,0.2727272727272727
0.0,0.000648298026312303,5.11159426720504e-06,0.0,0.0,0.16,0.2727272727272727
0.010917386345119766,0.004903158642236646,0.002758912011359098,0.0,0.0,0.16,0.2727272727272727
0.010998859377546032,0.005640369476880609,0.0011048143053645116,0.0,0.005724978693444992,0.16,0.2727272727272727
0.0,0.0010481112505321519,7.099436482229224e-07,0.0,0.0,0.16,0.2727272727272727
0.04375101841290533,0.0135583200307603,0.0007146292763011936,3.6539520465530486e-05,0.0,0.16,0.2727272727272727
0.04366954538047906,0.01445392520607457,0.0001187735723476949,0.0,0.01467074350015599,0.16,0.2727272727272727
0.0,1.4131837085826769e-05,0.0,0.0,0.0,0.16,0.2727272727272727
0.014339253707022975,0.008480279904586547,3.1308514886630875e-05,0.0,0.0,0.16,0.2727272727272727
0.01450219977187551,0.010966305578601572,0.0006279451568531747,0.0,0.011130807306265741,0.16,0.2727272727272727
0.0,0.001579821620886384,0.0,0.0,0.0,0.16,0.2727272727272727
0.7250285155613492,0.3402563633012678,0.40069695167946046,0.42342591144859654,0.0,0.16,0.36363636363636365
0.7234805279452501,0.34073566810909545,0.36569530993477395,0.4142230508290222,0.34584692510252846,0.16,0.36363636363636365
0.0,0.0024212547540383195,0.1293006877579092,0.002616399616589962,0.0,0.16,0.36363636363636365
0.06982238878931074,0.03786743512456331,0.05520642499001642,0.003058272887335912,0.0,0.16,0.36363636363636365
0.07071859214599967,0.04165182333083867,0.05611983848782003,0.0014624305749111155,0.042276627814826016,0.16,0.36363636363636365
0.0,0.0019083868331318565,0.008202404934108355,0.0,0.0,0.16,0.36363636363636365
0.06045299006029004,0.015805870953951997,0.0030852021120823534,0.0,0.0,0.16,0.36363636363636365
0.060127097930584975,0.015708125747441695,0.0010716599369925011,0.0,0.015943757866690892,0.16,0.36363636363636365
0.0,1.7075969812040677e-05,0.0,0.0,0.0,0.16,0.36363636363636365
0.018005540166204988,0.006806246036461318,4.990903847007144e-05,0.0,0.0,0.16,0.36363636363636365
0.01849437836076259,0.009014934407666993,0.0045436393486267025,0.0,0.009150164296548996,0.16,0.36363636363636365
0.0,0.002539608889632119,0.0,0.0,0.0,0.16,0.36363636363636365
0.02949323773830862,0.00696758450985784,0.0017610862137817812,0.0,0.0,0.16,0.36363636363636365
0.029900602900439954,0.006793291852465976,0.001251133691263256,0.0,0.006895195655733884,0.16,0.36363636363636365
0.0,0.00023023117918992777,7.099436482229224e-07,0.0,0.0,0.16,0.36363636363636365
0.015887241323122046,0.006310454085366895,3.507121622221236e-05,0.0,0.0,0.16,0.36363636363636365
0.015316930096138178,0.00728731732392467,2.896570084749523e-05,0.0,0.007396631831096693,0.16,0.36363636363636365
0.0,0.00033680878387887134,0.0,0.0,0.0,0.16,0.36363636363636365
0.029085872576177285,0.012238170916325982,0.0002275369392554466,0.0,0.0,0.16,0.36363636363636365
0.02900439954375102,0.011568086307839695,5.3813728535297514e-05,0.0,0.01174161513847169,0.16,0.36363636363636365
0.0031774482646244094,0.0009786297181935038,0.0,0.0,0.0,0.16,0.36363636363636365
0.0031774482646244094,0.0011894296213904197,6.034521009894839e-06,0.0,0.0012072718405636168,0.16,0.36363636363636365
0.0,0.00031561102825013117,2.2079247459732884e-05,0.0,0.0,0.16,0.36363636363636365
0.038618217370050514,0.00994999096151253,0.0016682255845942228,0.0038137062290535075,0.0,0.16,0.36363636363636365
0.03886263646732931,0.009679719577246093,0.0007689399653902472,0.0,0.009824921676745195,0.16,0.36363636363636365
0.0,0.0008149359386160104,1.7748591205573058e-06,0.0,0.0,0.16,0.36363636363636365
0.02207919178751833,0.007813728255371718,0.00013034565381372853,0.0,0.0,0.16,0.36363636363636365
0.021916245722665796,0.010118395353451966,0.0005401961219328215,0.0,0.010270177875368906,0.16,0.36363636363636365
0.0,0.002178069390853051,9.939211075120913e-07,0.0,0.0,0.16,0.36363636363636365
0.04749877790451361,0.015274749410143009,0.0008338998092026445,0.0,0.0,0.16,0.36363636363636365
0.04766172396936614,0.01510163440584163,0.00012353019479078848,0.0,0.01532816875986885,0.16,0.36363636363636365
0.0,0.0006853940986625983,0.0,0.0,0.0,0.16,0.36363636363636365
0.023056868176633535,0.014374433622466794,2.002041087988641e-05,0.0,0.0,0.16,0.36363636363636365
0.022893922111781,0.016190374687995536,0.00027020455251364423,0.0,0.016433240855513467,0.16,0.36363636363636365
0.0,0.00195784826293225,0.0,0.0,0.0,0.16,0.36363636363636365
0.7382271468144044,0.3520694014519285,0.37271480676221325,0.34627738764522337,0.0,0.16,0.45454545454545453
0.7372494704252892,0.362533437987438,0.35929736877135376,0.4308085940952135,0.3679716757291743,0.16,0.45454545454545453
0.0,0.0020090761723683724,0.1313860052358344,0.0015049183894059184,0.0,0.16,0.45454545454545453
0.06811145510835913,0.039169919442640345,0.05850837289790123,0.0004214791197884447,0.0,0.16,0.45454545454545453
0.06974091575688447,0.04699306892273595,0.08376298531304077,0.0015644013296986425,0.04769799557014907,0.16,0.45454545454545453
0.0,0.002191023574848392,0.004351670586147225,0.0,0.0,0.16,0.45454545454545453
0.0573570148280919,0.0157852620248685,0.002938101788170564,0.0,0.0,0.16,0.45454545454545453
0.05719406876323937,0.01563746656201256,0.0010055641833429472,0.0,0.01587203874744949,0.16,0.45454545454545453
0.0,8.243571633398948e-06,0.0,0.0,0.0,0.16,0.45454545454545453
0.020612677203845527,0.010005929483310595,0.00044634157163775124,0.0,0.0,0.16,0.45454545454545453
0.02077562326869806,0.010819098942290876,9.016284332431113e-06,0.0,0.010981392474512817,0.16,0.45454545454545453
0.0,0.003303316918812007,0.0,0.0,0.0,0.16,0.45454545454545453
0.03055238715985009,0.007799007591740648,0.0016595642720859032,0.0,0.0,0.16,0.45454545454545453
0.030878279289555156,0.007563476973643535,0.001524178018369792,8.497562898960578e-07,0.0076769340554651766,0.16,0.45454545454545453
0.0,0.0002449518428209973,0.0,0.0,0.0,0.16,0.45454545454545453
0.018087013198631253,0.009729181007046487,1.7748591205573057e-05,0.0,0.0,0.16,0.45454545454545453
0.017679648036499917,0.009567253707104722,0.0,0.0,0.009710768745285961,0.16,0.45454545454545453
0.0,0.00046752827692276894,0.0,0.0,0.0,0.16,0.45454545454545453
0.02949323773830862,0.012344159694469682,0.00019402759905932468,0.0,0.0,0.16,0.45454545454545453
0.02949323773830862,0.012208729589063843,6.03452100989484e-05,0.0,0.012391868486260409,0.16,0.45454545454545453
0.004318070718592146,0.001777078513542716,0.0,0.0,0.0,0.16,0.45454545454545453
0.004399543751018413,0.001615740040146194,0.0,0.0,0.0016399771933200812,0.16,0.45454545454545453
0.0,0.00023494179155187002,0.0,0.0,0.0,0.16,0.45454545454545453
0.03829232524034545,0.009902296011347865,0.0013781426099303369,0.005276986560254519,0.0,0.16,0.45454545454545453
0.03780348704578784,0.009912306062616992,0.0008429160935350756,4.078830191501078e-05,0.010060997110914812,0.16,0.45454545454545453
0.0,0.0008284789491565943,1.4198872964458447e-06,0.0,0.0,0.16,0.45454545454545453
0.019960892944435392,0.012285865866490647,0.0,0.0,0.0,0.16,0.45454545454545453
0.02053120417141926,0.012758104755775358,0.00010606558104450459,0.0,0.012949484638362319,0.16,0.45454545454545453
0.0,0.0017941544833547569,0.0,0.0,0.0,0.16,0.45454545454545453
0.05417956656346749,0.023909301869583163,0.0006811199361050717,2.5492688696881735e-06,0.0,0.16,0.45454545454545453
0.054016620498614956,0.023209187107289496,0.00016839863335847718,0.0001453083255722259,0.02355734003349283,0.16,0.45454545454545453
0.0,0.0014555792198401572,0.0,0.0,0.0,0.16,0.45454545454545453
0.0231383412090598,0.017488148393710625,0.0002913608732306873,0.0,0.0,0.16,0.45454545454545453
0.02321981424148607,0.01607084289931125,0.0005713626480898079,0.0,0.016311916012130095,0.16,0.45454545454545453
0.0,0.0018159410655287397,0.00010436171628876958,0.0,0.0,0.16,0.45454545454545453
0.740263972625061,0.34831445457291527,0.37893462306429426,0.5459573694264485,0.0,0.16,0.5454545454545454
0.7395307153332247,0.3691965991734053,0.39052892576651727,0.48783828797900763,0.3747347886736386,0.16,0.5454545454545454
0.0,0.001823595810616896,0.13857972223454762,0.0014955710702170618,0.0,0.16,0.5454545454545454
0.10738145673781978,0.07796593402905153,0.056338004170918936,0.0028840728479072202,0.0,0.16,0.5454545454545454
0.10868502525664005,0.08814792264938971,0.07165951102631228,0.001631532076600431,0.08947019891297722,0.16,0.5454545454545454
0.0,0.002360605619878313,0.004504592447974442,0.0,0.0,0.16,0.5454545454545454
0.05825321818478084,0.015096923793479688,0.003785419532324622,0.0,0.0,0.16,0.5454545454545454
0.0580902721199283,0.016201562392355148,0.0009363446776412122,0.0,0.01644459638272669,0.16,0.5454545454545454
0.0,5.1227909436122034e-05,0.0,0.0,0.0,0.16,0.5454545454545454
0.023382760306338603,0.01389100702882247,6.914851133691263e-05,0.0,0.0,0.16,0.5454545454545454
0.02370865243604367,0.014989757362245502,0.00020765851710520476,0.0,0.015214613487736629,0.16,0.5454545454545454
0.0,0.0035129391689184375,0.0,0.0,0.0,0.16,0.5454545454545454
0.02794525012220955,0.00707121798182057,0.0018792918312108976,0.0001852468711973406,0.0,0.16,0.5454545454545454
0.028189669219488348,0.007299682681374768,0.0016450104272973333,0.0,0.007409182676963938,0.16,0.5454545454545454
0.0,0.00019843454574681755,0.0,0.0,0.0,0.16,0.5454545454545454
0.02159035359296073,0.011876631417546914,0.0,0.0,0.0,0.16,0.5454545454545454
0.021020042365976863,0.012304119489393172,0.0,0.0,0.012488689297236304,0.16,0.5454545454545454
0.0,0.0014337926376661741,0.0,0.0,0.0,0.16,0.5454545454545454
0.031204171419260227,0.013995229327330444,0.00017478812619248346,0.0,0.0,0.16,0.5454545454545454
0.031122698386833958,0.013906316518998783,5.530461019656565e-05,0.0,0.014114920326035117,0.16,0.5454545454545454
0.003910705556460812,0.0016169176932366795,0.0,0.0,0.0,0.16,0.5454545454545454
0.003910705556460812,0.0017953321364452424,0.0,0.0,0.0018222632880586472,0.16,0.5454545454545454
0.0,0.0005081573085445208,0.0,0.0,0.0,0.16,0.5454545454545454
0.03804790614306665,0.00946715319441345,0.0024691130141545016,0.005302479248951401,0.0,0.16,0.5454545454545454
0.03780348704578784,0.010029482545120306,0.0009832719527887474,0.0,0.01017993131699014,0.16,0.5454545454545454
0.0,0.0008726409400498029,2.1298309446687668e-06,0.0,0.0,0.16,0.5454545454545454
0.02395307153332247,0.017279114970149438,3.5497182411146117e-06,0.0,0.0,0.16,0.5454545454545454
0.02395307153332247,0.019053838177511183,0.0001362381860939788,0.0,0.019339658162771323,0.16,0.5454545454545454
0.0,0.0022999564857183064,0.0,0.0,0.0,0.16,0.5454545454545454
0.055157242952582695,0.024829637759797633,0.0009113546612237654,8.412587269970972e-05,0.0,0.16,0.5454545454545454
0.05507576992015643,0.025356637517789923,0.00020432178195855705,0.0,0.02573700359910447,0.16,0.5454545454545454
0.0,0.0015868875394292976,0.0,0.0,0.0,0.16,0.5454545454545454
0.022812449079354733,0.016607852708572665,2.158228690597684e-05,0.0,0.0,0.16,0.5454545454545454
0.023056868176633535,0.016832195622310166,1.8742512313085148e-05,0.0,0.01708468952195621,0.16,0.5454545454545454
0.0,0.002636765269597178,0.0,0.0,0.0,0.16,0.5454545454545454
0.750611047743197,0.3745537430820241,0.40025529573590096,0.38513759253845997,0.0,0.16,0.6363636363636364
0.7503666286459182,0.3649776569767408,0.3565777876381062,0.4278981788023195,0.3704525595955998,0.16,0.6363636363636364
0.0,0.00153448197690269,0.09993748946177397,0.0003628459357856167,0.0,0.16,0.6363636363636364
0.0795176796480365,0.07028940235872137,0.04797713981452722,0.0032979041610866,0.0,0.16,0.6363636363636364
0.07943620661561024,0.06190981179337134,0.056164635932022894,0.016498018368331962,0.06283849930133625,0.16,0.6363636363636364
0.0,0.002665617770314074,0.0016300306163198296,0.0,0.0,0.16,0.6363636363636364
0.059067948509043504,0.01446452408388894,0.0028318232240315926,0.0,0.0,0.16,0.6363636363636364
0.05825321818478084,0.014401519643547963,0.0006779961840528908,0.0,0.014617551820051948,0.16,0.6363636363636364
0.0,0.00014485133012972438,0.0,0.0,0.0,0.16,0.6363636363636364
0.0224050839172234,0.014630573169647405,0.0,0.0,0.0,0.16,0.6363636363636364
0.023056868176633535,0.014576989954030312,3.904690065226073e-06,0.0,0.014795654299501432,0.16,0.6363636363636364
0.0,0.0036666228972268037,0.0,0.0,0.0,0.16,0.6363636363636364
0.02794525012220955,0.0070676850225491125,0.001799423170785819,0.00017420003942869184,0.0,0.16,0.6363636363636364
0.028352615284340882,0.006834509710632971,0.0012296933930869237,0.0,0.0069370318086247025,0.16,0.6363636363636364
0.0,0.00017900326975380573,0.0,0.0,0.0,0.16,0.6363636363636364
0.02053120417141926,0.011419702018438515,7.099436482229223e-05,0.0,0.0,0.16,0.6363636363636364
0.020123839009287926,0.011360230537368994,0.0,0.0,0.011530641396036562,0.16,0.6363636363636364
0.0,0.0015939534579722109,0.0,0.0,0.0,0.16,0.6363636363636364
0.03055238715985009,0.013906905345544026,0.0002577805386697431,0.0,0.0,0.16,0.6363636363636364
0.03055238715985009,0.014641760874007018,0.00011259706260815548,0.0,0.014861396825472719,0.16,0.6363636363636364
0.004888381945576014,0.0019484270382083657,0.0,0.0,0.0,0.16,0.6363636363636364
0.004888381945576014,0.0020603040818044944,0.0,0.0,0.0020912099852139084,0.16,0.6363636363636364
0.0,0.0005269997579922899,0.0,0.0,0.0,0.16,0.6363636363636364
0.037722014013361574,0.009623192228902787,0.0009702089896614456,0.004925187456237551,0.0,0.16,0.6363636363636364
0.03674433762424637,0.009221023698501966,0.0006768602742157342,1.2746344348440868e-05,0.009359345061003088,0.16,0.6363636363636364
0.0,0.0009403559927527228,2.1298309446687668e-06,0.0,0.0,0.16,0.6363636363636364
0.02159035359296073,0.01815587769601594,8.164351954563606e-06,0.0,0.0,0.16,0.6363636363636364
0.0226495030145022,0.017472838903534314,3.904690065226073e-05,0.0,0.017734942869744932,0.16,0.6363636363636364
0.0,0.002123308522145472,0.0,0.0,0.0,0.16,0.6363636363636364
0.055320189017435226,0.02689524128050931,0.0010802502551359985,0.00025662639954860945,0.0,0.16,0.6363636363636364
0.055320189017435226,0.028019899981923026,0.00015490970404224164,4.248781449480289e-06,0.028440216735178346,0.16,0.6363636363636364
0.0,0.0015603903448933724,0.0,0.0,0.0,0.16,0.6363636363636364
0.019879419912009123,0.014748338478695961,0.0,0.0,0.0,0.16,0.6363636363636364
0.019879419912009123,0.015127542773832313,0.0001051426543018148,0.0,0.015354465770257364,0.16,0.6363636363636364
0.0,0.0027044803223000976,0.0,0.0,0.0,0.16,0.6363636363636364
0.7486556949649666,0.3873171472767067,0.44184698939521677,0.4112786452845324,0.0,0.16,0.7272727272727273
0.7474335994785726,0.3768160146688469,0.37706903314549406,0.4873547766500568,0.38246850036516983,0.16,0.7272727272727273
0.0,0.0013407580435178146,0.1258639925455917,0.0013273193248176424,0.0,0.16,0.7272727272727273
0.07047417304872088,0.05280184279155599,0.06232637884367928,0.0016196354885418861,0.0,0.16,0.7272727272727273
0.07267394492423009,0.046124549768502845,0.07309906376181391,0.002305388814488005,0.046816448062806826,0.16,0.7272727272727273
0.0,0.0015933646314269681,0.0015700403780449926,0.0,0.0,0.16,0.7272727272727273
0.05703112269838683,0.016974102819713677,0.00228261081776634,0.0,0.0,0.16,0.7272727272727273
0.056542284503829233,0.016434148877726047,0.0008266583839907707,0.0,0.01668067181689631,0.16,0.7272727272727273
0.0,2.29642352644685e-05,0.0,0.0,0.0,0.16,0.7272727272727273
0.019553527782304056,0.01159870528819232,0.00014362160003549717,0.0,0.0,0.16,0.7272727272727273
0.019960892944435392,0.009662643607434053,0.007733203176997825,0.0,0.009807589556261856,0.16,0.7272727272727273
0.0,0.0029918276763785754,0.0,0.0,0.0,0.16,0.7272727272727273
0.03185595567867036,0.008387245310438187,0.0016915117362559346,8.497562898960578e-07,0.0,0.16,0.7272727272727273
0.03210037477594916,0.00811461861999078,0.0015128899143630474,0.0,0.008236343185548119,0.16,0.7272727272727273
0.0,0.0002661495984497375,0.0,0.0,0.0,0.16,0.7272727272727273
0.016783444679810983,0.00768948585432549,1.5618760260904292e-05,0.0,0.0,0.16,0.7272727272727273
0.016457552550105916,0.00834956041154265,0.0,0.0,0.008474809257025784,0.16,0.7272727272727273
0.0,0.0011853078355737203,0.0,0.0,0.0,0.16,0.7272727272727273
0.029167345608603554,0.012270556376314334,0.00030186803922438655,0.0,0.0,0.16,0.7272727272727273
0.029085872576177285,0.012745739398325259,9.846918400851933e-05,0.0,0.012936933792495072,0.16,0.7272727272727273
0.003666286459182011,0.0015250607521788055,0.0,0.0,0.0,0.16,0.7272727272727273
0.0038292325240345446,0.0013613669726013121,0.0,0.0,0.0013817883640510305,0.16,0.7272727272727273
0.0,0.0003173775078858595,0.0,0.0,0.0,0.16,0.7272727272727273
0.03788496007821411,0.010969838537873028,0.0008979367262723522,0.005922801340575523,0.0,0.16,0.7272727272727273
0.037477594916082775,0.010566492354381724,0.0006931179837600391,0.00020224199699526177,0.010724996623224802,0.16,0.7272727272727273
0.0,0.0009091481858548554,7.099436482229224e-07,0.0,0.0,0.16,0.7272727272727273
0.018657324425615122,0.013754988096871389,0.0,0.0,0.0,0.16,0.7272727272727273
0.019146162620172723,0.011654643809990385,2.2718196743133515e-05,0.0,0.011829471059542409,0.16,0.7272727272727273
0.0,0.0019113309658580703,0.0,0.0,0.0,0.16,0.7272727272727273
0.054342512628320024,0.02563515247368976,0.0007007853751608466,7.817757867043731e-05,0.0,0.16,0.7272727272727273
0.05417956656346749,0.024199004529842614,0.0002294537871056485,0.0,0.024562005362199484,0.16,0.7272727272727273
0.0,0.0012153379893811021,0.0,0.0,0.0,0.16,0.7272727272727273
0.019390581717451522,0.012285865866490647,3.5568176775968405e-05,0.0,0.0,0.16,0.7272727272727273
0.01947205474987779,0.012968904658972274,0.00016832763899365488,0.0,0.013163446677432503,0.16,0.7272727272727273
0.0,0.002179835870488779,1.4908816612681368e-06,0.0,0.0,0.16,0.7272727272727273
0.7510998859377546,0.3588721145291184,0.46636638416825665,0.44086206076097373,0.0,0.16,0.8181818181818182
0.7483298028352615,0.36345554035728816,0.3983708923104229,0.5221081093942257,0.3689076102352746,0.16,0.8181818181818182
0.0,0.0013537122275131559,0.13304635044593335,0.0012075036879422981,0.0,0.16,0.8181818181818182
0.05083917223399055,0.033652025887170235,0.05338229578027244,0.0015941427998450045,0.0,0.16,0.8181818181818182
0.054016620498614956,0.02705186914154389,0.06448957713981453,0.00349844664550207,0.027457664801571125,0.16,0.8181818181818182
0.0,0.0013266262064319878,0.0017685406220881218,0.0,0.0,0.16,0.8181818181818182
0.05263157894736842,0.01601608203060367,0.0035895460797799174,0.0,0.0,0.16,0.8181818181818182
0.05206126772038455,0.016578411381310526,0.0007246394817411368,0.0,0.016827098352014173,0.16,0.8181818181818182
0.0,0.00013543010540583987,0.0,0.0,0.0,0.16,0.8181818181818182
0.009939709956004562,0.005711617488854986,1.7606602475928474e-05,0.0,0.0,0.16,0.8181818181818182
0.010672967247840965,0.003923351270952656,1.9168478502018902e-05,0.0,0.0039822040958789,0.16,0.8181818181818182
0.0,0.0019684471407466204,0.0,0.0,0.0,0.16,0.8181818181818182
0.03022649503014502,0.007350910590810891,0.0019545458579225275,0.0,0.0,0.16,0.8181818181818182
0.03104122535440769,0.0077077394772280166,0.0014704352841993166,0.0,0.00782336059058304,0.16,0.8181818181818182
0.0,0.00027733730280935035,0.0,0.0,0.0,0.16,0.8181818181818182
0.0113247515072511,0.006059025150548227,0.00012736389049119225,0.0,0.0,0.16,0.8181818181818182
0.010510021182988431,0.004456828120942617,0.0,0.0,0.004523683446151492,0.16,0.8181818181818182
0.0,0.00018842449447769024,0.0,0.0,0.0,0.16,0.8181818181818182
0.027782304057357016,0.010265601989762662,0.00019012290899409859,0.0,0.0,0.16,0.8181818181818182
0.027782304057357016,0.01076669337976427,0.00016023428140391356,0.0,0.010928200794408777,0.16,0.8181818181818182
0.003340394329476943,0.0010728419654323488,0.0,0.0,0.0,0.16,0.8181818181818182
0.003340394329476943,0.0007542868044560037,0.0,0.0,0.0007656015979019767,0.16,0.8181818181818182
0.0,0.00016781556539419287,0.0,0.0,0.0,0.16,0.8181818181818182
0.03788496007821411,0.01011721770036148,0.0009622576208013489,0.006741116647745427,0.0,0.16,0.8181818181818182
0.03764054098093531,0.010296220970115287,0.001019621067577761,5.098537739376347e-06,0.010450670992126435,0.16,0.8181818181818182
0.0,0.0008944275222237859,2.484802768780228e-06,0.0,0.0,0.16,0.8181818181818182
0.0118135897018087,0.007979777341130182,0.0003862093446332697,0.0,0.0,0.16,0.8181818181818182
0.012220954863940035,0.006040771527645701,6.105515374717132e-05,0.0,0.006131387035812942,0.16,0.8181818181818182
0.0,0.001250667582095669,0.0,0.0,0.0,0.16,0.8181818181818182
0.050187387974580416,0.019261105121436643,0.0005101655056129919,0.0,0.0,0.16,0.8181818181818182
0.04986149584487535,0.019497224566078997,0.00019779030039490615,0.0,0.019789695636011125,0.16,0.8181818181818182
0.0,0.0005905930248785103,1.618671517948263e-05,0.0,0.0,0.16,0.8181818181818182
0.009369398729020694,0.006540685264556823,0.0,0.0,0.0,0.16,0.8181818181818182
0.009613817826299494,0.005191094822860366,0.0,0.0,0.005268964626935072,0.16,0.8181818181818182
0.0,0.0008908945629523292,0.0,0.0,0.0,0.16,0.8181818181818182
0.7232361088479713,0.3110646984943116,0.4269035275325021,0.4414934296843665,0.0,0.16,0.9090909090909091
0.7214437021345934,0.3092988076851285,0.38404508142166216,0.5170724536203017,0.31393849129270124,0.16,0.9090909090909091
0.0,0.0008749962462307741,0.10648927541376403,0.0012397944269583482,0.0,0.16,0.9090909090909091
0.037477594916082775,0.016760358783790546,0.0752458623596752,0.0004129815568894841,0.0,0.16,0.9090909090909091
0.03894410949975558,0.0164665343377144,0.085863069618849,0.0013732061644720294,0.01671354307988195,0.16,0.9090909090909091
0.0,0.0006930488437507544,0.043055455473221815,0.0016689213533558575,0.0,0.16,0.9090909090909091
0.05189832165553202,0.014298474998130476,0.0024003904690065225,0.0,0.0,0.16,0.9090909090909091
0.051653902558253216,0.014473356482067582,0.0008471757554244132,0.0,0.014690466257947375,0.16,0.9090909090909091
0.0,2.4730714900196843e-05,0.0,0.0,0.0,0.16,0.9090909090909091
0.004236597686165879,0.002279347556634809,8.796201801482007e-05,0.0,0.0,0.16,0.9090909090909091
0.004562489815870947,0.002490147459831725,0.0,0.0,0.002527501293932443,0.16,0.9090909090909091
0.0,0.000602369555783366,0.0,0.0,0.0,0.16,0.9090909090909091
0.029982075932866222,0.006786225933923063,0.0023668101344455784,8.497562898960578e-07,0.0,0.16,0.9090909090909091
0.029900602900439954,0.00695286384622677,0.0016208013488929315,6.03326965826201e-05,0.007057161333354052,0.16,0.9090909090909091
0.0,0.00028322556826177814,0.0,0.0,0.0,0.16,0.9090909090909091
0.006599315626527619,0.0017388047881019353,2.4351067134046235e-05,0.0,0.0,0.16,0.9090909090909091
0.006517842594101353,0.0016952316237539694,2.4351067134046235e-05,0.0,0.0017206612024666596,0.16,0.9090909090909091
0.0,0.0002037339846540026,0.0,0.0,0.0,0.16,0.9090909090909091
0.025419586116995276,0.008218252091953508,0.00017130940231619115,0.0,0.0,0.16,0.9090909090909091
0.025419586116995276,0.008394900055526342,7.752584638594312e-05,0.0,0.008520829025205684,0.16,0.9090909090909091
0.0008962033566889359,0.0004192445002128608,0.0,0.0,0.0,0.16,0.9090909090909091
0.0008147303242626691,0.0005164008801779198,0.0,0.0,0.0005241472297892534,0.16,0.9090909090909091
0.0,3.5329592714566923e-06,0.0,0.0,0.0,0.16,0.9090909090909091
0.037233175818803976,0.009527213502028214,0.0010218928872520743,0.007577276837003147,0.0,0.16,0.9090909090909091
0.037314648851230245,0.009411214672615385,0.0006672760349647247,0.0,0.009552389023627863,0.16,0.9090909090909091
0.0,0.0008585091029639761,4.2596618893375335e-06,0.0,0.0,0.16,0.9090909090909091
0.004969854978002281,0.002938833287306725,0.0,0.0,0.0,0.16,0.9090909090909091
0.004888381945576014,0.0031048823730651896,0.0,0.0,0.003151457631332649,0.16,0.9090909090909091
0.0,0.0003415193962408136,0.0,0.0,0.0,0.16,0.9090909090909091
0.049128238553038946,0.018309561424324307,0.0005074677197497449,0.0,0.0,0.16,0.9090909090909091
0.049128238553038946,0.017965686721902522,0.00019424058215379155,1.6995125797921156e-06,0.018235183726453715,0.16,0.9090909090909091
0.0,2.5319541445439627e-05,1.3204951856946356e-05,0.0,0.0,0.16,0.9090909090909091
0.004806908913149747,0.002884661245144389,2.3073168567244975e-05,0.0,0.0,0.16,0.9090909090909091
0.004806908913149747,0.0025272435321820204,0.0,0.0,0.0025651538315341793,0.16,0.9090909090909091
0.0,0.0005063908289087925,0.0,0.0,0.0,0.16,0.9090909090909091
0.6904024767801857,0.3024325013410525,0.44253833251985625,0.4640187694169312,0.0,0.16,1.0
0.6868991363858563,0.3033610808029003,0.40651990948218486,0.7193450418419998,0.3079116946391154,0.16,1.0
0.0,0.0010557659956203082,0.15030394462439545,0.003924174546739995,0.0,0.16,1.0
0.03592960729998371,0.01701944246369737,0.047944695389803435,0.0005863318400282798,0.0,0.16,1.0
0.037722014013361574,0.01658253316712723,0.0413509517682034,0.0014411866676637141,0.016831281967303255,0.16,1.0
0.0,0.0005799941470641403,0.0035076895771398147,0.0,0.0,0.16,1.0
0.046846993645103474,0.012950062209524505,0.0020595465234946975,0.0,0.0,0.16,1.0
0.046928466677529736,0.01219342009888753,0.0008635044593335404,0.0,0.012376329343758105,0.16,1.0
0.0,1.6487143266797897e-05,0.0,0.0,0.0,0.16,1.0
0.004073651621313346,0.0017464595331900914,0.0,0.0,0.0,0.16,1.0
0.004073651621313346,0.0017635355030021322,0.0,0.0,0.0017899896844000157,0.16,1.0
0.0,0.0002791037824450787,0.0,0.0,0.0,0.16,1.0
0.029167345608603554,0.007937970656417945,0.0019804588010826642,0.00011896588058544809,0.0,0.16,1.0
0.02867850741404595,0.006505944498387498,0.001273709899276745,0.0,0.006603537904152178,0.16,1.0
0.0,0.00021021107665167318,0.0,0.0,0.0,0.16,1.0
0.011161805442398566,0.007011157674205805,0.0,0.0,0.0,0.16,1.0
0.011650643636956167,0.004304322045724737,0.0,0.0,0.0043688896804554645,0.16,1.0
0.024604855792732607,0.010034193157482248,0.0001598793095798021,0.0,0.0,0.16,1.0
0.024686328825158872,0.008732886492495701,8.256644628832587e-05,0.0,0.008863885478910396,0.16,1.0
0.0005703112269838683,0.0002914691398951771,0.0,0.0,0.0,0.16,1.0
0.0004888381945576015,0.00019077980065866138,0.0,0.0,0.00019364162195178802,0.16,1.0
0.035114876975721035,0.009686785495789007,0.0010128766029196433,0.008360752136287312,0.0,0.16,1.0
0.034951930910868505,0.008556827355468108,0.0005611394595553977,0.00023198346714162378,0.0086851853401339,0.16,1.0
0.0,0.0009368230334812662,2.484802768780228e-06,0.0,0.0,0.16,1.0
0.004155124653739612,0.002471893836929199,0.0,0.0,0.0,0.16,1.0
0.004399543751018413,0.0021074102054239167,0.0,0.0,0.0021390227313748435,0.16,1.0
0.05124653739612189,0.022122802131316562,0.00043079380574166925,0.0,0.0,0.16,1.0
0.051735375590679485,0.01947013854499783,0.0003121622221236189,0.0,0.01976220330696859,0.16,1.0
0.0,2.1786582173982936e-05,0.0,0.0,0.0,0.16,1.0
0.0118135897018087,0.011235399309777523,8.093357589741314e-06,0.0,0.0,0.16,1.0
0.011243278474824833,0.007262586609024474,1.6683675733238674e-05,0.0,0.007371530139362202,0.16,1.0
0.0,0.00021138872974215875,0.0,0.0,0.0,0.16,1.0
0.6727228287436858,0.27082134825969373,0.36508177663397967,0.46576756786153733,0.0,0.2,0.0
0.6710933680951605,0.27836303865116324,0.34174401206904204,0.4518179686066036,0.282538665570161,0.2,0.0
0.0,0.0011829525293927492,0.1520763899365488,0.0023283322343151986,0.0,0.2,0.0
0.03193742871109663,0.01392280366226558,0.038951697209034034,0.0008285123826486564,0.0,0.2,0.0
0.035033403943294766,0.014085319788752588,0.06575441274348849,0.00014870735073181012,0.01429660876144667,0.2,0.0
0.0,0.0007966823157134841,0.0024456848737631452,0.0,0.0,0.2,0.0
0.047009939709956004,0.01159222819619465,0.0021438168345387586,0.0,0.0,0.2,0.0
0.04660257454782467,0.012401275869358233,0.000696525713271509,0.0,0.012587303086193232,0.2,0.0
0.0,0.00022846469955419943,0.0,0.0,0.0,0.2,0.0
0.003992178588887079,0.0019113309658580703,0.0,0.0,0.0,0.2,0.0
0.004236597686165879,0.0017835556055403867,0.006162168877845321,0.0,0.0018103101015184133,0.2,0.0
0.0,0.00035447358023615476,0.0,0.0,0.0,0.2,0.0
0.030959752321981424,0.008385478830802458,0.0016306695656032302,0.00042827717010761313,0.0,0.2,0.0
0.03177448264624409,0.009498949827856559,0.0012515596574521897,0.0,0.009641440263352606,0.2,0.0
0.0,0.00024789597554721125,0.0,0.0,0.0,0.2,0.0
0.027049046765520612,0.01857688867586453,3.01726050494742e-05,0.0,0.0,0.2,0.0
0.026478735538536743,0.01687694643974862,3.01726050494742e-05,0.0,0.0171301116308091,0.2,0.0
0.0,5.8882654524278204e-05,0.0,0.0,0.0,0.2,0.0
0.025175167019716473,0.009043786908383889,0.0001698895150197453,0.0,0.0,0.2,0.0
0.025175167019716473,0.009868732898269027,0.00010727248524648356,0.0,0.010016770320715948,0.2,0.0
0.0007332572918364021,4.1217858166994743e-05,0.0,0.0,0.0,0.2,0.0
0.0007332572918364021,3.768489889553805e-05,0.0,0.0,3.825019692874825e-05,0.2,0.0
0.0,5.88826545242782e-07,0.0,0.0,0.0,0.2,0.0
0.035114876975721035,0.007544634524195766,0.0009702799840262679,0.0055404110101222965,0.0,0.2,0.0
0.034870457878442236,0.008145826426888646,0.0007293961041842304,0.0,0.008268019129879739,0.2,0.0
0.0,0.0009692084934696192,2.484802768780228e-06,0.0,0.0,0.2,0.0
0.0028515561349193416,0.0015927758048817253,0.0,0.0,0.0,0.2,0.0
0.0029330291673456085,0.0014579345260211283,0.0,0.0,0.0014798044936809478,0.2,0.0
0.0,2.29642352644685e-05,0.0,0.0,0.0,0.2,0.0
0.057764379990223234,0.02181720115433556,0.0010121666592714203,0.0,0.0,0.2,0.0
0.057764379990223234,0.02369673548675052,0.0003516350889648134,0.0,0.02405220195625851,0.2,0.0
0.0,0.00016958204502992122,7.099436482229223e-08,0.0,0.0,0.2,0.0
0.03291510510021183,0.02763304094169852,0.0,0.0,0.0,0.2,0.0
0.03307805116506436,0.025600411707520435,0.0,0.0,0.025984434560487307,0.2,0.0
0.0,0.0004215998063938319,0.0,0.0,0.0,0.2,0.0
0.6334528271142252,0.2657109226735316,0.3832316279895283,0.3813400316789145,0.0,0.2,0.09090909090909091
0.6301124327847483,0.264535624889227,0.34763988108443894,0.43069302723978764,0.2685038315939455,0.2,0.09090909090909091
0.0,0.0011758866108498357,0.14537075919598882,0.00149812033908675,0.0,0.2,0.09090909090909091
0.02713051979794688,0.012677435519077096,0.0475012645871234,0.0013902012902699506,0.0,0.2,0.09090909090909091
0.030715333224702622,0.012789312562673225,0.05002703110440609,9.602246075825453e-05,0.012981160582693937,0.2,0.09090909090909091
0.0,0.0006170902194144356,0.0015122509650796468,0.0,0.0,0.2,0.09090909090909091
0.04749877790451361,0.012419529492260759,0.0023522562896570085,0.0,0.0,0.2,0.09090909090909091
0.0472543588072348,0.012545538372942713,0.0007501264587123398,0.0,0.012733729621311097,0.2,0.09090909090909091
0.0,1.4720663631069551e-05,0.0,0.0,0.0,0.2,0.09090909090909091
0.00448101678344468,0.0024866145005602684,1.845853485379598e-06,0.0,0.0,0.2,0.09090909090909091
0.00472543588072348,0.002560217818715616,2.8397745928916894e-06,0.0,0.0025986227538468344,0.2,0.09090909090909091
0.0,0.0004681171034680117,0.0,0.0,0.0,0.2,0.09090909090909091
0.03193742871109663,0.008624542408171029,0.001916776855837068,7.222928464116492e-05,0.0,0.2,0.09090909090909091
0.03218184780837543,0.008762916646303081,0.0012690242711984737,0.0,0.008894366104587992,0.2,0.09090909090909091
0.0,0.0002590836799068241,0.0,0.0,0.0,0.2,0.09090909090909091
0.024278963663027536,0.017226120581077586,0.0,0.0,0.0,0.2,0.09090909090909091
0.023871598500896204,0.017323276961042647,0.0,0.0,0.01758313740068396,0.2,0.09090909090909091
0.023871598500896204,0.009914072542252721,8.114655899188002e-05,0.0,0.0,0.2,0.09090909090909091
0.023790125468469935,0.010030660198210792,5.7363446776412124e-05,0.0,0.010181126635644163,0.2,0.09090909090909091
0.0012220954863940035,0.0003203216406120734,0.0,0.0,0.0,0.2,0.09090909090909091
0.0013035685188202706,0.00041747802057713244,0.0,0.0,0.00042374046285128923,0.2,0.09090909090909091
0.034951930910868505,0.008422574903152754,0.0008955229178683942,0.0059253506094452115,0.0,0.2,0.09090909090909091
0.0347075118135897,0.008282434185384971,0.0006529351732706217,0.000132561981223785,0.008406676093746452,0.2,0.09090909090909091
0.0,0.0009215135433049539,2.55579713360252e-06,0.0,0.0,0.2,0.09090909090909091
0.0030959752321981426,0.001931351068396325,0.0,0.0,0.0,0.2,0.09090909090909091
0.00342186736190321,0.0021492168901361543,0.0,0.0,0.0021814565435926735,0.2,0.09090909090909091
0.0,2.7674847626410755e-05,0.0,0.0,0.0,0.2,0.09090909090909091
0.05800879908750204,0.023632553393319055,0.0008197719306030083,0.0,0.0,0.2,0.09090909090909091
0.0580902721199283,0.023447661858112822,0.00014191773527976216,0.0,0.023799392060932564,0.2,0.09090909090909091
0.0,0.0003050121504357611,0.0,0.0,0.0,0.2,0.09090909090909091
0.02688610070066808,0.02533308445598021,0.0,0.0,0.0,0.2,0.09090909090909091
0.02688610070066808,0.02558510221734412,0.0,0.0,0.025968895417985003,0.2,0.09090909090909091
0.0,0.0003962802649483923,0.0,0.0,0.0,0.2,0.09090909090909091
0.7229916897506925,0.33214056702818656,0.4205361139459555,0.3968999191032012,0.0,0.2,0.18181818181818182
0.7206289718103308,0.3270937347089107,0.3782424280072769,0.4696976907023066,0.3320003538143216,0.2,0.18181818181818182
0.0,0.0012106273770191597,0.162400603452101,0.0015100169271452947,0.0,0.2,0.18181818181818182
0.03560371517027864,0.016928763175729982,0.060779127656742246,0.0014794257007090367,0.0,0.2,0.18181818181818182
0.03788496007821411,0.016205684178171847,0.06033065625415983,3.2290739016050196e-05,0.01644877999801577,0.2,0.18181818181818182
0.0,0.0007136577728342518,0.0016788037449527444,0.0,0.0,0.2,0.18181818181818182
0.051572429525826954,0.014486899492608165,0.003392678706127701,0.0,0.0,0.2,0.18181818181818182
0.051572429525826954,0.014120649381467155,0.0009942050849713804,0.0,0.014332468321067372,0.2,0.18181818181818182
0.0,7.301449161010498e-05,0.0,0.0,0.0,0.2,0.18181818181818182
0.005947531367117484,0.0028081137942628275,0.012002378311221546,0.0,0.0,0.2,0.18181818181818182
0.005947531367117484,0.0026779831277641726,0.0,0.0,0.0027181546192491727,0.2,0.18181818181818182
0.0,0.0005517304728924867,0.0,0.0,0.0,0.2,0.18181818181818182
0.031693009613817824,0.008798835065562892,0.0020824067089674756,0.0,0.0,0.2,0.18181818181818182
0.0322633208408017,0.009106791348724866,0.0014663176110396238,3.399025159584231e-06,0.009243399151562819,0.2,0.18181818181818182
0.0,0.0002125663828326443,0.0,0.0,0.0,0.2,0.18181818181818182
0.02207919178751833,0.014548726279858658,4.912810045702622e-05,0.0,0.0,0.2,0.18181818181818182
0.02183477269023953,0.016205095351626606,0.0,0.0,0.01644818233868876,0.2,0.18181818181818182
0.0,0.00025496189409012464,0.0,0.0,0.0,0.2,0.18181818181818182
0.028841453478898483,0.012265256937407149,0.00021667480143763588,0.0,0.0,0.2,0.18181818181818182
0.02892292651132475,0.012109217902917812,8.945289967608821e-05,0.0,0.012290864059995434,0.2,0.18181818181818182
0.0011406224539677367,7.772510397204723e-05,0.0,0.0,0.0,0.2,0.18181818181818182
0.0010591494215414698,8.066923669826114e-05,4.046678794870657e-05,0.0,8.187932780060172e-05,0.2,0.18181818181818182
0.0,5.88826545242782e-07,0.0,0.0,0.0,0.2,0.18181818181818182
0.03886263646732931,0.010037726116753704,0.0010600168611616452,0.0024770395850470086,0.0,0.2,0.18181818181818182
0.03869969040247678,0.009770987691758725,0.0008484536539912145,6.798050319168462e-05,0.009917558872432007,0.2,0.18181818181818182
0.0,0.0010492889036226377,5.537560456138794e-06,0.0,0.0,0.2,0.18181818181818182
0.00578458530226495,0.0033886967678722103,0.0,0.0,0.0,0.2,0.18181818181818182
0.005947531367117484,0.0035046955972850386,0.0,0.0,0.003557268314373587,0.2,0.18181818181818182
0.0,0.0004598735318346128,0.0,0.0,0.0,0.2,0.18181818181818182
0.06623757536255499,0.02794040839831525,0.0007286151661711852,6.798050319168462e-05,0.0,0.2,0.18181818181818182
0.06607462929770246,0.02850568188174832,0.0004067267160669122,3.9088789335218656e-05,0.02893328567996299,0.2,0.18181818181818182
0.0,0.00019902337229206032,4.2809601987842214e-05,0.0,0.0,0.2,0.18181818181818182
0.024686328825158872,0.02024032366617539,9.05178151484226e-05,0.0,0.0,0.2,0.18181818181818182
0.02476780185758514,0.0231720910349392,6.531481563650885e-06,0.0,0.023519687495891093,0.2,0.18181818181818182
0.0,0.0006653739961243436,0.0,0.0,0.0,0.2,0.18181818181818182
0.7397751344305035,0.3476814660367793,0.42587858188756267,0.45827441689723386,0.0,0.2,0.2727272727272727
0.7361903210037477,0.34391238732068025,0.3593531703421041,0.483420405027838,0.34907129717175656,0.2,0.2727272727272727
0.0,0.0011052274254207018,0.17358846341571638,0.001572898892597603,0.0,0.2,0.2727272727272727
0.03462603878116344,0.01713308598692923,0.054375364955406666,0.0010265055981944378,0.0,0.2,0.2727272727272727
0.03812937917549291,0.020705496636917186,0.05551205573057639,0.00026937274389705033,0.021016092575039117,0.2,0.2727272727272727
0.0,0.0009385895131169945,0.003297191285441718,0.0,0.0,0.2,0.2727272727272727
0.05026886100700668,0.014766003275053244,0.0026090429072192396,0.0,0.0,0.2,0.2727272727272727
0.05035033403943295,0.01474598317251499,0.0009334339086834982,0.0,0.014967182526353788,0.2,0.2727272727272727
0.007576992015642822,0.003197328140668306,0.011378195855703953,0.0,0.0,0.2,0.2727272727272727
0.007576992015642822,0.003900387035688188,0.0,0.0,0.003958895382125444,0.2,0.2727272727272727
0.0,0.0010351570665368109,0.0,0.0,0.0,0.2,0.2727272727272727
0.02794525012220955,0.007425691562056724,0.001927213027465945,0.0,0.0,0.2,0.2727272727272727
0.02786377708978328,0.007773099223749965,0.0014635488308115544,0.0,0.007889700775881338,0.2,0.2727272727272727
0.0,0.00032326577333828733,0.0,0.0,0.0,0.2,0.2727272727272727
0.011976535766661234,0.0038161848397184703,0.0,0.0,0.0,0.2,0.2727272727272727
0.012058008799087501,0.006707912003405773,0.0,0.0,0.0068085350533171884,0.2,0.2727272727272727
0.0,0.00048283776709908126,0.0,0.0,0.0,0.2,0.2727272727272727
0.02900439954375102,0.010461681229328508,0.00010159293606070018,0.0,0.0,0.2,0.2727272727272727
0.02900439954375102,0.01136376349664045,3.812397390957093e-05,0.0,0.011534227351998633,0.2,0.2727272727272727
0.0005703112269838683,0.0001872468413872047,0.0,0.0,0.0,0.2,0.2727272727272727
0.0005703112269838683,0.0002814590886260498,0.0,0.0,0.0002856811583115885,0.2,0.2727272727272727
0.0,1.1187704359612858e-05,0.0,0.0,0.0,0.2,0.2727272727272727
0.039595893759165716,0.009707394424872505,0.001247299995562852,0.0026240474231990266,0.0,0.2,0.2727272727272727
0.03951442072673945,0.009876976469902425,0.001217837334161601,0.00011301758655617569,0.010025137551294111,0.2,0.2727272727272727
0.0,0.0009556654829290352,2.9817633225362736e-06,0.0,0.0,0.2,0.2727272727272727
0.008880560534463093,0.005720449887033627,0.0,0.0,0.0,0.2,0.2727272727272727
0.008799087502036826,0.00669260251322946,7.809380130452146e-06,0.0,0.006792995910814885,0.2,0.2727272727272727
0.0,0.0007001147622936678,0.0,0.0,0.0,0.2,0.2727272727272727
0.06297865406550432,0.022831749291788873,0.000998961707414474,8.327611640981367e-05,0.0,0.2,0.2727272727272727
0.06297865406550432,0.024688319388939364,0.000110538226028309,0.0,0.025058660262946196,0.2,0.2727272727272727
0.0,0.00022080995446604326,0.0,0.0,0.0,0.2,0.2727272727272727
0.01238390092879257,0.0054984622794770985,0.0,0.0,0.0,0.2,0.2727272727272727
0.01238390092879257,0.009343499619912465,9.371256156542574e-06,0.0,0.00948365820102152,0.2,0.2727272727272727
0.0,0.0009274018087573817,0.0,0.0,0.0,0.2,0.2727272727272727
0.7862962359459019,0.38871089970929634,0.46769475972844654,0.39510183479378114,0.0,0.2,0.36363636363636365
0.7836076258758351,0.3892638078352793,0.3982254958512668,0.41510169883277476,0.395103018538197,0.2,0.36363636363636365
0.0,0.0017193735121089236,0.12389645471890669,0.0013485632320650437,0.0,0.2,0.36363636363636365
0.050187387974580416,0.026951179802307376,0.040911709633047876,0.0014437359365334023,0.0,0.2,0.36363636363636365
0.052875998044647224,0.0283402216225351,0.05213165904956294,0.0007061474769036241,0.02876534340907271,0.2,0.36363636363636365
0.0,0.0012612664599100391,0.0035081865376935706,4.248781449480289e-05,0.0,0.2,0.36363636363636365
0.05263157894736842,0.015235886858156985,0.00394735767848427,0.0,0.0,0.2,0.36363636363636365
0.052550105914942156,0.01514402991709911,0.0008446199582908106,0.0,0.015371200231413692,0.2,0.36363636363636365
0.0,6.359326688622045e-05,0.0,0.0,0.0,0.2,0.36363636363636365
0.015724295258269513,0.0075199038092955695,0.0012322491902205263,0.0,0.0,0.2,0.36363636363636365
0.01580576829069578,0.008008629841847078,5.892532280250255e-05,0.0,0.008128764506686014,0.2,0.36363636363636365
0.0,0.0017629466764568895,0.0,0.0,0.0,0.2,0.36363636363636365
0.027619357992504482,0.006977594561126967,0.001916563872742601,0.0,0.0,0.2,0.36363636363636365
0.028108196187062083,0.006883382313888122,0.0015700403780449926,0.0,0.006986637532766672,0.2,0.36363636363636365
0.0,0.0002849920478975065,0.0,0.0,0.0,0.2,0.36363636363636365
0.016946390744663517,0.007674176364149178,0.0,0.0,0.0,0.2,0.36363636363636365
0.016701971647384715,0.008290677757018371,0.0,0.0,0.008415043324324615,0.2,0.36363636363636365
0.0,0.0005788164939736547,0.0,0.0,0.0,0.2,0.36363636363636365
0.028841453478898483,0.01333633242320377,5.310378488707459e-05,0.0,0.0,0.2,0.36363636363636365
0.028759980446472218,0.012484300412237465,4.0963748502462614e-05,0.0,0.012671573051301881,0.2,0.36363636363636365
0.0,6.0060307614763764e-05,0.0,0.0,0.0,0.2,0.36363636363636365
0.003340394329476943,0.001177653090485564,0.0,0.0,0.0,0.2,0.36363636363636365
0.003340394329476943,0.0015444920281718173,0.0,0.0,0.0015676604147516666,0.2,0.36363636363636365
0.0,4.2395511257480304e-05,0.0,0.0,0.0,0.2,0.36363636363636365
0.03894410949975558,0.010023005453122635,0.0013856680126014998,0.0019399936098327,0.0,0.2,0.36363636363636365
0.03910705556460811,0.009679130750700852,0.0011981009007410036,0.0002455795677799607,0.009824324017418184,0.2,0.36363636363636365
0.0,0.0008361336942447504,2.55579713360252e-06,0.0,0.0,0.2,0.36363636363636365
0.014257780674596708,0.008675181491061907,0.0,0.0,0.0,0.2,0.36363636363636365
0.014420726739449241,0.009224556657773423,0.0,0.0,0.009362931016965158,0.2,0.36363636363636365
0.0,0.0011499782428591532,4.827616807915872e-06,0.0,0.0,0.2,0.36363636363636365
0.06167508554668405,0.022377175198861444,0.0005488574344411412,0.00010027124220773483,0.0,0.2,0.36363636363636365
0.06134919341697898,0.02139854548066794,0.00028177663397967786,0.0,0.02171953760293188,0.2,0.36363636363636365
0.0,0.00022022112792080046,0.0,0.0,0.0,0.2,0.36363636363636365
0.023790125468469935,0.01401348295023297,2.8397745928916893e-05,0.0,0.0,0.2,0.36363636363636365
0.024116017598175003,0.014196019179258232,7.355016195589475e-05,0.0,0.014408968714924869,0.2,0.36363636363636365
0.0,0.002332930772251902,0.0,0.0,0.0,0.2,0.36363636363636365
0.7872739123350171,0.39778942738384954,0.4775060389581577,0.41740878715984253,0.0,0.2,0.45454545454545453
0.7845853022649503,0.40680318413842603,0.41927092337045746,0.49556172289787287,0.41290549691189427,0.2,0.45454545454545453
0.0,0.0009144476247620405,0.16475165283755602,0.0013392159128761871,0.0,0.2,0.45454545454545453
0.0558905002444191,0.03185374961799878,0.046386795048143054,0.0008327611640981367,0.0,0.2,0.45454545454545453
0.05939384063874857,0.04054659590541797,0.05885887207702888,0.0,0.04115482125802507,0.2,0.45454545454545453
0.0,0.001458523352566371,0.002672085903181435,0.0,0.0,0.2,0.45454545454545453
0.05556460811471403,0.01625926739378894,0.0034729023383768915,0.0,0.0,0.2,0.45454545454545453
0.055320189017435226,0.016031391520779984,0.0009684341305408883,0.0,0.01627187283722031,0.2,0.45454545454545453
0.0,8.596867560544617e-05,0.0,0.0,0.0,0.2,0.45454545454545453
0.018820270490467656,0.00824592693957992,0.00457700670009318,0.0,0.0,0.2,0.45454545454545453
0.01890174352289392,0.010214374080326539,9.797222345476328e-06,0.0,0.01036759634567181,0.2,0.45454545454545453
0.0,0.002795159610267486,0.0,0.0,0.0,0.2,0.45454545454545453
0.029411764705882353,0.007397427887885071,0.0020292319297155787,0.0,0.0,0.2,0.45454545454545453
0.02981912986801369,0.007214302832314565,0.0015608111106180946,0.0,0.007322522074547243,0.2,0.45454545454545453
0.0,0.00025849485336158133,0.0,0.0,0.0,0.2,0.45454545454545453
0.021101515398403128,0.01021672938650751,1.7748591205573057e-05,0.0,0.0,0.2,0.45454545454545453
0.02053120417141926,0.01058474597728425,2.1866264365266007e-05,0.0,0.010743524062362165,0.2,0.45454545454545453
0.0,0.0005269997579922899,0.0,0.0,0.0,0.2,0.45454545454545453
0.029574710770734886,0.013244475482145896,0.00011912854417180636,0.0,0.0,0.2,0.45454545454545453
0.02949323773830862,0.012732196387784675,0.00018998092026445402,0.0,0.012923187627973804,0.2,0.45454545454545453
0.0035848134267557437,0.001461467485292585,0.0,0.0,0.0,0.2,0.45454545454545453
0.0035848134267557437,0.0014114172289469485,0.0,0.0,0.0014325894068470243,0.2,0.45454545454545453
0.0,0.00019372393338487528,0.0,0.0,0.0,0.2,0.45454545454545453
0.04065504318070719,0.010141359588716434,0.0013106979633491591,0.001792136015390786,0.0,0.2,0.45454545454545453
0.04041062408342839,0.010340971787553738,0.0011348449216843413,0.00010621953623700723,0.010496093100979325,0.2,0.45454545454545453
0.0,0.0009533101767480641,3.1947464170031503e-06,0.0,0.0,0.2,0.45454545454545453
0.014339253707022975,0.009713282690324933,0.0,0.0,0.0,0.2,0.45454545454545453
0.014583672804301777,0.011529223755853671,0.0003432577539157829,0.0,0.011702169622888918,0.2,0.45454545454545453
0.0,0.0014579345260211283,0.0,0.0,0.0,0.2,0.45454545454545453
0.062489815870946715,0.023755618141274797,0.0005341616009229268,0.0003356537345089428,0.0,0.2,0.45454545454545453
0.06257128890337299,0.02371381145656256,0.00021766872254514797,0.0,0.02406953407674185,0.2,0.45454545454545453
0.0,0.00020432281119924536,0.0,0.0,0.0,0.2,0.45454545454545453
0.027782304057357016,0.018631060718026865,0.0,0.0,0.0,0.2,0.45454545454545453
0.027700831024930747,0.018830672916864168,6.247504104361717e-05,0.0,0.019113145277833893,0.2,0.45454545454545453
0.0,0.002977107012747506,0.0,0.0,0.0,0.2,0.45454545454545453
0.7841779371028189,0.4089188379154834,0.4887821449172472,0.3210931604815739,0.0,0.2,0.5454545454545454
0.7825484764542936,0.433462305974293,0.423734339086835,0.4796559846635985,0.4399645229423486,0.2,0.5454545454545454
0.0,0.001207094417747703,0.14711288991436305,0.002224661966947879,0.0,0.2,0.5454545454545454
0.0753625549942969,0.06005265286967561,0.046766543905577496,0.004131515081474633,0.0,0.2,0.5454545454545454
0.07723643474010103,0.06684417824250585,0.057671917291564984,0.00015635515734087463,0.06784688446169422,0.2,0.5454545454545454
0.0,0.0015739333554339564,0.0025105737232107204,0.0,0.0,0.2,0.5454545454545454
0.05344630927163109,0.015252374001423782,0.0029757288015263787,0.0,0.0,0.2,0.5454545454545454
0.05336483623920482,0.01586357595538579,0.0006597506322935617,0.0,0.01610153992902198,0.2,0.5454545454545454
0.0,0.00016604908575846452,0.0,0.0,0.0,0.2,0.5454545454545454
0.023545706371191136,0.014600543015840023,0.008080365620978835,0.0,0.0,0.2,0.5454545454545454
0.02395307153332247,0.015260617573057182,0.0,0.0,0.015489536778162007,0.2,0.5454545454545454
0.0,0.0028481539993393365,0.0,0.0,0.0,0.2,0.5454545454545454
0.026478735538536743,0.006805657209916075,0.0014980520921151885,0.00034500105369779946,0.0,0.2,0.5454545454545454
0.027293465862799415,0.006994081704393765,0.001392270488529973,0.0,0.007098997486244871,0.2,0.5454545454545454
0.0,0.00024436301627575455,0.0,0.0,0.0,0.2,0.5454545454545454
0.0236271794036174,0.013666664115084971,0.0,0.0,0.0,0.2,0.5454545454545454
0.022893922111781,0.013684917737987497,0.0,0.0,0.01389020041907872,0.2,0.5454545454545454
0.0,0.0006247449645025917,0.0,0.0,0.0,0.2,0.5454545454545454
0.03030796806257129,0.015567985029673914,9.903713892709766e-05,0.0,0.0,0.2,0.5454545454545454
0.03030796806257129,0.0147777798059581,0.00022810489417402494,0.0,0.014999456130012419,0.2,0.5454545454545454
0.0046439628482972135,0.001982578977832447,1.0649154723343834e-06,0.0,0.0,0.2,0.5454545454545454
0.00472543588072348,0.0019325287214868106,0.0,0.0,0.001961517911252371,0.2,0.5454545454545454
0.0,0.00020550046428973094,0.0,0.0,0.0,0.2,0.5454545454545454
0.040899462277985986,0.009623192228902787,0.001033251985623641,0.0014207925167062086,0.0,0.2,0.5454545454545454
0.04065504318070719,0.009890519480443009,0.0009386874916803479,0.0,0.010038883715815381,0.2,0.5454545454545454
0.0,0.0009962945145507872,1.7038647557350135e-06,0.0,0.0,0.2,0.5454545454545454
0.020205312041714194,0.01675859230415482,0.0,0.0,0.0,0.2,0.5454545454545454
0.02028678507414046,0.017810236513958428,5.537560456138794e-06,0.0,0.018077401664122632,0.2,0.5454545454545454
0.0,0.002014375611275557,0.0,0.0,0.0,0.2,0.5454545454545454
0.06289718103307805,0.025209430881479228,0.000898149709366819,0.00022263614795276716,0.0,0.2,0.5454545454545454
0.06297865406550432,0.024519914996999927,0.00021170519590007542,0.0,0.024887729695420854,0.2,0.5454545454545454
0.0,0.00016487143266797897,0.0,0.0,0.0,0.2,0.5454545454545454
0.029085872576177285,0.021535153239164266,0.0,0.0,0.0,0.2,0.5454545454545454
0.029085872576177285,0.022298861268344156,0.0,0.0,0.022633358713932752,0.2,0.5454545454545454
0.0,0.0032409013050162722,0.0,0.0,0.0,0.2,0.5454545454545454
0.7797783933518005,0.41492604633005026,0.4848474952300661,0.3076576637820273,0.0,0.2,0.6363636363636364
0.775052957471077,0.40181758977985543,0.3852217420242268,0.4614176654135594,0.4078451153900863,0.2,0.6363636363636364
0.0,0.0009686196669243764,0.13030050139770155,0.001114880252343628,0.0,0.2,0.6363636363636364
0.06159361251425778,0.055986216748228956,0.03869888627590185,0.0033412417318712992,0.0,0.2,0.6363636363636364
0.06591168323284993,0.04955623087417778,0.04738554377246306,0.0,0.05029960662063096,0.2,0.6363636363636364
0.0,0.001658135551403674,0.0022125393796867373,0.0,0.0,0.2,0.6363636363636364
0.050676226169138014,0.013825647282300521,0.003766038070728136,0.0,0.0,0.2,0.6363636363636364
0.050676226169138014,0.014043513104040352,0.0008794781914185562,0.0,0.014254174949228841,0.2,0.6363636363636364
0.0,0.00014602898322020995,0.0,0.0,0.0,0.2,0.6363636363636364
0.021508880560534464,0.013679618299080312,5.054798775347207e-05,0.0,0.0,0.2,0.6363636363636364
0.021427407528108195,0.01394164611171335,0.0,0.0,0.014150779885655818,0.2,0.6363636363636364
0.0,0.003222058855568503,0.0,0.0,0.0,0.2,0.6363636363636364
0.02688610070066808,0.006729698585579756,0.0015767848427031105,8.497562898960577e-06,0.0,0.2,0.6363636363636364
0.028026723154635814,0.006608989143804985,0.0014304654568043662,0.0,0.006708128286379224,0.2,0.6363636363636364
0.0,0.0002785149558998359,0.0,0.0,0.0,0.2,0.6363636363636364
0.019960892944435392,0.01113942058290295,2.129830944668767e-05,0.0,0.0,0.2,0.6363636363636364
0.01890174352289392,0.011172983695981789,0.0,0.0,0.011340585730046844,0.2,0.6363636363636364
0.0,0.000978040891648261,0.0,0.0,0.0,0.2,0.6363636363636364
0.030878279289555156,0.014992112668426472,0.00013417934951413232,0.0,0.0,0.2,0.6363636363636364
0.030878279289555156,0.01585474355720715,0.00018664418511780628,0.0,0.0160925750391168,0.2,0.6363636363636364
0.0,0.00019254628029438973,0.0,0.0,0.0,0.2,0.6363636363636364
0.00448101678344468,0.0017205511651994091,0.0,0.0,0.0,0.2,0.6363636363636364
0.004562489815870947,0.0018818896385959314,0.0,0.0,0.0019101192091293658,0.2,0.6363636363636364
0.0,0.0004404422558416009,0.0,0.0,0.0,0.2,0.6363636363636364
0.03780348704578784,0.008917778027701934,0.0012794604428273506,0.0015210637589139434,0.0,0.2,0.6363636363636364
0.03764054098093531,0.00875408424812444,0.0007828548608954164,7.477855351085309e-05,0.008885401214682816,0.2,0.6363636363636364
0.0,0.0009839291571006887,2.484802768780228e-06,0.0,0.0,0.2,0.6363636363636364
0.019390581717451522,0.01610205070620912,0.0,0.0,0.0,0.2,0.6363636363636364
0.019553527782304056,0.016035513306596683,0.0004969605537560456,0.0,0.01627605645250939,0.2,0.6363636363636364
0.0,0.0022080995446604325,0.0,0.0,0.0,0.2,0.6363636363636364
0.06420074955189832,0.025871271918332113,0.0009078049429826507,0.0,0.0,0.2,0.6363636363636364
0.06403780348704578,0.02725913608546935,0.00029356169854017835,0.0,0.02766804088467924,0.2,0.6363636363636364
0.0,0.00027615964971886475,7.2414252118738076e-06,0.0,0.0,0.2,0.6363636363636364
0.027619357992504482,0.021678826916203507,0.0001225362736832764,0.0,0.0,0.2,0.6363636363636364
0.027700831024930747,0.022421337189754652,3.691706970759196e-06,0.0,0.022757671853951184,0.2,0.6363636363636364
0.0,0.0028028143553556423,0.0,0.0,0.0,0.2,0.6363636363636364
0.7788007169626854,0.4283477586023142,0.5378625371611129,0.29762204199835485,0.0,0.2,0.7272727272727273
0.7744011732116669,0.4172224698564971,0.4186651994497937,0.5159303811666814,0.42348107870336615,0.2,0.7272727272727273
0.0,0.0009215135433049539,0.15996379287394064,0.001500669607956438,0.0,0.2,0.7272727272727273
0.05597197327684537,0.042684625091194514,0.049987842215024184,0.0020045750878648003,0.0,0.2,0.7272727272727273
0.06045299006029004,0.03711962541210498,0.049375373829702265,0.0,0.03767644397481703,0.2,0.7272727272727273
0.0,0.001258911153729068,0.0032676576296756443,0.0,0.0,0.2,0.7272727272727273
0.056460811471402965,0.01726086134724691,0.0032406797710431735,0.0,0.0,0.2,0.7272727272727273
0.056379338438976696,0.016879890572474833,0.0010919643253316767,0.0,0.01713309992744416,0.2,0.7272727272727273
0.0,7.419214470059054e-05,0.0,0.0,0.0,0.2,0.7272727272727273
0.022323610884797132,0.013132009612004525,0.0005646181834316901,0.0,0.0,0.2,0.7272727272727273
0.022486556949649666,0.010883869862267583,4.259661889337534e-05,0.0,0.011047135000484104,0.2,0.7272727272727273
0.0,0.0028098802738985556,0.0,0.0,0.0,0.2,0.7272727272727273
0.028597034381619684,0.007753667947756953,0.0019451746017659847,0.0,0.0,0.2,0.7272727272727273
0.02867850741404595,0.007535213299471881,0.001971229533655766,0.0,0.007648246407768615,0.2,0.7272727272727273
0.0,0.00024377418973051175,0.0,0.0,0.0,0.2,0.7272727272727273
0.01890174352289392,0.008414331331519354,0.0,0.0,0.0,0.2,0.7272727272727273
0.018657324425615122,0.008867138944811054,0.0,0.0,0.009000151805469061,0.2,0.7272727272727273
0.0,0.0007260231302843503,0.0,0.0,0.0,0.2,0.7272727272727273
0.031530063548965294,0.01429494203885902,0.00013041664817855082,0.0,0.0,0.2,0.7272727272727273
0.031285644451686495,0.014357946479199997,0.00020339885521586723,0.0,0.014573325029853083,0.2,0.7272727272727273
0.0,3.4151939624081354e-05,0.0,0.0,0.0,0.2,0.7272727272727273
0.0032589212970506763,0.0015439032016265745,0.0,0.0,0.0,0.2,0.7272727272727273
0.003503340394329477,0.0014514574340234578,0.00042596618893375336,0.0,0.0014732302410838194,0.2,0.7272727272727273
0.0,0.00018194740248001965,0.0,0.0,0.0,0.2,0.7272727272727273
0.03894410949975558,0.010715465470328147,0.0015214092381417225,0.0015975418250045886,0.0,0.2,0.7272727272727273
0.038781163434903045,0.010693090061608922,0.0008086258153259086,0.0,0.010853493378532315,0.2,0.7272727272727273
0.0,0.0010893291086991467,5.1825886320273325e-06,0.0,0.0,0.2,0.7272727272727273
0.01580576829069578,0.013912793610996453,0.0,0.0,0.0,0.2,0.7272727272727273
0.015887241323122046,0.0116493443710832,1.845853485379598e-05,0.0,0.011824092125599303,0.2,0.7272727272727273
0.0,0.0013278038595224734,0.0,0.0,0.0,0.2,0.7272727272727273
0.06240834283852045,0.026067939984443202,0.0007210187691351999,0.0,0.0,0.2,0.7272727272727273
0.06289718103307805,0.025571559206803537,0.00026161423437014684,0.0,0.025955149253463733,0.2,0.7272727272727273
0.0,0.0003497629678742125,6.2475041043617165e-06,0.0,0.0,0.2,0.7272727272727273
0.026152843408831675,0.01841613902901325,0.0,0.0,0.0,0.2,0.7272727272727273
0.025745478246700343,0.0174781383424415,1.2991968762479479e-05,0.0,0.017740321803688036,0.2,0.7272727272727273
0.0,0.003245023090832972,0.0,0.0,0.0,0.2,0.7272727272727273
0.7767638911520287,0.3892002145683931,0.6022319208412832,0.427223472308142,0.0,0.2,0.8181818181818182
0.7724458204334366,0.4011304292015571,0.4387505701734925,0.5019094023833964,0.4071476469554636,0.2,0.8181818181818182
0.0,0.0010840296697919617,0.1729876381062253,0.0017997838219998505,0.0,0.2,0.8181818181818182
0.036174026397262506,0.023912246002309376,0.04248558370679327,0.0001308624686439929,0.0,0.2,0.8181818181818182
0.04016620498614958,0.01765596395910482,0.06157831122154679,5.9482940292724045e-05,0.017920814920445567,0.2,0.8181818181818182
0.0,0.0007525203248202754,0.002307174867994853,0.0,0.0,0.2,0.8181818181818182
0.05548313508228776,0.01589478376228366,0.00407990415760749,0.0,0.0,0.2,0.8181818181818182
0.055238715985008964,0.01656899015658664,0.0009597018236677464,0.0,0.016817535802781985,0.2,0.8181818181818182
0.0,4.475081743845143e-05,0.0,0.0,0.0,0.2,0.8181818181818182
0.009695290858725761,0.0054166153896883515,0.00015505169277188623,0.0,0.0,0.2,0.8181818181818182
0.009858236923578295,0.004036994794184514,0.00021795270000443714,0.0,0.004097552345992156,0.2,0.8181818181818182
0.0,0.0011635212533997372,0.0,0.0,0.0,0.2,0.8181818181818182
0.028026723154635814,0.007256698343572046,0.0021242223898478058,0.0,0.0,0.2,0.8181818181818182
0.028352615284340882,0.0075222591154765405,0.0017534188223809735,0.0,0.007635097902574358,0.2,0.8181818181818182
0.0,0.00025496189409012464,0.0,0.0,0.0,0.2,0.8181818181818182
0.012302427896366304,0.006263936788292715,0.0,0.0,0.0,0.2,0.8181818181818182
0.011976535766661234,0.004791281598640517,0.0,0.0,0.004863153943894133,0.2,0.8181818181818182
0.0,0.0005617405241616141,0.0,0.0,0.0,0.2,0.8181818181818182
0.03104122535440769,0.012784601950311282,8.824599547410924e-05,0.0,0.0,0.2,0.8181818181818182
0.031122698386833958,0.013606603807470207,0.0003179127656742246,0.0,0.013810711728586165,0.2,0.8181818181818182
0.0,1.7075969812040677e-05,0.0,0.0,0.0,0.2,0.8181818181818182
0.002444190972788007,0.0009356453803907806,0.0,0.0,0.0,0.2,0.8181818181818182
0.002444190972788007,0.0007277896099200786,0.0,0.0,0.0007387069281864505,0.2,0.8181818181818182
0.037396121883656507,0.009929382032429034,0.0012427563562142255,0.0027464123289440588,0.0,0.2,0.8181818181818182
0.037477594916082775,0.010187288059245372,0.001122633890934907,1.1046831768648751e-05,0.010340104016629274,0.2,0.8181818181818182
0.0,0.0009067928796738843,4.117673159692949e-06,0.0,0.0,0.2,0.8181818181818182
0.009695290858725761,0.007141877167249703,0.0,0.0,0.0,0.2,0.8181818181818182
0.009776763891152028,0.0052817741108277545,1.1075120912277588e-05,0.0,0.005361004163294872,0.2,0.8181818181818182
0.0,0.0006783281801196849,0.0,0.0,0.0,0.2,0.8181818181818182
0.06167508554668405,0.02254970137661758,0.0005651861383502685,0.0,0.0,0.2,0.8181818181818182
0.06175655857911031,0.023995859371733853,0.0003974974486400142,0.0,0.02435581289438045,0.2,0.8181818181818182
0.0,0.0004145338878509185,0.0002746062031326263,0.0,0.0,0.2,0.8181818181818182
0.0118135897018087,0.007841403102998128,0.0001883480498735413,0.0,0.0,0.2,0.8181818181818182
0.011732116669382434,0.006302210513733496,0.0,0.0,0.006396747777006133,0.2,0.8181818181818182
0.0,0.0018112304531667975,0.0,0.0,0.0,0.2,0.8181818181818182
0.7220140133615773,0.3468158910152724,0.6164314327550251,0.3431868240188714,0.0,0.2,0.9090909090909091
0.7181847808375428,0.33970875461419203,0.4270550295070329,0.5908066566508725,0.3448046072362201,0.2,0.9090909090909091
0.0,0.0008661638480521323,0.16035994142964902,0.0004129815568894841,0.0,0.2,0.9090909090909091
0.02134593449568193,0.00845319388350538,0.0578837644761947,0.00012406441832482444,0.0,0.2,0.9090909090909091
0.02501222095486394,0.006925777825145602,0.0643754891955451,0.0,0.007029669004311514,0.2,0.9090909090909091
0.0,0.00046752827692276894,0.0020981674579580245,1.6995125797921156e-06,0.0,0.2,0.9090909090909091
0.05450545869317256,0.015684572685631986,0.0036296578959045126,0.0,0.0,0.2,0.9090909090909091
0.05458693172559883,0.015542076661683231,0.0019140790699738207,0.0,0.015775217936473594,0.2,0.9090909090909091
0.0,2.94413272621391e-06,0.0,0.0,0.0,0.2,0.9090909090909091
0.005703112269838683,0.002277581076999081,2.5557971336025203e-05,0.0,0.0,0.2,0.9090909090909091
0.005703112269838683,0.002187490615576935,0.0,0.0,0.0022203043998484336,0.2,0.9090909090909091
0.0,0.0005269997579922899,0.0,0.0,0.0,0.2,0.9090909090909091
0.028841453478898483,0.007239622373760005,0.002164902160890979,0.0,0.0,0.2,0.9090909090909091
0.028597034381619684,0.00741214855151614,0.0019373652216355328,0.0,0.007523335608423171,0.2,0.9090909090909091
0.0,0.00027086021081167974,0.0,0.0,0.0,0.2,0.9090909090909091
0.005377220140133616,0.001599252896879396,0.0,0.0,0.0,0.2,0.9090909090909091
0.005377220140133616,0.0012271145202859576,0.0,0.0,0.0012455220374923649,0.2,0.9090909090909091
0.0,0.00015603903448933724,0.0,0.0,0.0,0.2,0.9090909090909091
0.026397262506110478,0.008229439796313121,9.846918400851933e-05,0.0,0.0,0.2,0.9090909090909091
0.02631578947368421,0.008128161630531363,0.00025146204020055907,0.0,0.008250089350069389,0.2,0.9090909090909091
0.0008147303242626691,0.00021492168901361545,0.0,0.0,0.0,0.2,0.9090909090909091
0.0008962033566889359,0.00018842449447769024,0.0,0.0,0.00019125098464374126,0.2,0.9090909090909091
0.03218184780837543,0.009643801157986284,0.0013851000576829214,0.0026639859688241414,0.0,0.2,0.9090909090909091
0.03210037477594916,0.009344677273002951,0.001110493854550295,0.0,0.009484853519675542,0.2,0.9090909090909091
0.0,0.0009138587982167977,1.0933132182633003e-05,0.0,0.0,0.2,0.9090909090909091
0.0050513280104285485,0.0030507103309028536,0.0,0.0,0.0,0.2,0.9090909090909091
0.005132801042854815,0.0026815160870356292,0.0,0.0,0.0027217405752112426,0.2,0.9090909090909091
0.0,6.948153233864828e-05,0.0,0.0,0.0,0.2,0.9090909090909091
0.05417956656346749,0.020368687853038317,0.0005767582198163021,0.0,0.0,0.2,0.9090909090909091
0.053853674433762426,0.01971803452054504,0.000499729333984115,0.0,0.02001381788364051,0.2,0.9090909090909091
0.0,0.0003256210795192585,9.087278697253405e-06,0.0,0.0,0.2,0.9090909090909091
0.0061104774319700175,0.004209520971940649,0.0,0.0,0.0,0.2,0.9090909090909091
0.006517842594101353,0.00339281855368891,0.0,0.0,0.003443713042241366,0.2,0.9090909090909091
0.0,0.00033857526351459966,0.0,0.0,0.0,0.2,0.9090909090909091
0.6991200912497963,0.3335696490534908,0.5721418822380974,0.4208732435537488,0.0,0.2,1.0
0.6947205474987779,0.339851839464686,0.41800161512179973,0.7323072242880742,0.3449498384526839,0.2,1.0
0.0,0.0009279906353026245,0.1380895061454497,0.002044513633489915,0.0,0.2,1.0
0.028597034381619684,0.009103847215998653,0.06939727559124995,0.002268849294022474,0.0,0.2,1.0
0.03079680625712889,0.007249632425029132,0.07570533788880508,0.0004971074295891939,0.0073583816341679445,0.2,1.0
0.0,0.0008114029793445536,0.0065512179970714825,0.0,0.0,0.2,1.0
0.05026886100700668,0.013439377068621257,0.003154350623419266,0.0,0.0,0.2,1.0
0.050676226169138014,0.013030731446222766,0.0009028353374450903,0.0,0.013226200906768732,0.2,1.0
0.0,0.00034917414132896974,0.0,0.0,0.0,0.2,1.0
0.004318070718592146,0.0015162283540001637,0.0,0.0,0.0,0.2,1.0
0.003992178588887079,0.0015580350387124013,0.0,0.0,0.0015814065792729354,0.2,1.0
0.0,0.00039804674458412064,0.0,0.0,0.0,0.2,1.0
0.03161153658139156,0.010351570665368107,0.0015669876203576341,0.0,0.0,0.2,1.0
0.03218184780837543,0.008562715620920536,0.001230971291653725,8.497562898960578e-07,0.008691161933404017,0.2,1.0
0.0,0.000183713882115748,0.0,0.0,0.0,0.2,1.0
0.009695290858725761,0.0064282193944154515,0.0,0.0,0.0,0.2,1.0
0.009043506599315626,0.0038338496360757536,0.0,0.0,0.003891359878173123,0.2,1.0
0.0,5.1227909436122034e-05,0.0,0.0,0.0,0.2,1.0
0.026478735538536743,0.009154486298889533,0.00011501087101211341,0.0,0.0,0.2,1.0
0.02656020857096301,0.008151714692341074,0.0002100723255091627,0.0,0.008273995723149855,0.2,1.0
0.000977676389115203,2.7674847626410755e-05,0.0,0.0,0.0,0.2,1.0
0.0008962033566889359,5.88826545242782e-06,0.0,0.0,5.976593270116914e-06,0.2,1.0
0.0,1.7664796357283461e-06,0.0,0.0,0.0,0.2,1.0
0.02981912986801369,0.008728175880133757,0.0015040866131250832,0.002559465945166926,0.0,0.2,1.0
0.02973765683558742,0.00798978739239931,0.0009005635177707769,0.0001232146620349284,0.00810963940822164,0.2,1.0
0.0,0.0010987503334230313,3.1947464170031503e-06,0.0,0.0,0.2,1.0
0.003910705556460812,0.001717607032473195,3.904690065226073e-06,0.0,0.0,0.2,1.0
0.004073651621313346,0.001688165705211056,0.0,0.0,0.0017134892905425192,0.2,1.0
0.0,0.00020844459701594483,0.0,0.0,0.0,0.2,1.0
0.061186247352126445,0.028096447432804587,0.0006667790744109686,4.4187327074595004e-05,0.0,0.2,1.0
0.06151213948183151,0.023544229411532638,0.000751901317832897,0.0,0.02389740819056248,0.2,1.0
0.0,0.0003203216406120734,6.602475928473178e-06,0.0,0.0,0.2,1.0
0.014176307642170441,0.013023665527679853,0.0,0.0,0.0,0.2,1.0
0.013768942480039107,0.008463792761319748,0.00022363224919022052,0.0,0.008590755166466053,0.2,1.0
0.0,0.00026673842499498027,0.0,0.0,0.0,0.2,1.0
0.702053120417142,0.30765421514426544,0.5021848870745884,0.3494172371363893,0.0,0.24,0.0
0.7013198631253055,0.3149798061936309,0.3511026312286462,0.5179519513803441,0.31970470847971005,0.24,0.0
0.0,0.0006123796070524933,0.14195500732129387,0.001603490119033861,0.0,0.24,0.0
0.026234316441257944,0.006653151134698194,0.043380467675378266,6.798050319168462e-05,0.0,0.24,0.0
0.028597034381619684,0.006505944498387498,0.05415499844699827,3.399025159584231e-05,0.006603537904152178,0.24,0.0
0.0,0.0003497629678742125,0.001129449349957847,0.0,0.0,0.24,0.0
0.05010591494215415,0.012510208780228146,0.003723796423658872,0.0,0.0,0.24,0.0
0.04986149584487535,0.013176171602897734,0.0011555752762124505,0.0,0.013373822760540619,0.24,0.0
0.0,2.355306180971128e-06,0.0,0.0,0.0,0.24,0.0
0.004155124653739612,0.001685221572484842,0.0,0.0,0.0,0.24,0.0
0.004236597686165879,0.0017081858077493107,0.0,0.0,0.0017338097076609168,0.24,0.0
0.0,0.0002720378639021653,0.0,0.0,0.0,0.24,0.0
0.036011080332409975,0.011421468498074242,0.001951564094599991,0.0,0.0,0.24,0.0
0.03576666123513117,0.012483711585692222,0.001438203842569996,0.0,0.01267097539197487,0.24,0.0
0.0,0.0002219876075565288,0.0,0.0,0.0,0.24,0.0
0.02501222095486394,0.01701237654515446,0.0,0.0,0.0,0.24,0.0
0.02558253218184781,0.01682689618340298,0.0,0.0,0.017079310588013104,0.24,0.0
0.028108196187062083,0.00901257910148602,0.00015206992944934996,0.0,0.0,0.24,0.0
0.02786377708978328,0.009617303963450358,0.0001326174734880419,0.0,0.009761569788081955,0.24,0.0
0.0,0.0,4.969605537560456e-06,0.0,0.0,0.24,0.0
0.0021997718755092065,0.0001277753603176837,0.0,0.0,0.0,0.24,0.0
0.00236271794036174,0.0001342524523153543,0.0,0.0,0.00013626632655866565,0.24,0.0
0.031530063548965294,0.007819616520824146,0.0014348671074233483,0.0018439711490744455,0.0,0.24,0.0
0.031204171419260227,0.00820824204068438,0.0009572880152637884,3.144098272615414e-05,0.008331371018542979,0.24,0.0
0.0,0.0011334910995923553,1.2495008208723433e-05,4.248781449480289e-06,0.0,0.24,0.0
0.004073651621313346,0.0024972133783746383,0.0,0.0,0.0,0.24,0.0
0.004318070718592146,0.0017405712677376636,4.117673159692949e-06,0.0,0.0017666809706465597,0.24,0.0
0.0,0.00041747802057713244,0.0,0.0,0.0,0.24,0.0
0.06493400684373472,0.027677202932591728,0.0008955939122332165,6.798050319168462e-05,0.0,0.24,0.0
0.06517842594101353,0.029608554000988052,0.0006255313484492169,0.0,0.030052701599455892,0.24,0.0
0.0,0.0003497629678742125,5.1044948307228114e-05,0.0,0.0,0.24,0.0
0.032752159035359295,0.027093086999710886,3.01726050494742e-05,0.0,0.0,0.24,0.0
0.032589212970506765,0.025384312365416332,0.0,0.0,0.025765093587474017,0.24,0.0
0.0,0.0006771505270291993,0.0,0.0,0.0,0.24,0.0
0.6613166042040085,0.29888717671214565,0.49615490970404225,0.3881168380908355,0.0,0.24,0.09090909090909091
0.6583021020042366,0.2993747250916067,0.3758136397923415,0.4815313967953991,0.3038655409952462,0.24,0.09090909090909091
0.0,0.0008620420622354329,0.12220472999955628,0.001086838294777058,0.0,0.24,0.09090909090909091
0.024360436695453805,0.006342839545355248,0.04775031281892,0.0004716147408923121,0.0,0.24,0.09090909090909091
0.027537884960078213,0.006094943569808037,0.05893874073745396,2.4642932406985675e-05,0.006186371693898018,0.24,0.09090909090909091
0.0,0.0007413326204606626,0.0008165771841860053,0.0001249141746147205,0.0,0.24,0.09090909090909091
0.050187387974580416,0.01336165196464921,0.0031960243155699517,0.0,0.0,0.24,0.09090909090909091
0.05002444190972788,0.013256252013050751,0.0011993078049429826,0.0,0.013455104429014209,0.24,0.09090909090909091
0.0,4.121785816699474e-06,0.0,0.0,0.0,0.24,0.09090909090909091
0.004236597686165879,0.0019972996414635165,0.0,0.0,0.0,0.24,0.09090909090909091
0.004399543751018413,0.00209327836833809,8.519323778675068e-05,0.0,0.002124678907526563,0.24,0.09090909090909091
0.0,0.0003344534776979002,0.0,0.0,0.0,0.24,0.09090909090909091
0.03527782304057357,0.012046802289122078,0.0016881040067444647,0.0,0.0,0.24,0.09090909090909091
0.035114876975721035,0.012334738469745797,0.001443315436837201,0.0,0.012519767582240911,0.24,0.09090909090909091
0.0,0.00027027138426643696,0.0,0.0,0.0,0.24,0.09090909090909091
0.021427407528108195,0.016330515405763316,0.0,0.0,0.0,0.24,0.09090909090909091
0.02159035359296073,0.01664494878092296,0.0,0.0,0.01689463385596649,0.24,0.09090909090909091
0.0,1.8253622902526244e-05,0.0,0.0,0.0,0.24,0.09090909090909091
0.027049046765520612,0.009089126552367583,9.832719527887474e-05,0.0,0.0,0.24,0.09090909090909091
0.02688610070066808,0.008993736652038252,6.424990016417447e-05,0.0,0.009128648560776574,0.24,0.09090909090909091
0.0011406224539677367,0.00017488148393710626,0.0,0.0,0.0,0.24,0.09090909090909091
0.0011406224539677367,0.0001766479635728346,0.0,0.0,0.0001792977981035074,0.24,0.09090909090909091
0.0,5.88826545242782e-07,0.0,0.0,0.0,0.24,0.09090909090909091
0.030389441094997555,0.008623364755080543,0.0013535075653370013,0.002076804372505965,0.0,0.24,0.09090909090909091
0.030063548965292487,0.008692846287419191,0.0008708878732750588,0.0001852468711973406,0.0088232446446736,0.24,0.09090909090909091
0.0,0.0010151369639985561,3.1947464170031503e-06,0.0,0.0,0.24,0.09090909090909091
0.003992178588887079,0.0020137867847303146,0.0,0.0,0.0,0.24,0.09090909090909091
0.004399543751018413,0.0023841586816880245,0.0,0.0,0.0024199226150703385,0.24,0.09090909090909091
0.0,0.0001018669923270013,0.0,0.0,0.0,0.24,0.09090909090909091
0.06086035522242138,0.028286638406918006,0.0005377113191640414,9.772197333804664e-05,0.0,0.24,0.09090909090909091
0.06077888218999511,0.02853512320901046,0.0005771841860052359,0.0,0.028963168646313577,0.24,0.09090909090909091
0.0,0.0003574177129623687,3.705905843723654e-05,0.0,0.0,0.24,0.09090909090909091
0.02892292651132475,0.028465052850126567,0.0,0.0,0.0,0.24,0.09090909090909091
0.029085872576177285,0.028349054020713742,0.0,0.0,0.028774308298977883,0.24,0.09090909090909091
0.0,0.00035565123332664036,0.0,0.0,0.0,0.24,0.09090909090909091
0.7633208408016946,0.36185334332768254,0.6645469405865909,0.5187762149815432,0.0,0.24,0.18181818181818182
0.7583509858236923,0.3583786778842049,0.42103605626303414,0.5236393702286184,0.3637545915177798,0.24,0.18181818181818182
0.0,0.0008326007349732938,0.16735920486311398,0.0007902733496033338,0.0,0.24,0.18181818181818182
0.02656020857096301,0.007293794415922341,0.05506443626037183,0.0017394511254172304,0.0,0.24,0.18181818181818182
0.03218184780837543,0.0074398233991425505,0.07023649997781427,0.0,0.007551425596792721,0.24,0.18181818181818182
0.0,0.0003597730191433398,0.0051263610950880775,2.5492688696881735e-06,0.0,0.24,0.18181818181818182
0.05458693172559883,0.015485549313339925,0.0029503838132848206,0.0,0.0,0.24,0.18181818181818182
0.05466840475802509,0.015573284468581099,0.0013234769490171718,0.0,0.015806893880805216,0.24,0.18181818181818182
0.0,9.009046142214565e-05,0.0,0.0,0.0,0.24,0.18181818181818182
0.005458693172559883,0.0021733587784911086,1.845853485379598e-05,0.0,0.0,0.24,0.18181818181818182
0.00554016620498615,0.002369438018056955,5.679549185783379e-06,0.0,0.002404981131895046,0.24,0.18181818181818182
0.0,0.0006653739961243436,0.0,0.0,0.0,0.24,0.18181818181818182
0.036418445494541304,0.012676257865986612,0.001966117939388561,0.0,0.0,0.24,0.18181818181818182
0.03715170278637771,0.013302180483579689,0.0015047965567733061,0.0,0.013501721856521121,0.24,0.18181818181818182
0.0,0.000294413272621391,0.0,0.0,0.0,0.24,0.18181818181818182
0.02207919178751833,0.013040741497491893,0.0,0.0,0.0,0.24,0.18181818181818182
0.021182988430829396,0.015733445288887135,0.0,0.0,0.015969457217752395,0.24,0.18181818181818182
0.0,0.00022080995446604326,0.0,0.0,0.0,0.24,0.18181818181818182
0.027619357992504482,0.0092999264555645,0.0001808936415672006,0.0,0.0,0.24,0.18181818181818182
0.02794525012220955,0.009846946316095043,0.00012232329058880953,0.0,0.009994656925616515,0.24,0.18181818181818182
0.0021182988430829396,0.0004198333267581036,0.0,0.0,0.0,0.24,0.18181818181818182
0.0017924067133778718,0.00047636067510141065,0.0,0.0,0.00048350639555245833,0.24,0.18181818181818182
0.0,8.773515524117452e-05,0.0,0.0,0.0,0.24,0.18181818181818182
0.03332247026234316,0.009563131921288022,0.0014599991125704398,0.001380853971081094,0.0,0.24,0.18181818181818182
0.0334854163271957,0.009630846973990942,0.0012567422460842172,6.798050319168462e-06,0.009775315952603225,0.24,0.18181818181818182
0.0,0.0011281916606851704,7.738385765629853e-06,0.0,0.0,0.24,0.18181818181818182
0.004888381945576014,0.0030536544636290677,0.0,0.0,0.0,0.24,0.18181818181818182
0.004806908913149747,0.0033533671751576435,0.0,0.0,0.0034036698673315826,0.24,0.18181818181818182
0.0,0.00026673842499498027,0.0,0.0,0.0,0.24,0.18181818181818182
0.06346749226006192,0.03091044949251984,0.0005078226915738563,0.0,0.0,0.24,0.18181818181818182
0.06297865406550432,0.03138916547380222,0.00038521542352575765,0.0,0.031860023404339244,0.24,0.18181818181818182
0.0,0.00030736745661673223,0.0,0.0,0.0,0.24,0.18181818181818182
0.0236271794036174,0.01915688282292867,4.2596618893375335e-06,0.0,0.0,0.24,0.18181818181818182
0.024034544565748737,0.02344530655193185,4.4016506189821186e-06,0.0,0.023797001423624516,0.24,0.18181818181818182
0.0,0.00038862551986023616,0.0,0.0,0.0,0.24,0.18181818181818182
0.7550920645266417,0.3983994516847211,0.6638551005013977,0.44392798145491874,0.0,0.24,0.2727272727272727
0.7489815870946717,0.39690559873944015,0.38139862448418155,0.5084848165546121,0.40285944128415474,0.24,0.2727272727272727
0.0,0.0007884387440800851,0.18423080268003728,5.863318400282799e-05,0.0,0.24,0.2727272727272727
0.029982075932866222,0.013553020591853114,0.04377633225362737,0.0006118245287251616,0.0,0.24,0.2727272727272727
0.03584813426755744,0.01498504674988356,0.0570684651905755,0.0,0.015209832213120535,0.24,0.2727272727272727
0.0,0.0010233805356319552,0.0032846962772329945,0.0,0.0,0.24,0.2727272727272727
0.04668404758025094,0.015589182785302655,0.003361583174335537,0.0,0.0,0.24,0.2727272727272727
0.046765520612677206,0.015858276516478604,0.001083303012823357,0.0,0.01609616099507887,0.24,0.2727272727272727
0.007658465048069089,0.004171247246499868,3.0385588143941076e-05,0.0,0.0,0.24,0.2727272727272727
0.007821411112921624,0.004399123119508824,0.0,0.0,0.004465112832104347,0.24,0.2727272727272727
0.0,0.0011894296213904197,0.0,5.098537739376347e-05,0.0,0.24,0.2727272727272727
0.03079680625712889,0.00889363613934698,0.001899738208279718,0.0,0.0,0.24,0.2727272727272727
0.031204171419260227,0.009779231263392123,0.0012539024714913255,3.399025159584231e-06,0.009925926103010171,0.24,0.2727272727272727
0.0,0.00016958204502992122,0.0,0.0,0.0,0.24,0.2727272727272727
0.0113247515072511,0.004846042467348096,0.0,0.0,0.0,0.24,0.2727272727272727
0.010917386345119766,0.007592918300905674,0.0,0.0,0.0077068170218157605,0.24,0.2727272727272727
0.0,0.0003568288864171259,0.0,0.0,0.0,0.24,0.2727272727272727
0.022323610884797132,0.008368402860990418,0.00012076141456271908,0.0,0.0,0.24,0.2727272727272727
0.022242137852370867,0.008219429745043994,8.888494475750987e-05,0.0,0.0083427265457562,0.24,0.2727272727272727
0.0012220954863940035,0.00012188709486525588,0.0,0.0,0.0,0.24,0.2727272727272727
0.0013035685188202706,0.00023140883228041332,0.0,0.0,0.00023488011551559473,0.24,0.2727272727272727
0.0,6.418209343146324e-05,0.0,0.0,0.0,0.24,0.2727272727272727
0.029900602900439954,0.009608471565271717,0.0014844921684341306,0.0014037973909082875,0.0,0.24,0.2727272727272727
0.029982075932866222,0.009728592180501245,0.000590815104051116,7.732782238054126e-05,0.009874527400887165,0.24,0.2727272727272727
0.0,0.0009332900742098094,5.679549185783379e-06,0.0,0.0,0.24,0.2727272727272727
0.009043506599315626,0.00584586994117034,0.0002449305586369082,0.0,0.0,0.24,0.2727272727272727
0.008880560534463093,0.006263936788292715,0.0,0.0,0.006357899920750373,0.24,0.2727272727272727
0.0,0.0007566421106369749,0.0,0.0,0.0,0.24,0.2727272727272727
0.04839498126120254,0.028055818401182833,0.0004872343257753916,0.0,0.0,0.24,0.2727272727272727
0.048313508228776274,0.029351236800716954,0.00035234503261303635,0.0,0.02979152447355178,0.24,0.2727272727272727
0.012465373961218837,0.006750896341208496,0.00010918933309668545,0.0,0.0,0.24,0.2727272727272727
0.012546846993645104,0.009642623504895798,0.0,0.0,0.009787269139143458,0.24,0.2727272727272727
0.0,0.0006441762404956036,0.0,0.0,0.0,0.24,0.2727272727272727
0.8174189343327358,0.4226043444800161,0.609584807205928,0.48255110434327436,0.0,0.24,0.36363636363636365
0.8114714029656184,0.42082137770102096,0.42967599946754226,0.48670556284457617,0.4271339725100616,0.24,0.36363636363636365
0.0,0.0006041360354190943,0.1528079868660425,0.0001674019891095234,0.0,0.24,0.36363636363636365
0.043262180218347726,0.018866002509578737,0.049071730931357326,0.0018762618880904956,0.0,0.24,0.36363636363636365
0.049291184617891476,0.021946154167743728,0.07390250698850778,0.001380853971081094,0.02227536077705275,0.24,0.36363636363636365
0.0,0.0015456696812623028,0.0041534543195633844,0.00016825174539941945,0.0,0.24,0.36363636363636365
0.05222421378523709,0.01764124329547375,0.003305639614855571,0.0,0.0,0.24,0.36363636363636365
0.05206126772038455,0.016916397818279885,0.0010639925455916937,0.0,0.017170154805718884,0.24,0.36363636363636365
0.0,7.654745088156166e-06,0.0,0.0,0.0,0.24,0.36363636363636365
0.011650643636956167,0.004595791185619914,5.494963837245419e-05,0.0,0.0,0.24,0.36363636363636365
0.011732116669382434,0.005295317121368339,0.0,0.0,0.005374750327816141,0.24,0.36363636363636365
0.0,0.0019955331618277884,0.0,0.0,0.0,0.24,0.36363636363636365
0.0332409972299169,0.00916037456434196,0.0017182056174291165,0.0,0.0,0.24,0.36363636363636365
0.0332409972299169,0.00885771772008717,0.0016236411234858232,0.0,0.008990589256236874,0.24,0.36363636363636365
0.0,0.0002125663828326443,5.679549185783378e-07,0.0,0.0,0.24,0.36363636363636365
0.014176307642170441,0.005713972795035957,0.0,0.0,0.0,0.24,0.36363636363636365
0.014094834609744174,0.006385823883157971,0.0,0.0,0.0064816154014417935,0.24,0.36363636363636365
0.0,0.0009586096156552491,0.0,0.0,0.0,0.24,0.36363636363636365
0.023790125468469935,0.008882448434987367,9.080179260771176e-05,0.0,0.0,0.24,0.36363636363636365
0.023871598500896204,0.008598045213635103,0.00010542663176110396,0.0,0.008727021493024718,0.24,0.36363636363636365
0.0,8.302454287923226e-05,0.0,0.0,0.0,0.24,0.36363636363636365
0.0037477594916082778,0.0009079705327643699,0.0,0.0,0.0,0.24,0.36363636363636365
0.0035848134267557437,0.0010469335974416663,0.0,0.0,0.0010626382834267873,0.24,0.36363636363636365
0.0,0.0005852935859713254,0.0,0.0,0.0,0.24,0.36363636363636365
0.03413720058660583,0.011671130953257182,0.0012241558326307848,0.0013834032399507822,0.0,0.24,0.36363636363636365
0.03413720058660583,0.011602827074009019,0.0005512002484802769,5.183513368365953e-05,0.01177687703876538,0.24,0.36363636363636365
0.0,0.0010657760468894355,1.1288104006744465e-05,0.0,0.0,0.24,0.36363636363636365
0.01238390092879257,0.0061897446435921245,0.00011359098371566757,0.0,0.0,0.24,0.36363636363636365
0.012546846993645104,0.007137166554887761,0.0,0.0,0.007244228702708712,0.24,0.36363636363636365
0.0,0.0013230932471605312,0.0,0.0,0.0,0.24,0.36363636363636365
0.045869317255988265,0.026129766771693694,0.0005605005102719972,0.0001835473586175485,0.0,0.24,0.36363636363636365
0.0462766824181196,0.025156436492407376,0.00039054000088742955,0.0,0.025533799427920494,0.24,0.36363636363636365
0.016783444679810983,0.010287388571936645,4.472644983804411e-06,0.0,0.0,0.24,0.36363636363636365
0.016457552550105916,0.010338616481372766,0.0,0.0,0.010493702463671277,0.24,0.36363636363636365
0.0,0.0018783566793244746,0.0,0.0,0.0,0.24,0.36363636363636365
0.7990875020368258,0.41954126879166315,0.5523624972267827,0.5082579316252099,0.0,0.24,0.45454545454545453
0.7928140785400033,0.4285791674345946,0.40068097794737545,0.5015083174145655,0.43500813414344064,0.24,0.45454545454545453
0.0,0.0006641963430338581,0.22267212140036385,9.942148591783876e-05,0.0,0.24,0.45454545454545453
0.05825321818478084,0.03299430663613405,0.056433775569064204,0.0008472070210263697,0.0,0.24,0.45454545454545453
0.06509695290858726,0.043902907213301826,0.05687436659715135,1.529561321812904e-05,0.04456147942199171,0.24,0.45454545454545453
0.0,0.001391397126408694,0.005079575808670187,0.0,0.0,0.24,0.45454545454545453
0.047987616099071206,0.016039046265868138,0.002811092869503483,0.0,0.0,0.24,0.45454545454545453
0.048069089131497475,0.015903027333917057,0.0009163952611261481,0.0,0.01614158310393176,0.24,0.45454545454545453
0.0,2.4141888354954063e-05,0.0,0.0,0.0,0.24,0.45454545454545453
0.023056868176633535,0.011071116703654788,1.1501087101211342e-05,0.0,0.0,0.24,0.45454545454545453
0.023056868176633535,0.013221511246881427,0.0,0.0,0.013419842528720518,0.24,0.45454545454545453
0.0,0.004173602552680839,0.0,0.0,0.0,0.24,0.45454545454545453
0.032589212970506765,0.008761738993212597,0.0016606291875582377,4.758635223417924e-05,0.0,0.24,0.45454545454545453
0.0334854163271957,0.008477924598405575,0.001367777432666282,0.0,0.008605098990314333,0.24,0.45454545454545453
0.0,0.0002614389860877952,0.0,0.0,0.0,0.24,0.45454545454545453
0.020612677203845527,0.01010249703673041,2.129830944668767e-07,0.0,0.0,0.24,0.45454545454545453
0.019635000814730325,0.010346860053006165,0.0,0.0,0.010502069694249442,0.24,0.45454545454545453
0.0,0.0015521467732599733,0.0,0.0,0.0,0.24,0.45454545454545453
0.022975395144207267,0.009016112060757479,0.00021994054221946132,0.0,0.0,0.24,0.45454545454545453
0.023056868176633535,0.008553294396196651,4.5649376580733905e-05,0.0,0.00868159938417183,0.24,0.45454545454545453
0.004806908913149747,0.0012494899290051834,0.0,0.0,0.0,0.24,0.45454545454545453
0.0046439628482972135,0.0013743211565966531,0.0,0.0,0.0013949368692452878,0.24,0.45454545454545453
0.0,0.0005181673598136482,0.0,0.0,0.0,0.24,0.45454545454545453
0.0332409972299169,0.012086842494198587,0.0017358832142698674,0.000721443090121753,0.0,0.24,0.45454545454545453
0.03356688935962197,0.011851900702646717,0.0006449128100457026,9.432294817846242e-05,0.012029686934091325,0.24,0.45454545454545453
0.0,0.0010015939534579721,1.7748591205573058e-06,0.0,0.0,0.24,0.45454545454545453
0.01947205474987779,0.013074893437115974,0.0,0.0,0.0,0.24,0.45454545454545453
0.01922763565259899,0.015399580637734478,1.725163065181701e-05,0.0,0.015630584379336766,0.24,0.45454545454545453
0.0,0.0025001575111008524,0.0,0.0,0.0,0.24,0.45454545454545453
0.0448101678344468,0.02709132052007516,0.0006628743843457426,0.00010706929252690328,0.0,0.24,0.45454545454545453
0.04497311389929933,0.02610562488333874,0.0005275591249944535,0.0,0.026497226263063337,0.24,0.45454545454545453
0.029574710770734886,0.02135379466322949,0.00032188845010427296,0.0,0.0,0.24,0.45454545454545453
0.029411764705882353,0.021499234819904456,0.0006927630119359276,0.0,0.021821737347850877,0.24,0.45454545454545453
0.0,0.002982406451654691,0.00036590495629409416,0.0,0.0,0.24,0.45454545454545453
0.7971321492585954,0.42825472400816583,0.5481720548431468,0.5205955431982108,0.0,0.24,0.5454545454545454
0.7955026886100701,0.44738746494273957,0.42699667213914894,0.5062695019068532,0.4540985683668481,0.24,0.5454545454545454
0.0,0.0007690074680870733,0.11395362293117983,0.0,0.0,0.24,0.5454545454545454
0.07707348867524849,0.05992193337663171,0.05671235745662688,0.0025637147266164063,0.0,0.24,0.5454545454545454
0.07845853022649503,0.0634260401473715,0.06736939255446599,0.0,0.06437747206839135,0.24,0.5454545454545454
0.0,0.0009927615552793305,0.004273434796113059,0.0,0.0,0.24,0.5454545454545454
0.04252892292651132,0.014853149603749177,0.003000789812308648,0.0,0.0,0.24,0.5454545454545454
0.04277334202379013,0.015735800595068107,0.0007585747881261925,0.0,0.01597184785506044,0.24,0.5454545454545454
0.02395307153332247,0.014619974291833034,0.00044193992101876914,0.0,0.0,0.24,0.5454545454545454
0.0236271794036174,0.015373083443198553,0.0,0.0,0.015603689709621239,0.24,0.5454545454545454
0.0,0.004180668471223752,0.0,0.0,0.0,0.24,0.5454545454545454
0.03161153658139156,0.008674003837971423,0.0018339264320894528,0.0,0.0,0.24,0.5454545454545454
0.03161153658139156,0.008888336700439795,0.0012691662599281183,0.0,0.009021667541241481,0.24,0.5454545454545454
0.0,0.0002885250071689632,0.0,0.0,0.0,0.24,0.5454545454545454
0.0221606648199446,0.012040325197124406,0.0,0.0,0.0,0.24,0.5454545454545454
0.02207919178751833,0.012115694994915483,0.0,0.0,0.012297438312592562,0.24,0.5454545454545454
0.0,0.0013713770238704393,0.0,0.0,0.0,0.24,0.5454545454545454
0.024604855792732607,0.01042811811624967,0.00011472689355282425,0.0,0.0,0.24,0.5454545454545454
0.024686328825158872,0.009929382032429034,9.903713892709766e-05,0.0,0.010078329231398153,0.24,0.5454545454545454
0.0046439628482972135,0.002144506277774212,0.0,0.0,0.0,0.24,0.5454545454545454
0.004562489815870947,0.0022028001057532477,0.0,0.0,0.0022358435423507376,0.24,0.5454545454545454
0.0,0.0006742063943029854,0.0,0.0,0.0,0.24,0.5454545454545454
0.034870457878442236,0.01128544956612316,0.0020649420952211918,0.0005931298903474484,0.0,0.24,0.5454545454545454
0.035359296072999834,0.01178065269067234,0.0004946887340817322,0.00035689764175634426,0.01195737015552291,0.24,0.5454545454545454
0.0,0.0011364352323185692,4.117673159692949e-06,0.0,0.0,0.24,0.5454545454545454
0.02053120417141926,0.017193735121089234,0.0,0.0,0.0,0.24,0.5454545454545454
0.02028678507414046,0.01751817854751801,4.046678794870657e-06,0.0,0.017780962637924832,0.24,0.5454545454545454
0.0,0.001923107496762926,0.0,0.0,0.0,0.24,0.5454545454545454
0.045869317255988265,0.02851451427992696,0.000644983804410525,0.0002438800552001686,0.0,0.24,0.5454545454545454
0.04611373635326707,0.028115878708797597,0.0005374983360695745,0.0,0.028537635205481252,0.24,0.5454545454545454
0.030063548965292487,0.0213979566541227,2.8255757199272308e-05,0.0,0.0,0.24,0.5454545454545454
0.029900602900439954,0.021902581003395764,0.0,0.0,0.022231133986853887,0.24,0.5454545454545454
0.0,0.00307956283161975,0.0,0.0,0.0,0.24,0.5454545454545454
0.7900439954375101,0.4308702915221343,0.5374544615521143,0.4457252160080489,0.0,0.24,0.6363636363636364
0.7864591820107545,0.42167282088544206,0.3970738962594844,0.52763322479113,0.4279981878969205,0.24,0.6363636363636364
0.0,0.0007878499175348423,0.1212146425877446,4.248781449480289e-05,0.0,0.24,0.6363636363636364
0.0696594427244582,0.058028267207130925,0.051542050849713805,0.0011429222099101977,0.0,0.24,0.6363636363636364
0.07291836402150888,0.052546292070920625,0.0533643342059724,0.0,0.05333452068319633,0.24,0.6363636363636364
0.0,0.0018495041786075782,0.0047498779784354616,4.1638058204906833e-05,0.0,0.24,0.6363636363636364
0.04383249144533159,0.013830357894662464,0.0027202910768957715,0.0,0.0,0.24,0.6363636363636364
0.04383249144533159,0.014061766726942877,0.0008789812308648001,0.0,0.014272702388366202,0.24,0.6363636363636364
0.0,2.1786582173982936e-05,0.0,0.0,0.0,0.24,0.6363636363636364
0.022812449079354733,0.014658248017273815,1.3488929316235524e-06,0.0,0.0,0.24,0.6363636363636364
0.022893922111781,0.014576401127485069,9.939211075120913e-07,0.0,0.014795056640174421,0.24,0.6363636363636364
0.0,0.004410310823868438,0.0,0.0,0.0,0.24,0.6363636363636364
0.031530063548965294,0.008286555971201672,0.0017770599458667969,3.399025159584231e-05,0.0,0.24,0.6363636363636364
0.031530063548965294,0.008456138016231593,0.0009535963082930293,0.0,0.0085829855952149,0.24,0.6363636363636364
0.0,0.00023082000573517055,0.0,0.0,0.0,0.24,0.6363636363636364
0.01922763565259899,0.010469335974416663,0.0,0.0,0.0,0.24,0.6363636363636364
0.019390581717451522,0.010670125826344454,0.0,0.0,0.01083018466477886,0.24,0.6363636363636364
0.0,0.001834194688431266,0.0,0.0,0.0,0.24,0.6363636363636364
0.02501222095486394,0.009619070443086087,6.112614811199361e-05,0.0,0.0,0.24,0.6363636363636364
0.025093693987290208,0.010116040047270996,0.00013680614101255713,9.347319188856636e-06,0.010267787238060858,0.24,0.6363636363636364
0.004888381945576014,0.0018689354546005902,0.0,0.0,0.0,0.24,0.6363636363636364
0.004806908913149747,0.002109765511604888,0.0,0.0,0.00214141336868289,0.24,0.6363636363636364
0.0,0.0005876488921522965,0.0,0.0,0.0,0.24,0.6363636363636364
0.03478898484601597,0.010912722362984479,0.0015389448462528287,0.0007418372410792585,0.0,0.24,0.6363636363636364
0.035033403943294766,0.010742551491409316,0.0008794071970537338,1.6995125797921156e-06,0.010903696762001298,0.24,0.6363636363636364
0.0,0.0012971848791698487,6.389492834006301e-06,4.248781449480289e-06,0.0,0.24,0.6363636363636364
0.018087013198631253,0.01562686768419819,0.0,0.0,0.0,0.24,0.6363636363636364
0.018087013198631253,0.015549731406771388,0.0,0.0,0.015782987507724746,0.24,0.6363636363636364
0.0,0.002166881686493438,0.0,0.0,0.0,0.24,0.6363636363636364
0.04660257454782467,0.02914043689752004,0.0006257443315436837,0.00018269760232765244,0.0,0.24,0.6363636363636364
0.04660257454782467,0.030352241927629683,0.0003545458579225274,0.0,0.030807545329471657,0.24,0.6363636363636364
0.02786377708978328,0.022171674734571715,9.939211075120912e-05,0.0,0.0,0.24,0.6363636363636364
0.02794525012220955,0.02314912679967473,1.0649154723343835e-05,0.0,0.023496378782137638,0.24,0.6363636363636364
0.0,0.003455822994029888,0.0,0.0,0.0,0.24,0.6363636363636364
0.7969692031937429,0.4480010222028825,0.6290696365975951,0.48398634271690877,0.0,0.24,0.7272727272727273
0.7913475639563304,0.4335117674040934,0.43531309402316193,0.5119858124689839,0.44001472632581756,0.24,0.7272727272727273
0.0,0.0006647851695791009,0.1597436393486267,0.000308461533232269,0.0,0.24,0.7272727272727273
0.058579110314485906,0.04273114238826869,0.06358943958823268,0.0023147361336768616,0.0,0.24,0.7272727272727273
0.06411927651947205,0.0366120569301057,0.05315994142964902,0.00015040686331160223,0.03716126163493295,0.24,0.7272727272727273
0.0,0.001212982683200131,0.003952185295292186,0.0,0.0,0.24,0.7272727272727273
0.045461952093856936,0.01705300557677621,0.0024305630740559967,0.0,0.0,0.24,0.7272727272727273
0.045869317255988265,0.016476544388983525,0.0010167812929848692,0.0,0.01672370328844115,0.24,0.7272727272727273
0.0,3.297428653359579e-05,0.0,0.0,0.0,0.24,0.7272727272727273
0.0224050839172234,0.013132009612004525,1.7748591205573057e-05,0.0,0.0,0.24,0.7272727272727273
0.022242137852370867,0.010818510115745633,1.2353019479078849e-05,0.0,0.010980794815185806,0.24,0.7272727272727273
0.0,0.0036937089183079717,0.0,0.0,0.0,0.24,0.7272727272727273
0.03315952419749063,0.009650867076529197,0.0018165328127079912,0.0,0.0,0.24,0.7272727272727273
0.03356688935962197,0.009663821260524539,0.0015619470204552514,0.0,0.00980878487491588,0.24,0.7272727272727273
0.0,0.0003173775078858595,0.0,0.0,0.0,0.24,0.7272727272727273
0.018738797458041388,0.00862513123471627,1.114611527709988e-05,0.0,0.0,0.24,0.7272727272727273
0.018005540166204988,0.008320707910825753,0.0,0.0,0.00844552395000221,0.24,0.7272727272727273
0.0,0.0016940539706634839,0.0,0.0,0.0,0.24,0.7272727272727273
0.023545706371191136,0.009277551046845273,0.00011919953853662866,0.0,0.0,0.24,0.7272727272727273
0.02395307153332247,0.009342910793367222,0.0001810356302968452,0.0,0.009483060541694508,0.24,0.7272727272727273
0.0,0.00016604908575846452,0.0,0.0,0.0,0.24,0.7272727272727273
0.0037477594916082778,0.0018712907607815613,0.0,0.0,0.0,0.24,0.7272727272727273
0.00342186736190321,0.0011929625806618763,0.0,0.0,0.0012108577965256869,0.24,0.7272727272727273
0.0,0.0006182678725049211,0.0,0.0,0.0,0.24,0.7272727272727273
0.0334854163271957,0.012314718367207543,0.0016215112925411545,0.00040788301915010777,0.0,0.24,0.7272727272727273
0.03340394329476943,0.012288809999216862,0.0005215246039845588,2.9741470146362022e-05,0.012473150154734,0.24,0.7272727272727273
0.0,0.0011764754373950784,7.2414252118738076e-06,0.0,0.0,0.24,0.7272727272727273
0.01841290532833632,0.014249013568330082,0.0,0.0,0.0,0.24,0.7272727272727273
0.018575851393188854,0.011708227025607478,1.6612681368416383e-05,0.0,0.011883858058300473,0.24,0.7272727272727273
0.0,0.001671678561944258,0.0,0.0,0.0,0.24,0.7272727272727273
0.04538047906143067,0.028364952337435294,0.0006196388161689666,0.00011216783026627964,0.0,0.24,0.7272727272727273
0.0452990060290044,0.028046986003004194,0.00032103651772640544,0.0,0.028467709064220886,0.24,0.7272727272727273
0.0,8.479102251496061e-05,0.0,0.0,0.0,0.24,0.7272727272727273
0.027619357992504482,0.01957789380277726,0.0,0.0,0.0,0.24,0.7272727272727273
0.027619357992504482,0.01870819699545367,0.0,0.0,0.01898883213781546,0.24,0.7272727272727273
0.0,0.003322748194805019,1.4837822247859076e-05,0.0,0.0,0.24,0.7272727272727273
0.8096789962522405,0.4149419446467718,0.6506069130762746,0.48441207061814673,0.0,0.24,0.8181818181818182
0.8050350334039433,0.4295919490924122,0.43718677729955185,0.5773737092201956,0.4360361081859007,0.24,0.8181818181818182
0.0,0.0012212262548335299,0.14243705905843723,0.00010112099849763088,0.0,0.24,0.8181818181818182
0.037477594916082775,0.02377976002962975,0.06224253449882416,0.004572538595930687,0.0,0.24,0.8181818181818182
0.04179566563467492,0.019566117271872404,0.056963748502462615,0.00022093663537297502,0.019859621777271495,0.24,0.8181818181818182
0.0,0.0006447650670408463,0.003962905444380352,0.0,0.0,0.24,0.8181818181818182
0.04668404758025094,0.016186252902178833,0.0034277499223499134,0.0,0.0,0.24,0.8181818181818182
0.04668404758025094,0.016869880521205704,0.0014012157784975816,0.0,0.01712293971888496,0.24,0.8181818181818182
0.0,1.177653090485564e-06,0.0,0.0,0.0,0.24,0.8181818181818182
0.008065830210200424,0.004215409237393076,0.0,0.0,0.0,0.24,0.8181818181818182
0.007984357177774157,0.0028022255288103998,4.756622443093579e-06,0.0,0.0028442607372486392,0.24,0.8181818181818182
0.0,0.0011599882941282806,0.0,0.0,0.0,0.24,0.8181818181818182
0.031285644451686495,0.008396666535162071,0.0019997692683143276,0.0,0.0,0.24,0.8181818181818182
0.03136711748411276,0.008787647361203278,0.0017022318853441008,8.497562898960578e-07,0.008919467796322482,0.24,0.8181818181818182
0.0,0.0003185551609763451,0.0,0.0,0.0,0.24,0.8181818181818182
0.009858236923578295,0.004351428169344159,1.0649154723343835e-05,0.0,0.0,0.24,0.8181818181818182
0.009939709956004562,0.003671333509588746,0.0,0.0,0.0037264059039178957,0.24,0.8181818181818182
0.0,0.0007254343037391075,0.0,0.0,0.0,0.24,0.8181818181818182
0.024278963663027536,0.008757617207395896,0.0001187735723476949,0.0,0.0,0.24,0.8181818181818182
0.02419749063060127,0.009094425991274769,0.00013552824244575588,0.0,0.009230848305695575,0.24,0.8181818181818182
0.0,0.00015015076903690942,0.0,0.0,0.0,0.24,0.8181818181818182
0.001710933680951605,0.00022728704646371385,0.0,0.0,0.0,0.24,0.8181818181818182
0.0017924067133778718,5.0050256345636474e-05,0.0,0.0,5.080104279599377e-05,0.24,0.8181818181818182
0.0,0.0002031451581087598,0.0,0.0,0.0,0.24,0.8181818181818182
0.03430014665145837,0.011284271913032674,0.0013141766872254515,0.0008803475163323158,0.0,0.24,0.8181818181818182
0.03438161968388463,0.011230688697415581,0.0007747615033056751,3.738927675542654e-05,0.01139915634409399,0.24,0.8181818181818182
0.0,0.001161754773764009,1.4198872964458447e-06,0.0,0.0,0.24,0.8181818181818182
0.007576992015642822,0.0051222021170669605,0.0,0.0,0.0,0.24,0.8181818181818182
0.007414045950790289,0.003882133412785662,1.6612681368416383e-05,0.0,0.003940367942988082,0.24,0.8181818181818182
0.0,0.00030383449734527554,2.3712117850645607e-05,0.0,0.0,0.24,0.8181818181818182
0.046765520612677206,0.02585831773433677,0.0005401961219328215,9.092392301887819e-05,0.0,0.24,0.8181818181818182
0.046765520612677206,0.02704774735572719,0.00035837955362293117,0.0,0.027453481186282044,0.24,0.8181818181818182
0.009939709956004562,0.006648440522336252,0.00034148289479522565,0.0,0.0,0.24,0.8181818181818182
0.009939709956004562,0.00521523671121532,4.2951590717486796e-05,0.0,0.005293468659342551,0.24,0.8181818181818182
0.0,0.001212982683200131,0.0,0.0,0.0,0.24,0.8181818181818182
0.7547661723969367,0.3690028752400204,0.6432113590983716,0.426218210617195,0.0,0.24,0.9090909090909091
0.7507739938080495,0.3598183587873235,0.4286579402759906,0.59875782625543,0.36521586857232335,0.24,0.9090909090909091
0.0,0.0007012924153841534,0.167621671029862,8.497562898960578e-07,0.0,0.24,0.9090909090909091
0.020449731138992993,0.007023523031655904,0.0706942716421884,0.0006492138054805882,0.0,0.24,0.9090909090909091
0.024278963663027536,0.005211703751943864,0.06477362559346851,0.0,0.005289882703380481,0.24,0.9090909090909091
0.0,0.0002626166391782808,0.003384656342902782,0.00014955710702170617,0.0,0.24,0.9090909090909091
0.045461952093856936,0.014863159655018304,0.0037156320717043087,0.0,0.0,0.24,0.9090909090909091
0.04521753299657813,0.014708298273619452,0.0007099436482229223,0.0,0.01492893232942504,0.24,0.9090909090909091
0.004562489815870947,0.0016086741216032804,4.721125260682433e-05,0.0,0.0,0.24,0.9090909090909091
0.0046439628482972135,0.001625750091415321,0.0,0.0,0.00165013740187928,0.24,0.9090909090909091
0.0,0.0005658623099783135,0.0,0.0,0.0,0.24,0.9090909090909091
0.03356688935962197,0.008267713521753902,0.001924799219061987,6.373172174220434e-05,0.0,0.24,0.9090909090909091
0.03136711748411276,0.008003919229485136,0.0016689355282424457,0.0,0.008123983232069922,0.24,0.9090909090909091
0.0,0.0003415193962408136,0.0,0.0,0.0,0.24,0.9090909090909091
0.004399543751018413,0.001258911153729068,5.11159426720504e-06,0.0,0.0,0.24,0.9090909090909091
0.006599315626527619,0.0007748957335395011,0.0,0.0,0.0007865196743473859,0.24,0.9090909090909091
0.0,7.065918542913384e-05,0.0,0.0,0.0,0.24,0.9090909090909091
0.021671826625386997,0.007805484683738318,0.00010379376137019125,0.0,0.0,0.24,0.9090909090909091
0.021671826625386997,0.00792207233969639,0.00010798242889470648,0.0,0.008040908585615297,0.24,0.9090909090909091
0.0004888381945576015,2.885250071689632e-05,0.0,0.0,0.0,0.24,0.9090909090909091
0.00040736516213133454,7.0659185429133845e-06,0.0,0.0,7.171911924140297e-06,0.24,0.9090909090909091
0.0322633208408017,0.009874032337176212,0.0015209832719527887,0.0037372281629628624,0.0,0.24,0.9090909090909091
0.0322633208408017,0.009772165344849211,0.0007237875493632693,1.2746344348440868e-05,0.00991875419108603,0.24,0.9090909090909091
0.0,0.0010286799745391401,2.1156320717043084e-05,0.0,0.0,0.24,0.9090909090909091
0.0038292325240345446,0.002028507448361384,3.904690065226073e-06,0.0,0.0,0.24,0.9090909090909091
0.003910705556460812,0.0019136862720390416,0.0008322669388117318,0.0,0.001942392812787997,0.24,0.9090909090909091
0.0,0.00040982327548897627,0.0,0.0,0.0,0.24,0.9090909090909091
0.0465211015153984,0.026367063869426537,0.0006558459422283357,0.00018694638377713272,0.0,0.24,0.9090909090909091
0.04635815545054587,0.025156436492407376,0.0005901761547677153,0.0,0.025533799427920494,0.24,0.9090909090909091
0.0,2.885250071689632e-05,0.0,0.0,0.0,0.24,0.9090909090909091
0.0037477594916082778,0.002198089493391305,0.0,0.0,0.0,0.24,0.9090909090909091
0.003910705556460812,0.001569811569617257,0.0,0.0,0.0015933597658131693,0.24,0.9090909090909091
0.0,0.0005116902678159776,0.0,0.0,0.0,0.24,0.9090909090909091
0.7204660257454782,0.3541302943602782,0.5812889381905312,0.3700000339902516,0.0,0.24,1.0
0.7147629134756396,0.35857357947068025,0.3997885787815592,0.7503433015411181,0.36395241675502066,0.24,1.0
0.0,0.0005340656765352033,0.14306315836180503,6.798050319168462e-05,0.0,0.24,1.0
0.026641681603389276,0.009341144313731493,0.04978060966410791,0.0003781415490037457,0.0,0.24,1.0
0.029900602900439954,0.009209835994142353,0.056122110307494345,0.0,0.009347989533789866,0.24,1.0
0.0,0.00020196750501827424,0.0026500776500865244,0.0,0.0,0.24,1.0
0.039595893759165716,0.013894539988093927,0.003180334560944225,0.0,0.0,0.24,1.0
0.03975883982401825,0.012929453280441008,0.0007257753915782935,0.0,0.01312340350252272,0.24,1.0
0.0038292325240345446,0.001542725548536089,9.271864045791365e-05,0.0,0.0,0.24,1.0
0.003992178588887079,0.0016145623870557084,0.00017173536850512491,0.0,0.0016387818746660579,0.24,1.0
0.0,0.000532299196899475,0.0,0.0,0.0,0.24,1.0
0.03185595567867036,0.012288809999216862,0.001525455916936593,0.0,0.0,0.24,1.0
0.03201890174352289,0.009785119528844552,0.0012656165416870036,0.0,0.009931902696280288,0.24,1.0
0.0,0.0002131552093778871,0.0,0.0,0.0,0.24,1.0
0.009858236923578295,0.007979777341130182,0.0,0.0,0.0,0.24,1.0
0.009532344793873227,0.004205399186123949,0.0,0.0,0.0042684829135175,0.24,1.0
0.02321981424148607,0.010475224239869092,0.00017315525580157074,0.0,0.0,0.24,1.0
0.023301287273912334,0.00904202042874816,0.000141633757820473,0.0,0.009177656625591533,0.24,1.0
0.0007332572918364021,1.2365357450098422e-05,0.0,0.0,0.0,0.24,1.0
0.0008147303242626691,1.177653090485564e-05,0.0,0.0,1.1953186540233829e-05,0.24,1.0
0.029085872576177285,0.008482046384222276,0.001626977858632471,0.005160569948538759,0.0,0.24,1.0
0.028841453478898483,0.007640613251070339,0.0005270621644406975,1.6995125797921156e-06,0.007755227427303708,0.24,1.0
0.0,0.0008685191542331035,1.4198872964458447e-06,0.0,0.0,0.24,1.0
0.003503340394329477,0.0015733445288887136,2.484802768780228e-05,0.0,0.0,0.24,1.0
0.0038292325240345446,0.0016675567761275586,0.0,0.0,0.0016925712140971102,0.24,1.0
0.0,0.0002696825577211942,0.0,0.0,0.0,0.24,1.0
0.057682906957796966,0.03920053842299297,0.000636748458091139,2.379317611708962e-05,0.0,0.24,1.0
0.0578458530226495,0.03287713015363073,0.0003626392155122687,0.0,0.03337030852369779,0.24,1.0
0.0,0.00010893291086991467,0.0,0.0,0.0,0.24,1.0
0.015642822225843248,0.014821352970306066,0.00023002174202422682,0.0,0.0,0.24,1.0
0.015479876160990712,0.009291094057385858,0.0003904690065226073,0.0,0.00943046652091748,0.24,1.0
0.0,0.0004740053689204395,0.0,0.0,0.0,0.24,1.0
0.7383086198468307,0.3247602151101135,0.5250618272174646,0.4642176123887669,0.0,0.28,0.0
0.7381456737819782,0.3356876581367291,0.3461643342059724,0.5323238795113562,0.3407231916920572,0.28,0.0
0.0,0.0006895158844792978,0.12942258508230908,0.000602477209536305,0.0,0.28,0.0
0.023545706371191136,0.006503589192206527,0.04943770688201624,0.00021498834134370262,0.0,0.28,0.0
0.025908424311552877,0.006756784606660924,0.051562852198606735,0.0,0.006858140777459159,0.28,0.0
0.0,0.001245368143188484,0.007479611305852598,0.0,0.0,0.28,0.0
0.04301776112106893,0.012357702705010265,0.0031732351244619958,0.0,0.0,0.28,0.0
0.04236597686165879,0.013512391560231362,0.0007878954607977992,0.0,0.013715086236264294,0.28,0.0
0.0,4.710612361942256e-06,0.0,0.0,0.0,0.28,0.0
0.0032589212970506763,0.001542725548536089,9.23636686338022e-05,0.0,0.0,0.28,0.0
0.003666286459182011,0.0015374261096289038,1.2778985668012601e-05,0.0,0.0015604885028275262,0.28,0.0
0.0,0.0002973574053476049,0.0,0.0,0.0,0.28,0.0
0.03829232524034545,0.013872753405919945,0.001297067045303279,0.0,0.0,0.28,0.0
0.03918852859703438,0.015365428698110396,0.0014377778763810622,0.0,0.015595920138370087,0.28,0.0
0.0,0.0002361194446423556,0.0,0.0,0.0,0.28,0.0
0.020694150236271795,0.016294008159958264,3.1947464170031503e-05,0.0,0.0,0.28,0.0
0.019879419912009123,0.015248841042152326,5.324577361671917e-05,0.0,0.015477583591621772,0.28,0.0
0.025338113084569007,0.00999003116658904,0.00012466610462794514,0.0,0.0,0.28,0.0
0.025256640052142742,0.011088192673466828,0.00017123840795136886,0.0,0.01125452278695716,0.28,0.0
0.0008962033566889359,4.7694950164665346e-05,0.0,0.0,0.0,0.28,0.0
0.0008147303242626691,3.768489889553805e-05,0.0,0.0,3.825019692874825e-05,0.28,0.0
0.03104122535440769,0.008523853068934512,0.0021977015574388783,0.004810470357101583,0.0,0.28,0.0
0.03055238715985009,0.008700501032507347,0.000720805786040733,5.608391513313982e-05,0.008831014215924752,0.28,0.0
0.0,0.0010763749247038054,6.744464658117762e-06,0.0,0.0,0.28,0.0
0.003340394329476943,0.001747637186280577,0.0,0.0,0.0,0.28,0.0
0.0035848134267557437,0.0018200628513454391,0.0,9.347319188856636e-05,0.0018473649797931381,0.28,0.0
0.0,0.0002632054657235236,0.0,0.0,0.0,0.28,0.0
0.06501547987616099,0.03562577246682404,0.0006941119048675512,0.00014360881299243378,0.0,0.28,0.0
0.06403780348704578,0.03996424645217286,0.0004811998047654967,0.0,0.040563736183610505,0.28,0.0
0.0,5.24055625266076e-05,0.0,0.0,0.0,0.28,0.0
0.033892781489327034,0.027842074365259706,0.0,0.0,0.0,0.28,0.0
0.034870457878442236,0.028045808349913708,2.5273993876736034e-05,0.0,0.02846651374556686,0.28,0.0
0.0,0.0005717505754307414,0.0,0.0,0.0,0.28,0.0
0.6952093856933355,0.32655142546074206,0.5385533833251985,0.42474558296680515,0.0,0.28,0.09090909090909091
0.6926837216881212,0.32710080062745356,0.35809983582553134,0.46213825874739123,0.33200752572624576,0.28,0.09090909090909091
0.0,0.0004198333267581036,0.10740993033677952,3.993854562511472e-05,0.0,0.28,0.09090909090909091
0.02053120417141926,0.005245266865022702,0.04521482007365665,0.0006271201419432907,0.0,0.28,0.09090909090909091
0.023382760306338603,0.005696896825223916,0.058126636198251765,0.00028636786969497147,0.005782353988838114,0.28,0.09090909090909091
0.0,0.0005953036372404526,0.004115046368194524,0.0,0.0,0.28,0.09090909090909091
0.04277334202379013,0.01333868772938474,0.0031305675112037984,0.0,0.0,0.28,0.09090909090909091
0.04277334202379013,0.013547132326400686,0.0007592847317744154,0.0,0.013750348136557984,0.28,0.09090909090909091
0.003666286459182011,0.001893666169500787,8.604517016461819e-05,0.0,0.0,0.28,0.09090909090909091
0.003666286459182011,0.0020332180607233264,0.0,0.0,0.0020637176561713703,0.28,0.09090909090909091
0.0,0.0003120780689786745,0.0,0.0,0.0,0.28,0.09090909090909091
0.03796643311064038,0.015415478954456033,0.0012901095975506945,0.0,0.0,0.28,0.09090909090909091
0.03845527130519798,0.015343053289391171,0.0014558104450459245,0.0,0.015573209083943643,0.28,0.09090909090909091
0.0,0.0002649719453592519,0.0,0.0,0.0,0.28,0.09090909090909091
0.018575851393188854,0.017015909504425913,0.0,0.0,0.0,0.28,0.09090909090909091
0.018005540166204988,0.016666146536551702,0.0,0.0,0.016916149591738913,0.28,0.09090909090909091
0.02501222095486394,0.011075238489471487,8.221147446421441e-05,0.0,0.0,0.28,0.09090909090909091
0.02501222095486394,0.010649516897260956,0.000160092292674269,0.0,0.010809266588333451,0.28,0.09090909090909091
0.0008147303242626691,0.00010952173741515746,0.0,0.0,0.0,0.28,0.09090909090909091
0.0008962033566889359,0.00012012061522952753,0.0,0.0,0.00012192250271038505,0.28,0.09090909090909091
0.03104122535440769,0.009107969001815352,0.0015956693437458402,0.005016961135546325,0.0,0.28,0.09090909090909091
0.031122698386833958,0.008938975783330673,0.0009315880551981187,2.2943419827193562e-05,0.009073066243364488,0.28,0.09090909090909091
0.0,0.0009880509429173881,1.8316546124151397e-05,0.0,0.0,0.28,0.09090909090909091
0.002688610070066808,0.001744693053554363,1.7748591205573058e-06,0.0,0.0,0.28,0.09090909090909091
0.002770083102493075,0.001842438260064665,0.0,0.0,0.0018700760342195825,0.28,0.09090909090909091
0.0,6.477091997670603e-05,0.0,0.0,0.0,0.28,0.09090909090909091
0.06167508554668405,0.040124407272478894,0.000668340950437059,8.497562898960578e-07,0.0,0.28,0.09090909090909091
0.061430666449405244,0.039991332473254024,0.0005453787105648489,0.0,0.040591228512653045,0.28,0.09090909090909091
0.0,7.065918542913384e-05,0.0,0.0,0.0,0.28,0.09090909090909091
0.02900439954375102,0.028621091884615906,0.0,0.0,0.0,0.28,0.09090909090909091
0.02924881864102982,0.02831019146872772,0.0,0.0,0.028734862783395113,0.28,0.09090909090909091
0.0,0.0006453538935860891,0.0,0.0,0.0,0.28,0.09090909090909091
0.7987616099071208,0.4085596537228853,0.6571080090517815,0.42406917696004787,0.0,0.28,0.18181818181818182
0.794280593123676,0.40667540877810837,0.4485044859564272,0.5222168781993324,0.41277580483793275,0.28,0.18181818181818182
0.0,0.0006936376702959972,0.14854733105559748,4.1638058204906833e-05,0.0,0.28,0.18181818181818182
0.022568029982075934,0.006940498488776672,0.053769854017837335,0.0003951366748016669,0.0,0.28,0.18181818181818182
0.02607137037640541,0.008082233160002426,0.05532910325242934,0.0,0.008203471922562476,0.28,0.18181818181818182
0.0,0.00038391490749829386,0.0007461507742822914,0.0,0.0,0.28,0.18181818181818182
0.048069089131497475,0.01625985622033418,0.0027971069796334917,0.0,0.0,0.28,0.18181818181818182
0.048232035196350005,0.01620215121890039,0.0010953010604783245,0.0,0.0164451940420537,0.28,0.18181818181818182
0.0,3.827372544078083e-05,0.0,0.0,0.0,0.28,0.18181818181818182
0.005377220140133616,0.003044822065450426,0.0,0.0,0.0,0.28,0.18181818181818182
0.005377220140133616,0.003159643241772768,0.0,0.0,0.003207039948744736,0.28,0.18181818181818182
0.0,0.0004769495016466534,0.0,0.0,0.0,0.28,0.18181818181818182
0.03902558253218185,0.014990935015335988,0.0014723521320495186,0.0,0.0,0.28,0.18181818181818182
0.03902558253218185,0.015790561463775686,0.0021579447131383944,0.0,0.016027430172472528,0.28,0.18181818181818182
0.0,0.00026202781263303797,0.0,0.0,0.0,0.28,0.18181818181818182
0.019797946879582858,0.015138730478191925,0.0,0.0,0.0,0.28,0.18181818181818182
0.019635000814730325,0.017527599772241893,0.0,0.0,0.017790525187157017,0.28,0.18181818181818182
0.0,0.00010010051269127295,0.0,0.0,0.0,0.28,0.18181818181818182
0.027700831024930747,0.011751800189955443,5.360074544083063e-05,0.0,0.0,0.28,0.18181818181818182
0.027537884960078213,0.012324139591931427,0.00011018325420419754,0.0,0.012509009714354702,0.28,0.18181818181818182
0.001955352778230406,0.0003203216406120734,0.0,0.0,0.0,0.28,0.18181818181818182
0.0021182988430829396,0.0004004020507650918,0.0,0.0,0.00040640834236795015,0.28,0.18181818181818182
0.0,9.009046142214565e-05,0.0,0.0,0.0,0.28,0.18181818181818182
0.035114876975721035,0.010232038876683823,0.001170484092825132,0.005146973847900422,0.0,0.28,0.18181818181818182
0.03478898484601597,0.010667181693618239,0.0006720326574078182,9.092392301887819e-05,0.010827196368143801,0.28,0.18181818181818182
0.0,0.001193551407207119,3.1237520521808582e-06,0.0,0.0,0.28,0.18181818181818182
0.005132801042854815,0.002950020991666338,7.809380130452146e-06,0.0,0.0,0.28,0.18181818181818182
0.00554016620498615,0.0033127381435358915,0.0,0.0,0.0033624313737677758,0.28,0.18181818181818182
0.0,0.00040687914276276235,0.0,0.0,0.0,0.28,0.18181818181818182
0.06583021020042366,0.04135682123167204,0.0005397701557438878,0.0,0.0,0.28,0.18181818181818182
0.0657487371679974,0.04284949652386249,0.0004928428805963526,0.0,0.043492266885967794,0.28,0.18181818181818182
0.024116017598175003,0.019445996656642876,0.0,0.0,0.0,0.28,0.18181818181818182
0.024116017598175003,0.02462590377514363,3.904690065226073e-06,0.0,0.02499530837428296,0.28,0.18181818181818182
0.0,0.0005582075648901573,0.0,0.0,0.0,0.28,0.18181818181818182
0.8065830210200423,0.4388206275360023,0.6369309136087323,0.4461271507331697,0.0,0.28,0.2727272727272727
0.8035685188202705,0.43123595280673005,0.388843945511825,0.40462760280351595,0.4377047730269174,0.28,0.2727272727272727
0.0,0.0007289672630105641,0.1131704130984603,0.00018099808974786032,0.0,0.28,0.2727272727272727
0.027293465862799415,0.0134276005377164,0.053672449749301146,0.0008480567773162657,0.0,0.28,0.2727272727272727
0.031122698386833958,0.014664136282726243,0.05542728845897857,0.0006611103935391329,0.014884107879899163,0.28,0.2727272727272727
0.0,0.00046281766456082664,0.003156764431823224,0.0,0.0,0.28,0.2727272727272727
0.04538047906143067,0.016147979176738055,0.0019427607933620269,0.0,0.0,0.28,0.2727272727272727
0.04521753299657813,0.016031980347325225,0.0006126103740515597,0.0,0.01627247049654732,0.28,0.2727272727272727
0.0,1.2954183995341204e-05,0.0,0.0,0.0,0.28,0.2727272727272727
0.006925207756232687,0.003797342390270701,0.0,0.0,0.0,0.28,0.2727272727272727
0.006925207756232687,0.004171836073045111,0.0,0.0,0.004234416331877834,0.28,0.2727272727272727
0.0,0.0010151369639985561,0.0,0.0,0.0,0.28,0.2727272727272727
0.03055238715985009,0.008621009448899571,0.0014106580290189467,1.2746344348440868e-05,0.0,0.28,0.2727272727272727
0.030633860192276357,0.00961141569799793,0.001034671872920087,0.0,0.009755593194811838,0.28,0.2727272727272727
0.0,0.00019077980065866138,0.0,0.0,0.0,0.28,0.2727272727272727
0.008554668404758025,0.0032662208464617117,0.0,0.0,0.0,0.28,0.2727272727272727
0.008310249307479225,0.006250393777752131,0.0,0.0,0.0063441537562291045,0.28,0.2727272727272727
0.0,0.00011246587014137137,0.0,0.0,0.0,0.28,0.2727272727272727
0.025664005214274074,0.009332900742098095,5.608554820961086e-05,0.0,0.0,0.28,0.2727272727272727
0.025664005214274074,0.009511315185306658,0.00019104583573678838,0.0,0.00965399110921985,0.28,0.2727272727272727
0.0012220954863940035,0.00021845464828507211,0.0,0.0,0.0,0.28,0.2727272727272727
0.0012220954863940035,0.00018489153520623354,0.0,0.0,0.0001876650286816711,0.28,0.2727272727272727
0.0,4.2984337802723084e-05,0.0,0.0,0.0,0.28,0.2727272727272727
0.0347075118135897,0.01093392011861322,0.0009037582641877801,0.003913977471261243,0.0,0.28,0.2727272727272727
0.03462603878116344,0.010830875473195733,0.0007125704397213472,3.6539520465530486e-05,0.010993345661053052,0.28,0.2727272727272727
0.0,0.0009332900742098094,1.7748591205573058e-06,3.399025159584231e-05,0.0,0.28,0.2727272727272727
0.008636141437184292,0.005201693700674736,3.904690065226073e-06,0.0,0.0,0.28,0.2727272727272727
0.008473195372331759,0.0061638362756014425,1.1359098371566758e-05,0.00013596100638336924,0.006256297835158386,0.28,0.2727272727272727
0.0,0.0009586096156552491,0.0,0.0,0.0,0.28,0.2727272727272727
0.05246863288251589,0.029169289398236934,0.0004425078759373475,0.0,0.0,0.28,0.2727272727272727
0.05263157894736842,0.03215993942152503,0.000552691130141545,0.0,0.03264235946339755,0.28,0.2727272727272727
0.007821411112921624,0.0042719365857363835,0.0,0.0,0.0,0.28,0.2727272727272727
0.007739938080495356,0.005998964842933463,0.0,0.0,0.006088953223595112,0.28,0.2727272727272727
0.0,0.0005464310339853017,0.0,0.0,0.0,0.28,0.2727272727272727
0.8646732931399707,0.45934241029080375,0.6365869459111683,0.43600910258937736,0.0,0.28,0.36363636363636365
0.8602737493889523,0.4609387190549569,0.38495998580112706,0.41486121780273416,0.46785310011869513,0.28,0.36363636363636365
0.0,0.0005399539419876312,0.14091316501752674,0.0001206653931652402,0.0,0.28,0.36363636363636365
0.036418445494541304,0.017122487109114858,0.05104942095221192,0.0008990421547100291,0.0,0.28,0.36363636363636365
0.040899462277985986,0.018536259644242777,0.0556066912188845,0.00016995125797921156,0.018814315614328045,0.28,0.36363636363636365
0.0,0.0005817606266998686,0.0008253094910591472,0.0,0.0,0.28,0.36363636363636365
0.05035033403943295,0.018156466522561185,0.0015016018103563029,0.0,0.0,0.28,0.36363636363636365
0.050187387974580416,0.01790798172046873,0.0004971025424856902,0.0,0.01817661311240657,0.28,0.36363636363636365
0.0,1.177653090485564e-06,0.0,0.0,0.0,0.28,0.36363636363636365
0.011650643636956167,0.005415437736597866,1.7322625016639306e-05,0.0,0.0,0.28,0.36363636363636365
0.011650643636956167,0.006276890972288056,1.9878422150241826e-06,0.0,0.00637104842594463,0.28,0.36363636363636365
0.0,0.0011947290602976046,0.0,0.0,0.0,0.28,0.36363636363636365
0.031448590516539025,0.0079497471873228,0.0017663397967786307,1.6995125797921155e-05,0.0,0.28,0.36363636363636365
0.03161153658139156,0.007847291368450556,0.001133070062563784,0.0,0.007965005851084811,0.28,0.36363636363636365
0.0,0.00023199765882565612,0.0,0.0,0.0,0.28,0.36363636363636365
0.012220954863940035,0.0051475216585124,2.2008253094910593e-06,0.0,0.0,0.28,0.36363636363636365
0.011976535766661234,0.006026050864014631,0.0,0.0,0.00611644555263765,0.28,0.36363636363636365
0.0,0.0006318108830455051,0.0,0.0,0.0,0.28,0.36363636363636365
0.027049046765520612,0.010918021801891664,0.00010130895860141102,0.0,0.0,0.28,0.36363636363636365
0.02713051979794688,0.010143714894897406,8.746505746106403e-05,0.0,0.010295877226430408,0.28,0.36363636363636365
0.0028515561349193416,0.000518756186358891,0.0,0.0,0.0,0.28,0.36363636363636365
0.002770083102493075,0.0007377996611892058,0.0,0.0,0.0007488671367456494,0.28,0.36363636363636365
0.0,0.00032503225297401565,0.0,0.0,0.0,0.28,0.36363636363636365
0.035033403943294766,0.011373773547909577,0.0009784443359808315,0.0036811442478297224,0.0,0.28,0.36363636363636365
0.035196350008147304,0.011042264202937892,0.0006508053423259529,1.189658805854481e-05,0.01120790535945025,0.28,0.36363636363636365
0.0,0.0009774520651030182,0.0,0.0,0.0,0.28,0.36363636363636365
0.012058008799087501,0.007161897269787958,0.0,0.0,0.0,0.28,0.36363636363636365
0.012139481831513768,0.008359570462811777,0.018141545014864445,9.347319188856636e-05,0.008484969465584982,0.28,0.36363636363636365
0.0,0.0005311215438089893,0.0,0.0,0.0,0.28,0.36363636363636365
0.0443213296398892,0.0241836950396663,0.000479566934374584,0.0,0.0,0.28,0.36363636363636365
0.044484275704741734,0.023147360320039004,0.0004706926387717975,0.0,0.0234945858041566,0.28,0.36363636363636365
0.017842594101352454,0.011138831756357707,0.0,0.0,0.0,0.28,0.36363636363636365
0.017679648036499917,0.012837596339383134,0.0,0.0,0.013030168647508895,0.28,0.36363636363636365
0.0,0.0016133847339652226,0.0,0.0,0.0,0.28,0.36363636363636365
0.85530389441095,0.4667080415452457,0.6291355193681502,0.41282775100101293,0.0,0.28,0.45454545454545453
0.8508228776275053,0.4814080962472318,0.44403134401206906,0.4237139788308713,0.4886295313036026,0.28,0.45454545454545453
0.0,0.0007036477215651246,0.14247021342680924,0.0005795337897091114,0.0,0.28,0.45454545454545453
0.0455434251262832,0.02593192105249212,0.04589210631406132,0.0003687942298148891,0.0,0.28,0.45454545454545453
0.04994296887730161,0.03412426477645494,0.043338297022673826,0.0,0.03463615097830855,0.28,0.45454545454545453
0.0,0.0011988508461143043,0.0004082175977281803,0.0,0.0,0.28,0.45454545454545453
0.05214274075281082,0.01719432394763448,0.001714442916093535,0.0,0.0,0.28,0.45454545454545453
0.05238715985008962,0.017007665932792515,0.00033140169499046014,0.0,0.017262792001405694,0.28,0.45454545454545453
0.0,0.00034387470242178467,0.0,0.0,0.0,0.28,0.45454545454545453
0.021101515398403128,0.009705627945236776,1.3488929316235524e-05,0.0,0.0,0.28,0.45454545454545453
0.021182988430829396,0.01144207742715774,0.0,0.0,0.011613716042491187,0.28,0.45454545454545453
0.0,0.003595374885252427,0.0,0.00021243907247401445,0.0,0.28,0.45454545454545453
0.031204171419260227,0.008496178221308102,0.001712952034432267,0.0,0.0,0.28,0.45454545454545453
0.031693009613817824,0.00827360178720633,0.0010159293606070018,0.0,0.008397711203841276,0.28,0.45454545454545453
0.0,0.0001872468413872047,0.0,0.0,0.0,0.28,0.45454545454545453
0.020205312041714194,0.010349215359187137,0.0,0.0,0.0,0.28,0.45454545454545453
0.01922763565259899,0.010209074641419355,0.0,0.0,0.010362217411728705,0.28,0.45454545454545453
0.0,0.0015056294761857936,0.0,0.0,0.0,0.28,0.45454545454545453
0.026723154635815545,0.011081126754923915,2.7900785375160848e-05,0.0,0.0,0.28,0.45454545454545453
0.026723154635815545,0.01031388576647257,0.00016570084749523007,0.0,0.010468600771936787,0.28,0.45454545454545453
0.005947531367117484,0.0018406717804289366,0.0,0.0,0.0,0.28,0.45454545454545453
0.005866058334691217,0.0019507823443893368,0.0,0.0,0.0019800453503897334,0.28,0.45454545454545453
0.0,0.000734855528462992,0.0,0.0,0.0,0.28,0.45454545454545453
0.038781163434903045,0.012198130711249472,0.0010708080046146337,0.004315912196382078,0.0,0.28,0.45454545454545453
0.03845527130519798,0.01188251968299934,0.0005100945112481697,5.098537739376347e-06,0.012060765219095933,0.28,0.45454545454545453
0.0,0.0012512564086409118,4.472644983804411e-06,0.0,0.0,0.28,0.45454545454545453
0.019390581717451522,0.012055634687300719,0.0,2.1243907247401445e-05,0.0,0.28,0.45454545454545453
0.019635000814730325,0.013208557062886086,0.004960092292674269,0.0002294341982719356,0.013406694023526261,0.28,0.45454545454545453
0.0,0.002245195617010728,0.0,0.0,0.0,0.28,0.45454545454545453
0.04872087339090761,0.025936631664854062,0.0005022141367528952,0.0,0.0,0.28,0.45454545454545453
0.049128238553038946,0.025135238736778635,0.0007687269822957803,0.0,0.02551228369214807,0.28,0.45454545454545453
0.030145021997718756,0.022968357050285198,0.0,0.0,0.0,0.28,0.45454545454545453
0.02973765683558742,0.02192260110593402,8.67551138128411e-05,0.0,0.022251454403972283,0.28,0.45454545454545453
0.0,0.003177308038130052,0.0,0.0,0.0,0.28,0.45454545454545453
0.8861007006680789,0.493486695169797,0.58158704352842,0.4170348943922883,0.0,0.28,0.5454545454545454
0.8839824018249959,0.5176680349032823,0.42806769312685805,0.41293567004982973,0.5254333926609825,0.28,0.5454545454545454
0.0,0.001572166875798228,0.14773423259528776,0.0007775270052548928,0.0,0.28,0.5454545454545454
0.05075769920156428,0.038895526272557206,0.04704327993965479,0.002390364443477611,0.0,0.28,0.5454545454545454
0.052957471077073485,0.03864586381737427,0.054110201002795406,0.0003059122643625808,0.03922557695043133,0.28,0.5454545454545454
0.0,0.0011052274254207018,0.0017852242978213604,0.0,0.0,0.28,0.5454545454545454
0.05344630927163109,0.01723024236689429,0.0017911168301016106,0.0,0.0,0.28,0.5454545454545454
0.05344630927163109,0.018345479843584117,0.0002311576518613835,0.0,0.01862067399237626,0.28,0.5454545454545454
0.021427407528108195,0.013058406293849177,3.407729511470027e-06,0.0,0.0,0.28,0.5454545454545454
0.02126446146325566,0.013497082070055049,0.0,0.0,0.01369954709376199,0.28,0.5454545454545454
0.0,0.0026626736375878605,0.0,0.0,0.0,0.28,0.5454545454545454
0.030633860192276357,0.007936204176782216,0.001739219949416515,0.0,0.0,0.28,0.5454545454545454
0.030470914127423823,0.008183511325784185,0.0011832630784931446,0.0,0.008306269326808488,0.28,0.5454545454545454
0.0,0.00021138872974215875,0.0,0.0,0.0,0.28,0.5454545454545454
0.01841290532833632,0.01032448464428694,0.0,0.0,0.0,0.28,0.5454545454545454
0.01898321655532019,0.010202008722876441,0.0,0.0,0.010355045499804566,0.28,0.5454545454545454
0.0,0.0015680450899815284,0.0,0.0,0.0,0.28,0.5454545454545454
0.027700831024930747,0.012653293630722142,5.963526645072547e-05,0.0,0.0,0.28,0.5454545454545454
0.027700831024930747,0.01188016437681837,0.00011593379775480322,0.0,0.012058374581787885,0.28,0.5454545454545454
0.0,6.0649134160006545e-05,0.0,0.0,0.0,0.28,0.5454545454545454
0.005947531367117484,0.0021138872974215874,0.0,0.0,0.0,0.28,0.5454545454545454
0.0061104774319700175,0.0020956336745190612,0.0,0.0,0.00212706954483461,0.28,0.5454545454545454
0.0,0.0007796063459014434,0.0,0.0,0.0,0.28,0.5454545454545454
0.04415838357503666,0.012320017806114728,0.0008577539157829348,0.0041918477780572535,0.0,0.28,0.5454545454545454
0.04399543751018413,0.012696277968524865,0.0008401473133070063,4.928586481397135e-05,0.01288673040902609,0.28,0.5454545454545454
0.0,0.0011034609457849735,0.0,0.0,0.0,0.28,0.5454545454545454
0.019390581717451522,0.013928691927718008,0.004637209921462484,0.0,0.0,0.28,0.5454545454545454
0.019553527782304056,0.014750693784876933,0.012183342947153569,0.00013596100638336924,0.014971963800969882,0.28,0.5454545454545454
0.0,0.00171230759356601,0.0,0.0,0.0,0.28,0.5454545454545454
0.05124653739612189,0.02813530998479061,0.0007070328792652083,0.0,0.0,0.28,0.5454545454545454
0.05108359133126935,0.027905667632145924,0.0004901450947331056,0.0,0.02832427082573808,0.28,0.5454545454545454
0.0,2.7086021081167974e-05,0.0,0.0,0.0,0.28,0.5454545454545454
0.02550105914942154,0.019960042230639824,0.0,0.0,0.0,0.28,0.5454545454545454
0.025664005214274074,0.0205942084198663,3.698806407241425e-05,0.0,0.020903134962233907,0.28,0.5454545454545454
0.0,0.003498218505287368,0.0,0.0,0.0,0.28,0.5454545454545454
0.8742056379338439,0.5034490514887596,0.6043951191374185,0.5310781367903685,0.0,0.28,0.6363636363636364
0.8698060941828255,0.4872398343513163,0.3936298886275902,0.4178973970265328,0.49454874927832637,0.28,0.6363636363636364
0.0,0.0012924742668079066,0.11754409193770245,0.0004835113289508569,0.0,0.28,0.6363636363636364
0.05010591494215415,0.0405071445268867,0.044290118471846295,0.0014054969034880797,0.0,0.28,0.6363636363636364
0.05442398566074629,0.034375693711273615,0.044472786972534054,0.0,0.034891351510942546,0.28,0.6363636363636364
0.0,0.0014055289634945206,0.002058410613657541,0.0,0.0,0.28,0.6363636363636364
0.04969854978002281,0.01673562806889035,0.0014795935572613924,0.0,0.0,0.28,0.6363636363636364
0.04978002281244908,0.01669558786381384,0.000274038248214048,0.0,0.016946032558089498,0.28,0.6363636363636364
0.021101515398403128,0.013426422884625916,0.00018160358521542353,0.0,0.0,0.28,0.6363636363636364
0.020938569333550594,0.01331513466757503,1.050716599369925e-05,0.0,0.013514870361715378,0.28,0.6363636363636364
0.0,0.00334630125661473,0.0,0.0,0.0,0.28,0.6363636363636364
0.030145021997718756,0.00809577617054301,0.0016962683586990283,0.0,0.0,0.28,0.6363636363636364
0.030470914127423823,0.008296566022470798,0.0010595199006078893,0.0,0.008421019917594731,0.28,0.6363636363636364
0.0,0.0001472066363106955,0.0,0.0,0.0,0.28,0.6363636363636364
0.017761121068926185,0.009640268198714828,0.0,0.0,0.0,0.28,0.6363636363636364
0.017516701971647383,0.009531335287844913,0.0,0.0,0.009674311526338249,0.28,0.6363636363636364
0.0,0.0024913251129222106,0.0,0.0,0.0,0.28,0.6363636363636364
0.02607137037640541,0.011355519925007052,0.000110538226028309,0.0,0.0,0.28,0.6363636363636364
0.02607137037640541,0.01202383805385761,0.00012800283977459288,0.0,0.012204203457578739,0.28,0.6363636363636364
0.005214274075281082,0.002325864853708989,0.0,0.0,0.0,0.28,0.6363636363636364
0.005214274075281082,0.0023211542413470467,5.466566091316502e-06,0.0,0.0023559730670800875,0.28,0.6363636363636364
0.0,0.0006117907805072505,0.0,0.0,0.0,0.28,0.6363636363636364
0.04277334202379013,0.011813626977205935,0.001078901362204375,0.0034211188231215287,0.0,0.28,0.6363636363636364
0.04285481505621639,0.011663476208169026,0.00052621023206283,2.2093663537297502e-05,0.011838435949447583,0.28,0.6363636363636364
0.0,0.0012765759500863515,3.549718241114612e-07,0.0,0.0,0.28,0.6363636363636364
0.01890174352289392,0.015301835431224176,0.0042377956249722674,0.0,0.0,0.28,0.6363636363636364
0.019146162620172723,0.014996234454243173,0.004979828726094866,0.0,0.015221187740333757,0.28,0.6363636363636364
0.0,0.00184773769897185,1.1359098371566758e-05,0.0,0.0,0.28,0.6363636363636364
0.050676226169138014,0.028771242653652815,0.0006417180636286994,0.0,0.0,0.28,0.6363636363636364
0.05075769920156428,0.029676857880236215,0.0006283001286772862,0.0,0.030122030081389247,0.28,0.6363636363636364
0.026397262506110478,0.02203977758843733,0.0,0.0,0.0,0.28,0.6363636363636364
0.02631578947368421,0.022889454293222665,0.0,0.0,0.023232811018925482,0.28,0.6363636363636364
0.0,0.003051887983993339,0.0,0.0,0.0,0.28,0.6363636363636364
0.862310575199609,0.5094173973513404,0.6741264232151573,0.5085298536379766,0.0,0.28,0.7272727272727273
0.8583183966107218,0.4964967764690781,0.41972763011935926,0.4250251527861809,0.5039445515582771,0.28,0.7272727272727273
0.0,0.001237124571555085,0.11626903314549408,0.00010112099849763088,0.0,0.28,0.7272727272727273
0.04383249144533159,0.030697294283141954,0.04578469184008519,0.0011854100244050006,0.0,0.28,0.7272727272727273
0.04847645429362881,0.025684613903490153,0.043435417313750724,0.0,0.02606989984424998,0.28,0.7272727272727273
0.0,0.0013713770238704393,0.00014149176909082842,0.0,0.0,0.28,0.7272727272727273
0.05336483623920482,0.019209288385455277,0.0015300705506500422,0.0,0.0,0.28,0.7272727272727273
0.05336483623920482,0.018628705411845893,0.00019395660469450238,0.0,0.01890814812866888,0.28,0.7272727272727273
0.020123839009287926,0.011552776817663384,4.969605537560456e-06,0.0,0.0,0.28,0.7272727272727273
0.020205312041714194,0.009322890690828967,0.0008424191329813196,0.0,0.00946274012457611,0.28,0.7272727272727273
0.0,0.002732743996471751,0.0,0.0,0.0,0.28,0.7272727272727273
0.031530063548965294,0.009549588910747439,0.0018476283445001552,0.0,0.0,0.28,0.7272727272727273
0.03177448264624409,0.009716815649596389,0.0012888316989838932,0.0,0.009862574214346932,0.28,0.7272727272727273
0.0,0.00023376413846138447,0.0,0.0,0.0,0.28,0.7272727272727273
0.01662049861495845,0.007481630083854788,0.0,0.0,0.0,0.28,0.7272727272727273
0.016294606485253382,0.007215480485405051,0.0,0.0,0.007323717393201266,0.28,0.7272727272727273
0.0,0.0020373398465400256,0.0,0.0,0.0,0.28,0.7272727272727273
0.02476780185758514,0.010859139147367386,6.410791143452989e-05,0.0,0.0,0.28,0.7272727272727273
0.02476780185758514,0.010878570423360398,0.0001708834361272574,0.0,0.011041756066540998,0.28,0.7272727272727273
0.00554016620498615,0.001996121988373031,0.0,0.0,0.0,0.28,0.7272727272727273
0.00554016620498615,0.001596308764153182,0.0,0.0,0.0016202544355286954,0.28,0.7272727272727273
0.0,0.00043985342929635815,0.0,0.0,0.0,0.28,0.7272727272727273
0.04041062408342839,0.013081370529113645,0.0006096996050938457,0.004043140427325443,0.0,0.28,0.7272727272727273
0.04041062408342839,0.01263562883436486,0.0004507432222567334,3.9088789335218656e-05,0.012825171498343887,0.28,0.7272727272727273
0.0,0.0012212262548335299,6.460487198828593e-06,0.0,0.0,0.28,0.7272727272727273
0.01686491771223725,0.012403631175539203,0.0041537382970226735,0.0,0.0,0.28,0.7272727272727273
0.01662049861495845,0.010116040047270996,0.004728863646448063,0.00023793176117089618,0.010267787238060858,0.28,0.7272727272727273
0.0,0.0020432281119924537,0.0,0.0,0.0,0.28,0.7272727272727273
0.04733583183966107,0.02634468846070731,0.0006679859786129476,0.0,0.0,0.28,0.7272727272727273
0.04749877790451361,0.025989626053925914,0.00042653414385233175,0.0,0.026379487375642035,0.28,0.7272727272727273
0.0,7.124801197437663e-05,0.0,0.0,0.0,0.28,0.7272727272727273
0.025664005214274074,0.018131735807660986,0.0,0.0,0.0,0.28,0.7272727272727273
0.02550105914942154,0.01747460538317004,0.0,0.0,0.017736735847725966,0.28,0.7272727272727273
0.0,0.0032485560501044285,0.0,0.0,0.0,0.28,0.7272727272727273
0.89742545217533,0.4848450767918139,0.7589420419754181,0.5163875500506455,0.0,0.28,0.8181818181818182
0.8921297050676226,0.4998471995115095,0.41863005723920665,0.4730185382832204,0.5073452331289737,0.28,0.8181818181818182
0.0,0.0006365214954074474,0.11606336247060389,6.543123432199645e-05,0.0,0.28,0.8181818181818182
0.03079680625712889,0.0161032283592996,0.05266653059413409,0.0008319114078082406,0.0,0.28,0.8181818181818182
0.034951930910868505,0.013159684459630935,0.050440147313307,0.0,0.013357088299384291,0.28,0.8181818181818182
0.0,0.0009415336458432085,0.0001526378843679283,0.0,0.0,0.28,0.8181818181818182
0.055157242952582695,0.017906215240833002,0.0014765407995740339,0.0,0.0,0.28,0.8181818181818182
0.05507576992015643,0.0185710004104121,0.0002403869192882815,0.0,0.018849577514621737,0.28,0.8181818181818182
0.008473195372331759,0.00378438820627536,0.0004569907263610951,0.0,0.0,0.28,0.8181818181818182
0.008554668404758025,0.002746875833557578,0.0,0.0,0.0027880807605095404,0.28,0.8181818181818182
0.0,0.0009038487469476704,0.0,0.0,0.0,0.28,0.8181818181818182
0.03658139155939384,0.012802266746668567,0.001599503039446244,0.0,0.0,0.28,0.8181818181818182
0.03698875672152518,0.013449387119890384,0.001346621111949239,0.0,0.013651136688274043,0.28,0.8181818181818182
0.0,0.0002096222501064304,0.0,0.0,0.0,0.28,0.8181818181818182
0.007332572918364022,0.0034911525867444546,0.0,0.0,0.0,0.28,0.8181818181818182
0.007006680788658954,0.002793393130631758,0.0,0.0,0.002835295847343464,0.28,0.8181818181818182
0.0,0.0008155247651612531,0.0,0.0,0.0,0.28,0.8181818181818182
0.025826951279126608,0.009765099426306297,7.866175622309979e-05,0.0,0.0,0.28,0.8181818181818182
0.025826951279126608,0.010359225410456264,8.299241247725962e-05,0.0,0.010514620540116686,0.28,0.8181818181818182
0.0,6.594857306719159e-05,0.0,0.0,0.0,0.28,0.8181818181818182
0.0030145021997718753,0.00016251612648700783,0.0,0.0,0.0,0.28,0.8181818181818182
0.0029330291673456085,3.1796633443110226e-05,0.0,0.0,3.2273603658631336e-05,0.28,0.8181818181818182
0.0,4.0040205076509176e-05,0.0,0.0,0.0,0.28,0.8181818181818182
0.043099234153495196,0.012127471525820338,0.0006202777654523672,0.005073894806969361,0.0,0.28,0.8181818181818182
0.04342512628320026,0.01272689694887749,0.0006193548387096775,4.333757078469895e-05,0.012917808694030699,0.28,0.8181818181818182
0.0,0.0011546888552210956,0.0,0.0,0.0,0.28,0.8181818181818182
0.009695290858725761,0.0045628168990863175,0.004670719261658606,2.1243907247401445e-05,0.0,0.28,0.8181818181818182
0.009043506599315626,0.003187318089399179,0.005613808403957936,9.347319188856636e-05,0.0032351299371142857,0.28,0.8181818181818182
0.0,0.0012418351839170272,0.0,0.0,0.0,0.28,0.8181818181818182
0.04945413068274401,0.023444128898841367,0.0006005413320317699,0.0,0.0,0.28,0.8181818181818182
0.04953560371517028,0.024883809801959967,0.0005367173980565293,0.0,0.02525708315951408,0.28,0.8181818181818182
0.0,5.88826545242782e-07,0.0,0.0,0.0,0.28,0.8181818181818182
0.011487697572103633,0.008160547090519716,0.0,0.0,0.0,0.28,0.8181818181818182
0.011487697572103633,0.0065866137350857595,0.0,0.0,0.00668541723195278,0.28,0.8181818181818182
0.0,0.0017935656568095141,0.0,0.0,0.0,0.28,0.8181818181818182
0.8680136874694476,0.4491757311606419,0.737024306695656,0.47619577705114174,0.0,0.28,0.9090909090909091
0.8652436043669546,0.4351540046387755,0.41323072281137685,0.5296403491478644,0.44168159818885316,0.28,0.9090909090909091
0.0,0.0007313225691915352,0.11042903669521231,0.00022858444198203956,0.0,0.28,0.9090909090909091
0.023301287273912334,0.009816916162287661,0.054524311132803836,0.0006390167300018355,0.0,0.28,0.9090909090909091
0.02631578947368421,0.008052203006195044,0.0501471535696854,0.0008276626263587603,0.00817299129688488,0.28,0.9090909090909091
0.0,0.0006812723128458988,0.0,0.0,0.0,0.28,0.9090909090909091
0.05442398566074629,0.017548797527870634,0.0016007809380130453,0.0,0.0,0.28,0.9090909090909091
0.05458693172559883,0.017678339367824043,0.00017159337977548032,0.0,0.01794352597487201,0.28,0.9090909090909091
0.0,0.00016958204502992122,0.0,0.0,0.0,0.28,0.9090909090909091
0.00472543588072348,0.0025696390434395006,1.3914895505169277e-05,0.0,0.0,0.28,0.9090909090909091
0.004562489815870947,0.0023882804675047237,3.83369570040378e-06,0.0,0.0024241062303594204,0.28,0.9090909090909091
0.0,0.00036271715186955375,0.0,0.0,0.0,0.28,0.9090909090909091
0.037233175818803976,0.013711414932523421,0.0016371300528020588,0.0,0.0,0.28,0.9090909090909091
0.03707022975395144,0.01397344274515646,0.0012778985668012602,0.0,0.01418305348931445,0.28,0.9090909090909091
0.0,0.00019136862720390416,0.0,0.0,0.0,0.28,0.9090909090909091
0.00342186736190321,0.001099339159968274,0.0,0.0,0.0,0.28,0.9090909090909091
0.003503340394329477,0.0007719516008132872,0.0,0.0,0.0007835313777123274,0.28,0.9090909090909091
0.0,7.360331815534775e-05,0.0,0.0,0.0,0.28,0.9090909090909091
0.025175167019716473,0.00866281613361181,0.00010592359231486001,0.0,0.0,0.28,0.9090909090909091
0.025338113084569007,0.008558005008558594,6.0203221369303814e-05,0.0,0.008686380658787922,0.28,0.9090909090909091
0.0008962033566889359,1.4131837085826769e-05,0.0,0.0,0.0,0.28,0.9090909090909091
0.0008147303242626691,1.7075969812040677e-05,0.0,0.0,1.733212048333905e-05,0.28,0.9090909090909091
0.04252892292651132,0.0108538397084602,0.004525038825043262,0.005161419704828655,0.0,0.28,0.9090909090909091
0.04269186899136386,0.010719587256144846,0.006136610906509296,3.399025159584231e-06,0.010880388048247843,0.28,0.9090909090909091
0.0,0.0009762744120125326,1.4198872964458447e-06,0.0,0.0,0.28,0.9090909090909091
0.005458693172559883,0.003182018650491994,0.0,0.0,0.0,0.28,0.9090909090909091
0.005295747107707349,0.003571232996897473,6.623774237919865e-05,0.0,0.0036248038183259086,0.28,0.9090909090909091
0.0,0.00041335623476043297,0.0,0.0,0.0,0.28,0.9090909090909091
0.04961707674759654,0.02428732851162903,0.0005041309846030972,0.0,0.0,0.28,0.9090909090909091
0.04961707674759654,0.02274872474890964,0.00045024626170297733,0.0,0.023089970439769687,0.28,0.9090909090909091
0.00554016620498615,0.0037885099920920593,0.0,0.0,0.0,0.28,0.9090909090909091
0.005295747107707349,0.003355133654793372,0.0,0.0,0.003405462845312618,0.28,0.9090909090909091
0.0,0.00025849485336158133,0.0,0.0,0.0,0.28,0.9090909090909091
0.827847482483298,0.42073010958650836,0.6037538980343435,0.5201638670029436,0.0,0.28,1.0
0.8214111129216229,0.4199452038016997,0.3978589519456893,0.6376851618955683,0.4262446554314682,0.28,1.0
0.0,0.001145267630497211,0.13257920752540267,0.00016995125797921156,0.0,0.28,1.0
0.025093693987290208,0.00930640354756217,0.04197847095886764,0.00045971815283376725,0.0,0.28,1.0
0.028841453478898483,0.00888539256771358,0.04368091582730621,9.602246075825453e-05,0.009018679244606424,0.28,1.0
0.0,0.000496969604184908,0.0006491724719350401,0.0,0.0,0.28,1.0
0.04717288577480854,0.01587829661901686,0.0015384478856990725,0.0,0.0,0.28,1.0
0.04733583183966107,0.015111055630565515,0.00012367218352043305,0.0,0.015337731309101037,0.28,1.0
0.00448101678344468,0.0017600025437306754,5.786040733016817e-05,0.0,0.0,0.28,1.0
0.0046439628482972135,0.0019395946400297239,0.0,0.0,0.0019686898231765114,0.28,1.0
0.0,0.00032503225297401565,0.0,0.0,0.0,0.28,1.0
0.04041062408342839,0.018840094141588052,0.001524178018369792,0.0,0.0,0.28,1.0
0.040980935310412255,0.015264739358873881,0.0008375205218085815,0.0,0.015493720393451088,0.28,1.0
0.0,0.0001277753603176837,0.0,0.0,0.0,0.28,1.0
0.008147303242626691,0.007375641305711087,0.0,0.0,0.0,0.28,1.0
0.007414045950790289,0.003996954589108004,0.0,0.0,0.004056911511755361,0.28,1.0
0.025093693987290208,0.010649516897260956,5.4878644007631896e-05,0.0,0.0,0.28,1.0
0.02501222095486394,0.008615121183447145,0.00010933132182633003,0.0,0.008744353613508057,0.28,1.0
0.0015479876160990713,2.29642352644685e-05,0.0,0.0,0.0,0.28,1.0
0.0016294606485253381,1.9431275993011808e-05,0.0,0.0,1.9722757791385816e-05,0.28,1.0
0.03698875672152518,0.009418280591158299,0.004660567067489018,0.005435890986465082,0.0,0.28,1.0
0.03682581065667264,0.008956051753142714,0.005318897812486134,1.3596100638336924e-05,0.009090398363847826,0.28,1.0
0.0,0.0008714632869593174,0.0,0.0,0.0,0.28,1.0
0.0046439628482972135,0.002728033384109809,0.0,0.0,0.0,0.28,1.0
0.004969854978002281,0.002168648166129166,7.241425211873808e-05,0.0,0.0022011793013840594,0.28,1.0
0.0,0.0005676287896140418,0.0,0.0,0.0,0.28,1.0
0.053935147466188695,0.03424556304477496,0.0005226605138217154,0.0007834752992841653,0.0,0.28,1.0
0.05377220140133616,0.028454453972312197,0.00042248746505746106,0.0,0.028881289318512977,0.28,1.0
0.015153984031285645,0.014306129743218631,0.00019523450326130364,0.0,0.0,0.28,1.0
0.015479876160990712,0.008788825014293764,0.0002484802768780228,0.0,0.008920663114976506,0.28,1.0
0.0,0.00029676857880236215,0.0,0.0,0.0,0.28,1.0
0.826951279126609,0.373525063107485,0.5943600656697875,0.5377521226912122,0.0,0.32,0.0
0.8259736027374939,0.386575814656246,0.34359213737409594,0.5143566325177938,0.39237470371038863,0.32,0.0
0.0,0.0011582218144925523,0.12104837378533079,0.0004920088918498175,0.0,0.32,0.0
0.022486556949649666,0.00569571917213343,0.045439304255224744,0.0011811612429555203,0.0,0.32,0.0
0.026234316441257944,0.005662156059054592,0.042319882859298046,0.0,0.005747092088544425,0.32,0.0
0.0,0.0005629181772520996,0.0,0.0,0.0,0.32,0.0
0.05369072836890989,0.014630573169647405,0.0016623330523139726,0.0,0.0,0.32,0.0
0.05328336320677855,0.01595072228408172,0.00023726316723610063,0.0,0.016189993509419708,0.32,0.0
0.0,8.066923669826114e-05,0.0,0.0,0.0,0.32,0.0
0.003992178588887079,0.0021657040334029523,0.0,0.0,0.0,0.32,0.0
0.004073651621313346,0.002023208009454199,0.0,0.0,0.002053557447612172,0.32,0.0
0.0,0.00010068933923651572,0.0,0.0,0.0,0.32,0.0
0.05116506436369562,0.023018996133176078,0.0012859209300261792,0.0,0.0,0.32,0.0
0.05214274075281082,0.024351510605060495,0.001079114345298842,0.0,0.02471679912789551,0.32,0.0
0.0,0.00017370383084662068,0.0,0.0,0.0,0.32,0.0
0.019635000814730325,0.014501031329693992,7.099436482229223e-08,0.0,0.0,0.32,0.0
0.018820270490467656,0.014111816983288514,0.0,0.0,0.014323503431162196,0.32,0.0
0.026478735538536743,0.009677364271065123,8.079158716776856e-05,0.0,0.0,0.32,0.0
0.026723154635815545,0.010916844148801178,5.722145804676754e-05,0.0,0.011080603922796759,0.32,0.0
0.0010591494215414698,1.3543010540583987e-05,0.0,0.0,0.0,0.32,0.0
0.0007332572918364021,1.6487143266797897e-05,0.0,0.0,1.673446115632736e-05,0.32,0.0
0.03869969040247678,0.00881944399464639,0.0007430270222301105,0.004811320113391479,0.0,0.32,0.0
0.038536744337624246,0.009370585640993632,0.0004804898611172738,3.6539520465530486e-05,0.009511150530064056,0.32,0.0
0.0,0.0010604766079822503,6.034521009894839e-06,0.0,0.0,0.32,0.0
0.007251099885937755,0.002526065879091535,0.004265625415982606,0.0,0.0,0.32,0.0
0.007169626853511487,0.002931178542218569,0.005911984736211563,0.0,0.0029751481298641996,0.32,0.0
0.0,0.0011988508461143043,0.0,0.0,0.0,0.32,0.0
0.06468958774645592,0.03431268927093264,0.0007952788747393176,0.0,0.0,0.32,0.0
0.06436369561675086,0.036657396574089396,0.00026743577228557485,0.0,0.03720728140311285,0.32,0.0
0.0,5.88826545242782e-07,0.0,0.0,0.0,0.32,0.0
0.03291510510021183,0.027031260212460394,5.587256511514399e-05,0.0,0.0,0.32,0.0
0.03315952419749063,0.025625731248965875,0.0,0.0,0.02601013391154881,0.32,0.0
0.0,0.00047282771582995395,0.0,0.0,0.0,0.32,0.0
0.8130193905817175,0.39297164859067313,0.5925289790122908,0.516498018368332,0.0,0.32,0.09090909090909091
0.8088642659279779,0.3949683594055914,0.39237776101521943,0.426496080923991,0.40089314209828625,0.32,0.09090909090909091
0.0,0.000915625277852526,0.08489101477570218,0.0005786840334192154,0.0,0.32,0.09090909090909091
0.01890174352289392,0.005327702581356692,0.046158264187780094,0.0008174655508800076,0.0,0.32,0.09090909090909091
0.023790125468469935,0.005505528198020012,0.03963239117895017,0.0,0.005588114707559315,0.32,0.09090909090909091
0.0,0.0006182678725049211,0.00010592359231486001,0.0,0.0,0.32,0.09090909090909091
0.05328336320677855,0.01637349974356604,0.001571318276611794,0.0,0.0,0.32,0.09090909090909091
0.05320189017435229,0.01661256332093461,0.00020496073124195768,0.0,0.01686176259298085,0.32,0.09090909090909091
0.004236597686165879,0.002444807815848031,1.3843901140346985e-05,0.0,0.0,0.32,0.09090909090909091
0.004318070718592146,0.002550796593991732,0.0001241691440741891,0.0,0.002589060204614647,0.32,0.09090909090909091
0.0,6.477091997670603e-05,0.0,0.0,0.0,0.32,0.09090909090909091
0.050513280104285484,0.02503454939754212,0.0013703332297998847,5.098537739376347e-05,0.0,0.32,0.09090909090909091
0.05132801042854815,0.024813739443076077,0.0011418733638017483,0.0,0.025185961699599687,0.32,0.09090909090909091
0.0,0.0001872468413872047,0.0,0.0,0.0,0.32,0.09090909090909091
0.01922763565259899,0.01630342938468215,0.0,0.0,0.0,0.32,0.09090909090909091
0.017842594101352454,0.016201562392355148,0.0,0.0,0.01644459638272669,0.32,0.09090909090909091
0.025826951279126608,0.010753150369223686,8.441229977370546e-05,0.0,0.0,0.32,0.09090909090909091
0.025826951279126608,0.010566492354381724,4.039579358388428e-05,0.0,0.010724996623224802,0.32,0.09090909090909091
0.0015479876160990713,0.000124242401046227,0.0,0.0,0.0,0.32,0.09090909090909091
0.0016294606485253381,0.00019549041302060363,0.0,0.0,0.00019842289656788156,0.32,0.09090909090909091
0.039595893759165716,0.01026736846939839,0.0005412610374051559,0.0035443334851564573,0.0,0.32,0.09090909090909091
0.039677366791591985,0.0106377403663561,0.0007865465678661756,0.00020479126586494994,0.010797313401793218,0.32,0.09090909090909091
0.0,0.001145267630497211,6.3894928340063e-07,0.0,0.0,0.32,0.09090909090909091
0.00578458530226495,0.0026020245034278537,0.004229986244841816,0.0,0.0,0.32,0.09090909090909091
0.005703112269838683,0.002971218747295078,0.0258942716421884,0.0,0.003015788964100995,0.32,0.09090909090909091
0.0,0.0006394656281336613,0.0,0.0,0.0,0.32,0.09090909090909091
0.062489815870946715,0.03752827103450347,0.000713990327017793,0.0,0.0,0.32,0.09090909090909091
0.06257128890337299,0.03780207537804136,0.00033395749212406265,0.0,0.03836913113482358,0.32,0.09090909090909091
0.02981912986801369,0.02938008930143385,3.407729511470027e-05,0.0,0.0,0.32,0.09090909090909091
0.029900602900439954,0.029391865832338708,0.0,0.0,0.029832762967115588,0.32,0.09090909090909091
0.0,0.0004357316434796587,0.0,0.0,0.0,0.32,0.09090909090909091
0.8737167997392863,0.46840621730172594,0.6971473399298931,0.5602919082807051,0.0,0.32,0.18181818181818182
0.8691543099234154,0.46574236601104757,0.4140182633003505,0.4621552538731892,0.47272880490845653,0.32,0.18181818181818182
0.0,0.0013478239620607281,0.14453330966854505,0.0012032549064928178,0.0,0.32,0.18181818181818182
0.024278963663027536,0.008873616036808725,0.04713812841105737,0.0003424517848281113,0.0,0.32,0.18181818181818182
0.02843408831676715,0.009045553388019618,0.04592554465989262,0.0,0.009181242581553603,0.32,0.18181818181818182
0.0,0.0007949158360777557,0.002174273417047522,0.0,0.0,0.32,0.18181818181818182
0.05238715985008962,0.01755233048714209,0.0017274348848560145,0.0,0.0,0.32,0.18181818181818182
0.05230568681766335,0.01752288915987995,9.23636686338022e-05,0.0,0.017785743912540924,0.32,0.18181818181818182
0.0,0.0002661495984497375,0.0,0.0,0.0,0.32,0.18181818181818182
0.006191950464396285,0.004145927705054428,4.4797444202866396e-05,0.0,0.0,0.32,0.18181818181818182
0.006273423496822552,0.004204221533033464,0.0,0.0,0.004267287594863477,0.32,0.18181818181818182
0.0,0.0005069796554540353,0.0,0.0,0.0,0.32,0.18181818181818182
0.05092064526641681,0.02553622961408897,0.0015199183564804544,0.0,0.0,0.32,0.18181818181818182
0.051572429525826954,0.02670210617366968,0.0010872077028885832,0.0,0.02710265516132618,0.32,0.18181818181818182
0.0,0.00016074964685127948,0.0,0.0,0.0,0.32,0.18181818181818182
0.020612677203845527,0.017047117311323783,0.0,0.0,0.0,0.32,0.18181818181818182
0.020612677203845527,0.019302322979603638,0.0,0.0,0.019591870398770257,0.32,0.18181818181818182
0.0,2.7674847626410755e-05,0.0,0.0,0.0,0.32,0.18181818181818182
0.02713051979794688,0.012321784285750457,8.043661534365709e-05,0.0,0.0,0.32,0.18181818181818182
0.027049046765520612,0.012481945106056493,5.352975107600834e-05,0.0,0.012669182413993835,0.32,0.18181818181818182
0.0015479876160990713,0.00015132842212739497,0.0,0.0,0.0,0.32,0.18181818181818182
0.0014665145836728042,0.0001601608203060367,0.0,0.0,0.00016256333694718007,0.32,0.18181818181818182
0.040980935310412255,0.011310180281023357,0.000625815325908506,0.00458698445285892,0.0,0.32,0.18181818181818182
0.040980935310412255,0.01126837359631112,0.0006405111594267205,7.392879722095703e-05,0.011437406541022738,0.32,0.18181818181818182
0.0,0.0011364352323185692,0.0,0.0,0.0,0.32,0.18181818181818182
0.008799087502036826,0.004647607921601279,0.004302045525136442,0.0,0.0,0.32,0.18181818181818182
0.008636141437184292,0.004680582208134874,0.021886213781781072,0.0,0.004750793990415935,0.32,0.18181818181818182
0.0,0.0008361336942447504,0.0,0.0,0.0,0.32,0.18181818181818182
0.06485253381130845,0.04081274550386771,0.0005467985978612948,0.0,0.0,0.32,0.18181818181818182
0.06485253381130845,0.041658300422836345,0.0002293117983760039,0.0,0.04228320206742314,0.32,0.18181818181818182
0.0,5.88826545242782e-07,0.0,0.0,0.0,0.32,0.18181818181818182
0.03104122535440769,0.027594178389712495,0.0,0.0,0.0,0.32,0.18181818181818182
0.03104122535440769,0.032413723662524666,5.729245241158983e-05,0.0,0.032899950633339586,0.32,0.18181818181818182
0.0,0.000602369555783366,0.0,0.0,0.0,0.32,0.18181818181818182
0.8992178588887079,0.4824803493861189,0.6652297643874517,0.527289073493722,0.0,0.32,0.2727272727272727
0.8942480039107056,0.47844806520429634,0.4046506278564139,0.4638598649907207,0.4856250978667148,0.32,0.2727272727272727
0.0,0.0013637222787822832,0.12203072281137685,0.002364871754780729,0.0,0.32,0.2727272727272727
0.02183477269023953,0.010505254393676474,0.01468774016062475,0.0007851748118639574,0.0,0.32,0.2727272727272727
0.026641681603389276,0.013435255282804558,0.007090207214802325,0.0,0.013636792864425764,0.32,0.2727272727272727
0.0,0.0007713627742680445,0.0,0.0,0.0,0.32,0.2727272727272727
0.05955678670360111,0.01936827155267083,0.0015576873585659138,0.0,0.0,0.32,0.2727272727272727
0.05963825973602738,0.019463072626454917,0.00022760793362026888,0.0,0.019755031395044448,0.32,0.2727272727272727
0.0,1.3543010540583987e-05,0.0,0.0,0.0,0.32,0.2727272727272727
0.006680788658953886,0.003727860857932053,8.519323778675067e-06,0.0,0.0,0.32,0.2727272727272727
0.006599315626527619,0.004026395916370143,0.0,0.0,0.004086794478105946,0.32,0.2727272727272727
0.0,0.0007283784364653214,0.0,0.0,0.0,0.32,0.2727272727272727
0.039840312856444515,0.014104162238200357,0.0015520788037449527,0.0,0.0,0.32,0.2727272727272727
0.04016620498614958,0.016211572443624273,0.0013034565381372853,0.0,0.01645475659128589,0.32,0.2727272727272727
0.0,0.0002219876075565288,0.0,0.0,0.0,0.32,0.2727272727272727
0.008065830210200424,0.003387519114781725,0.0,0.0,0.0,0.32,0.2727272727272727
0.007739938080495356,0.0056297705990662385,0.0,0.0,0.005714220825558782,0.32,0.2727272727272727
0.0,2.7086021081167974e-05,0.0,0.0,0.0,0.32,0.2727272727272727
0.023545706371191136,0.008316586125009053,0.00011437192172871278,0.0,0.0,0.32,0.2727272727272727
0.023545706371191136,0.008348382758452164,5.324577361671917e-05,0.0,0.00847361393837176,0.32,0.2727272727272727
0.0018738797458041389,0.00038509256058877946,0.0,0.0,0.0,0.32,0.2727272727272727
0.001955352778230406,0.00053759863580666,0.0,0.0,0.0005456629655616743,0.32,0.2727272727272727
0.0,3.297428653359579e-05,0.0,0.0,0.0,0.32,0.2727272727272727
0.045624898158709466,0.011871331978639729,0.0009300261791720283,0.0042895697513953,0.0,0.32,0.2727272727272727
0.045461952093856936,0.012086253667653344,0.0009572880152637884,0.0003687942298148891,0.012267555346241977,0.32,0.2727272727272727
0.0,0.0012818753889935364,0.0,0.0,0.0,0.32,0.2727272727272727
0.010510021182988431,0.006735586851032183,0.010234050672227891,0.0,0.0,0.32,0.2727272727272727
0.010754440280267232,0.00700998002111532,0.017034600878555264,0.0,0.007115134288074186,0.32,0.2727272727272727
0.0,0.00018548036175147634,0.0,0.0,0.0,0.32,0.2727272727272727
0.049209711585465214,0.023200943535656098,0.0005696587833340729,0.0,0.0,0.32,0.2727272727272727
0.049372657650317744,0.0262069030491205,0.00046203132626347783,0.0,0.02660002366730935,0.32,0.2727272727272727
0.0,2.5908367990682407e-05,0.0,0.0,0.0,0.32,0.2727272727272727
0.009858236923578295,0.0061361614279750315,0.00011117717531170963,0.0,0.0,0.32,0.2727272727272727
0.009613817826299494,0.007577019984184119,0.0,0.0,0.007690680219986445,0.32,0.2727272727272727
0.0,0.0007501650186393043,0.0,0.0,0.0,0.32,0.2727272727272727
0.9250448101678345,0.523177684887119,0.6573997248968363,0.5584317917621227,0.0,0.32,0.36363636363636365
0.9190158057682907,0.5262319281772934,0.396069325997249,0.4349061189250923,0.5341257499130405,0.32,0.36363636363636365
0.0,0.0012960072260793632,0.11605044149620623,9.85717296279427e-05,0.0,0.32,0.36363636363636365
0.029330291673456087,0.015550320233316631,0.002700270666015885,0.0014955710702170618,0.0,0.32,0.36363636363636365
0.03584813426755744,0.016730328629983166,0.013375480321249501,0.0,0.016981294458383187,0.32,0.36363636363636365
0.0,0.0007919717033515418,0.0,0.0,0.0,0.32,0.36363636363636365
0.057601433925370704,0.02049175260099406,0.0014963482273594533,0.0,0.0,0.32,0.36363636363636365
0.057519960892944436,0.020329825301052293,0.00014738430137107867,0.0,0.02063478592440566,0.32,0.36363636363636365
0.0,9.421224723884512e-06,0.0,0.0,0.0,0.32,0.36363636363636365
0.012791266090923905,0.006328118881724179,0.0,0.0,0.0,0.32,0.36363636363636365
0.012872739123350171,0.006460016027858562,0.0,0.0,0.006556920476645267,0.32,0.36363636363636365
0.0,0.001285408348264993,0.0,0.0,0.0,0.32,0.36363636363636365
0.034870457878442236,0.011449732172245897,0.0013190752983981897,0.0,0.0,0.32,0.36363636363636365
0.034870457878442236,0.011457975743879295,0.0011560722367662066,0.0,0.011629852844320504,0.32,0.36363636363636365
0.0,0.00023435296500662724,0.0,0.0,0.0,0.32,0.36363636363636365
0.0110803324099723,0.004775972108464205,2.4067089674757066e-05,0.0,0.0,0.32,0.36363636363636365
0.010428548150562164,0.00521523671121532,0.0,0.0,0.005293468659342551,0.32,0.36363636363636365
0.0,0.0004687059300132545,0.0,0.0,0.0,0.32,0.36363636363636365
0.024034544565748737,0.010035370810572734,8.611616452944047e-05,0.0,0.0,0.32,0.36363636363636365
0.02419749063060127,0.009265774515940418,5.615654257443315e-05,0.0,0.009404767169855976,0.32,0.36363636363636365
0.0028515561349193416,0.0005941259841499671,0.0,0.0,0.0,0.32,0.36363636363636365
0.0028515561349193416,0.0006365214954074474,0.0,0.0,0.0006460697324996384,0.32,0.36363636363636365
0.0,5.770500143379264e-05,0.0,0.0,0.0,0.32,0.36363636363636365
0.044565748737167996,0.012052101728029263,0.0007907352353906909,0.002938457250460568,0.0,0.32,0.36363636363636365
0.04489164086687306,0.012384788726091434,0.00044272085903181434,2.5492688696881735e-06,0.012570568625036905,0.32,0.36363636363636365
0.0,0.0012954183995341204,0.0,0.0,0.0,0.32,0.36363636363636365
0.01026560208570963,0.005321225489359021,0.009851533034565381,0.0,0.0,0.32,0.36363636363636365
0.01002118298843083,0.00600661958802162,0.014360598127523628,0.0,0.006096722794846264,0.32,0.36363636363636365
0.0,0.0008431996127876638,0.0,0.0,0.0,0.32,0.36363636363636365
0.04635815545054587,0.023458849562472437,0.0006558459422283357,0.0,0.0,0.32,0.36363636363636365
0.04660257454782467,0.02239955060758067,0.00035873452544704263,0.0,0.022735558458851755,0.32,0.36363636363636365
0.021020042365976863,0.013185592827621618,9.470648267293783e-05,0.0,0.0,0.32,0.36363636363636365
0.021020042365976863,0.013044863283308592,0.00013396636641966543,0.0,0.013240544730617011,0.32,0.36363636363636365
0.0,0.0015256495787240483,0.0,0.0,0.0,0.32,0.36363636363636365
0.9115202867850741,0.5036433642486897,0.6647129964059103,0.5355036675481472,0.0,0.32,0.45454545454545453
0.9076910542610396,0.5192190040234518,0.43339191551670586,0.4302256612803448,0.5270076273283313,0.32,0.45454545454545453
0.0,0.0009692084934696192,0.13895769623286153,1.1046831768648751e-05,0.0,0.32,0.45454545454545453
0.05263157894736842,0.027267968483647993,0.011360234281403914,0.0008412587269970972,0.0,0.32,0.45454545454545453
0.056705230568681764,0.033119137863725515,0.013168176775968408,0.0,0.03361594650709959,0.32,0.45454545454545453
0.0,0.0011988508461143043,0.00015618760260904292,0.0,0.0,0.32,0.45454545454545453
0.06020857096301124,0.020654857554026306,0.0021676709411190486,0.0,0.0,0.32,0.45454545454545453
0.05980120580087991,0.020487630815177356,0.00025458579225273996,0.0,0.02079495862404479,0.32,0.45454545454545453
0.0,0.00012600888068195536,0.0,0.0,0.0,0.32,0.45454545454545453
0.020123839009287926,0.00790322989024862,8.519323778675068e-07,0.0,0.0,0.32,0.45454545454545453
0.020612677203845527,0.009531924114390156,0.0,0.0,0.00967490918566526,0.32,0.45454545454545453
0.0,0.0021362627061408132,0.0,0.0,0.0,0.32,0.45454545454545453
0.03291510510021183,0.010964539098965845,0.0013669964946532369,0.0,0.0,0.32,0.45454545454545453
0.032752159035359295,0.010148425507259348,0.0012687402937391844,0.0,0.010300658501046502,0.32,0.45454545454545453
0.0,0.00031266689552391725,0.0,0.0,0.0,0.32,0.45454545454545453
0.024604855792732607,0.01113294349090528,7.099436482229224e-07,0.0,0.0,0.32,0.45454545454545453
0.025256640052142742,0.011290749005030345,0.0,8.497562898960578e-07,0.011460117595449184,0.32,0.45454545454545453
0.0,0.0008626308887806757,0.0,0.0,0.0,0.32,0.45454545454545453
0.02501222095486394,0.011672308606347668,0.00010251586280338998,0.0,0.0,0.32,0.45454545454545453
0.024686328825158872,0.010623608529270273,4.7353241336468915e-05,0.0,0.010782969577944937,0.32,0.45454545454545453
0.010591494215414698,0.0017011198892063972,0.0,0.0,0.0,0.32,0.45454545454545453
0.010672967247840965,0.0017900326975380573,0.0,0.0,0.001816884354115542,0.32,0.45454545454545453
0.0,0.00010068933923651572,0.0,0.0,0.0,0.32,0.45454545454545453
0.04790614306664494,0.01444097102207923,0.0009428051648400408,0.0034483110243982026,0.0,0.32,0.45454545454545453
0.04733583183966107,0.014678856946357313,0.0007878244664329769,3.399025159584231e-06,0.014899049363074455,0.32,0.45454545454545453
0.0,0.0015739333554339564,0.0,0.0,0.0,0.32,0.45454545454545453
0.017027863777089782,0.01001535070803448,0.01091382171540134,0.0,0.0,0.32,0.45454545454545453
0.01710933680951605,0.012109217902917812,0.03747402049962284,0.0,0.012290864059995434,0.32,0.45454545454545453
0.0,0.0016357601426844484,0.0,0.0,0.0,0.32,0.45454545454545453
0.04709141274238227,0.024359754176693893,0.0013175134223720993,0.0,0.0,0.32,0.45454545454545453
0.04709141274238227,0.02356542716716138,0.0007559479966277677,0.0,0.023918923926334903,0.32,0.45454545454545453
0.0,0.0001407295443130249,0.0,0.0,0.0,0.32,0.45454545454545453
0.030633860192276357,0.020687243014014662,0.0,0.0,0.0,0.32,0.45454545454545453
0.030470914127423823,0.020136101367667417,0.0004020410879886409,0.0,0.02043815600581881,0.32,0.45454545454545453
0.0,0.0018188851982549536,0.0,0.0,0.0,0.32,0.45454545454545453
0.932214437021346,0.5219488038871973,0.6324273150818653,0.49566709267782,0.0,0.32,0.5454545454545454
0.9278148932703275,0.5440162563232611,0.4349681324044904,0.42977104166525043,0.5521768545667747,0.32,0.5454545454545454
0.0,0.0018789455058697173,0.14802921418112439,0.0001393600315429535,0.0,0.32,0.5454545454545454
0.039840312856444515,0.030896906481979257,0.008471544571149665,0.0010553973120509038,0.0,0.32,0.5454545454545454
0.04366954538047906,0.03367381246934422,0.008263176110396238,0.0001529561321812904,0.03417894159314461,0.32,0.5454545454545454
0.0,0.0008808845116832018,0.0,0.0,0.0,0.32,0.5454545454545454
0.059067948509043504,0.020207349379641793,0.0018621821892887253,0.0,0.0,0.32,0.5454545454545454
0.05914942154146977,0.02107056909496771,0.00020453476505302392,0.0,0.021386641357786364,0.32,0.5454545454545454
0.0,0.0001048111250532152,0.0,0.0,0.0,0.32,0.5454545454545454
0.020123839009287926,0.012120994433822668,1.725163065181701e-05,0.0,0.0,0.32,0.5454545454545454
0.020123839009287926,0.012531406535856887,0.0,0.0,0.012719385797462816,0.32,0.5454545454545454
0.0,0.0027086021081167973,0.0,0.0,0.0,0.32,0.5454545454545454
0.0342186736190321,0.009318768905012268,0.0018040378044992679,0.0,0.0,0.32,0.5454545454545454
0.03462603878116344,0.009464209061687235,0.0012823712117850646,0.0,0.009606178363058916,0.32,0.5454545454545454
0.0,0.0003986355711293634,0.0,0.0,0.0,0.32,0.5454545454545454
0.015316930096138178,0.00857213684564442,0.0,0.0,0.0,0.32,0.5454545454545454
0.014909564934006844,0.008546228477653739,0.0,0.0,0.008674427472247689,0.32,0.5454545454545454
0.0,0.0009344677273002951,0.0,0.0,0.0,0.32,0.5454545454545454
0.025175167019716473,0.011202425023243928,3.883391755779385e-05,0.0,0.0,0.32,0.5454545454545454
0.025175167019716473,0.010313296939927327,8.263744065314815e-05,0.0,0.010468003112609776,0.32,0.5454545454545454
0.004318070718592146,0.0009385895131169945,0.0,0.0,0.0,0.32,0.5454545454545454
0.004318070718592146,0.0009639090545624342,0.0,0.0,0.0009783683183181389,0.32,0.5454545454545454
0.0,7.007035888389105e-05,0.0,0.0,0.0,0.32,0.5454545454545454
0.04513605996415187,0.013640755747094288,0.0007296090872786973,0.00370323791136702,0.0,0.32,0.5454545454545454
0.04521753299657813,0.014222516373794156,0.0006696188490038603,0.00023708200488100012,0.014435863384640394,0.32,0.5454545454545454
0.0,0.001391397126408694,0.0,0.0,0.0,0.32,0.5454545454545454
0.016783444679810983,0.01264622771217923,0.010741873363801748,1.6995125797921155e-05,0.0,0.32,0.5454545454545454
0.017027863777089782,0.013280982727950948,0.016492700891866708,0.0003484000788573837,0.013480206120748699,0.32,0.5454545454545454
0.0,0.0020514716836258526,0.0,0.0,0.0,0.32,0.5454545454545454
0.04774319700179241,0.02521414149384117,0.0009551581843191197,0.0,0.0,0.32,0.5454545454545454
0.047824670034218676,0.024794308167083064,0.0003560367395837955,0.0,0.025166238941808302,0.32,0.5454545454545454
0.023790125468469935,0.019143339812388086,4.969605537560456e-07,0.0,0.0,0.32,0.5454545454545454
0.0236271794036174,0.020086639937867024,0.0,0.0,0.02038795262234983,0.32,0.5454545454545454
0.0,0.0024159553151311347,0.0,0.0,0.0,0.32,0.5454545454545454
0.909972299168975,0.5265722699204436,0.6706643830145982,0.43676878471254443,0.0,0.32,0.6363636363636364
0.9076095812286133,0.5154793666346149,0.4142433154368372,0.4035186708452016,0.52321189294248,0.32,0.6363636363636364
0.0,0.0021109431646953733,0.12447001819230599,8.752489785929395e-05,0.0,0.32,0.6363636363636364
0.042203030796806255,0.037117270105924006,0.002844105249145849,0.0019765331302982305,0.0,0.32,0.6363636363636364
0.0448101678344468,0.031127137661169185,0.00449245241158983,0.0,0.03159406500381904,0.32,0.6363636363636364
0.0,0.0010810855370657479,0.0,0.0,0.0,0.32,0.6363636363636364
0.05116506436369562,0.017749587379798423,0.0016078803744952745,0.0,0.0,0.32,0.6363636363636364
0.05083917223399055,0.01794448896627378,0.00018778009495496294,0.0,0.018213667990681297,0.32,0.6363636363636364
0.0,1.177653090485564e-05,0.0,0.0,0.0,0.32,0.6363636363636364
0.020449731138992993,0.013502970335507477,0.0,0.0,0.0,0.32,0.6363636363636364
0.02085709630112433,0.01331101288175833,1.7038647557350135e-06,0.0,0.013510686746426297,0.32,0.6363636363636364
0.0,0.0032326577333828734,0.0,0.0,0.0,0.32,0.6363636363636364
0.032752159035359295,0.008804134504470077,0.001442108532635222,8.497562898960577e-06,0.0,0.32,0.6363636363636364
0.03234479387322796,0.00882179930082736,0.0009605537560456139,0.0,0.008954132037289161,0.32,0.6363636363636364
0.0,0.0004263104187557742,0.0,0.0,0.0,0.32,0.6363636363636364
0.016783444679810983,0.009834580958644945,0.0,0.0,0.0,0.32,0.6363636363636364
0.017272282874368584,0.01003242667784652,0.0,0.0,0.010182919613625198,0.32,0.6363636363636364
0.0,0.0016428260612273617,0.0,0.0,0.0,0.32,0.6363636363636364
0.024116017598175003,0.010378656686449276,6.787061277011137e-05,0.0,0.0,0.32,0.6363636363636364
0.024034544565748737,0.010737840879047373,0.00012999068198961706,0.0,0.010898915487385205,0.32,0.6363636363636364
0.004318070718592146,0.0013325144718844158,0.0,0.0,0.0,0.32,0.6363636363636364
0.004399543751018413,0.001307194930438976,0.0,0.0,0.0013268037059659548,0.32,0.6363636363636364
0.0,5.299438907185038e-05,0.0,0.0,0.0,0.32,0.6363636363636364
0.04277334202379013,0.013570096561665154,0.000805360074544083,0.0027013752455795677,0.0,0.32,0.6363636363636364
0.04277334202379013,0.013358707831922995,0.0006501663930425523,8.497562898960578e-07,0.013559097151914242,0.32,0.6363636363636364
0.0,0.0014979747310976375,0.0,0.0,0.0,0.32,0.6363636363636364
0.01605018738797458,0.013832713200843436,0.009476185827749922,0.0,0.0,0.32,0.6363636363636364
0.01605018738797458,0.013815048404486151,0.013289506145449706,0.0003484000788573837,0.014022283130348303,0.32,0.6363636363636364
0.0,0.0019354728542130245,0.0,0.0,0.0,0.32,0.6363636363636364
0.04790614306664494,0.025615132371151504,0.0009533123308337401,0.0,0.0,0.32,0.6363636363636364
0.04790614306664494,0.02702654960009845,0.00043065181701202465,0.0,0.027431965450509625,0.32,0.6363636363636364
0.02476780185758514,0.022203471368014826,0.0002447885699072636,0.0,0.0,0.32,0.6363636363636364
0.02476780185758514,0.022935971590296846,0.00047708213160580377,0.0,0.023280026105759404,0.32,0.6363636363636364
0.0,0.0025702278699847435,0.0,0.0,0.0,0.32,0.6363636363636364
0.9124979631741893,0.5237394254112806,0.7393936016328704,0.5607295327700016,0.0,0.32,0.7272727272727273
0.9070392700016294,0.50871316080323,0.4088295691529485,0.4321223173193928,0.5163441896157888,0.32,0.7272727272727273
0.0,0.0010110151781818567,0.1156716865598793,2.2093663537297502e-05,0.0,0.32,0.7272727272727273
0.03332247026234316,0.02300074251027355,0.033417970448595645,0.001674019891095234,0.0,0.32,0.7272727272727273
0.03829232524034545,0.020330414127597535,0.007077286240404668,0.0,0.02063538358373267,0.32,0.7272727272727273
0.0,0.0010598877814370076,0.0,0.0,0.0,0.32,0.7272727272727273
0.06029004399543751,0.021137695321125388,0.0017091183387318632,0.0,0.0,0.32,0.7272727272727273
0.05971973276845364,0.020469966018820073,0.00019984913697475263,0.0,0.02077702884423444,0.32,0.7272727272727273
0.0,6.653739961243437e-05,0.0,0.0,0.0,0.32,0.7272727272727273
0.015968714355548315,0.009801017845566107,0.0,0.0,0.0,0.32,0.7272727272727273
0.016457552550105916,0.008088121425454854,0.00010450370501841416,0.0,0.008209448515832593,0.32,0.7272727272727273
0.0,0.0023882804675047237,0.0,0.0,0.0,0.32,0.7272727272727273
0.032589212970506765,0.009929382032429034,0.0013185073434796113,0.0,0.0,0.32,0.7272727272727273
0.032752159035359295,0.009895818919350194,0.0013530106047832454,0.0,0.010044262649758487,0.32,0.7272727272727273
0.0,0.00043102103111771644,0.0,0.0,0.0,0.32,0.7272727272727273
0.011976535766661234,0.005880021880794421,0.0,0.0,0.0,0.32,0.7272727272727273
0.011895062734234968,0.0056003292718040994,0.0,0.0,0.005684337859208197,0.32,0.7272727272727273
0.0,0.001243012837007513,0.0,0.0,0.0,0.32,0.7272727272727273
0.02395307153332247,0.009763332946670568,5.6511514398544615e-05,0.0,0.0,0.32,0.7272727272727273
0.023871598500896204,0.009745079323768042,5.6440520033722324e-05,0.0,0.009891261862043492,0.32,0.7272727272727273
0.003340394329476943,0.0009515436971123357,0.0,0.0,0.0,0.32,0.7272727272727273
0.00342186736190321,0.0008567426233282478,0.0,0.0,0.000869594320802011,0.32,0.7272727272727273
0.0,2.7674847626410755e-05,0.0,0.0,0.0,0.32,0.7272727272727273
0.04301776112106893,0.014231348771972798,0.0007834228158139948,0.0033140495305946254,0.0,0.32,0.7272727272727273
0.04301776112106893,0.014028792440409282,0.0006393752495895638,0.00020224199699526177,0.014239233466053549,0.32,0.7272727272727273
0.0,0.001391397126408694,0.0,0.0,0.0,0.32,0.7272727272727273
0.014991037966433111,0.01146563048896745,0.010114354173137507,0.0,0.0,0.32,0.7272727272727273
0.014991037966433111,0.00938707278426043,0.017187735723476948,0.0,0.009527884991220384,0.32,0.7272727272727273
0.0,0.001215926815926345,0.004932972445312153,0.0,0.0,0.32,0.7272727272727273
0.046928466677529736,0.023534219360263512,0.0007172560677996185,0.0,0.0,0.32,0.7272727272727273
0.047009939709956004,0.023103787155691037,0.0001846563429027821,0.0,0.023450359013957735,0.32,0.7272727272727273
0.0224050839172234,0.017106588792393303,9.655233615831744e-06,0.0,0.0,0.32,0.7272727272727273
0.022242137852370867,0.01665908061800879,9.314460664684741e-05,0.0,0.016908977679814773,0.32,0.7272727272727273
0.0,0.00203616219344954,0.0,0.0,0.0,0.32,0.7272727272727273
0.9102167182662538,0.4810259478193692,0.8149618494032036,0.5461774563055316,0.0,0.32,0.8181818181818182
0.9041062408342838,0.4865656279570133,0.44897375870790257,0.49022355388474587,0.49386442934889796,0.32,0.8181818181818182
0.0,0.001815352238983497,0.1256659182677375,4.248781449480289e-06,0.0,0.32,0.8181818181818182
0.02053120417141926,0.01338932681227562,0.006384452234103918,0.0002396312737506883,0.0,0.32,0.8181818181818182
0.026723154635815545,0.011003401650951868,0.0048455073878510896,0.0,0.011168459843867478,0.32,0.8181818181818182
0.0,0.0008573314498734906,0.0,0.0,0.0,0.32,0.8181818181818182
0.06037151702786378,0.01967740548892329,0.0017835204330656255,0.0,0.0,0.32,0.8181818181818182
0.06037151702786378,0.019593792119498816,0.000250965079646803,0.0,0.019887711765641043,0.32,0.8181818181818182
0.0,6.241561379573489e-05,0.0,0.0,0.0,0.32,0.8181818181818182
0.007576992015642822,0.004293134341365123,7.809380130452146e-06,0.0,0.0,0.32,0.8181818181818182
0.007658465048069089,0.0031137147712438315,9.442250521364866e-05,0.0,0.003160422521237824,0.32,0.8181818181818182
0.0,0.0009014934407666992,0.0,0.0,0.0,0.32,0.8181818181818182
0.03242626690565423,0.009777464783756396,0.001343213382437769,0.0,0.0,0.32,0.8181818181818182
0.03242626690565423,0.010004751830220109,0.001299480853707237,0.0,0.010154829625255648,0.32,0.8181818181818182
0.0,0.00022139878101128604,0.0,0.0,0.0,0.32,0.8181818181818182
0.00472543588072348,0.0027998702226294287,0.0,0.0,0.0,0.32,0.8181818181818182
0.0046439628482972135,0.001993177855646817,0.0,0.0,0.0020230768219345755,0.32,0.8181818181818182
0.0,0.0008308342553375655,0.0,0.0,0.0,0.32,0.8181818181818182
0.024278963663027536,0.008980782468042911,6.353995651595154e-05,0.0,0.0,0.32,0.8181818181818182
0.02419749063060127,0.009016700887302722,5.3813728535297514e-05,0.0,0.009151957274530031,0.32,0.8181818181818182
0.0013850415512465374,0.00046281766456082664,0.0,0.0,0.0,0.32,0.8181818181818182
0.0014665145836728042,0.0002520177613639107,0.0,0.0,0.0002557981919610039,0.32,0.8181818181818182
0.044647221769594264,0.0133257335453894,0.000666637085681324,0.0037975608595454823,0.0,0.32,0.8181818181818182
0.044565748737167996,0.012839362819018861,0.000907378976793717,1.4445856928232983e-05,0.01303196162548993,0.32,0.8181818181818182
0.0,0.0012330027857383856,7.099436482229223e-08,0.0,0.0,0.32,0.8181818181818182
0.010591494215414698,0.005420737175505052,0.010834592004259663,0.0,0.0,0.32,0.8181818181818182
0.010347075118135898,0.003907452954231102,0.0171595509606425,0.00033140495305946255,0.003966067294049584,0.32,0.8181818181818182
0.0,0.0009062040531286415,0.0094321693215601,0.0,0.0,0.32,0.8181818181818182
0.0460322633208408,0.020529437499889596,0.0007269822957802725,0.0,0.0,0.32,0.8181818181818182
0.04611373635326707,0.020959280877916826,0.0004584816080223632,0.0,0.021273683744981155,0.32,0.8181818181818182
0.0,8.655750215068896e-05,0.0,0.0,0.0,0.32,0.8181818181818182
0.01026560208570963,0.007764266825571324,0.0,0.0,0.0,0.32,0.8181818181818182
0.01026560208570963,0.006182678725049211,0.0,0.0,0.00627542293362276,0.32,0.8181818181818182
0.0,0.001096983853787303,0.0,0.0,0.0,0.32,0.8181818181818182
0.8184780837542773,0.4048659448045773,0.7518384878200293,0.5541728132371636,0.0,0.32,0.9090909090909091
0.8116343490304709,0.4031495154251946,0.3967910547100324,0.4742523844161495,0.4091970207877867,0.32,0.9090909090909091
0.0,0.0017282059102875652,0.12400685095620535,0.000661960149829029,0.0,0.32,0.9090909090909091
0.017679648036499917,0.00911797905308448,0.007852189732439988,0.00043167619526719735,0.0,0.32,0.9090909090909091
0.02444190972788007,0.007967411983680084,0.004154448240670897,0.0,0.008086928353795196,0.32,0.9090909090909091
0.0,0.00038038194822683717,0.00021298309446687668,0.0,0.0,0.32,0.9090909090909091
0.052957471077073485,0.015597426356936053,0.0018222123618937746,0.0,0.0,0.32,0.9090909090909091
0.052875998044647224,0.01601196024478697,0.0002661578737187736,0.0,0.016252150079428925,0.32,0.9090909090909091
0.004969854978002281,0.0027992813960841857,1.6683675733238674e-05,0.0,0.0,0.32,0.9090909090909091
0.005132801042854815,0.003119014210151016,6.957447752584638e-06,0.0,0.0031658014551809296,0.32,0.9090909090909091
0.0,0.00014956194249166662,0.0,0.0,0.0,0.32,0.9090909090909091
0.03658139155939384,0.011099380377826441,0.0011783644673204064,0.0,0.0,0.32,0.9090909090909091
0.03649991852696757,0.011466808142057937,0.0012658295247814704,0.0,0.011638817734225678,0.32,0.9090909090909091
0.0,0.00018548036175147634,0.0,0.0,0.0,0.32,0.9090909090909091
0.0017924067133778718,0.0006459427201313319,0.0,0.0,0.0,0.32,0.9090909090909091
0.0018738797458041389,0.0005576187383449146,0.0,0.0,0.0005659833826800718,0.32,0.9090909090909091
0.0,4.651729707417978e-05,0.0,0.0,0.0,0.32,0.9090909090909091
0.0236271794036174,0.007528147380928968,8.13595420863469e-05,0.0,0.0,0.32,0.9090909090909091
0.02370865243604367,0.007768388611388023,4.912810045702622e-05,0.0,0.007884919501265245,0.32,0.9090909090909091
0.0008147303242626691,1.2365357450098422e-05,0.0,0.0,0.0,0.32,0.9090909090909091
0.0007332572918364021,1.9431275993011808e-05,0.0,0.0,1.9722757791385816e-05,0.32,0.9090909090909091
0.03886263646732931,0.009845768663004559,0.0006066468474064871,0.004583585427699335,0.0,0.32,0.9090909090909091
0.03910705556460811,0.010006518309855838,0.0008402183076718286,3.399025159584231e-06,0.010156622603236683,0.32,0.9090909090909091
0.0,0.0009851068101911743,8.235346319385899e-06,0.0,0.0,0.32,0.9090909090909091
0.007821411112921624,0.0031484555374131553,0.009409806096641079,0.0,0.0,0.32,0.9090909090909091
0.007739938080495356,0.0030978164545222764,0.013560136664152282,0.0,0.0031442857194085086,0.32,0.9090909090909091
0.0,0.0002037339846540026,0.008805360074544083,0.0,0.0,0.32,0.9090909090909091
0.03894410949975558,0.015695760389991598,0.0007942849536318055,0.0,0.0,0.32,0.9090909090909091
0.03894410949975558,0.015462585078075455,0.0007132803833695701,0.0,0.015694533927327017,0.32,0.9090909090909091
0.008799087502036826,0.004043471886182184,1.1075120912277588e-05,0.0,0.0,0.32,0.9090909090909091
0.008799087502036826,0.0038880216782380896,0.00015405777166437414,0.0,0.0039463445362581985,0.32,0.9090909090909091
0.0,0.00047636067510141065,0.0,0.0,0.0,0.32,0.9090909090909091
0.7717125631416001,0.3852697973788975,0.5657012024670541,0.5264809552620309,0.0,0.32,1.0
0.7622616913801532,0.3871634635483983,0.33484442472378756,0.6187016063792904,0.3929711677187463,0.32,1.0
0.0,0.0021892570952126637,0.12428287704663442,0.0008803475163323158,0.0,0.32,1.0
0.01686491771223725,0.006819200220456658,0.0025269734214846697,0.0009627738764522335,0.0,0.32,1.0
0.0231383412090598,0.00753697977910761,0.008960837733504904,0.0,0.00765003938574965,0.32,1.0
0.0,0.0008961940018595143,0.0011158894262767894,0.0002115893161841184,0.0,0.32,1.0
0.04733583183966107,0.014021726521866368,0.001424146958335182,0.0,0.0,0.32,1.0
0.04733583183966107,0.013382849720277949,0.0001518569463548831,0.0,0.013583601184321722,0.32,1.0
0.0,0.00010598877814370076,0.0,0.0,0.0,0.32,1.0
0.0031774482646244094,0.0017888550444475717,5.821537915427963e-06,0.0,0.0,0.32,1.0
0.0035848134267557437,0.0017959209629904852,0.0,0.0,0.0018228609473856588,0.32,1.0
0.0,0.0004981472572753936,0.0,0.0,0.0,0.32,1.0
0.044484275704741734,0.019538442424245992,0.0009018414163375783,0.0,0.0,0.32,1.0
0.044647221769594264,0.015410179515548848,0.0010111727381639083,0.0,0.015641342247222977,0.32,1.0
0.0,0.0001348412788605971,0.0,0.0,0.0,0.32,1.0
0.007332572918364022,0.006938143182595701,0.0,0.0,0.0,0.32,1.0
0.007169626853511487,0.003937483108038483,0.0,0.0,0.00399654791972718,0.32,1.0
0.025093693987290208,0.01071369899069242,0.0001261569862892133,0.0,0.0,0.32,1.0
0.025093693987290208,0.008664582613247537,3.642010915383591e-05,0.0,0.00879455699697704,0.32,1.0
0.0010591494215414698,1.9431275993011808e-05,0.0,0.0,0.0,0.32,1.0
0.0011406224539677367,1.2365357450098422e-05,0.0,0.0,1.255084586724552e-05,0.32,1.0
0.036174026397262506,0.008721698788136088,0.0005874783689044682,0.005455435381132691,0.0,0.32,1.0
0.036011080332409975,0.00809577617054301,0.0005592936060700182,0.00046141766541355937,0.008217218087083745,0.32,1.0
0.0,0.001037512372717782,2.9817633225362736e-06,0.0,0.0,0.32,1.0
0.004806908913149747,0.0017193735121089236,0.009365363624262324,0.0,0.0,0.32,1.0
0.005214274075281082,0.0016834550928491137,0.019184168256644627,0.00010197075478752694,0.0017087080159264257,0.32,1.0
0.0,0.00020550046428973094,0.004280463238230466,0.0,0.0,0.32,1.0
0.04896529248818641,0.02683753627907552,0.0007696499090384701,0.00017759906458827607,0.0,0.32,1.0
0.04904676552061268,0.02130315558033861,0.0007002174202422682,0.0,0.021622716791955984,0.32,1.0
0.012220954863940035,0.010542939292572011,0.0,0.0,0.0,0.32,1.0
0.012139481831513768,0.006011330200383562,0.0,0.0,0.0061015040694623575,0.32,1.0
0.0,0.00033680878387887134,0.0,0.0,0.0,0.32,1.0
0.7510184129053283,0.3266915661785098,0.5174242534498824,0.4957707629451873,0.0,0.36,0.0
0.748166856770409,0.33786042808867495,0.2676229844256112,0.4494012617181392,0.3429285546087304,0.36,0.0
0.0,0.0017081858077493107,0.11749049119226161,4.248781449480289e-05,0.0,0.36,0.0
0.01898321655532019,0.006238028420302032,0.003244016506189821,0.0001691015016893155,0.0,0.36,0.0
0.02452338276030634,0.006270413880290386,0.007485361849403203,0.000470764984602416,0.0063644741733475015,0.36,0.0
0.0,0.0006653739961243436,0.0014736300306163199,0.0004384742455863658,0.0,0.36,0.0
0.0443213296398892,0.01170233876015505,0.0009109286950348316,0.0,0.0,0.36,0.0
0.04415838357503666,0.01272866342851322,0.00019601544127434886,0.0,0.012919601672011734,0.36,0.0
0.0,4.0040205076509176e-05,0.0,0.0,0.0,0.36,0.0
0.004155124653739612,0.0021892570952126637,1.2069042019789679e-05,0.0,0.0,0.36,0.0
0.004155124653739612,0.001991411376011089,0.0,0.0,0.0020212838439535403,0.36,0.0
0.0,0.00010304464541748686,0.0,0.0,0.0,0.36,0.0
0.05580902721199283,0.023175623994210658,0.0009158273062075697,0.0,0.0,0.36,0.0
0.056216392374124166,0.025086954960068727,0.000857824910147757,0.0,0.025463275627333113,0.36,0.0
0.0,0.00011305469668661415,0.0,0.0,0.0,0.36,0.0
0.020449731138992993,0.01750816849624888,0.0,0.0,0.0,0.36,0.0
0.019635000814730325,0.016994711748797176,0.0,0.0,0.01724964349621144,0.36,0.0
0.026478735538536743,0.009079705327643699,0.00013467631006788835,0.0,0.0,0.36,0.0
0.02656020857096301,0.010283855612665187,9.59133868749168e-05,0.0,0.010438120146259191,0.36,0.0
0.0012220954863940035,0.00023376413846138447,0.0,0.0,0.0,0.36,0.0
0.0010591494215414698,0.000248484802092454,0.0,0.0,0.00025221223599893375,0.36,0.0
0.033811308456900765,0.006879849354616665,0.0005105204774371034,0.001148020747649574,0.0,0.36,0.0
0.03356688935962197,0.007487518349307216,0.0008146603363358033,4.248781449480289e-06,0.007599836002280668,0.36,0.0
0.0,0.0010116040047270995,0.0,0.0,0.0,0.36,0.0
0.005295747107707349,0.0015915981517912398,0.008561849403203621,0.0,0.0,0.36,0.0
0.005458693172559883,0.001520938966362106,0.010827421573412611,0.0,0.0015437540416711989,0.36,0.0
0.0,0.00014897311594642385,0.006433509340196122,0.0,0.0,0.36,0.0
0.062489815870946715,0.032223532688411244,0.000868971025424857,0.0,0.0,0.36,0.0
0.06257128890337299,0.03469130473952375,0.00033502240759639704,0.0,0.03521169691022081,0.36,0.0
0.03218184780837543,0.0266473453049621,0.0,0.0,0.0,0.36,0.0
0.03201890174352289,0.027113695928794382,0.0,0.0,0.027520419030907354,0.36,0.0
0.0,0.0001307194930438976,0.0,0.0,0.0,0.36,0.0
0.7129705067622617,0.3298494429406469,0.5890716954341749,0.47890989864106975,0.0,0.36,0.09090909090909091
0.7068600293302917,0.32643012719242204,0.30528705683986335,0.3839487834888954,0.3313267917527794,0.36,0.09090909090909091
0.0,0.0013342809515201441,0.09415237165549985,3.399025159584231e-06,0.0,0.36,0.09090909090909091
0.014257780674596708,0.004976173133846751,0.0028159914806762214,3.2290739016050196e-05,0.0,0.36,0.09090909090909091
0.02028678507414046,0.005532025392555937,0.00547920308825487,0.0,0.0056150093772748405,0.36,0.09090909090909091
0.0,0.00043102103111771644,7.66739140080756e-06,0.0,0.0,0.36,0.09090909090909091
0.048232035196350005,0.013459397171159512,0.0008083418378666194,0.0,0.0,0.36,0.09090909090909091
0.047987616099071206,0.013509447427505148,0.00029831832098327197,0.0,0.013712097939629237,0.36,0.09090909090909091
0.0,6.771505270291993e-05,0.0,0.0,0.0,0.36,0.09090909090909091
0.0030959752321981426,0.002158638114860039,1.632870390912721e-05,0.0,0.0,0.36,0.09090909090909091
0.00342186736190321,0.0023429408235210295,0.0,0.0,0.00237808646217952,0.36,0.09090909090909091
0.0,0.00010716643123418632,0.0,0.0,0.0,0.36,0.09090909090909091
0.05140948346097442,0.02299662072445685,0.0008152282912543817,0.0,0.0,0.36,0.09090909090909091
0.052550105914942156,0.02328867869089727,0.000989732439987576,0.0,0.023638024042639406,0.36,0.09090909090909091
0.0,0.00014131837085826768,0.0,0.0,0.0,0.36,0.09090909090909091
0.018087013198631253,0.01535129686102457,0.0,0.0,0.0,0.36,0.09090909090909091
0.017027863777089782,0.015322444360307674,0.0,0.0,0.015552291007498234,0.36,0.09090909090909091
0.0,6.477091997670602e-06,0.0,0.0,0.0,0.36,0.09090909090909091
0.025338113084569007,0.009612004524543173,4.543639348626703e-05,0.0,0.0,0.36,0.09090909090909091
0.025256640052142742,0.009401204621346257,6.325597905666238e-05,0.0,0.009542228815068665,0.36,0.09090909090909091
0.0008147303242626691,2.1197755628740152e-05,0.0,0.0,0.0,0.36,0.09090909090909091
0.0008147303242626691,1.177653090485564e-05,0.0,0.0,1.1953186540233829e-05,0.36,0.09090909090909091
0.03552224213785237,0.008323063217006724,0.0009055331233083374,0.0007741279800953086,0.0,0.36,0.09090909090909091
0.03552224213785237,0.008347205105361678,0.001334481075564627,0.0,0.008472418619717738,0.36,0.09090909090909091
0.0,0.0010840296697919617,2.129830944668767e-07,0.0,0.0,0.36,0.09090909090909091
0.006925207756232687,0.0020868012763404194,0.008373075387141146,0.0,0.0,0.36,0.09090909090909091
0.006925207756232687,0.0024777821023816266,0.012461285885432844,0.0,0.0025149504480651975,0.36,0.09090909090909091
0.0,0.00023023117918992777,0.007161556551448729,0.0,0.0,0.36,0.09090909090909091
0.056705230568681764,0.03151988496684612,0.0008375915161734038,0.0,0.0,0.36,0.09090909090909091
0.0571125957308131,0.03157229052937273,0.0004699117007587523,0.0,0.03204589545503988,0.36,0.09090909090909091
0.0,3.474076616932414e-05,0.0,0.0,0.0,0.36,0.09090909090909091
0.025175167019716473,0.022355977443232703,0.0,0.0,0.0,0.36,0.09090909090909091
0.02476780185758514,0.022347145045054063,0.0,0.0,0.02268236677874771,0.36,0.09090909090909091
0.0,0.00027969260899032145,0.0,0.0,0.0,0.36,0.09090909090909091
0.7984357177774156,0.3961083275971814,0.6989923414828948,0.447530948124078,0.0,0.36,0.18181818181818182
0.7920808212481668,0.393410324366879,0.35102432444424725,0.4231454918729308,0.39931173551901333,0.36,0.18181818181818182
0.0,0.0014243714129422898,0.108203150374939,4.503708336449107e-05,0.0,0.36,0.18181818181818182
0.015316930096138178,0.006862184558259382,0.00038060078981230863,0.00047246449718220813,0.0,0.36,0.18181818181818182
0.021671826625386997,0.006921656039328903,0.0003791809025158628,0.0,0.007025485389022433,0.36,0.18181818181818182
0.0,0.0005941259841499671,0.0,0.0,0.0,0.36,0.18181818181818182
0.053935147466188695,0.01543608788353953,0.0009112126724941208,0.0,0.0,0.36,0.18181818181818182
0.05377220140133616,0.015573873295126342,0.0001747171318276612,0.0,0.015807491540132227,0.36,0.18181818181818182
0.0,4.7694950164665346e-05,0.0,0.0,0.0,0.36,0.18181818181818182
0.004399543751018413,0.0030860399236174204,1.114611527709988e-05,0.0,0.0,0.36,0.18181818181818182
0.004236597686165879,0.003165531507225196,5.090295957758353e-05,0.0,0.003213016542014853,0.36,0.18181818181818182
0.0,0.0004804824609181101,0.0,0.0,0.0,0.36,0.18181818181818182
0.05352778230405736,0.023989971106281423,0.0011374007188179438,0.0,0.0,0.36,0.18181818181818182
0.053853674433762426,0.025724654108566662,0.001092248302790966,0.0,0.026110540678486775,0.36,0.18181818181818182
0.0,0.00018135857593477687,0.0,0.0,0.0,0.36,0.18181818181818182
0.015724295258269513,0.012685679090710496,0.0,0.0,0.0,0.36,0.18181818181818182
0.015561349193416979,0.01431025152903533,0.0,0.0,0.014524914624365136,0.36,0.18181818181818182
0.0,2.7086021081167974e-05,0.0,0.0,0.0,0.36,0.18181818181818182
0.027619357992504482,0.010050680300749047,6.929050006655722e-05,0.0,0.0,0.36,0.18181818181818182
0.027537884960078213,0.010409864493347144,5.7363446776412124e-05,0.0,0.010566019242239693,0.36,0.18181818181818182
0.0006517842594101353,1.0010051269127294e-05,0.0,0.0,0.0,0.36,0.18181818181818182
0.0006517842594101353,1.1187704359612858e-05,0.0,0.0,1.1355527213222137e-05,0.36,0.18181818181818182
0.038781163434903045,0.00906086287819593,0.0008182810489417402,0.0010494490180216313,0.0,0.36,0.18181818181818182
0.03845527130519798,0.009279317526481002,0.0008380174823623375,4.248781449480289e-06,0.009418513334377245,0.36,0.18181818181818182
0.0,0.0011093492112374014,7.099436482229224e-07,3.399025159584231e-05,0.0,0.36,0.18181818181818182
0.009613817826299494,0.003484675494746784,0.010787664729112127,0.0,0.0,0.36,0.18181818181818182
0.009695290858725761,0.0034970408521968824,0.012453547499667214,0.0,0.0035494987431224354,0.36,0.18181818181818182
0.0,0.0006765617004839565,0.007759755069441363,0.0,0.0,0.36,0.18181818181818182
0.062489815870946715,0.03371090854169451,0.0007839197763677508,0.0,0.0,0.36,0.18181818181818182
0.062489815870946715,0.03540378485926751,0.0005215246039845588,0.0,0.035934864695904956,0.36,0.18181818181818182
0.0,2.2375408719225716e-05,0.0,0.0,0.0,0.36,0.18181818181818182
0.017190809841942316,0.011781241517217583,0.0,3.2290739016050196e-05,0.0,0.36,0.18181818181818182
0.01735375590679485,0.015302424257769419,0.0,0.0,0.015531970590379836,0.36,0.18181818181818182
0.0,0.00018606918829671912,0.0,0.0,0.0,0.36,0.18181818181818182
0.7845853022649503,0.43575166358219697,0.6537927142033101,0.4334521859130801,0.0,0.36,0.2727272727272727
0.7792080821248167,0.4327227398334681,0.32197470825753205,0.4223212282717317,0.4392138628276219,0.36,0.2727272727272727
0.0,0.0019413611196654524,0.08821262812264276,0.00037219325497447333,0.0,0.36,0.2727272727272727
0.020612677203845527,0.010080121628011186,0.000558512668056973,0.0004104322880197959,0.0,0.36,0.2727272727272727
0.026152843408831675,0.01192255988807585,0.00011444291609353508,0.0,0.012101406053332727,0.36,0.2727272727272727
0.0,0.0006706734350315287,0.0,0.0,0.0,0.36,0.2727272727272727
0.05002444190972788,0.016768602355423948,0.0005545369836269246,0.0,0.0,0.36,0.2727272727272727
0.04986149584487535,0.01674622694670472,0.00016577184186005237,0.0,0.016997431260212505,0.36,0.2727272727272727
0.0,3.4151939624081354e-05,0.0,0.0,0.0,0.36,0.2727272727272727
0.005295747107707349,0.003565344731445045,0.0,0.0,0.0,0.36,0.2727272727272727
0.005458693172559883,0.003482909015111056,2.92496783067844e-05,0.0,0.0035351549192741546,0.36,0.2727272727272727
0.0,0.00010422229850797242,0.0,0.0,0.0,0.36,0.2727272727272727
0.03707022975395144,0.01301071134368451,0.0008652793184540977,0.0,0.0,0.36,0.2727272727272727
0.03707022975395144,0.014571101688577883,0.000964245463016373,0.0,0.014789677706231316,0.36,0.2727272727272727
0.0,0.00016310495303225063,0.0,0.0,0.0,0.36,0.2727272727272727
0.006354896529248819,0.004375570057699113,0.0,0.0,0.0,0.36,0.2727272727272727
0.006354896529248819,0.006969939816038811,0.0,0.0,0.0070744934538373916,0.36,0.2727272727272727
0.0,2.7086021081167974e-05,0.0,0.0,0.0,0.36,0.2727272727272727
0.02207919178751833,0.008580969243823061,0.00010045702622354351,0.0,0.0,0.36,0.2727272727272727
0.02207919178751833,0.00904202042874816,0.00014298265075209654,0.0,0.009177656625591533,0.36,0.2727272727272727
0.0013035685188202706,1.0598877814370076e-05,0.0,0.0,0.0,0.36,0.2727272727272727
0.0013035685188202706,3.0618980352624666e-05,0.0,0.0,3.107828500460796e-05,0.36,0.2727272727272727
0.0,0.00012188709486525588,0.0,0.0,0.0,0.36,0.2727272727272727
0.037233175818803976,0.009871088204449997,0.0004607534276966766,0.0009976138843379718,0.0,0.36,0.2727272727272727
0.03698875672152518,0.00998590938077234,0.0008148733194302702,0.0004087327754400038,0.010135704526791274,0.36,0.2727272727272727
0.0,0.0013130831958914038,7.099436482229223e-08,0.0,0.0,0.36,0.2727272727272727
0.010428548150562164,0.00509040548362385,0.010808253094910592,0.0,0.0,0.36,0.2727272727272727
0.010591494215414698,0.005782276674284119,0.011601047166881128,0.0,0.0058690145912548095,0.36,0.2727272727272727
0.0,6.712622615767715e-05,0.006587354128766029,0.0,0.0,0.36,0.2727272727272727
0.046928466677529736,0.02301487434735938,0.0006950348316102409,2.1243907247401445e-05,0.0,0.36,0.2727272727272727
0.04709141274238227,0.02517998955421709,0.0002923547943381994,0.0,0.02555770580100096,0.36,0.2727272727272727
0.0,1.177653090485564e-06,0.0,0.0,0.0,0.36,0.2727272727272727
0.009124979631741893,0.006232140154849605,1.1927053290145095e-05,0.0,0.0,0.36,0.2727272727272727
0.008880560534463093,0.007690074680870733,0.0,0.0,0.00780543081077269,0.36,0.2727272727272727
0.0,0.00017605913702759183,0.0,0.0,0.0,0.36,0.2727272727272727
0.8380316115365813,0.45296600763236966,0.6855348626702755,0.4497938491240712,0.0,0.36,0.36363636363636365
0.8326543913964478,0.4566037780288796,0.3663533567023117,0.4048774311527454,0.4634531321532351,0.36,0.36363636363636365
0.0,0.0017900326975380573,0.10171462040200559,1.6995125797921156e-06,0.0,0.36,0.36363636363636365
0.02794525012220955,0.015118121549108429,0.025670142432444424,0.00027022250018694636,0.0,0.36,0.36363636363636365
0.03356688935962197,0.01602668090841804,0.004067409149398766,0.0,0.016267091562604218,0.36,0.36363636363636365
0.0,0.001277753603176837,0.0,0.0008455075084465775,0.0,0.36,0.36363636363636365
0.053853674433762426,0.01835254576212703,0.0008025202999511914,0.0,0.0,0.36,0.36363636363636365
0.053853674433762426,0.018127614021844287,0.00025451479788791764,0.0,0.01839954004138193,0.36,0.36363636363636365
0.0,1.9431275993011808e-05,0.0,0.0,0.0,0.36,0.36363636363636365
0.009043506599315626,0.0041930338286738505,0.0,0.0,0.0,0.36,0.36363636363636365
0.00896203356688936,0.005048598798911613,0.0,0.0,0.005124331069798242,0.36,0.36363636363636365
0.0,0.0007148354259247374,0.0,0.0,0.0,0.36,0.36363636363636365
0.03454456574873717,0.011093492112374013,0.0010362337489461773,0.0,0.0,0.36,0.36363636363636365
0.034951930910868505,0.011322545638473456,0.0011493987664729112,0.0,0.011492391199107815,0.36,0.36363636363636365
0.0,0.00020255633156351702,0.0,0.0,0.0,0.36,0.36363636363636365
0.007332572918364022,0.00422247515593599,0.0,0.0,0.0,0.36,0.36363636363636365
0.006925207756232687,0.004502756591471554,0.0,0.0,0.0045703008736584045,0.36,0.36363636363636365
0.0,0.0003903919994959645,0.0,0.0,0.0,0.36,0.36363636363636365
0.02321981424148607,0.009394727529348588,8.093357589741314e-05,0.0,0.0,0.36,0.36363636363636365
0.02321981424148607,0.008510310058393929,8.093357589741314e-05,0.0,0.008637970253299977,0.36,0.36363636363636365
0.0021182988430829396,0.00028087026208080705,0.0,0.0,0.0,0.36,0.36363636363636365
0.0021182988430829396,0.0002914691398951771,0.0,0.0,0.00029584136687078725,0.36,0.36363636363636365
0.0,3.709607235029527e-05,0.0,0.0,0.0,0.36,0.36363636363636365
0.03780348704578784,0.01054647225184347,0.0007142743044770821,0.0007188938212520649,0.0,0.36,0.36363636363636365
0.03796643311064038,0.010937453077884676,0.0008751475351643964,7.222928464116492e-05,0.011101521999242168,0.36,0.36363636363636365
0.0,0.0013030731446222767,0.0,0.0,0.0,0.36,0.36363636363636365
0.012628320026071371,0.006497112100208857,0.00897439765718596,0.0,0.0,0.36,0.36363636363636365
0.012709793058497638,0.007113024666532807,0.010457469938323645,0.0,0.007219724670301232,0.36,0.36363636363636365
0.0,0.0001872468413872047,0.0066083684607534275,0.0,0.0,0.36,0.36363636363636365
0.043262180218347726,0.01858572107404317,0.0005517682033988552,0.0,0.0,0.36,0.36363636363636365
0.043343653250773995,0.01830367315887188,0.00016229311798376004,0.0,0.01857824018015843,0.36,0.36363636363636365
0.0,0.0,2.129830944668767e-05,0.0,0.0,0.36,0.36363636363636365
0.014339253707022975,0.00910738017527011,0.0,0.0,0.0,0.36,0.36363636363636365
0.014257780674596708,0.009684430189608037,0.0,0.0,0.00982970295136129,0.36,0.36363636363636365
0.0,0.0013013066649865482,0.0,0.0,0.0,0.36,0.36363636363636365
0.8398240182499592,0.45760596080888283,0.6030346541243289,0.3977471261242276,0.0,0.36,0.45454545454545453
0.8352615284340883,0.46638830873117887,0.35963899365487867,0.4003941169672538,0.47338443719018836,0.36,0.45454545454545453
0.0,0.002271692811546653,0.09896202688911568,1.6995125797921156e-06,0.0,0.36,0.45454545454545453
0.03413720058660583,0.02051353918316804,0.00054757953587434,0.0006798050319168462,0.0,0.36,0.45454545454545453
0.038618217370050514,0.023200943535656098,0.006663034121666593,0.0,0.023548972802914667,0.36,0.45454545454545453
0.0,0.0009609649218362202,0.0,0.0,0.0,0.36,0.45454545454545453
0.05743848786051817,0.020251511370535002,0.0007195278874739318,0.0,0.0,0.36,0.45454545454545453
0.05743848786051817,0.020156710296750913,0.00020716155655144873,0.0,0.02045907408226422,0.36,0.45454545454545453
0.0,2.5319541445439627e-05,0.0,0.0,0.0,0.36,0.45454545454545453
0.014257780674596708,0.007616471362715385,0.0,0.0,0.0,0.36,0.45454545454545453
0.014257780674596708,0.008526208375115484,0.0,0.0,0.008654107055129291,0.36,0.45454545454545453
0.0,0.0020832683170689628,0.0,0.0,0.0,0.36,0.45454545454545453
0.03584813426755744,0.012658004243084085,0.0011076540799574033,0.0,0.0,0.36,0.45454545454545453
0.03560371517027864,0.012215206681061514,0.0011217819585570396,0.0,0.012398442738857538,0.36,0.45454545454545453
0.0,0.00033916409005984243,0.0,0.0,0.0,0.36,0.45454545454545453
0.011161805442398566,0.006608989143804985,7.809380130452146e-06,0.0,0.0,0.36,0.45454545454545453
0.011487697572103633,0.006753251647389467,0.0,0.0,0.006854554821497089,0.36,0.45454545454545453
0.0,0.0009792185447387465,0.0,0.0,0.0,0.36,0.45454545454545453
0.024849274890011406,0.009400615794801014,9.690730798242889e-05,0.0,0.0,0.36,0.45454545454545453
0.024604855792732607,0.008929554558606789,6.283001286772862e-05,0.0,0.0090635036941323,0.36,0.45454545454545453
0.0,4.8872603255150906e-05,0.0,0.0,0.0,0.36,0.45454545454545453
0.004969854978002281,0.0011034609457849735,0.0,0.0,0.0,0.36,0.45454545454545453
0.0050513280104285485,0.0010569436487107937,0.0,0.0,0.001072798491985986,0.36,0.45454545454545453
0.0,2.4730714900196843e-05,0.0,0.0,0.0,0.36,0.45454545454545453
0.037233175818803976,0.01169821697433835,0.0006631583618050317,0.0006211718479140183,0.0,0.36,0.45454545454545453
0.03690728368909891,0.011445021559883955,0.0007113635355193681,1.6995125797921156e-06,0.011616704339126246,0.36,0.45454545454545453
0.0,0.0012659770722719813,0.0,0.0001232146620349284,0.0,0.36,0.45454545454545453
0.013605996415186573,0.008987848386585826,0.011450823090917158,1.6995125797921155e-05,0.0,0.36,0.45454545454545453
0.01393188854489164,0.00980160667211135,0.0118993654878644,0.0,0.009948637157436616,0.36,0.45454545454545453
0.0,0.0012135715097453738,0.007634024049341084,0.0,0.0,0.36,0.45454545454545453
0.04318070718592146,0.01921223251818149,0.0005250743222256734,0.0,0.0,0.36,0.45454545454545453
0.04342512628320026,0.019165126394562068,0.00039607756134356836,0.0,0.019452615775576533,0.36,0.45454545454545453
0.01710933680951605,0.014528706177320404,0.0,0.0,0.0,0.36,0.45454545454545453
0.016783444679810983,0.01410239575856463,0.0,0.0,0.014313940881930009,0.36,0.45454545454545453
0.0,0.001479721108195111,0.0,0.0,0.0,0.36,0.45454545454545453
0.8663842268209223,0.49004441518630765,0.593431814349736,0.4313498888518773,0.0,0.36,0.5454545454545454
0.8613328988104937,0.5176226952592986,0.39674213959266985,0.4264128048075812,0.5253873728928026,0.36,0.5454545454545454
0.0,0.0029358891545805113,0.12502980875892977,0.0004129815568894841,0.0,0.36,0.5454545454545454
0.03935147466188692,0.029929464468145366,0.017194409193770244,0.005938096953793652,0.0,0.36,0.5454545454545454
0.04497311389929933,0.03295721056378375,0.010656538137285353,0.0,0.03345159019217138,0.36,0.5454545454545454
0.0,0.0014914976390999668,0.0,0.0,0.0,0.36,0.5454545454545454
0.05833469121720711,0.020236790706903932,0.0008781292984869326,0.0,0.0,0.36,0.5454545454545454
0.05898647547661724,0.021752430234358855,0.0002000621200692195,0.0,0.022078730858465904,0.36,0.5454545454545454
0.0,0.00019784571920157475,0.0,0.0,0.0,0.36,0.5454545454545454
0.01662049861495845,0.010368057808634906,4.2596618893375335e-06,0.0,0.0,0.36,0.5454545454545454
0.015968714355548315,0.011055807213478475,0.0,0.0,0.011221651523971518,0.36,0.5454545454545454
0.0,0.0022781699035443236,0.0,0.0,0.0,0.36,0.5454545454545454
0.034870457878442236,0.012015005655678966,0.0011308692372542929,0.0,0.0,0.36,0.5454545454545454
0.0347075118135897,0.012187531833435102,0.0008547011580955762,0.0,0.012370352750487989,0.36,0.5454545454545454
0.0,0.00035506240678139753,0.0,0.0,0.0,0.36,0.5454545454545454
0.011243278474824833,0.006574837204180904,0.0,0.0,0.0,0.36,0.5454545454545454
0.0113247515072511,0.00654009643801158,7.099436482229223e-08,0.0,0.006638202145118856,0.36,0.5454545454545454
0.0,0.0007478097124583332,0.0,0.0,0.0,0.36,0.5454545454545454
0.026723154635815545,0.011129410531633823,4.692727514753517e-05,0.0,0.0,0.36,0.5454545454545454
0.026723154635815545,0.010272079081760333,0.00014298265075209654,0.0,0.010426166959718956,0.36,0.5454545454545454
0.0,8.302454287923226e-05,0.0,0.0,0.0,0.36,0.5454545454545454
0.0037477594916082778,0.0007931493564420274,0.0,0.0,0.0,0.36,0.5454545454545454
0.0035848134267557437,0.000902082267311942,0.0,0.0,0.0009156140889819113,0.36,0.5454545454545454
0.0,5.534969525282151e-05,0.0,0.0,0.0,0.36,0.5454545454545454
0.038618217370050514,0.01181657110993215,0.0007207347916759107,0.0008794977600424199,0.0,0.36,0.5454545454545454
0.038781163434903045,0.012292342958488318,0.0009137684696277233,7.817757867043731e-05,0.012476736110696069,0.36,0.5454545454545454
0.0,0.0013177938082533462,1.0649154723343834e-06,0.0,0.0,0.36,0.5454545454545454
0.015724295258269513,0.010771992818671455,0.011573785330789368,1.189658805854481e-05,0.0,0.36,0.5454545454545454
0.015642822225843248,0.011775942078310397,0.012433456094422505,0.000764780660906452,0.011952588880906816,0.36,0.5454545454545454
0.0,0.0015350708034479327,0.007587877712206594,0.0,0.0,0.36,0.5454545454545454
0.0452990060290044,0.021240739966542875,0.0005445267781869814,0.0,0.0,0.36,0.5454545454545454
0.0455434251262832,0.020902164703028275,0.0004567777432666282,0.0,0.021215710790261022,0.36,0.5454545454545454
0.019635000814730325,0.015673973807817616,0.0,0.0,0.0,0.36,0.5454545454545454
0.019390581717451522,0.01603727978623241,0.0,0.0,0.01627784943049043,0.36,0.5454545454545454
0.0,0.0019024985676794287,0.0,0.0,0.0,0.36,0.5454545454545454
0.8234479387322796,0.4927936463260462,0.6515464525003328,0.46681191834181957,0.0,0.36,0.6363636363636364
0.8179892455597197,0.4805519424504488,0.3904053955717265,0.38673173533830496,0.4877605346421276,0.36,0.6363636363636364
0.0,0.002563750777987073,0.07277412255402227,3.399025159584231e-05,0.0,0.36,0.6363636363636364
0.03609255336483624,0.03125609067457735,0.003064116785730133,0.0016391798832094955,0.0,0.36,0.6363636363636364
0.04138830047254359,0.02941365241451269,0.007054000088742956,0.0003101610458120611,0.02985487636221502,0.36,0.6363636363636364
0.0,0.0008414331331519355,0.0,0.0,0.0,0.36,0.6363636363636364
0.054016620498614956,0.01945718436100249,0.00063213382437769,0.0,0.0,0.36,0.6363636363636364
0.05466840475802509,0.01979399314488136,0.00016314505036162756,0.0,0.020090915936825018,0.36,0.6363636363636364
0.0,1.7664796357283461e-06,0.0,0.0,0.0,0.36,0.6363636363636364
0.017027863777089782,0.010936864251339433,4.259661889337534e-07,0.0,0.0,0.36,0.6363636363636364
0.016376079517679647,0.01046403653550948,0.0,0.0,0.010621003900324768,0.36,0.6363636363636364
0.0,0.0031867292628539362,0.0,0.0,0.0,0.36,0.6363636363636364
0.03193742871109663,0.011455620437698323,0.001030057239206638,0.0,0.0,0.36,0.6363636363636364
0.03193742871109663,0.011387316558450161,0.0008869325997248968,0.0,0.011558133725079101,0.36,0.6363636363636364
0.0,0.00032267694679304456,0.0,0.0,0.0,0.36,0.6363636363636364
0.011161805442398566,0.007356798856263318,0.0,0.0,0.0,0.36,0.6363636363636364
0.011243278474824833,0.007276129619565057,0.0,0.0,0.007385276303883471,0.36,0.6363636363636364
0.0,0.0011923737541166335,0.0,0.0,0.0,0.36,0.6363636363636364
0.025664005214274074,0.010350393012277623,7.021342680924702e-05,0.0,0.0,0.36,0.6363636363636364
0.025664005214274074,0.011042853029483135,7.376314505036163e-05,0.0,0.01120850301877726,0.36,0.6363636363636364
0.0,8.125806324350391e-05,0.0,0.0,0.0,0.36,0.6363636363636364
0.003503340394329477,0.0007931493564420274,0.0,0.0,0.0,0.36,0.6363636363636364
0.003503340394329477,0.0007778398662657151,0.0,0.0,0.0007895079709824444,0.36,0.6363636363636364
0.0,9.067928796738844e-05,0.0,0.0,0.0,0.36,0.6363636363636364
0.03658139155939384,0.011452087478426867,0.0009273283933087811,0.000824263601199176,0.0,0.36,0.6363636363636364
0.03658139155939384,0.011429712069707642,0.0005536140568842349,0.0,0.011601165196623941,0.36,0.6363636363636364
0.0,0.0016381154488654195,7.099436482229223e-08,0.0,0.0,0.36,0.6363636363636364
0.015398403128564445,0.011731780087417189,0.010567795181257488,2.5492688696881735e-05,0.0,0.36,0.6363636363636364
0.015316930096138178,0.011533345541670372,0.01110493854550295,0.0,0.011706353238177999,0.36,0.6363636363636364
0.0,0.001520938966362106,0.006731898655544216,0.0,0.0,0.36,0.6363636363636364
0.043506599315626525,0.021934966463384116,0.0005404800993921107,0.0,0.0,0.36,0.6363636363636364
0.04366954538047906,0.023160903330579588,0.0004204286284776146,0.0,0.02350833196867787,0.36,0.6363636363636364
0.019064689587746455,0.01715663904873894,0.0,0.0,0.0,0.36,0.6363636363636364
0.01898321655532019,0.017608857835485395,0.0,0.0,0.01787300217428463,0.36,0.6363636363636364
0.0,0.0020249744890899275,0.0,0.0,0.0,0.36,0.6363636363636364
0.8274401173211667,0.4913592648618348,0.7237434618627147,0.4827185063323839,0.0,0.36,0.7272727272727273
0.8206778556297866,0.46765781876272233,0.4138977858632471,0.4250056083915133,0.4746729906992255,0.36,0.7272727272727273
0.0,0.001960792395658464,0.07509123663309225,2.4642932406985675e-05,0.0,0.36,0.7272727272727273
0.030959752321981424,0.02377092763145111,0.010158796645516261,0.0010672939001094485,0.0,0.36,0.7272727272727273
0.03764054098093531,0.02172652186636817,0.011577406043395305,4.248781449480289e-05,0.02205243384807739,0.36,0.7272727272727273
0.0,0.0008726409400498029,0.0021284820517371433,0.0,0.0,0.36,0.7272727272727273
0.05849763728205964,0.02195910835173907,0.00055780272440875,0.0,0.0,0.36,0.7272727272727273
0.058823529411764705,0.02139619017448697,0.00020879442694236145,0.0,0.02171714696562383,0.36,0.7272727272727273
0.0,5.299438907185038e-06,0.0,0.0,0.0,0.36,0.7272727272727273
0.01450219977187551,0.009071461756010299,1.206904201978968e-06,0.0,0.0,0.36,0.7272727272727273
0.014176307642170441,0.007478685951128574,0.0,0.0,0.0075908711123754925,0.36,0.7272727272727273
0.0,0.002184546482850721,0.0,0.0,0.0,0.36,0.7272727272727273
0.036174026397262506,0.01268450143762001,0.0013464791232195945,0.0,0.0,0.36,0.7272727272727273
0.03609255336483624,0.012277033468312005,0.001045108044548964,0.0,0.012461196968193766,0.36,0.7272727272727273
0.0,0.0004486858274749999,0.0,0.0,0.0,0.36,0.7272727272727273
0.00945087176144696,0.005012680379651803,0.0,0.0,0.0,0.36,0.7272727272727273
0.00945087176144696,0.005217003190851049,0.0,0.0,0.005295261637323586,0.36,0.7272727272727273
0.0,0.0011917849275713908,0.0,0.0,0.0,0.36,0.7272727272727273
0.025908424311552877,0.009745668150313285,0.00010152194169587788,0.0,0.0,0.36,0.7272727272727273
0.025664005214274074,0.009924671420067092,9.804321781958557e-05,0.0,0.010073547956782058,0.36,0.7272727272727273
0.0,7.065918542913384e-05,0.0,0.0,0.0,0.36,0.7272727272727273
0.0025256640052142743,0.0004616400114703411,0.0,0.0,0.0,0.36,0.7272727272727273
0.002607137037640541,0.000445741694748786,0.0,0.0,0.0004524281105478504,0.36,0.7272727272727273
0.0,2.355306180971128e-05,0.0,0.0,0.0,0.36,0.7272727272727273
0.038618217370050514,0.013013066649865483,0.0005110884323556818,0.0009177367930877424,0.0,0.36,0.7272727272727273
0.03845527130519798,0.012577335006385824,0.0006037360784487731,1.6995125797921156e-06,0.012766003224969728,0.36,0.7272727272727273
0.0,0.0018047533611691268,0.0,0.0,0.0,0.36,0.7272727272727273
0.013280104285481506,0.009703861465601048,0.012747180192572215,0.0,0.0,0.36,0.7272727272727273
0.01344305035033404,0.007738947284125884,0.013393654878644008,0.0,0.00785503653491466,0.36,0.7272727272727273
0.0,0.0012224039079240154,0.00827843989883303,0.0,0.0,0.36,0.7272727272727273
0.04187713866710119,0.02101698587935062,0.0007178240227181967,0.0,0.0,0.36,0.7272727272727273
0.042203030796806255,0.020843282048503997,0.00029505258020144653,0.0,0.021155944857559852,0.36,0.7272727272727273
0.01653902558253218,0.01358422839875098,0.0,0.0,0.0,0.36,0.7272727272727273
0.01613166042040085,0.012885291289547799,0.0,0.0,0.013078579052996843,0.36,0.7272727272727273
0.0,0.0015756998350696847,0.0,0.0,0.0,0.36,0.7272727272727273
0.8300472543588072,0.46174541142193953,0.8907452100989484,0.4645413695352173,0.0,0.36,0.8181818181818182
0.8221443702134593,0.4693518727333858,0.4650668323201846,0.47091624122201753,0.4763924565830382,0.36,0.8181818181818182
0.0,0.0020020102538254587,0.10985824200204108,0.0,0.0,0.36,0.8181818181818182
0.025093693987290208,0.01729030267450905,0.012851470914496161,0.0010375524299630866,0.0,0.36,0.8181818181818182
0.031530063548965294,0.014380910714464465,0.007789004747748148,0.003296204648506808,0.014596633743606539,0.36,0.8181818181818182
0.0,0.0007866722644443568,0.0021784620845720372,0.0,0.0,0.36,0.8181818181818182
0.05556460811471403,0.02078027760816302,0.0008267293783555931,0.0,0.0,0.36,0.8181818181818182
0.05597197327684537,0.020406961578479096,0.00023804410524914585,0.0,0.020713079296244188,0.36,0.8181818181818182
0.00684373472380642,0.004383813629332512,8.519323778675068e-07,0.0,0.0,0.36,0.8181818181818182
0.006762261691380153,0.0033380576849813314,0.0,0.0,0.0033881307248292787,0.36,0.8181818181818182
0.0,0.0007142465993794946,0.0,0.0,0.0,0.36,0.8181818181818182
0.03413720058660583,0.011825992334656034,0.0013594000976172517,0.0,0.0,0.36,0.8181818181818182
0.03413720058660583,0.011923737541166336,0.0014189643697031548,0.0,0.012102601371986751,0.36,0.8181818181818182
0.0,0.0001277753603176837,0.0,0.0,0.0,0.36,0.8181818181818182
0.004888381945576014,0.003225002988294717,0.0,0.0,0.0,0.36,0.8181818181818182
0.004888381945576014,0.002478959755472112,0.0,0.0,0.0025161457667192207,0.36,0.8181818181818182
0.0,0.0007754845600847439,0.0,0.0,0.0,0.36,0.8181818181818182
0.024849274890011406,0.00960493860600026,9.506145449704929e-05,0.0,0.0,0.36,0.8181818181818182
0.024930747922437674,0.009988264686953312,0.00011479788791764653,0.0,0.01013809516409932,0.36,0.8181818181818182
0.0,5.88826545242782e-07,0.0,0.0,0.0,0.36,0.8181818181818182
0.0017924067133778718,0.000478127154737139,0.0,0.0,0.0,0.36,0.8181818181818182
0.0015479876160990713,0.00035094062096469806,0.0,0.0,0.0003562049588989681,0.36,0.8181818181818182
0.038536744337624246,0.011453853958062596,0.0007093046989395217,0.0017309535625182697,0.0,0.36,0.8181818181818182
0.038618217370050514,0.011081126754923915,0.0007156231974087057,8.497562898960578e-07,0.011247350875033021,0.36,0.8181818181818182
0.0,0.0017376271350114498,3.5497182411146117e-06,0.0,0.0,0.36,0.8181818181818182
0.00920645266416816,0.0037396373888369085,0.01091935927585748,0.0,0.0,0.36,0.8181818181818182
0.009287925696594427,0.002528421185272506,0.03454429604650131,0.0,0.002566349150188203,0.36,0.8181818181818182
0.0,0.0011476229366781821,0.008918596086435639,0.0,0.0,0.36,0.8181818181818182
0.04399543751018413,0.01907209180041371,0.0007044770821316058,0.0,0.0,0.36,0.8181818181818182
0.0440769105426104,0.020116670091674404,0.00024620845720370945,8.497562898960578e-07,0.020418433248027425,0.36,0.8181818181818182
0.007821411112921624,0.0061891558170468815,0.0,0.0,0.0,0.36,0.8181818181818182
0.00790288414534789,0.005347722683894946,0.0,0.0,0.005427942007920182,0.36,0.8181818181818182
0.0,0.0010010051269127294,0.0,0.0,0.0,0.36,0.8181818181818182
0.7973765683558742,0.4013806804832853,0.9737158983005724,0.4766325517841483,0.0,0.36,0.9090909090909091
0.7916734560860356,0.3999633749888859,0.4860905355637396,0.47612949606052984,0.40596308616932647,0.36,0.9090909090909091
0.0,0.0014414473827543304,0.11601842303767139,0.00041638058204906833,0.0,0.36,0.9090909090909091
0.01344305035033404,0.00484486481425761,0.08488618715889426,0.0005463932944031652,0.0,0.36,0.9090909090909091
0.019635000814730325,0.005009147420380346,0.012365585481652393,0.00016060393879035494,0.005084287894888459,0.36,0.9090909090909091
0.0,0.0008208242040684381,0.0005575187469494608,0.0,0.0,0.36,0.9090909090909091
0.05263157894736842,0.01720904461126555,0.0006756533700137551,0.0,0.0,0.36,0.9090909090909091
0.052550105914942156,0.017418078034826735,0.00022043750277321738,0.0,0.017679360552332844,0.36,0.9090909090909091
0.0,4.357316434796587e-05,0.0,0.0,0.0,0.36,0.9090909090909091
0.004155124653739612,0.0023759151100546253,0.0,0.0,0.0,0.36,0.9090909090909091
0.003992178588887079,0.002488380980195997,9.371256156542574e-06,0.0,0.002525708315951408,0.36,0.9090909090909091
0.0,0.000229642352644685,0.0,0.0,0.0,0.36,0.9090909090909091
0.032670686002933026,0.011526868449672701,0.0011256156542574433,0.0,0.0,0.36,0.9090909090909091
0.032670686002933026,0.011729424781236219,0.0011214979810977503,0.0,0.011905373794072893,0.36,0.9090909090909091
0.0,0.0001436736770392388,0.0,0.0,0.0,0.36,0.9090909090909091
0.000977676389115203,0.0004893148590967519,0.0,0.0,0.0,0.36,0.9090909090909091
0.000977676389115203,0.00034858531478372697,0.0,0.0,0.0003538143215909213,0.36,0.9090909090909091
0.02607137037640541,0.00808929907854534,9.257665172826907e-05,0.0,0.0,0.36,0.9090909090909091
0.025908424311552877,0.008357215156630805,8.576119270532901e-05,0.0,0.008482578828276936,0.36,0.9090909090909091
0.0006517842594101353,0.00014838428940118107,0.0,0.0,0.0,0.36,0.9090909090909091
0.0008147303242626691,0.00015250607521788054,0.0,0.0,0.0001547937656960281,0.36,0.9090909090909091
0.035196350008147304,0.008765271952484053,0.0007350046590051915,0.0020929497420139904,0.0,0.36,0.9090909090909091
0.035033403943294766,0.008757617207395896,0.0009602697785863247,2.4642932406985675e-05,0.008888987170644886,0.36,0.9090909090909091
0.0,0.0011364352323185692,0.0,0.0,0.0,0.36,0.9090909090909091
0.007006680788658954,0.0027886825182698157,0.011622061498868528,0.0,0.0,0.36,0.9090909090909091
0.0070881538210852205,0.0029517874713020664,0.012816328703909127,0.0,0.002996066206309609,0.36,0.9090909090909091
0.0,0.00010952173741515746,0.010066148999423171,0.0,0.0,0.36,0.9090909090909091
0.05124653739612189,0.01997240758808992,0.0006777122065936016,0.0,0.0,0.36,0.9090909090909091
0.05132801042854815,0.019559640179874733,0.0002807827128721658,0.0,0.019853047524674365,0.36,0.9090909090909091
0.0056216392374124164,0.0048042357826358585,1.7890579935217643e-05,0.0,0.0,0.36,0.9090909090909091
0.005458693172559883,0.004631709604879723,0.0,0.0,0.004701188266273965,0.36,0.9090909090909091
0.0,0.0001442625035844816,0.0,0.0,0.0,0.36,0.9090909090909091
0.7449894085057845,0.3911121343607964,0.7601690375826419,0.4382507596821232,0.0,0.36,1.0
0.7379012546846994,0.39147779564539215,0.43432293561698543,0.628262214396911,0.39735021760776096,0.36,1.0
0.0,0.0013107278897104327,0.09575996805253582,0.0008922441043908607,0.0,0.36,1.0
0.018005540166204988,0.007229612322490878,0.0406789901051604,0.00034755032256748766,0.0,0.36,1.0
0.022730976046928468,0.006851585680445011,0.010020783600301727,0.0,0.006954363929108041,0.36,1.0
0.0,0.0009674420138338908,0.00014198872964458445,0.0004248781449480289,0.0,0.36,1.0
0.046928466677529736,0.014920275829906854,0.00067828016151218,0.0,0.0,0.36,1.0
0.047009939709956004,0.01487729149210413,0.00017855082752806496,0.0,0.015100460556277395,0.36,1.0
0.0,7.301449161010498e-05,0.0,0.0,0.0,0.36,1.0
0.0028515561349193416,0.0016357601426844484,0.0,0.0,0.0,0.36,1.0
0.0029330291673456085,0.0016010193765151244,0.0,0.0,0.001625035710144789,0.36,1.0
0.0,0.00010422229850797242,0.0,0.0,0.0,0.36,1.0
0.04244744989408506,0.021783049214711477,0.001226143674845809,0.0,0.0,0.36,1.0
0.042203030796806255,0.01738687022792887,0.0009226427652305098,0.0,0.017647684608001223,0.36,1.0
0.0,8.066923669826114e-05,0.0,0.0,0.0,0.36,1.0
0.005377220140133616,0.005416026563143109,0.0,0.0,0.0,0.36,1.0
0.0056216392374124164,0.002676216648128444,0.0,0.0,0.0027163616412681376,0.36,1.0
0.027293465862799415,0.011255419412315778,4.366153436570972e-05,0.0,0.0,0.36,1.0
0.02737493889522568,0.009506604572944716,0.0001444025380485424,0.0,0.009649209834603758,0.36,1.0
0.000977676389115203,4.1217858166994743e-05,0.0,0.0,0.0,0.36,1.0
0.0010591494215414698,6.830387924816271e-05,0.0,0.0,6.93284819333562e-05,0.36,1.0
0.0,0.00010775525777942911,0.0,0.0,0.0,0.36,1.0
0.03283363206778556,0.007715394222316173,0.0007301060478324533,0.0017606950326646317,0.0,0.36,1.0
0.03283363206778556,0.007139521861068732,0.0008994276079336203,0.00020054248441546966,0.007246619340016758,0.36,1.0
0.0,0.0015768774881601702,7.099436482229223e-08,0.0,0.0,0.36,1.0
0.00554016620498615,0.0015786439677958986,0.010302560234281404,0.0,0.0,0.36,1.0
0.005703112269838683,0.0015656897838005573,0.012602351688334738,0.00022093663537297502,0.0015891761505240874,0.36,1.0
0.0,8.243571633398949e-05,0.009822851311177175,0.0,0.0,0.36,1.0
0.055157242952582695,0.03024743080257647,0.000601748236233749,0.0,0.0,0.36,1.0
0.055238715985008964,0.024763100360185197,0.00039174690508940853,0.0,0.025134562997476684,0.36,1.0
0.0,9.126811451263121e-05,0.0,0.0,0.0,0.36,1.0
0.012628320026071371,0.010558248782748324,0.0,0.0,0.0,0.36,1.0
0.012546846993645104,0.006598390265990615,0.0,0.0,0.006697370418493014,0.36,1.0
0.0,0.00021551051555885822,0.0,0.0,0.0,0.36,1.0
0.730161316604204,0.3423455198837892,0.7306705950215202,0.47372723502899367,0.0,0.4,0.0
0.7302427896366303,0.35332536847293133,0.3797656121045392,0.4296860660362608,0.35862547917336546,0.4,0.0
0.0,0.0008037482342563974,0.0837499933442783,0.0001546556447610825,0.0,0.4,0.0
0.019064689587746455,0.004950264765856068,0.016384221502418247,0.000808118231691151,0.0,0.4,0.0
0.022323610884797132,0.005499639932567584,0.01678761148333851,9.347319188856636e-06,0.005582138114289197,0.4,0.0
0.0,0.0006011919026928805,0.0009873896259484404,0.0,0.0,0.4,0.0
0.04489164086687306,0.01350355916205272,0.000506544793007055,0.0,0.0,0.4,0.0
0.0448101678344468,0.014565802249670698,0.00018309446687669165,0.0,0.01478429877228821,0.4,0.0
0.0030145021997718753,0.001953726477115551,0.0,0.0,0.0,0.4,0.0
0.0028515561349193416,0.0019637365283846782,0.0,0.0,0.0019931938555839907,0.4,0.0
0.056379338438976696,0.028248953508022468,0.000981994054221946,0.0,0.0,0.4,0.0
0.0571125957308131,0.029375967515617152,0.0010979278519767494,0.0,0.029816626165286273,0.4,0.0
0.0,8.361336942447505e-05,0.0,0.0,0.0,0.4,0.0
0.019309108685025257,0.01708480221021932,0.0,0.0,0.0,0.4,0.0
0.01841290532833632,0.016309317650134575,0.0,0.0,0.01655396803956983,0.4,0.0
0.027782304057357016,0.009585507330007249,7.873275058792209e-05,0.0,0.0,0.4,0.0
0.027619357992504482,0.010839119044829131,7.333717886142787e-05,0.0,0.011001712891631215,0.4,0.0
0.0010591494215414698,6.241561379573489e-05,0.0,0.0,0.0,0.4,0.0
0.0010591494215414698,4.7694950164665346e-05,0.0,0.0,4.8410405487947004e-05,0.4,0.0
0.02973765683558742,0.006547162356554493,0.00042546922837999736,0.0014318393484748573,0.0,0.4,0.0
0.02949323773830862,0.007190160943959611,0.0008030172605049474,0.0,0.007298018042139764,0.4,0.0
0.0,0.0010333905869010823,0.0,0.0,0.0,0.4,0.0
0.005947531367117484,0.002063837041075951,0.010776802591294316,0.0,0.0,0.4,0.0
0.006029004399543751,0.002066192347256922,0.010655473221813018,0.0,0.002097186578484025,0.4,0.0
0.0,0.00025731720027109573,0.008318906686781737,0.0,0.0,0.4,0.0
0.06322307316278312,0.0325132353486707,0.00048382659626392156,0.0,0.0,0.4,0.0
0.06330454619520938,0.034932723623073286,8.029462661401251e-05,0.0,0.035456737234295606,0.4,0.0
0.031530063548965294,0.026743324031836675,0.0,0.0,0.0,0.4,0.0
0.031448590516539025,0.025582746911163152,0.0,0.0,0.02596650478067696,0.4,0.0
0.0,8.243571633398949e-05,0.0,0.0,0.0,0.4,0.0
0.712155776437999,0.35036887038926734,0.7445546079779918,0.4319251738601369,0.0,0.4,0.09090909090909091
0.7076747596545544,0.3459155752275962,0.43131731818786884,0.39428181997403144,0.3511045342022503,0.4,0.09090909090909091
0.0,0.000721312517922408,0.08896935705728358,0.0004920088918498175,0.0,0.4,0.09090909090909091
0.0115691706045299,0.0030589539025362524,0.00540579491502862,0.0004027844814107314,0.0,0.4,0.09090909090909091
0.015887241323122046,0.003756713358648949,0.0027129786573190755,0.0,0.0038130665063345914,0.4,0.09090909090909091
0.0,0.0006930488437507544,0.0,0.0,0.0,0.4,0.09090909090909091
0.045787844223562,0.014580522913301768,0.000490997027110973,0.0,0.0,0.4,0.09090909090909091
0.04538047906143067,0.014833718327756165,0.00016193814615964857,0.0,0.01505623376607853,0.4,0.09090909090909091
0.0,0.00012129826832001309,0.0,0.0,0.0,0.4,0.09090909090909091
0.0030145021997718753,0.0023429408235210295,8.306340684208192e-06,0.0,0.0,0.4,0.09090909090909091
0.00342186736190321,0.002445396642393274,4.756622443093579e-06,0.0,0.0024820791850795544,0.4,0.09090909090909091
0.0,0.00023670827118759836,0.0,0.0,0.0,0.4,0.09090909090909091
0.052957471077073485,0.027501143795564134,0.001205981275236278,0.0,0.0,0.4,0.09090909090909091
0.05360925533648363,0.027200842257490317,0.0010759195988818387,0.0,0.027608872611305086,0.4,0.09090909090909091
0.0,0.00010893291086991467,0.0,0.0,0.0,0.4,0.09090909090909091
0.015316930096138178,0.014499264850058265,7.099436482229223e-08,0.0,0.0,0.4,0.09090909090909091
0.014665145836728044,0.014296708518494747,0.0,0.0,0.014511168459843867,0.4,0.09090909090909091
0.02501222095486394,0.010063634484744387,8.994986022984426e-05,0.0,0.0,0.4,0.09090909090909091
0.02501222095486394,0.009935859124426703,0.00011955451036074012,0.0,0.01008490348399528,0.4,0.09090909090909091
0.0010591494215414698,0.00047282771582995395,0.0,0.0,0.0,0.4,0.09090909090909091
0.0010591494215414698,0.0005199338394493765,0.0,0.0,0.0005277331857513236,0.4,0.09090909090909091
0.031204171419260227,0.007352088243901376,0.0004410879886409016,0.001012909497556101,0.0,0.4,0.09090909090909091
0.031122698386833958,0.007277307272655543,0.0006868704796556773,8.497562898960578e-07,0.007386471622537494,0.4,0.09090909090909091
0.0,0.0011458564570424538,7.099436482229224e-07,0.0,0.0,0.4,0.09090909090909091
0.006191950464396285,0.002069136479983136,0.012569552291786839,0.0,0.0,0.4,0.09090909090909091
0.006436369561675086,0.0021291967875979,0.01228465190575498,0.0,0.002161136126474276,0.4,0.09090909090909091
0.0,0.00020255633156351702,0.009488396858499356,0.0,0.0,0.4,0.09090909090909091
0.05963825973602738,0.032676340301702946,0.0003052047743710343,0.0,0.0,0.4,0.09090909090909091
0.05939384063874857,0.03219055840187765,6.368194524559613e-05,0.0,0.03267343774840216,0.4,0.09090909090909091
0.0,2.7674847626410755e-05,0.0,0.0,0.0,0.4,0.09090909090909091
0.02395307153332247,0.023252760271637463,2.2718196743133515e-05,0.0,0.0,0.4,0.09090909090909091
0.02419749063060127,0.022913007355032378,0.0,0.0,0.023256717392005948,0.4,0.09090909090909091
0.0,0.0002608501595425524,0.0,0.0,0.0,0.4,0.09090909090909091
0.8240997229916898,0.43022964824091015,0.9575360695744776,0.47031631328135093,0.0,0.4,0.18181818181818182
0.8174189343327358,0.4353653933685177,0.4693557438878289,0.44155716140610873,0.4418961578872504,0.4,0.18181818181818182
0.0,0.0010333905869010823,0.0897439765718596,6.968001577147675e-05,0.0,0.4,0.18181818181818182
0.01450219977187551,0.00508392839162618,0.017695842392510094,0.00011386734284607175,0.0,0.4,0.18181818181818182
0.02077562326869806,0.006034883262193273,0.007418201180281315,0.0,0.006125410442542826,0.4,0.18181818181818182
0.0,0.0007531091513655182,6.389492834006301e-05,0.0,0.0,0.4,0.18181818181818182
0.053935147466188695,0.018730572404172897,0.0006300749877978435,0.0,0.0,0.4,0.18181818181818182
0.05369072836890989,0.0191421621592976,0.00025657363446776415,0.0,0.019429307061823078,0.4,0.18181818181818182
0.0,2.1786582173982936e-05,0.0,0.0,0.0,0.4,0.18181818181818182
0.004399543751018413,0.003083095790891207,0.0,0.0,0.0,0.4,0.18181818181818182
0.0046439628482972135,0.0030807404847102357,0.0,0.0,0.0031269535989251695,0.4,0.18181818181818182
0.0,0.00017547031048234903,0.0,0.0,0.0,0.4,0.18181818181818182
0.056705230568681764,0.029041514037919252,0.0010705950215201669,0.0,0.0,0.4,0.18181818181818182
0.05694964966596057,0.031223705214589004,0.0010909704042241647,0.0,0.03169208113344896,0.4,0.18181818181818182
0.0,0.00013837423813205376,0.0,0.0,0.0,0.4,0.18181818181818182
0.012954212155776438,0.011578685185654065,0.0,0.0,0.0,0.4,0.18181818181818182
0.012546846993645104,0.013253307880324538,0.0,0.0,0.013452116132379151,0.4,0.18181818181818182
0.0,2.8263674171653538e-05,0.0,0.0,0.0,0.4,0.18181818181818182
0.027537884960078213,0.011714115291059906,5.11869370368727e-05,0.0,0.0,0.4,0.18181818181818182
0.027619357992504482,0.011891940907723225,8.874295602786528e-05,0.0,0.01207032776832812,0.4,0.18181818181818182
0.0022812449079354733,0.000624156137957349,0.0,0.0,0.0,0.4,0.18181818181818182
0.0021997718755092065,0.0006035472088738516,0.0,0.0,0.0006126008101869837,0.4,0.18181818181818182
0.03935147466188692,0.00966617656670551,0.0005877623463637574,0.0010655943875296566,0.0,0.4,0.18181818181818182
0.03943294769431318,0.00992231611388612,0.0007482096108621378,1.1046831768648751e-05,0.010071157319474012,0.4,0.18181818181818182
0.0,0.0015680450899815284,0.0,0.0,0.0,0.4,0.18181818181818182
0.008391722339905492,0.0030931058421603337,0.013295114700270666,0.0,0.0,0.4,0.18181818181818182
0.008065830210200424,0.0033987068191413377,0.01379945866796823,0.0,0.003449689635511483,0.4,0.18181818181818182
0.0,0.0002649719453592519,0.012021617784088388,0.0,0.0,0.4,0.18181818181818182
0.06428222258432459,0.03370737558242306,0.000440945999911257,0.0,0.0,0.4,0.18181818181818182
0.06436369561675086,0.036008509721231846,0.00019132981319607757,0.0,0.03654866082474596,0.4,0.18181818181818182
0.02004236597686166,0.016140324431649897,1.654168700359409e-05,0.0,0.0,0.4,0.18181818181818182
0.019960892944435392,0.02004601090624527,0.00018707015130674001,0.0,0.020346714128786022,0.4,0.18181818181818182
0.0,0.0002060892908349737,0.0,0.0,0.0,0.4,0.18181818181818182
0.7248655694964966,0.41014948539504076,0.8450252651195811,0.36711936016750396,0.0,0.4,0.2727272727272727
0.7183477269023953,0.3861365500534949,0.4458014465101833,0.4114018599465673,0.3919288498524379,0.4,0.2727272727272727
0.0,0.001010426351636614,0.09289172471935041,5.9482940292724045e-05,0.0,0.4,0.2727272727272727
0.022893922111781,0.012889413075364498,0.030370040378044992,0.0,0.0,0.4,0.2727272727272727
0.029900602900439954,0.011269551249401604,0.01893242223898478,0.0,0.011438601859676762,0.4,0.2727272727272727
0.0,0.00036801659077673876,0.005104707813817278,0.0,0.0,0.4,0.2727272727272727
0.04513605996415187,0.015017432209871912,0.0007900962861072902,0.0,0.0,0.4,0.2727272727272727
0.0448101678344468,0.014794855775770142,0.00019729333984115012,0.0,0.01501678825049576,0.4,0.2727272727272727
0.0,2.1786582173982936e-05,0.0,0.0,0.0,0.4,0.2727272727272727
0.006354896529248819,0.0029888835436523613,0.0009072369880640725,0.0,0.0,0.4,0.2727272727272727
0.006680788658953886,0.0026243999121470796,0.0,0.0,0.0026637676204911086,0.4,0.2727272727272727
0.0,0.00047577184855616787,0.0,0.0,0.0,0.4,0.2727272727272727
0.03796643311064038,0.013821525496483822,0.000974184674091494,0.0,0.0,0.4,0.2727272727272727
0.03796643311064038,0.01483077419502995,0.0009631805475440387,0.0,0.015053245469443472,0.4,0.2727272727272727
0.0,7.478097124583331e-05,0.0,0.0,0.0,0.4,0.2727272727272727
0.0056216392374124164,0.003557101159811646,0.0,0.0,0.0,0.4,0.2727272727272727
0.00554016620498615,0.0054454678904052485,0.0,0.0,0.005527153456204122,0.4,0.2727272727272727
0.0,2.7086021081167974e-05,0.0,0.0,0.0,0.4,0.2727272727272727
0.020694150236271795,0.00732323574318448,4.550738785108932e-05,0.0,0.0,0.4,0.2727272727272727
0.020694150236271795,0.007865544991353082,9.811421218440786e-05,0.0,0.007983533290222174,0.4,0.2727272727272727
0.0014665145836728042,0.00021079990319691595,0.0,0.0,0.0,0.4,0.2727272727272727
0.0014665145836728042,0.0002844032213522637,0.0,0.0,0.00028866945494664695,0.4,0.2727272727272727
0.0334854163271957,0.007764855652116567,0.0005437458401739362,0.0011259270841122767,0.0,0.4,0.2727272727272727
0.0337298354244745,0.008060446577828444,0.0006478945733682389,0.0,0.008181358527463043,0.4,0.2727272727272727
0.0,0.001517994833635892,0.0,0.0,0.0,0.4,0.2727272727272727
0.009858236923578295,0.005380108143883299,0.020834787238762923,0.0,0.0,0.4,0.2727272727272727
0.009613817826299494,0.004714734147758955,0.017801411013000843,0.0,0.004785458231382613,0.4,0.2727272727272727
0.0,0.0004416199089320865,0.0043939122332164885,0.0,0.0,0.4,0.2727272727272727
0.043506599315626525,0.018903687408474274,0.0003907529839818964,0.0,0.0,0.4,0.2727272727272727
0.04342512628320026,0.018890733224478932,0.0005528331188711896,0.0,0.019174106529189085,0.4,0.2727272727272727
0.011487697572103633,0.00815701413124826,6.389492834006301e-06,0.0,0.0,0.4,0.2727272727272727
0.0115691706045299,0.008008629841847078,0.0009641034742867285,0.0,0.008128764506686014,0.4,0.2727272727272727
0.0,0.0005081573085445208,0.0,0.0,0.0,0.4,0.2727272727272727
0.8627179403617402,0.5072163637252229,1.0,0.45697938831143226,0.0,0.4,0.36363636363636365
0.8587257617728532,0.5114470824527924,0.48049085503838135,0.43388046308318773,0.519119121871104,0.4,0.36363636363636365
0.0,0.0018118192797120403,0.1158678439898833,8.412587269970972e-05,0.0,0.4,0.36363636363636365
0.029900602900439954,0.015433732577358559,0.04873969028708346,0.0,0.0,0.4,0.36363636363636365
0.0347075118135897,0.016200973565809903,0.009177654523672184,0.0,0.01644399872339968,0.4,0.36363636363636365
0.0,0.0008826509913189303,0.0,0.0,0.0,0.4,0.36363636363636365
0.05369072836890989,0.02093219485683566,0.0008184940320362071,0.0,0.0,0.4,0.36363636363636365
0.054098093531041225,0.02094338256119527,0.00017883480498735412,0.0,0.02125754694315184,0.4,0.36363636363636365
0.0,8.243571633398949e-05,0.0,0.0,0.0,0.4,0.36363636363636365
0.011487697572103633,0.0057869872866460614,7.142033101122599e-05,0.0,0.0,0.4,0.36363636363636365
0.010998859377546032,0.0065866137350857595,0.0,0.0,0.00668541723195278,0.4,0.36363636363636365
0.0,0.0009173917574882543,0.0,0.0,0.0,0.4,0.36363636363636365
0.03812937917549291,0.01258498975147398,0.0009487686914851133,0.0,0.0,0.4,0.36363636363636365
0.03821085220791918,0.013170283337445306,0.0008205528686160537,0.0,0.013367846167270502,0.4,0.36363636363636365
0.0,0.0001271865337724409,0.0,0.0,0.0,0.4,0.36363636363636365
0.008473195372331759,0.0049084580811438305,0.0,0.0,0.0,0.4,0.36363636363636365
0.008310249307479225,0.005053898237818798,0.0,0.0,0.0051297100037413475,0.4,0.36363636363636365
0.0,0.0005334768499899605,0.0,0.0,0.0,0.4,0.36363636363636365
0.02607137037640541,0.010759038634676112,9.754625726582952e-05,0.0,0.0,0.4,0.36363636363636365
0.02607137037640541,0.010111329434909052,0.00011685672449749301,0.0,0.010263005963444765,0.4,0.36363636363636365
0.0035848134267557437,0.00053759863580666,0.0,0.0,0.0,0.4,0.36363636363636365
0.003503340394329477,0.0005140455739969487,0.0,0.0,0.0005217565924812066,0.4,0.36363636363636365
0.0,4.1806684712237524e-05,0.0,0.0,0.0,0.4,0.36363636363636365
0.040980935310412255,0.01190783922444478,0.000655206992944935,0.0008616528779546027,0.0,0.4,0.36363636363636365
0.04065504318070719,0.011864854886642058,0.0004995873452544704,1.1046831768648751e-05,0.012042835439285582,0.4,0.36363636363636365
0.0,0.0017812002993594157,4.969605537560456e-07,0.0,0.0,0.4,0.36363636363636365
0.013117158220628972,0.005664511365235563,0.009315738563251541,0.0,0.0,0.4,0.36363636363636365
0.013280104285481506,0.007395661408249342,0.011057727292896126,0.0,0.0075066011472668445,0.4,0.36363636363636365
0.0,0.0005841159328808398,0.009238141722500776,0.0,0.0,0.4,0.36363636363636365
0.04847645429362881,0.020965169143369253,0.0005487864400763189,0.0,0.0,0.4,0.36363636363636365
0.04855792732605507,0.02105290429861043,0.0003199716022540711,0.00011046831768648751,0.021368711577976016,0.4,0.36363636363636365
0.015398403128564445,0.01049171138313589,0.0,0.0,0.0,0.4,0.36363636363636365
0.015235457063711912,0.011783007996853312,0.0,0.0,0.011959760792830957,0.4,0.36363636363636365
0.0,0.0003792042951363516,0.0,0.0,0.0,0.4,0.36363636363636365
0.8702949323773831,0.5123067692088468,0.8743451568531748,0.4368639574170128,0.0,0.4,0.45454545454545453
0.8643474010102656,0.5223863020103127,0.43011154989572703,0.427354334776786,0.5302224368483273,0.4,0.45454545454545453
0.0,0.0017847332586308723,0.11560353196964991,5.2684889973555584e-05,0.0,0.4,0.45454545454545453
0.027700831024930747,0.016239836117795926,0.02605443492922749,0.0,0.0,0.4,0.45454545454545453
0.0332409972299169,0.019390646961390055,0.00011522385410658029,0.0,0.01968151929782201,0.4,0.45454545454545453
0.0,0.0009256353291216533,0.0028960021298309446,0.0,0.0,0.4,0.45454545454545453
0.0549128238553039,0.020709029596188644,0.0007424590673115321,0.0,0.0,0.4,0.45454545454545453
0.055157242952582695,0.021087645064779753,0.0002650929582464392,0.0,0.021403973478269705,0.4,0.45454545454545453
0.0,0.00013189714613438317,0.0,0.0,0.0,0.4,0.45454545454545453
0.013280104285481506,0.007552878095829165,1.7748591205573057e-05,0.0,0.0,0.4,0.45454545454545453
0.013198631253055239,0.00803865999565446,3.4787238762923194e-05,0.0,0.00815924513236361,0.4,0.45454545454545453
0.0,0.0021456839308646976,0.0,0.0,0.0,0.4,0.45454545454545453
0.04049209711585465,0.014450981073348357,0.0010131605803789323,0.0,0.0,0.4,0.45454545454545453
0.04041062408342839,0.014033503052771224,0.0008034432266938812,0.0,0.014244014740669641,0.4,0.45454545454545453
0.0,0.00018606918829671912,0.0,0.0,0.0,0.4,0.45454545454545453
0.00896203356688936,0.0064305747005964226,0.0,0.0,0.0,0.4,0.45454545454545453
0.00896203356688936,0.006212708878856593,0.0,0.0,0.006305903559300356,0.4,0.45454545454545453
0.0,0.0004198333267581036,0.0,0.0,0.0,0.4,0.45454545454545453
0.025745478246700343,0.010405742707530443,2.2079247459732884e-05,0.0,0.0,0.4,0.45454545454545453
0.025745478246700343,0.009931148512064761,6.957447752584639e-05,0.0,0.010080122209379188,0.4,0.45454545454545453
0.0018738797458041389,9.48010737840879e-05,0.0,0.0,0.0,0.4,0.45454545454545453
0.0017924067133778718,0.0003633059784147965,0.0,0.0,0.0003687558047662136,0.4,0.45454545454545453
0.042284503829232524,0.011924915194256822,0.0005012202156453832,0.0007375884596297782,0.0,0.4,0.45454545454545453
0.04244744989408506,0.012050924074938777,0.0004951147002706661,0.000544693781823373,0.012231695786621276,0.4,0.45454545454545453
0.0,0.0019160415782200127,0.0,0.0,0.0,0.4,0.45454545454545453
0.01605018738797458,0.009002569050216895,0.013035914274304478,0.0,0.0,0.4,0.45454545454545453
0.015968714355548315,0.009291682883931101,0.013423685494963837,0.0,0.00943106418024449,0.4,0.45454545454545453
0.0,0.0022569721479155833,0.009990398012157784,0.0,0.0,0.4,0.45454545454545453
0.04872087339090761,0.022026234577896747,0.0004833296357101655,0.0,0.0,0.4,0.45454545454545453
0.04872087339090761,0.02158049288314796,0.0003014420730354528,0.0,0.02190421433497849,0.4,0.45454545454545453
0.01841290532833632,0.015661019623822273,0.0,0.0,0.0,0.4,0.45454545454545453
0.01849437836076259,0.0145575586780373,0.0,0.0,0.014775931541710047,0.4,0.45454545454545453
0.0,0.0011593994675830378,0.0,0.0,0.0,0.4,0.45454545454545453
0.8776275052957471,0.5595706983423944,0.7472354261880463,0.4518239169006329,0.0,0.4,0.5454545454545454
0.8710281896692195,0.582668597232633,0.3811257221458047,0.4159115165770457,0.5914090057698032,0.4,0.5454545454545454
0.0,0.0013525345744226703,0.1152553756045614,0.0,0.0,0.4,0.5454545454545454
0.03633697246211504,0.024046498454624733,0.009735457248080934,0.0,0.0,0.4,0.5454545454545454
0.04252892292651132,0.027344515934529554,0.013356737808936415,0.0,0.027754701487095936,0.4,0.5454545454545454
0.0,0.0013919859529539368,0.004122145804676754,0.0,0.0,0.4,0.5454545454545454
0.05360925533648363,0.020631893318761838,0.0011538004170918933,0.0,0.0,0.4,0.5454545454545454
0.05360925533648363,0.021364982367589103,0.00026431202023339395,0.0,0.021685471021292212,0.4,0.5454545454545454
0.0,0.00038038194822683717,0.0,0.0,0.0,0.4,0.5454545454545454
0.015968714355548315,0.01015313611962129,0.0,0.0,0.0,0.4,0.5454545454545454
0.016294606485253382,0.010887402821539039,0.0,0.0,0.011050720956446174,0.4,0.5454545454545454
0.0,0.002498391031465124,0.0,0.0,0.0,0.4,0.5454545454545454
0.03902558253218185,0.013743800392511775,0.0009012734614189999,0.0,0.0,0.4,0.5454545454545454
0.03902558253218185,0.014112994636379,0.0009814260993033677,0.0,0.01432469874981622,0.4,0.5454545454545454
0.0,0.00011953178868428476,0.0,0.0,0.0,0.4,0.5454545454545454
0.01026560208570963,0.006302210513733496,0.0,0.0,0.0,0.4,0.5454545454545454
0.009858236923578295,0.006166191581782414,0.0,0.0,0.006258688472466432,0.4,0.5454545454545454
0.0,0.0005964812903309382,0.0,0.0,0.0,0.4,0.5454545454545454
0.026641681603389276,0.012881758330276343,0.0,0.0,0.0,0.4,0.5454545454545454
0.026641681603389276,0.011627557788909216,0.0,0.0,0.01180197873049987,0.4,0.5454545454545454
0.0030959752321981426,0.0010492889036226377,0.0,0.0,0.0,0.4,0.5454545454545454
0.0030959752321981426,0.0008891280833166009,0.0,0.0,0.000902465583787654,0.4,0.5454545454545454
0.0,7.772510397204723e-05,0.0,0.0,0.0,0.4,0.5454545454545454
0.04024767801857585,0.011200069717062956,0.0006828238008608066,0.0004894596229801293,0.0,0.4,0.5454545454545454
0.04049209711585465,0.011782419170308069,0.0004679948529085504,0.0001453083255722259,0.011959163133503946,0.4,0.5454545454545454
0.0,0.0018436159131551505,2.129830944668767e-05,4.248781449480289e-05,0.0,0.4,0.5454545454545454
0.017842594101352454,0.011576329879473095,0.01337512534942539,0.0,0.0,0.4,0.5454545454545454
0.017761121068926185,0.012590878016926408,0.021012273150818654,0.0,0.012779749389490997,0.4,0.5454545454545454
0.0,0.002234007912651115,0.010652278475396015,0.0,0.0,0.4,0.5454545454545454
0.04709141274238227,0.023554828289347008,0.0005323867418023695,0.0,0.0,0.4,0.5454545454545454
0.04733583183966107,0.022796419699074307,0.00026232417801836977,0.0,0.02313838084525763,0.4,0.5454545454545454
0.0,1.4720663631069551e-05,0.0,0.0,0.0,0.4,0.5454545454545454
0.019797946879582858,0.0167968660295956,0.0,0.0,0.0,0.4,0.5454545454545454
0.019635000814730325,0.017312089256683035,0.0,0.0,0.01757178187347074,0.4,0.5454545454545454
0.0,0.0011305469668661415,0.0,0.0,0.0,0.4,0.5454545454545454
0.8662212807560697,0.5655101917042583,0.7369877445977725,0.45841292717248694,0.0,0.4,0.6363636363636364
0.8610884797132149,0.5559494150891513,0.41068202511425655,0.4005674672503926,0.5642890184879936,0.4,0.6363636363636364
0.0,0.0012053279381119748,0.1339002706660159,0.0,0.0,0.4,0.6363636363636364
0.03136711748411276,0.025000397457918037,0.008840360296401473,0.0,0.0,0.4,0.6363636363636364
0.03698875672152518,0.022840581689967516,0.004822718196743133,0.0,0.02318320529478351,0.4,0.6363636363636364
0.0,0.0017635355030021322,0.0046573013267071925,0.0,0.0,0.4,0.6363636363636364
0.05140948346097442,0.019878195340851078,0.000923423703243555,0.0,0.0,0.4,0.6363636363636364
0.05083917223399055,0.02012844662257926,0.0002148999423170786,0.0,0.020430386434567658,0.4,0.6363636363636364
0.0,0.0005705729223402558,0.0,0.0,0.0,0.4,0.6363636363636364
0.01344305035033404,0.009912894889162235,3.5852154235257576e-05,0.0,0.0,0.4,0.6363636363636364
0.01368746944761284,0.00955606600274511,0.0,0.0,0.00969941321807274,0.4,0.6363636363636364
0.0,0.0025301876649082345,0.0,0.0,0.0,0.4,0.6363636363636364
0.03690728368909891,0.013940468458622865,0.0009366996494653237,0.0,0.0,0.4,0.6363636363636364
0.03707022975395144,0.01442212857263146,0.0007525402671162976,0.0,0.014638469896497358,0.4,0.6363636363636364
0.0,0.00011835413559379918,0.0,0.0,0.0,0.4,0.6363636363636364
0.008799087502036826,0.005915351473508988,0.0,0.0,0.0,0.4,0.6363636363636364
0.008799087502036826,0.00605961397709347,0.0,0.0,0.006150512134277316,0.4,0.6363636363636364
0.0,0.000624156137957349,0.0,0.0,0.0,0.4,0.6363636363636364
0.025908424311552877,0.011719414729967091,0.0,0.0,0.0,0.4,0.6363636363636364
0.025745478246700343,0.012718064550698849,0.0,0.0,0.012908843804125523,0.4,0.6363636363636364
0.0030959752321981426,0.0005423092481686022,0.0,0.0,0.0,0.4,0.6363636363636364
0.003340394329476943,0.0005587963914354001,0.0,0.0,0.0005671787013340952,0.4,0.6363636363636364
0.0344630927163109,0.011162973644712661,0.0006461907086125039,0.00032970544047967044,0.0,0.4,0.6363636363636364
0.0344630927163109,0.011068761397473816,0.000514070195678218,8.497562898960578e-07,0.011234800029165775,0.4,0.6363636363636364
0.0,0.0014320261580304458,1.2211030749434263e-05,0.0,0.0,0.4,0.6363636363636364
0.016946390744663517,0.01176593202704127,0.01240264454008963,0.0,0.0,0.4,0.6363636363636364
0.016701971647384715,0.011347276353373651,0.013277437103429915,0.0,0.011517492890842305,0.4,0.6363636363636364
0.0,0.0025225329198200783,0.01002617917202822,0.0,0.0,0.4,0.6363636363636364
0.04733583183966107,0.023944042635752488,0.000561920397568443,0.0,0.0,0.4,0.6363636363636364
0.04758025093693987,0.02544967211193828,0.00018699915694191774,0.0,0.025831433772772316,0.4,0.6363636363636364
0.01841290532833632,0.017164293793827095,1.4198872964458447e-05,0.00011131807397638358,0.0,0.4,0.6363636363636364
0.018087013198631253,0.01732209930795216,1.4198872964458447e-05,0.00011131807397638358,0.017581942082029938,0.4,0.6363636363636364
0.0,0.0008484990516948489,3.691706970759196e-06,0.0,0.0,0.4,0.6363636363636364
0.8629623594590191,0.5613448327232109,0.8008493055863691,0.5059958803815066,0.0,0.4,0.7272727272727273
0.8555483135082288,0.5410980319650378,0.46147089674757064,0.4297540465394525,0.5492148549421048,0.4,0.7272727272727273
0.0,0.001021025229450984,0.14260993033677952,1.6995125797921156e-06,0.0,0.4,0.7272727272727273
0.027619357992504482,0.02035043423013579,0.0016326574078182545,0.0,0.0,0.4,0.7272727272727273
0.03527782304057357,0.018677578015101046,0.0006429249678306785,0.0,0.01895775385281085,0.4,0.7272727272727273
0.0,0.0040075534669223745,0.0022870834627501443,0.0,0.0,0.4,0.7272727272727273
0.05597197327684537,0.023047848633892972,0.0009266184496605582,0.0,0.0,0.4,0.7272727272727273
0.05597197327684537,0.021936144116474602,0.00024542751919066425,0.0,0.022265200568493553,0.4,0.7272727272727273
0.0,8.125806324350391e-05,0.0,0.0,0.0,0.4,0.7272727272727273
0.012954212155776438,0.008336017401002064,0.0001856502640102942,0.0,0.0,0.4,0.7272727272727273
0.012954212155776438,0.007298505028284283,0.0,0.0,0.007407987358309915,0.4,0.7272727272727273
0.0,0.002564339604532316,0.0,0.0,0.0,0.4,0.7272727272727273
0.04065504318070719,0.015630989470014893,0.001159834938101788,0.0,0.0,0.4,0.7272727272727273
0.040736516213133456,0.014958549555347634,0.0009523894040910503,0.00015380588847118646,0.015182937543405009,0.4,0.7272727272727273
0.0,0.00019019097411341858,0.0,0.0,0.0,0.4,0.7272727272727273
0.007251099885937755,0.0044315085794971775,6.318498469184009e-06,0.0,0.0,0.4,0.7272727272727273
0.0070881538210852205,0.004661739758687105,0.0,0.0,0.004731668891951561,0.4,0.7272727272727273
0.0,0.0005682176161592846,0.0,0.0,0.0,0.4,0.7272727272727273
0.024849274890011406,0.010383367298811218,0.0,0.0,0.0,0.4,0.7272727272727273
0.02476780185758514,0.010590634242736678,0.0,0.0,0.010749500655632281,0.4,0.7272727272727273
0.0021997718755092065,0.000494614298003937,0.0,0.0,0.0,0.4,0.7272727272727273
0.0021997718755092065,0.00047577184855616787,0.0,0.0,0.00048290873622544665,0.4,0.7272727272727273
0.04049209711585465,0.013280982727950948,0.00031585392909437815,0.0013120237115995133,0.0,0.4,0.7272727272727273
0.04065504318070719,0.01292120970880761,0.0004779340639836713,0.0004962576732992978,0.013115036271944557,0.4,0.7272727272727273
0.0,0.0019472493851178801,0.0,0.0,0.0,0.4,0.7272727272727273
0.01450219977187551,0.009809261417199506,0.013578879176465369,0.0,0.0,0.4,0.7272727272727273
0.01450219977187551,0.008084588466183398,0.024042667613258198,0.0,0.008205862559870523,0.4,0.7272727272727273
0.0,0.0017594137171854326,0.011637964236588721,0.0,0.0,0.4,0.7272727272727273
0.0465211015153984,0.023772105284541597,0.00026651284554288506,0.0,0.0,0.4,0.7272727272727273
0.046765520612677206,0.023170913381848714,0.00018039668101344457,0.0,0.023518492177237067,0.4,0.7272727272727273
0.0,0.0001831250555705052,0.0,0.0,0.0,0.4,0.7272727272727273
0.01898321655532019,0.015210567316711545,2.3428140391356435e-05,0.0,0.0,0.4,0.7272727272727273
0.018575851393188854,0.01489848924773287,0.0,0.0,0.015121976292049815,0.4,0.7272727272727273
0.0,0.0009792185447387465,0.0,0.0,0.0,0.4,0.7272727272727273
0.8641029819129868,0.5175956092382175,0.9015606336247061,0.3594698540458596,0.0,0.4,0.8181818181818182
0.8554668404758025,0.5244683926742912,0.47545820650485865,0.476217870714679,0.5323357602286406,0.4,0.8181818181818182
0.0,0.0011511558959496388,0.1384564050228513,0.0006781055193370542,0.0,0.4,0.8181818181818182
0.022812449079354733,0.015295358339226506,0.004046820783600301,8.497562898960577e-06,0.0,0.4,0.8181818181818182
0.03136711748411276,0.012986569455329557,0.0040914052447087014,0.0,0.013181376457242855,0.4,0.8181818181818182
0.0,0.004334941026077361,0.0014856990726361094,0.0,0.0,0.4,0.8181818181818182
0.05417956656346749,0.02122896343563802,0.0008132404490393575,0.0,0.0,0.4,0.8181818181818182
0.05417956656346749,0.021233674047999963,0.00019154279629054444,0.0,0.021552192991368603,0.4,0.8181818181818182
0.0,0.00015898316721555116,0.0,0.0,0.0,0.4,0.8181818181818182
0.007658465048069089,0.005029756349463844,0.00020446377068820162,0.0,0.0,0.4,0.8181818181818182
0.007658465048069089,0.003878011626968962,0.0,0.0,0.003936184327699,0.4,0.8181818181818182
0.0,0.001156455334856824,0.0,0.0,0.0,0.4,0.8181818181818182
0.03633697246211504,0.012321195459205214,0.0015498069840706394,3.399025159584231e-05,0.0,0.4,0.8181818181818182
0.036255499429688774,0.012472523881332609,0.0014188223809735103,0.0,0.012659619864761648,0.4,0.8181818181818182
0.0,0.00017782561666332018,0.0,0.0,0.0,0.4,0.8181818181818182
0.00472543588072348,0.003222647682113746,0.0,0.0,0.0,0.4,0.8181818181818182
0.004806908913149747,0.0025054569500080376,0.0,0.0,0.002543040436434747,0.4,0.8181818181818182
0.0,0.0004975584307301508,0.0,0.0,0.0,0.4,0.8181818181818182
0.024686328825158872,0.00956666488055948,3.1947464170031503e-06,0.0,0.0,0.4,0.8181818181818182
0.024604855792732607,0.009794540753568436,0.0,0.0,0.009941465245512475,0.4,0.8181818181818182
0.002770083102493075,0.000624156137957349,0.0,0.0,0.0,0.4,0.8181818181818182
0.0028515561349193416,0.0005805829736093831,0.0,0.0,0.0005892920964335278,0.4,0.8181818181818182
0.0,4.1806684712237524e-05,0.0,0.0,0.0,0.4,0.8181818181818182
0.043262180218347726,0.012571446740933396,0.0004708346275014421,0.0006984996702945595,0.0,0.4,0.8181818181818182
0.04342512628320026,0.012611486946009906,0.001347331055597462,5.2684889973555584e-05,0.012800667465936407,0.4,0.8181818181818182
0.0,0.001755880757913976,9.513244886187158e-06,0.0,0.0,0.4,0.8181818181818182
0.009695290858725761,0.005504350544929527,0.01236636641966544,0.0,0.0,0.4,0.8181818181818182
0.009613817826299494,0.004351428169344159,0.012863681945245595,0.0,0.004416702426616399,0.4,0.8181818181818182
0.0,0.0007301449161010497,0.012280676221324933,0.0,0.0,0.4,0.8181818181818182
0.04749877790451361,0.02177303916344235,0.0005178328970137996,8.497562898960578e-07,0.0,0.4,0.8181818181818182
0.04758025093693987,0.022795830872529062,0.0003656919731996273,0.0,0.02313778318593062,0.4,0.8181818181818182
0.0,5.593852179806429e-05,0.0,0.0,0.0,0.4,0.8181818181818182
0.010510021182988431,0.009028477418207576,0.0,0.0,0.0,0.4,0.8181818181818182
0.010591494215414698,0.0085167871503916,0.0,0.0,0.008644544505897104,0.4,0.8181818181818182
0.0,0.0010757860981585627,0.0,0.0,0.0,0.4,0.8181818181818182
0.8126934984520123,0.45104996605414965,0.9007698983893153,0.5479602450017335,0.0,0.4,0.9090909090909091
0.8052794525012221,0.4438904240905427,0.4857462838887163,0.4768059020672871,0.45054906962372565,0.4,0.9090909090909091
0.0,0.0013678440645989826,0.13382593956604694,0.0003959864310915629,0.0,0.4,0.9090909090909091
0.01710933680951605,0.006690836033593732,0.009633225362736832,8.497562898960577e-06,0.0,0.4,0.9090909090909091
0.023871598500896204,0.006571304244909447,0.008222496339353064,8.922441043908606e-05,0.006669878089450476,0.4,0.9090909090909091
0.0,0.0028940824698682737,0.0017827394950525803,0.0,0.0,0.4,0.9090909090909091
0.049372657650317744,0.01837786530357247,0.0006240404667879488,0.0,0.0,0.4,0.9090909090909091
0.049372657650317744,0.01844145857045869,0.00020822647202378312,0.0,0.018718092462679164,0.4,0.9090909090909091
0.00448101678344468,0.002261682760277526,9.087278697253405e-06,0.0,0.0,0.4,0.9090909090909091
0.00448101678344468,0.002248139749736942,0.0,0.0,0.002281863310530638,0.4,0.9090909090909091
0.0,0.0003574177129623687,0.0,0.0,0.0,0.4,0.9090909090909091
0.03584813426755744,0.012723952816151277,0.001612353019479079,0.0,0.0,0.4,0.9090909090909091
0.03584813426755744,0.01302543200731558,0.0011374007188179438,0.0,0.013220821972825626,0.4,0.9090909090909091
0.0,0.00017193735121089234,0.0,0.0,0.0,0.4,0.9090909090909091
0.002036825810656673,0.0006630186899433725,0.0,0.0,0.0,0.4,0.9090909090909091
0.001955352778230406,0.0004893148590967519,0.0,0.0,0.0004966549007467155,0.4,0.9090909090909091
0.02126446146325566,0.007508716104935956,0.0,0.0,0.0,0.4,0.9090909090909091
0.021020042365976863,0.007825504786276574,0.0,0.0,0.00794289245598538,0.4,0.9090909090909091
0.0016294606485253381,0.00012188709486525588,0.0,0.0,0.0,0.4,0.9090909090909091
0.0017924067133778718,0.00012188709486525588,0.0,0.0,0.00012371548069142012,0.4,0.9090909090909091
0.028026723154635814,0.008336017401002064,0.000537143364245463,0.0003832400867431221,0.0,0.4,0.9090909090909091
0.02794525012220955,0.008251815205032348,0.0004425078759373475,2.5492688696881735e-06,0.008375597808741843,0.4,0.9090909090909091
0.0,0.0009415336458432085,2.413808403957936e-06,0.0,0.0,0.4,0.9090909090909091
0.0074955189832165555,0.003044822065450426,0.01124927008918667,0.0,0.0,0.4,0.9090909090909091
0.007332572918364022,0.0028887830309610885,0.015132945822425345,0.0,0.002932116658319358,0.4,0.9090909090909091
0.0,0.00021374403592312987,0.013709366819008742,0.0,0.0,0.4,0.9090909090909091
0.0450545869317256,0.019347662623587333,0.0004695567289346408,0.0,0.0,0.4,0.9090909090909091
0.0452990060290044,0.01858159928822647,0.0008294981585836624,0.0,0.018860335382507944,0.4,0.9090909090909091
0.006599315626527619,0.005809362695365287,0.0,0.0,0.0,0.4,0.9090909090909091
0.006354896529248819,0.005480797483119815,0.0,0.0,0.0055630130158248236,0.4,0.9090909090909091
0.0,0.00014602898322020995,0.0,0.0,0.0,0.4,0.9090909090909091
0.7304057357014828,0.4121779928434022,0.7133887917646536,0.2809625699349427,0.0,0.4,1.0
0.7229916897506925,0.4162980121804659,0.47185786928162576,0.6222467896207368,0.4225427535599578,0.4,1.0
0.0,0.0013283926860677162,0.0917716466255491,2.2943419827193562e-05,0.0,0.4,1.0
0.021020042365976863,0.007778987489202393,0.012451843634911478,0.0,0.0,0.4,1.0
0.026478735538536743,0.006545395876918765,0.018104414962062387,0.0014768764318393486,0.006643581079061962,0.4,1.0
0.0,0.0036719223361339885,0.006846341571637752,0.00010536977994711117,0.0,0.4,1.0
0.04187713866710119,0.01526238405269291,0.0006302879708923104,0.0,0.0,0.4,1.0
0.04236597686165879,0.015589771611847898,0.00016548786440076318,0.0,0.01582362834196154,0.4,1.0
0.0,0.00011011056396040023,0.0,0.0,0.0,0.4,1.0
0.004318070718592146,0.001888366730593602,8.874295602786528e-06,0.0,0.0,0.4,1.0
0.004236597686165879,0.0018129969328025259,0.0,0.0,0.001840193067868998,0.4,1.0
0.0,0.0005022690430920931,0.0,0.0,0.0,0.4,1.0
0.04513605996415187,0.023857485133601797,0.0011347029329546968,0.0,0.0,0.4,1.0
0.04538047906143067,0.019609690436220368,0.001169277188623153,0.0,0.01990384856747036,0.4,1.0
0.0,0.00011658765595807083,0.0,0.0,0.0,0.4,1.0
0.005458693172559883,0.005409549471145438,0.0,0.0,0.0,0.4,1.0
0.005132801042854815,0.002890549510596817,4.259661889337534e-07,0.0,0.002933909636300393,0.4,1.0
0.020123839009287926,0.00867164853179045,0.0,0.0,0.0,0.4,1.0
0.02028678507414046,0.007515782023478869,0.0,0.0,0.007628523649977229,0.4,1.0
0.0018738797458041389,0.0001083440843246719,0.0,0.0,0.0,0.4,1.0
0.001955352778230406,9.715637996505904e-05,0.0,0.0,9.861378895692908e-05,0.4,1.0
0.022486556949649666,0.006578958989997603,0.0002531659049562941,0.0005370459752143085,0.0,0.4,1.0
0.022730976046928468,0.006426452914779723,0.00036654390557749476,0.0,0.0065228538950056,0.4,1.0
0.0,0.0009951168614603016,6.957447752584638e-06,0.0,0.0,0.4,1.0
0.0056216392374124164,0.0015091624354572502,0.011402830900297289,0.0,0.0,0.4,1.0
0.0056216392374124164,0.0013572451867846125,0.010199973377113192,0.0,0.0013776047487619486,0.4,1.0
0.0,0.0003244434264287729,0.010465705284643032,0.0,0.0,0.4,1.0
0.05263157894736842,0.028050518962275648,0.0005805919155167058,0.0,0.0,0.4,1.0
0.05246863288251589,0.02303018383753569,0.000751901317832897,0.0,0.023375651598081273,0.4,1.0
0.0,3.827372544078083e-05,0.0,0.0,0.0,0.4,1.0
0.012058008799087501,0.01102695471276158,0.0,0.0,0.0,0.4,1.0
0.012302427896366304,0.006500645059480313,0.0,0.0,0.0065981589702090735,0.4,1.0
0.0,0.00012365357450098424,0.0,0.0,0.0,0.4,1.0
0.7374124164901418,0.3663861300729615,0.6326725296179616,0.31768903678425026,0.0,0.44,0.0
0.7367606322307316,0.37274781206776453,0.47171737143364245,0.47903736208455416,0.3783392720748461,0.44,0.0
0.0,0.0015221166194525914,0.13896671251719395,0.00034160202853821523,0.0,0.44,0.0
0.017598175004073652,0.006202110001042223,0.002470674890180592,0.0,0.0,0.44,0.0
0.019797946879582858,0.005951858719314041,0.0045078581887562676,0.0,0.006041140477434177,0.44,0.0
0.0,0.0016699120823085297,0.00306589164485069,1.6995125797921156e-06,0.0,0.44,0.0
0.043343653250773995,0.01493205236081171,0.0008456138793983228,0.0,0.0,0.44,0.0
0.04261039595893759,0.015323033186852917,0.0002858943071393708,0.0,0.015552888666825245,0.44,0.0
0.0,0.00030324567080003276,0.0,0.0,0.0,0.44,0.0
0.004155124653739612,0.0021144761239668304,0.0,0.0,0.0,0.44,0.0
0.004562489815870947,0.0019295845887605967,1.9665439055774948e-05,0.0,0.001958529614617313,0.44,0.0
0.0,0.0001931351068396325,0.0,0.0,0.0,0.44,0.0
0.05507576992015643,0.029106284957895957,0.0012047743710342992,0.0,0.0,0.44,0.0
0.056216392374124166,0.03129200909383716,0.0012328171451391045,0.0,0.03176140961538232,0.44,0.0
0.0,0.00013719658504156822,0.0,0.0,0.0,0.44,0.0
0.01792406713377872,0.01612207080874737,0.0,0.0,0.0,0.44,0.0
0.01686491771223725,0.014658836843819058,5.679549185783379e-06,0.0,0.014878728945956057,0.44,0.0
0.022893922111781,0.008758206033941139,0.0,0.0,0.0,0.44,0.0
0.022730976046928468,0.009544289471840254,0.0,0.0,0.009687460031532506,0.44,0.0
0.000977676389115203,1.177653090485564e-05,0.0,0.0,0.0,0.44,0.0
0.000977676389115203,2.355306180971128e-05,0.0,0.0,2.3906373080467657e-05,0.44,0.0
0.020123839009287926,0.006388768015884185,0.0003672538492257177,0.0002923161637242439,0.0,0.44,0.0
0.019635000814730325,0.006843342108811613,0.00035142210587034656,1.6995125797921156e-06,0.0069459966985298775,0.44,0.0
0.0,0.000464584144196555,0.0,0.0,0.0,0.44,0.0
0.007821411112921624,0.002047938724354396,0.034588099569596666,0.0,0.0,0.44,0.0
0.008065830210200424,0.001958437089477493,0.03497792962683587,0.0,0.0019878149216408856,0.44,0.0
0.0,0.0002879361806237204,0.01174048009939211,0.0,0.0,0.44,0.0
0.06680788658953886,0.03657613851084589,0.000533735634733993,0.0,0.0,0.44,0.0
0.0664819944598338,0.03798402278052138,0.0003116652615698629,0.0,0.03855380786687019,0.44,0.0
0.0,1.6487143266797897e-05,0.0,0.0,0.0,0.44,0.0
0.030959752321981424,0.027478179560299666,0.0,0.0,0.0,0.44,0.0
0.031285644451686495,0.026811627911084837,0.0009214358610285309,0.0,0.027213819796150358,0.44,0.0
0.0,0.00025378424099963904,0.0,0.0,0.0,0.44,0.0
0.7242137852370866,0.36629898374426556,0.6061206371744243,0.5026113010788505,0.0,0.44,0.09090909090909091
0.7198142414860681,0.3664138049205879,0.5169136619780805,0.4197345701252881,0.3719102506941813,0.44,0.09090909090909091
0.0,0.0014049401369492778,0.1106366242179527,7.64780660906452e-06,0.0,0.44,0.09090909090909091
0.0110803324099723,0.002932945021854297,0.007237591516173403,0.0,0.0,0.44,0.09090909090909091
0.015316930096138178,0.0026803384339451437,0.010331099968939965,0.0,0.0027205452565572195,0.44,0.09090909090909091
0.0,0.000923868849485925,0.003944233926432089,5.098537739376347e-06,0.0,0.44,0.09090909090909091
0.0455434251262832,0.016190963514540777,0.0005934418955495408,0.0,0.0,0.44,0.09090909090909091
0.045461952093856936,0.01650657454279091,0.0001296357101655056,0.0,0.016754183914118745,0.44,0.09090909090909091
0.00342186736190321,0.0019136862720390416,0.0,0.0,0.0,0.44,0.09090909090909091
0.00342186736190321,0.002009664998913615,0.0,0.0,0.0020398112830909026,0.44,0.09090909090909091
0.0,9.421224723884512e-05,0.0,0.0,0.0,0.44,0.09090909090909091
0.05312041714192602,0.029460758538132112,0.0011136176066024758,0.0,0.0,0.44,0.09090909090909091
0.053038944109499754,0.029209918429858688,0.0010114567156231974,0.0,0.029648086235068975,0.44,0.09090909090909091
0.0,0.00016192729994176505,0.0,0.0,0.0,0.44,0.09090909090909091
0.017679648036499917,0.015904204987007543,0.0,0.0,0.0,0.44,0.09090909090909091
0.017679648036499917,0.015847677638664234,1.079114345298842e-05,0.0,0.016085403127192664,0.44,0.09090909090909091
0.02126446146325566,0.009256353291216534,0.0,0.0,0.0,0.44,0.09090909090909091
0.02126446146325566,0.009252231505399834,1.91684785020189e-06,0.0,0.009391021005334708,0.44,0.09090909090909091
0.0008962033566889359,9.244576760311677e-05,0.0,0.0,0.0,0.44,0.09090909090909091
0.0008962033566889359,0.00017900326975380573,0.0,0.0,0.0001816884354115542,0.44,0.09090909090909091
0.02077562326869806,0.007220191097766993,0.0003911789501708302,0.0002464293240698568,0.0,0.44,0.09090909090909091
0.020694150236271795,0.007221957577402721,0.0003318986555442162,5.608391513313982e-05,0.007330291645798395,0.44,0.09090909090909091
0.0,0.00014544015667496715,0.0,0.0,0.0,0.44,0.09090909090909091
0.006436369561675086,0.0016958204502992122,0.013343958823268403,0.0,0.0,0.44,0.09090909090909091
0.006599315626527619,0.0018954326491365152,0.014958583662421795,0.0,0.0019238653736506346,0.44,0.09090909090909091
0.0,0.00011953178868428476,0.01100306163198296,0.0,0.0,0.44,0.09090909090909091
0.060941828254847646,0.03709666117684051,0.0004717575542441319,0.0,0.0,0.44,0.09090909090909091
0.060941828254847646,0.036769862444230764,0.0007261303634024049,0.0,0.03732143433457208,0.44,0.09090909090909091
0.019309108685025257,0.019803414369605244,8.306340684208192e-06,0.0,0.0,0.44,0.09090909090909091
0.019309108685025257,0.019902926055751276,0.0009835559302480365,0.0,0.020201482912322183,0.44,0.09090909090909091
0.8307805116506436,0.4567539287979165,0.8477920575054355,0.4713547154676039,0.0,0.44,0.18181818181818182
0.8267068600293302,0.44841143430491676,0.5803356968540622,0.4826709199801497,0.45513789793652143,0.44,0.18181818181818182
0.0,0.0018129969328025259,0.13611635976394373,0.0,0.0,0.44,0.18181818181818182
0.014339253707022975,0.005861179431346652,0.0061554954075520255,0.0,0.0,0.44,0.18181818181818182
0.018657324425615122,0.006808601342642289,0.003421502418245552,0.0,0.006910734798236188,0.44,0.18181818181818182
0.0,0.0018565700971504917,0.004853742734170476,0.0,0.0,0.44,0.18181818181818182
0.050513280104285484,0.018208872085087792,0.0007389803434352399,0.0,0.0,0.44,0.18181818181818182
0.050431807071859215,0.018142334685475357,0.0003195456360651373,0.0,0.018414481524557224,0.44,0.18181818181818182
0.0,1.177653090485564e-06,0.0,0.0,0.0,0.44,0.18181818181818182
0.00448101678344468,0.002590836799068241,0.0,0.0,0.0,0.44,0.18181818181818182
0.0046439628482972135,0.00284462104006788,7.099436482229224e-07,0.0,0.0028872922087934813,0.44,0.18181818181818182
0.0,0.00010127816578175851,0.0,0.0,0.0,0.44,0.18181818181818182
0.057682906957796966,0.030066661053186935,0.001190930469893952,0.0,0.0,0.44,0.18181818181818182
0.0578458530226495,0.032500281164675356,0.0012347339929893065,0.0,0.03298780655441031,0.44,0.18181818181818182
0.0,0.0001931351068396325,0.0,0.0,0.0,0.44,0.18181818181818182
0.01368746944761284,0.011465041662422208,0.0,0.0,0.0,0.44,0.18181818181818182
0.013524523382760306,0.013635456308187103,0.0,0.0,0.013839997035609739,0.44,0.18181818181818182
0.0,3.0618980352624666e-05,0.0,0.0,0.0,0.44,0.18181818181818182
0.023382760306338603,0.009256942117761777,7.099436482229223e-08,0.0,0.0,0.44,0.18181818181818182
0.023464233338764868,0.01012546127199488,1.6328703909127212e-06,0.0,0.010277349787293045,0.44,0.18181818181818182
0.0018738797458041389,0.00021845464828507211,0.0,0.0,0.0,0.44,0.18181818181818182
0.0017924067133778718,9.774520651030181e-05,0.0,0.0,9.921144828394078e-05,0.44,0.18181818181818182
0.02419749063060127,0.008321296737370995,0.0004488263744065315,0.00013596100638336924,0.0,0.44,0.18181818181818182
0.024278963663027536,0.008431996127876639,0.0005284110573723211,8.497562898960578e-07,0.00855848156280742,0.44,0.18181818181818182
0.0,0.0001866580148419619,0.0,0.0,0.0,0.44,0.18181818181818182
0.00920645266416816,0.003956325557486253,0.015773740959311354,0.0,0.0,0.44,0.18181818181818182
0.00920645266416816,0.004788337465914303,0.0147840795136886,0.0,0.004860165647259075,0.44,0.18181818181818182
0.0,0.00022493174028274273,0.014987336380174824,0.0,0.0,0.44,0.18181818181818182
0.06468958774645592,0.03622402023679071,0.0005133602520299951,0.0,0.0,0.44,0.18181818181818182
0.06460811471402966,0.03966865552646098,0.0006744464658117762,0.0,0.04026371120145064,0.44,0.18181818181818182
0.017516701971647383,0.013813870751395667,1.7606602475928474e-05,0.0,0.0,0.44,0.18181818181818182
0.017598175004073652,0.018514473062068795,0.0001945245596130807,0.0,0.018792202219228612,0.44,0.18181818181818182
0.0,0.0002767484762641075,0.0,0.0,0.0,0.44,0.18181818181818182
0.8082124816685677,0.49797178696491123,0.7726319563384656,0.45164546807975475,0.0,0.44,0.2727272727272727
0.8047091412742382,0.4939954413048867,0.5404518436349115,0.48697068680702377,0.5014056947371315,0.44,0.2727272727272727
0.0,0.001056354822165551,0.1390662466166748,0.0,0.0,0.44,0.2727272727272727
0.01710933680951605,0.010819098942290876,0.011254097705994587,0.0,0.0,0.44,0.2727272727272727
0.02053120417141926,0.012054457034210233,0.008301442073035454,0.0,0.012235281742583346,0.44,0.2727272727272727
0.0,0.00042572159221053137,0.002909420064782358,0.0,0.0,0.44,0.2727272727272727
0.0465211015153984,0.018815363426687857,0.0006988685273106448,0.0,0.0,0.44,0.2727272727272727
0.047009939709956004,0.019039706340425358,0.00027197941163420154,0.0,0.019325314338923042,0.44,0.2727272727272727
0.0,8.066923669826114e-05,0.0,0.0,0.0,0.44,0.2727272727272727
0.005458693172559883,0.0032991951329953075,0.00029384567599946755,0.0,0.0,0.44,0.2727272727272727
0.0050513280104285485,0.0034163716154986213,0.0,0.0,0.0034676194153218337,0.44,0.2727272727272727
0.0,0.0001313083195891404,0.0,0.0,0.0,0.44,0.2727272727272727
0.04187713866710119,0.017788449931784446,0.0010979278519767494,0.0,0.0,0.44,0.2727272727272727
0.04212155776437999,0.01912744149566653,0.0008161512179970714,0.0,0.019414365578647785,0.44,0.2727272727272727
0.0,0.00016192729994176505,0.0,0.0,0.0,0.44,0.2727272727272727
0.005866058334691217,0.003929828362950328,0.0,0.0,0.0,0.44,0.2727272727272727
0.0056216392374124164,0.0060554921912767705,0.0,0.0,0.006146328518988235,0.44,0.2727272727272727
0.0,8.361336942447505e-05,0.0,0.0,0.0,0.44,0.2727272727272727
0.02085709630112433,0.0083984330147978,7.099436482229223e-08,0.0,0.0,0.44,0.2727272727272727
0.020938569333550594,0.008072811935278541,3.2657407818254424e-06,0.0,0.00819390937333029,0.44,0.2727272727272727
0.001955352778230406,0.0002031451581087598,0.0,0.0,0.0,0.44,0.2727272727272727
0.001710933680951605,0.00023494179155187002,0.0,0.0,0.00023846607147766488,0.44,0.2727272727272727
0.0,0.00014249602394875326,0.0,0.0,0.0,0.44,0.2727272727272727
0.023871598500896204,0.009703272639055805,0.0005732085015751875,0.00037134349868457725,0.0,0.44,0.2727272727272727
0.023871598500896204,0.009553121870018895,0.0005398411501087101,1.6995125797921156e-06,0.009696424921437682,0.44,0.2727272727272727
0.0,0.00013660775849632542,0.0,0.0,0.0,0.44,0.2727272727272727
0.01026560208570963,0.005665100191780806,0.012970528464303147,0.0,0.0,0.44,0.2727272727272727
0.010347075118135898,0.005733992897574211,0.012530363402404933,0.0,0.005820006526439851,0.44,0.2727272727272727
0.0,0.00012542005413671256,0.013907583085592581,0.0,0.0,0.44,0.2727272727272727
0.04619520938569333,0.022713983982740316,0.0004622443093579447,0.0,0.0,0.44,0.2727272727272727
0.04619520938569333,0.02330928761998077,0.00022143142388072947,0.0,0.023658942119084817,0.44,0.2727272727272727
0.008880560534463093,0.00720900339340738,3.549718241114612e-07,0.0,0.0,0.44,0.2727272727272727
0.00896203356688936,0.007559944014372078,0.0,0.0,0.007673348099503106,0.44,0.2727272727272727
0.0,0.00015309490176312332,0.0,0.0,0.0,0.44,0.2727272727272727
0.8698060941828255,0.5470328147145398,0.6803791809025158,0.37348658404769514,0.0,0.44,0.36363636363636365
0.86752484927489,0.5496689911575918,0.5410339264320895,0.4690374300650573,0.557914384106087,0.44,0.36363636363636365
0.0,0.0007430991000963909,0.12108110218751386,7.64780660906452e-06,0.0,0.44,0.36363636363636365
0.02077562326869806,0.011095258592009742,0.0013009717353685052,0.0,0.0,0.44,0.36363636363636365
0.023301287273912334,0.01081792128920039,0.003096277232994631,6.458147803210039e-05,0.010980197155858795,0.44,0.36363636363636365
0.0,0.0009668531872886481,0.0,0.0,0.0,0.44,0.36363636363636365
0.051490956493400686,0.02155105155588582,0.0007663131738918223,0.0,0.0,0.44,0.36363636363636365
0.05140948346097442,0.0212713589468955,0.00024890624306695655,0.0,0.02159044318829735,0.44,0.36363636363636365
0.0,0.0001707596981204068,0.0,0.0,0.0,0.44,0.36363636363636365
0.008636141437184292,0.003252089009375885,0.0,0.0,0.0,0.44,0.36363636363636365
0.008636141437184292,0.0039262954036788705,0.0,0.0,0.003985192392513958,0.44,0.36363636363636365
0.0,0.0008908945629523292,0.0,0.0,0.0,0.44,0.36363636363636365
0.03413720058660583,0.012525518270404459,0.0011027554687846651,0.0,0.0,0.44,0.36363636363636365
0.0342186736190321,0.012848784043742746,0.0009961219328215823,0.0,0.013041524174722118,0.44,0.36363636363636365
0.0,0.0002490736286376968,0.0,0.0,0.0,0.44,0.36363636363636365
0.005866058334691217,0.0034322699322201764,0.0,0.0,0.0,0.44,0.36363636363636365
0.00578458530226495,0.0032933068675428797,0.0,0.0,0.00334270861597639,0.44,0.36363636363636365
0.0,0.0002696825577211942,0.0,0.0,0.0,0.44,0.36363636363636365
0.02207919178751833,0.009279317526481002,1.4198872964458447e-06,0.0,0.0,0.44,0.36363636363636365
0.021916245722665796,0.008738185931402884,4.969605537560456e-07,0.0,0.008869264412853501,0.44,0.36363636363636365
0.001955352778230406,4.8283776709908126e-05,0.0,0.0,0.0,0.44,0.36363636363636365
0.002036825810656673,4.1217858166994743e-05,0.0,0.0,4.18361528908184e-05,0.44,0.36363636363636365
0.025908424311552877,0.011633446054361644,0.0005122953365576607,0.0003866391119027063,0.0,0.44,0.36363636363636365
0.025826951279126608,0.011800672793210594,0.0005472955584150508,8.497562898960578e-07,0.011977690572641307,0.44,0.36363636363636365
0.0,0.00014131837085826768,0.0,0.0,0.0,0.44,0.36363636363636365
0.013035685188202705,0.00538658523588097,0.015688902693348716,0.0,0.0,0.44,0.36363636363636365
0.013035685188202705,0.0056851202943190605,0.019529058880951324,0.0,0.00577040080229788,0.44,0.36363636363636365
0.0,0.001280108909357808,0.01637009362381861,0.0,0.0,0.44,0.36363636363636365
0.04733583183966107,0.02377504941726781,0.00043831920841283224,0.0,0.0,0.44,0.36363636363636365
0.0472543588072348,0.023941098503026274,0.0003089674757066158,0.0,0.02430023057696836,0.44,0.36363636363636365
0.0,3.1207806897867446e-05,0.0,0.0,0.0,0.44,0.36363636363636365
0.012139481831513768,0.009349976711910136,2.484802768780228e-06,0.0,0.0,0.44,0.36363636363636365
0.012139481831513768,0.00986755524517854,0.0,0.0,0.010015575002061924,0.44,0.36363636363636365
0.0,0.0004351428169344159,0.0,0.0,0.0,0.44,0.36363636363636365
0.8438976698712726,0.5474267396733072,0.5687244974930115,0.4307567589615298,0.0,0.44,0.45454545454545453
0.8429199934821574,0.5573684870631864,0.4923031814349736,0.450768519588582,0.5657293774660918,0.44,0.45454545454545453
0.0,0.0010628319141632214,0.11773286595376492,0.0,0.0,0.44,0.45454545454545453
0.02452338276030634,0.012249947447230836,0.011320619425833074,0.0,0.0,0.44,0.45454545454545453
0.02558253218184781,0.014614086026380606,0.013909002972889026,0.0,0.014833306837103169,0.44,0.45454545454545453
0.0,0.0011140598235993436,0.008202901894662112,0.00016485272023983522,0.0,0.44,0.45454545454545453
0.0462766824181196,0.02080971893542516,0.0005579447131383947,0.0,0.0,0.44,0.45454545454545453
0.04635815545054587,0.020556523520970763,0.00031088432355681766,0.0,0.02086488476530516,0.44,0.45454545454545453
0.0,7.949158360777558e-05,0.0,0.0,0.0,0.44,0.45454545454545453
0.01653902558253218,0.007504005492574014,2.3641123485823312e-05,0.0,0.0,0.44,0.45454545454545453
0.016376079517679647,0.008204120254867681,2.3641123485823312e-05,0.0,0.008327187403253897,0.44,0.45454545454545453
0.0,0.0021857241359412066,0.0,0.0,0.0,0.44,0.45454545454545453
0.03201890174352289,0.013150852061452294,0.001067471269467986,0.0,0.0,0.44,0.45454545454545453
0.03234479387322796,0.013216800634519485,0.0012596530150419311,0.0,0.013415061254104426,0.44,0.45454545454545453
0.0,0.00015545020794409446,0.0,0.0,0.0,0.44,0.45454545454545453
0.009369398729020694,0.005933016269866272,0.0,0.0,0.0,0.44,0.45454545454545453
0.00896203356688936,0.005678643202321389,0.0,0.0,0.005763826549700752,0.44,0.45454545454545453
0.0,0.0004681171034680117,0.0,0.0,0.0,0.44,0.45454545454545453
0.020449731138992993,0.00933643370136955,1.4198872964458446e-07,0.0,0.0,0.44,0.45454545454545453
0.02028678507414046,0.008771160217936481,7.099436482229223e-08,0.0,0.008902733335166155,0.44,0.45454545454545453
0.003340394329476943,0.0004157115409414041,0.0,0.0,0.0,0.44,0.45454545454545453
0.00342186736190321,0.0005794053205188975,0.0,0.0,0.0005880967777795043,0.44,0.45454545454545453
0.024604855792732607,0.011731780087417189,0.0004116963216044726,0.00030166348291310054,0.0,0.44,0.45454545454545453
0.024686328825158872,0.01180832753829875,0.00044527665616541685,1.6995125797921156e-06,0.01198546014389246,0.44,0.45454545454545453
0.0,0.00024083005700429786,0.0,0.0,0.0,0.44,0.45454545454545453
0.017190809841942316,0.008890103180075522,0.013476221324932333,0.0,0.0,0.44,0.45454545454545453
0.017190809841942316,0.010319774031924998,0.015153605182588632,0.0,0.010474577365206903,0.44,0.45454545454545453
0.0,0.001556268559076673,0.012886045170164619,0.0,0.0,0.44,0.45454545454545453
0.04399543751018413,0.023197999402929884,0.0005083906464924346,0.0,0.0,0.44,0.45454545454545453
0.04399543751018413,0.023098487716783852,0.0002065226072680481,0.0,0.02344498008001463,0.44,0.45454545454545453
0.018005540166204988,0.01560095931620751,3.549718241114612e-07,0.0,0.0,0.44,0.45454545454545453
0.018005540166204988,0.015416656607546519,0.0,0.0,0.015647916499820103,0.44,0.45454545454545453
0.0,0.0009144476247620405,0.0,0.0,0.0,0.44,0.45454545454545453
0.865080658302102,0.5996444665319824,0.553186528819275,0.45082035472226567,0.0,0.44,0.5454545454545454
0.8644288740426919,0.6216424374357075,0.4968499445356525,0.47713815677663646,0.63096747896538,0.44,0.5454545454545454
0.0,0.0015091624354572502,0.11195754536983626,0.0001410595441227456,0.0,0.44,0.5454545454545454
0.028026723154635814,0.020985189245907507,0.001124550738785109,0.0,0.0,0.44,0.5454545454545454
0.029167345608603554,0.023580736657337693,0.00685869459111683,0.0,0.023934463068837206,0.44,0.5454545454545454
0.0,0.0007966823157134841,0.0,0.0,0.0,0.44,0.5454545454545454
0.04872087339090761,0.021651152068577095,0.0005975595687092337,0.0,0.0,0.44,0.5454545454545454
0.04872087339090761,0.022671588471482835,0.00025160402893020366,0.0,0.023011677067931155,0.44,0.5454545454545454
0.0,4.8283776709908126e-05,0.0,0.0,0.0,0.44,0.5454545454545454
0.016701971647384715,0.008818266341555903,2.0162399609530993e-05,0.0,0.0,0.44,0.5454545454545454
0.016783444679810983,0.009635557586352884,3.6562097883480496e-05,0.0,0.009780097227219318,0.44,0.5454545454545454
0.0,0.0020626593879854655,0.0,0.0,0.0,0.44,0.5454545454545454
0.02924881864102982,0.013083137008749374,0.0012926653946842969,0.0,0.0,0.44,0.5454545454545454
0.02949323773830862,0.01301247782332024,0.0008959488840573279,0.0,0.013207673467631369,0.44,0.5454545454545454
0.0,2.94413272621391e-06,0.0,0.0,0.0,0.44,0.5454545454545454
0.010428548150562164,0.007484574216581002,7.596397035985269e-06,0.0,0.0,0.44,0.5454545454545454
0.010184129053283364,0.007104781094899408,0.0,0.0,0.0072113574397230686,0.44,0.5454545454545454
0.0,0.0004386757762058726,0.0,0.0,0.0,0.44,0.5454545454545454
0.022486556949649666,0.01092567654697982,2.129830944668767e-07,0.0,0.0,0.44,0.5454545454545454
0.022486556949649666,0.01011074060836381,8.519323778675068e-07,0.0,0.010262408304117752,0.44,0.5454545454545454
0.004562489815870947,0.0009809850243744749,0.0,0.0,0.0,0.44,0.5454545454545454
0.00448101678344468,0.0009232800229406822,0.0,0.0,0.0009371298247543321,0.44,0.5454545454545454
0.0,5.88826545242782e-06,0.0,0.0,0.0,0.44,0.5454545454545454
0.027700831024930747,0.012364179797007937,0.000714984248125305,0.00040448399399052354,0.0,0.44,0.5454545454545454
0.027619357992504482,0.012864682360464301,0.0004857434441141234,0.0,0.013057660976551434,0.44,0.5454545454545454
0.0,0.0004875483794610235,4.756622443093579e-06,0.0,0.0,0.44,0.5454545454545454
0.01922763565259899,0.011309591454478114,0.013528047211252607,0.0,0.0,0.44,0.5454545454545454
0.01947205474987779,0.012346515000650654,0.01695849491946577,0.0,0.012531720768781146,0.44,0.5454545454545454
0.0,0.002039695152720997,0.013719093046989395,0.0,0.0,0.44,0.5454545454545454
0.04872087339090761,0.026355876165066922,0.00047906997382082795,0.0,0.0,0.44,0.5454545454545454
0.04847645429362881,0.025668715586768597,0.0003091804588010827,0.0,0.026053763042420665,0.44,0.5454545454545454
0.0,0.0003638948049600393,0.0,0.0,0.0,0.44,0.5454545454545454
0.020938569333550594,0.01674622694670472,0.0,0.0,0.0,0.44,0.5454545454545454
0.021182988430829396,0.017068315066952524,0.0,0.0,0.0173243509120879,0.44,0.5454545454545454
0.0,0.0020850347967046913,0.0,0.0,0.0,0.44,0.5454545454545454
0.8505784585302265,0.5954838181632969,0.5770399964502818,0.4321257163445524,0.0,0.44,0.6363636363636364
0.8476454293628809,0.5849815079023466,0.4661999023827484,0.46658248414354764,0.5937566116063051,0.44,0.6363636363636364
0.0,0.0010769637512490482,0.09401833429471536,0.00011046831768648751,0.0,0.44,0.6363636363636364
0.023871598500896204,0.020207349379641793,0.003384372365443493,8.497562898960577e-06,0.0,0.44,0.6363636363636364
0.026152843408831675,0.019001432614984576,0.000160092292674269,0.0,0.019286466482667283,0.44,0.6363636363636364
0.0,0.001645181367408333,0.0010688201623996094,0.0,0.0,0.44,0.6363636363636364
0.043099234153495196,0.019062670575689826,0.0005363624262324178,0.0,0.0,0.44,0.6363636363636364
0.043099234153495196,0.019457773187547732,0.00024003194746417003,0.0,0.019749652461101344,0.44,0.6363636363636364
0.015153984031285645,0.009015523234212236,0.0,0.0,0.0,0.44,0.6363636363636364
0.015153984031285645,0.008958995885868928,1.4198872964458446e-07,0.0,0.009093386660482886,0.44,0.6363636363636364
0.0,0.0025814155743443565,0.0,0.0,0.0,0.44,0.6363636363636364
0.026152843408831675,0.011927859326983035,0.0010962239872210143,0.0,0.0,0.44,0.6363636363636364
0.02688610070066808,0.012371834542096094,0.0010364467320406444,0.0,0.012557420119842648,0.44,0.6363636363636364
0.008391722339905492,0.006206820613404165,0.0,0.0,0.0,0.44,0.6363636363636364
0.007739938080495356,0.0061897446435921245,0.0,0.0,0.0062825948455469,0.44,0.6363636363636364
0.0,0.0004875483794610235,0.0,0.0,0.0,0.44,0.6363636363636364
0.021997718755092065,0.009994152952405739,7.099436482229223e-08,0.0,0.0,0.44,0.6363636363636364
0.02183477269023953,0.010454026484240353,1.4908816612681368e-06,0.0,0.01061084369176557,0.44,0.6363636363636364
0.0038292325240345446,0.0007042365481103673,0.0,0.0,0.0,0.44,0.6363636363636364
0.0037477594916082778,0.000634755015771719,0.0,0.0,0.0006442767545186034,0.44,0.6363636363636364
0.025338113084569007,0.012204607803247143,0.0005365044149620624,0.00032715617160998224,0.0,0.44,0.6363636363636364
0.025256640052142742,0.012277033468312005,0.0006257443315436837,8.497562898960578e-07,0.012461196968193766,0.44,0.6363636363636364
0.0,1.5309490176312333e-05,0.0,0.0,0.0,0.44,0.6363636363636364
0.017516701971647383,0.011873687284820699,0.023159142743044772,0.0,0.0,0.44,0.6363636363636364
0.017598175004073652,0.01171705942378612,0.0143665616541687,0.0,0.011892822948205647,0.44,0.6363636363636364
0.0,0.001967269487656135,0.011680844832941385,0.0,0.0,0.44,0.6363636363636364
0.04749877790451361,0.026503082801377618,0.0006163020810223188,0.0,0.0,0.44,0.6363636363636364
0.04749877790451361,0.02803992008446128,0.00022327727736610905,0.0,0.028460537152296746,0.44,0.6363636363636364
0.01792406713377872,0.01627457688396525,0.0,0.0,0.0,0.44,0.6363636363636364
0.01792406713377872,0.017123664762205344,0.00017038647557350136,0.0,0.017380530888826996,0.44,0.6363636363636364
0.0,0.0018247734637073815,0.0,0.0,0.0,0.44,0.6363636363636364
0.8680136874694476,0.6101314673027564,0.6677059058437237,0.5414961489044942,0.0,0.44,0.7272727272727273
0.8661398077236435,0.5875381927617908,0.47304617296002127,0.4804658024078694,0.5963516484041899,0.44,0.7272727272727273
0.0,0.001129369313775656,0.10313230687314194,0.0,0.0,0.44,0.7272727272727273
0.026152843408831675,0.017399824411924208,0.002692035319696499,0.0,0.0,0.44,0.7272727272727273
0.02843408831676715,0.015688694471448685,0.003635621422549585,0.00012661368719451261,0.015924035108899507,0.44,0.7272727272727273
0.0,0.0028104691004437986,0.002553951280117141,0.0,0.0,0.44,0.7272727272727273
0.0440769105426104,0.022659223114032737,0.0006112614811199361,0.0,0.0,0.44,0.7272727272727273
0.04399543751018413,0.021091766850596452,0.00021624883524870215,0.0,0.021408157093558786,0.44,0.7272727272727273
0.0,3.5329592714566923e-06,0.0,0.0,0.0,0.44,0.7272727272727273
0.015153984031285645,0.007489284828942944,6.49598438123974e-05,0.0,0.0,0.44,0.7272727272727273
0.015235457063711912,0.006061969283274441,0.004174539645915605,0.0,0.006152902771585363,0.44,0.7272727272727273
0.0,0.0021839576563054785,0.0,0.0,0.0,0.44,0.7272727272727273
0.029085872576177285,0.013288637473039105,0.0011374007188179438,0.0,0.0,0.44,0.7272727272727273
0.02900439954375102,0.012478412146785037,0.0010695301060478324,0.0,0.012665596458031765,0.44,0.7272727272727273
0.007414045950790289,0.004292545514819881,0.0,0.0,0.0,0.44,0.7272727272727273
0.007251099885937755,0.00441502143623038,0.0,0.0,0.004481249633933662,0.44,0.7272727272727273
0.0,0.0005676287896140418,0.0,0.0,0.0,0.44,0.7272727272727273
0.020694150236271795,0.009479518551863547,0.0,0.0,0.0,0.44,0.7272727272727273
0.020694150236271795,0.009629080494355215,0.0,0.0,0.00977352297462219,0.44,0.7272727272727273
0.0030145021997718753,0.0005523192994377295,0.0,0.0,0.0,0.44,0.7272727272727273
0.0028515561349193416,0.0005841159328808398,0.0,0.0,0.0005928780523955979,0.44,0.7272727272727273
0.025419586116995276,0.013517690999138547,0.000702347251186937,0.0002923161637242439,0.0,0.44,0.7272727272727273
0.025256640052142742,0.013030731446222766,0.0004535120024848028,0.0,0.013226200906768732,0.44,0.7272727272727273
0.0,6.300444034097768e-05,0.0,0.0,0.0,0.44,0.7272727272727273
0.017761121068926185,0.009948813308422046,0.019425052136486667,0.0,0.0,0.44,0.7272727272727273
0.017842594101352454,0.008004508056030379,0.020003585215423527,0.0,0.008124580891396933,0.44,0.7272727272727273
0.0,0.0017011198892063972,0.015988356924169143,0.0,0.0,0.44,0.7272727272727273
0.044484275704741734,0.02527184649527496,0.0004926298975018858,0.0,0.0,0.44,0.7272727272727273
0.044565748737167996,0.024902652251407736,0.0003244442472378755,0.0,0.025276208257978452,0.44,0.7272727272727273
0.0,1.177653090485564e-06,0.0,0.0,0.0,0.44,0.7272727272727273
0.01735375590679485,0.014880824451375587,3.5497182411146117e-06,0.0,0.0,0.44,0.7272727272727273
0.017272282874368584,0.01412771530001007,5.11159426720504e-06,0.0,0.014339640232991512,0.44,0.7272727272727273
0.0,0.001496797078007152,0.0,0.0,0.0,0.44,0.7272727272727273
0.8573407202216067,0.5436753257535655,0.7311828903580778,0.5069994425598738,0.0,0.44,0.8181818181818182
0.8542447449894085,0.5554618667096902,0.4950001153658428,0.5261028137130271,0.5637941565652279,0.44,0.8181818181818182
0.0,0.0019431275993011807,0.08677357234769491,0.0,0.0,0.44,0.8181818181818182
0.023464233338764868,0.012505498167866204,0.006879850911833873,5.778342771293193e-05,0.0,0.44,0.8181818181818182
0.02656020857096301,0.010803789452114564,0.0039245684873763145,0.0004376244892964698,0.010965853332010514,0.44,0.8181818181818182
0.0,0.002225175514472473,0.003918675955096065,0.0,0.0,0.44,0.8181818181818182
0.043343653250773995,0.020625416226764167,0.0005827927408261969,0.0,0.0,0.44,0.8181818181818182
0.04358807234805279,0.020717273167822042,0.00023129964059102808,0.0,0.02102804576157935,0.44,0.8181818181818182
0.0070881538210852205,0.003313915796626377,0.0,0.0,0.0,0.44,0.8181818181818182
0.006762261691380153,0.0026685619030402882,0.00041915072991081335,0.0,0.0027085920700169854,0.44,0.8181818181818182
0.0,0.0010946285476063319,0.0,0.0,0.0,0.44,0.8181818181818182
0.025664005214274074,0.009284028138842944,0.0013080711718507344,0.0,0.0,0.44,0.8181818181818182
0.02558253218184781,0.009641445851805312,0.001175595687092337,0.0,0.009786073820489434,0.44,0.8181818181818182
0.003910705556460812,0.0029029148680469155,5.11159426720504e-06,0.0,0.0,0.44,0.8181818181818182
0.004073651621313346,0.0022669821991847107,0.0,0.0,0.002300988408995012,0.44,0.8181818181818182
0.0,0.00033916409005984243,0.0,0.0,0.0,0.44,0.8181818181818182
0.02159035359296073,0.008278901226113515,0.0,0.0,0.0,0.44,0.8181818181818182
0.021508880560534464,0.008623953581625786,0.0,0.0,0.008753318503413232,0.44,0.8181818181818182
0.001955352778230406,0.0004245439391200458,0.0,0.0,0.0,0.44,0.8181818181818182
0.002036825810656673,0.00034564118205751305,0.0,0.0,0.00035082602495586283,0.44,0.8181818181818182
0.0,5.88826545242782e-07,0.0,0.0,0.0,0.44,0.8181818181818182
0.02558253218184781,0.01171293763796942,0.0003637751253494254,0.00039003813706229055,0.0,0.44,0.8181818181818182
0.02550105914942154,0.011562198042387268,0.000376554111017438,8.07268475401255e-05,0.011735638545201573,0.44,0.8181818181818182
0.0,5.88826545242782e-07,0.0,0.0,0.0,0.44,0.8181818181818182
0.009695290858725761,0.004718855933575655,0.012758752274038249,0.0,0.0,0.44,0.8181818181818182
0.009858236923578295,0.003725505551751082,0.01447397612814483,0.0,0.0037813905620029714,0.44,0.8181818181818182
0.0,0.00042101097984858913,0.014628956826551893,0.0,0.0,0.44,0.8181818181818182
0.04513605996415187,0.022474331578826504,0.00039579358388427917,0.0,0.0,0.44,0.8181818181818182
0.04521753299657813,0.023603112066056916,0.00010741447397612815,0.0,0.02395717412326365,0.44,0.8181818181818182
0.0,5.88826545242782e-07,0.0,0.0,0.0,0.44,0.8181818181818182
0.009695290858725761,0.008242982806853705,1.8387540488973688e-05,0.0,0.0,0.44,0.8181818181818182
0.009532344793873227,0.00763649146525364,0.0,0.0,0.007751043812014626,0.44,0.8181818181818182
0.0,0.0007277896099200786,0.0,0.0,0.0,0.44,0.8181818181818182
0.7905328336320678,0.47783745207687955,0.739198012157785,0.5366075009687221,0.0,0.44,0.9090909090909091
0.7861332898810494,0.4590291545687346,0.4571513866086879,0.5944784535795133,0.4659148909211962,0.44,0.9090909090909091
0.0,0.001804164534623884,0.08604289834494387,4.673659594428318e-05,0.0,0.44,0.9090909090909091
0.015316930096138178,0.008568603886372964,0.0008558370679327328,0.00010452002365721511,0.0,0.44,0.9090909090909091
0.01898321655532019,0.008071045455642812,0.00991933265297067,0.00030251323920299657,0.008192116395349254,0.44,0.9090909090909091
0.0,0.0006677293023053148,0.00012381417225007765,0.0,0.0,0.44,0.9090909090909091
0.04106240834283852,0.01787206330120892,0.0006166570528464303,0.0,0.0,0.44,0.9090909090909091
0.040736516213133456,0.017668329316554918,0.00021049829169809647,0.0,0.01793336576631281,0.44,0.9090909090909091
0.0,3.5329592714566923e-06,0.0,0.0,0.0,0.44,0.9090909090909091
0.005295747107707349,0.0025348982772701767,2.2718196743133514e-06,0.0,0.0,0.44,0.9090909090909091
0.00578458530226495,0.0028328445091630244,2.6977858632471048e-05,0.0,0.002875339022253247,0.44,0.9090909090909091
0.0,0.0003050121504357611,0.0,0.0,0.0,0.44,0.9090909090909091
0.02476780185758514,0.00914329859452992,0.0012116608244220615,0.0,0.0,0.44,0.9090909090909091
0.024849274890011406,0.009213368953413811,0.0010557571992723077,0.0,0.009351575489751936,0.44,0.9090909090909091
0.0007332572918364021,0.00015309490176312332,0.0,0.0,0.0,0.44,0.9090909090909091
0.0005703112269838683,0.0001112882170508858,0.0,0.0,0.00011295761280520968,0.44,0.9090909090909091
0.0,7.18368385196194e-05,0.0,0.0,0.0,0.44,0.9090909090909091
0.018575851393188854,0.006497112100208857,4.259661889337534e-07,0.0,0.0,0.44,0.9090909090909091
0.01849437836076259,0.006272180359926114,1.91684785020189e-06,0.0,0.006366267151328537,0.44,0.9090909090909091
0.0006517842594101353,1.3543010540583987e-05,0.0,0.0,0.0,0.44,0.9090909090909091
0.0008147303242626691,1.3543010540583987e-05,0.0,0.0,1.3746164521268903e-05,0.44,0.9090909090909091
0.02444190972788007,0.009192760024330313,0.0005008652438212717,0.0015491057164805134,0.0,0.44,0.9090909090909091
0.02452338276030634,0.009117390226539237,0.0007360695744775259,8.497562898960578e-07,0.00925415701944903,0.44,0.9090909090909091
0.0,4.5928470528937e-05,0.0,0.0,0.0,0.44,0.9090909090909091
0.009124979631741893,0.003895087596781003,0.014143923326085992,0.0,0.0,0.44,0.9090909090909091
0.009124979631741893,0.0037101960615747694,0.017330150419310467,0.0,0.0037658514195006675,0.44,0.9090909090909091
0.0,0.0005958924637856954,0.016189483959710697,0.0,0.0,0.44,0.9090909090909091
0.04106240834283852,0.0185751221962288,0.0003679637928739406,0.0,0.0,0.44,0.9090909090909091
0.040980935310412255,0.017764308043429492,0.0001289257665172827,0.0,0.018030784236615718,0.44,0.9090909090909091
0.0,0.00014308485049399603,0.0,0.0,0.0,0.44,0.9090909090909091
0.008717614469610559,0.007811372949190746,0.0,0.0,0.0,0.44,0.9090909090909091
0.008717614469610559,0.00706297441018717,0.0,0.0,0.0071689236275052385,0.44,0.9090909090909091
0.0,8.243571633398949e-05,0.0,0.0,0.0,0.44,0.9090909090909091
0.7393677692683722,0.45375974581535694,0.6644585526023872,0.46591032691823986,0.0,0.44,1.0
0.73504969854978,0.4585433726689093,0.47742311754004524,0.6902740294083657,0.4654218219764116,0.44,1.0
0.0,0.0017941544833547569,0.07181733149931224,0.0,0.0,0.44,1.0
0.01393188854489164,0.0060030866287501625,0.00468293029240804,0.0,0.0,0.44,1.0
0.01662049861495845,0.006223307756670963,0.008337791187824467,0.00046991522831252,0.006316661427186567,0.44,1.0
0.0,0.0008261236429756232,0.0027883746727603497,0.0,0.0,0.44,1.0
0.03649991852696757,0.01489848924773287,0.0005326707192616586,0.0,0.0,0.44,1.0
0.03674433762424637,0.014462757604253211,0.00025707059502152015,0.0,0.014679708390061165,0.44,1.0
0.0,1.7664796357283461e-06,0.0,0.0,0.0,0.44,1.0
0.0037477594916082778,0.001871879587326804,0.0,0.0,0.0,0.44,1.0
0.0037477594916082778,0.0017782561666332018,0.0,0.0,0.001804931167575308,0.44,1.0
0.0,0.0002508401082734251,0.0,0.0,0.0,0.44,1.0
0.03560371517027864,0.01954609716933415,0.0011130496516838977,0.0,0.0,0.44,1.0
0.03560371517027864,0.01480722113322024,0.0006307849314460664,0.0,0.015029339096363004,0.44,1.0
0.0046439628482972135,0.0052028713537652215,0.0,0.0,0.0,0.44,1.0
0.00448101678344468,0.0028752400204205045,0.0,0.0,0.002918370493798089,0.44,1.0
0.019309108685025257,0.008026883464749604,4.259661889337534e-07,0.0,0.0,0.44,1.0
0.019390581717451522,0.006918711906602689,1.4198872964458446e-07,0.0,0.007022497092387374,0.44,1.0
0.0013035685188202706,2.4141888354954063e-05,0.0,0.0,0.0,0.44,1.0
0.0013850415512465374,1.8842449447769024e-05,0.0,0.0,1.9125098464374126e-05,0.44,1.0
0.02207919178751833,0.007730703712492485,0.0005999023827483694,0.002846683571151794,0.0,0.44,1.0
0.021997718755092065,0.007580552943455576,0.0005524781470470781,1.6995125797921156e-06,0.007694266175948515,0.44,1.0
0.0,0.0002196323013755577,0.0,0.0,0.0,0.44,1.0
0.007169626853511487,0.001839494127338451,0.012096800816435195,0.0,0.0,0.44,1.0
0.007251099885937755,0.0018589254033314628,0.014658277499223498,0.0,0.0018868104953759098,0.44,1.0
0.0,0.0006912823641150261,0.01625153303456538,0.0,0.0,0.44,1.0
0.04749877790451361,0.029092153120810132,0.0005030660691307628,0.0,0.0,0.44,1.0
0.047009939709956004,0.023740308651098486,0.00032643208945289966,0.0,0.024096428746457375,0.44,1.0
0.010591494215414698,0.010877981596815155,0.0,0.0,0.0,0.44,1.0
0.0110803324099723,0.007147765432702131,0.0,0.0,0.007254986570594922,0.44,1.0
0.0,0.00010127816578175851,0.0,0.0,0.0,0.44,1.0
0.7201401336157732,0.4008218840918499,0.567396760882105,0.4118768737126192,0.0,0.48,0.0
0.7205474987779045,0.40878811842243945,0.39710499179127656,0.5023266327217354,0.4149202065032507,0.48,0.0
0.0,0.0016710897353990153,0.06484291609353507,8.242636011991761e-05,0.0,0.48,0.0
0.015642822225843248,0.005590319220534972,0.003039197763677508,0.0,0.0,0.48,0.0
0.016783444679810983,0.005503761718384284,0.0036576296756444956,0.0,0.00558632172957828,0.48,0.0
0.0,0.0006229784848668634,0.002433047876824777,0.0,0.0,0.48,0.0
0.036418445494541304,0.013601893195108265,0.0004818387540488974,0.0,0.0,0.48,0.0
0.03592960729998371,0.014319672753759215,0.00021688778453210277,0.0,0.014534477173597323,0.48,0.0
0.0056216392374124164,0.0017464595331900914,0.0,0.0,0.0,0.48,0.0
0.005866058334691217,0.0017894438709928145,0.013637733504903049,0.0,0.0018162866947885302,0.48,0.0
0.0,0.00033680878387887134,0.0,0.0,0.0,0.48,0.0
0.04538047906143067,0.02668797433658385,0.0007802280693969916,0.0,0.0,0.48,0.0
0.045787844223562,0.028223045140031783,0.0007634024049341083,8.497562898960578e-07,0.02864640920299738,0.48,0.0
0.0,1.177653090485564e-06,0.0,0.0,0.0,0.48,0.0
0.015724295258269513,0.012201074843975685,0.0,0.0,0.0,0.48,0.0
0.015316930096138178,0.010294454490479558,0.0,0.0,0.0104488780141454,0.48,0.0
0.020123839009287926,0.007011157674205805,2.129830944668767e-07,0.0,0.0,0.48,0.0
0.019879419912009123,0.00796034606513717,2.9817633225362736e-06,0.0,0.008079756441871056,0.48,0.0
0.0016294606485253381,7.478097124583331e-05,0.0,0.0,0.0,0.48,0.0
0.0017924067133778718,6.712622615767715e-05,0.0,0.0,6.813316327933282e-05,0.48,0.0
0.021101515398403128,0.007445122838049736,0.0005110174379908595,0.0023308815031848865,0.0,0.48,0.0
0.021020042365976863,0.007736591977944913,0.00041694990460132224,6.288196545230828e-05,0.007852645897606614,0.48,0.0
0.0,8.596867560544617e-05,0.0,0.0,0.0,0.48,0.0
0.006599315626527619,0.0018159410655287397,0.013837298664418511,0.0,0.0,0.48,0.0
0.006680788658953886,0.0015933646314269681,0.015050237387407375,0.0,0.001617266138893637,0.48,0.0
0.0,0.000869696807323589,0.011728837023561254,0.0,0.0,0.48,0.0
0.0580902721199283,0.03666387366608707,0.0003682477703332298,0.0,0.0,0.48,0.0
0.057764379990223234,0.0374158051643621,0.00023385543772463062,0.0,0.03797706661630391,0.48,0.0
0.025256640052142742,0.024834937198704818,1.1217109641922172e-05,0.0,0.0,0.48,0.0
0.025664005214274074,0.023702034925657704,0.0014502728845897856,0.0,0.024057580890201616,0.48,0.0
0.0,0.0002361194446423556,0.0,0.0,0.0,0.48,0.0
0.7137852370865244,0.4020843282048504,0.6345130585259795,0.48911802095159107,0.0,0.48,0.09090909090909091
0.7132149258595405,0.3990919117019266,0.4591201313395749,0.45405877594305954,0.4050785503653491,0.48,0.09090909090909091
0.0,0.0016151512136009512,0.07123673958379553,8.497562898960577e-06,0.0,0.48,0.09090909090909091
0.017598175004073652,0.0071666078821499,0.011474038248214047,0.00010112099849763088,0.0,0.48,0.09090909090909091
0.018575851393188854,0.006543040570737794,0.009952558015707503,0.00010112099849763088,0.006641190441753915,0.48,0.09090909090909091
0.0,0.0004987360838206364,0.003470062563784,0.0,0.0,0.48,0.09090909090909091
0.03804790614306665,0.015597426356936053,0.00038415050805342327,0.0,0.0,0.48,0.09090909090909091
0.03788496007821411,0.015695760389991598,0.00015966632648533523,0.0,0.015931207020823648,0.48,0.09090909090909091
0.006680788658953886,0.0024300871522169613,2.0588365798464747e-06,0.0,0.0,0.48,0.09090909090909091
0.006680788658953886,0.0025855373601610557,0.025933460531570307,0.0,0.002624322104908337,0.48,0.09090909090909091
0.0,0.00037213837659343823,0.0,0.0,0.0,0.48,0.09090909090909091
0.04399543751018413,0.02783441962017155,0.0008461108399520788,0.0,0.0,0.48,0.09090909090909091
0.0440769105426104,0.02697944347647903,0.0007933620268891156,0.0,0.02738415270434869,0.48,0.09090909090909091
0.01653902558253218,0.016119126676021157,0.0,0.0,0.0,0.48,0.09090909090909091
0.01662049861495845,0.01612854790074504,0.0,0.0,0.01637048662617724,0.48,0.09090909090909091
0.013605996415186573,0.0071218570647114485,0.0,0.0,0.0,0.48,0.09090909090909091
0.013605996415186573,0.006912234814605018,1.206904201978968e-06,0.0,0.007015922839790245,0.48,0.09090909090909091
0.0021182988430829396,0.00010245581887224407,0.0,0.0,0.0,0.48,0.09090909090909091
0.002036825810656673,0.0001048111250532152,0.0,0.0,0.00010638336020808107,0.48,0.09090909090909091
0.0,1.177653090485564e-06,0.0,0.0,0.0,0.48,0.09090909090909091
0.021671826625386997,0.008141115814526704,0.00032394728668411947,0.0016221847574115743,0.0,0.48,0.09090909090909091
0.021753299657813262,0.008048670046923587,0.0006664950969516795,0.0,0.00816940534092281,0.48,0.09090909090909091
0.007984357177774157,0.0018542147909695206,0.013217375870790256,0.0,0.0,0.48,0.09090909090909091
0.00790288414534789,0.001994355508737303,0.007221262812264277,0.0,0.0020242721405885986,0.48,0.09090909090909091
0.0,0.0007207236913771652,0.025964911035186583,0.0,0.0,0.48,0.09090909090909091
0.055238715985008964,0.03938837409092542,0.00031109730665128453,0.0,0.0,0.48,0.09090909090909091
0.055238715985008964,0.03870945708426049,0.0003157829347295558,0.0,0.039290124157748595,0.48,0.09090909090909091
0.02077562326869806,0.022063919476792284,1.022318853441008e-05,0.0,0.0,0.48,0.09090909090909091
0.020938569333550594,0.02220877080692201,0.004144154057771665,0.0,0.022541916836899965,0.48,0.09090909090909091
0.0,0.00011835413559379918,0.0,0.0,0.0,0.48,0.09090909090909091
0.8053609255336484,0.49060968866974075,0.70085991924391,0.5476305395612538,0.0,0.48,0.18181818181818182
0.8034055727554179,0.49330180363459075,0.5160522163553268,0.5387624829198986,0.5007016520499117,0.48,0.18181818181818182
0.0,0.002137440359231299,0.061322376536362425,0.0,0.0,0.48,0.18181818181818182
0.017516701971647383,0.006917534253512203,0.041100057682921416,0.00018779614006702878,0.0,0.48,0.18181818181818182
0.019309108685025257,0.0074398233991425505,0.008707316856724498,0.0,0.007551425596792721,0.48,0.18181818181818182
0.0,0.0009462442582051507,0.007870506278564138,0.0,0.0,0.48,0.18181818181818182
0.04195861169952746,0.01810877157239652,0.0004349824732661845,0.0,0.0,0.48,0.18181818181818182
0.04212155776437999,0.018350779282491302,0.0002201535253139282,0.0,0.018626052926319362,0.48,0.18181818181818182
0.0,6.359326688622045e-05,0.0,0.0,0.0,0.48,0.18181818181818182
0.011161805442398566,0.002652663586318733,1.0649154723343835e-05,0.0,0.0,0.48,0.18181818181818182
0.011243278474824833,0.00280870262080807,0.04050043927763234,0.0,0.002850834989845768,0.48,0.18181818181818182
0.0,0.0007972711422587268,0.0,0.0,0.0,0.48,0.18181818181818182
0.0465211015153984,0.028425601471595303,0.0010539113457869282,0.0,0.0,0.48,0.18181818181818182
0.04643962848297214,0.03047177371631397,0.0006817588853884723,0.00022093663537297502,0.03092887017285503,0.48,0.18181818181818182
0.018087013198631253,0.01602844738805377,0.0,0.0,0.0,0.48,0.18181818181818182
0.01792406713377872,0.017411600942829064,0.0,0.0,0.017672786299735715,0.48,0.18181818181818182
0.0,2.8263674171653538e-05,0.0,0.0,0.0,0.48,0.18181818181818182
0.01613166042040085,0.007389184316251672,0.0,0.0,0.0,0.48,0.18181818181818182
0.01613166042040085,0.00790322989024862,1.7748591205573058e-06,0.0,0.008021783487150921,0.48,0.18181818181818182
0.0016294606485253381,0.00016251612648700783,0.0,0.0,0.0,0.48,0.18181818181818182
0.001710933680951605,0.00017605913702759183,0.0,0.0,0.00017870013877649573,0.48,0.18181818181818182
0.024360436695453805,0.008831809352096487,0.0004905710609220393,0.002422655182493661,0.0,0.48,0.18181818181818182
0.024278963663027536,0.009368819161357905,0.0006346186271464703,8.497562898960578e-07,0.009509357552083021,0.48,0.18181818181818182
0.00790288414534789,0.002557862512534645,0.014577627900785374,0.0,0.0,0.48,0.18181818181818182
0.007984357177774157,0.0027621853237338903,0.018918649332209256,0.0,0.0028036199030118444,0.48,0.18181818181818182
0.0,0.00019490158647536085,0.01774930114922128,0.0,0.0,0.48,0.18181818181818182
0.05817174515235457,0.0392229138317122,0.00022810489417402494,0.0,0.0,0.48,0.18181818181818182
0.05817174515235457,0.04202337288088687,0.0003008741181168745,0.0,0.04265375085017039,0.48,0.18181818181818182
0.01922763565259899,0.0154549303329873,2.3428140391356435e-06,0.0,0.0,0.48,0.18181818181818182
0.01922763565259899,0.019729222224904655,0.0011810622531836536,0.0,0.020025173410853733,0.48,0.18181818181818182
0.0,0.0002685049046307086,0.0,0.0,0.0,0.48,0.18181818181818182
0.820189017435229,0.550241919386113,0.6547366552779873,0.31823033154091407,0.0,0.48,0.2727272727272727
0.81929281407854,0.539898003465833,0.47674057771664374,0.4340861041053426,0.5479968252336549,0.48,0.2727272727272727
0.0,0.0015574462121671585,0.13197440653148157,0.0014003983657487032,0.0,0.48,0.2727272727272727
0.017842594101352454,0.010075411015649243,0.0017619381461596486,0.0,0.0,0.48,0.2727272727272727
0.018738797458041388,0.01033743882828228,0.002538403514221059,2.9741470146362022e-05,0.010492507145017255,0.48,0.2727272727272727
0.0,0.0006930488437507544,0.0018460664684740648,0.00016995125797921156,0.0,0.48,0.2727272727272727
0.04024767801857585,0.019200455987276637,0.0003526290100723255,0.0,0.0,0.48,0.2727272727272727
0.04016620498614958,0.018831261743409412,0.00016832763899365488,0.0,0.019113742937160904,0.48,0.2727272727272727
0.0,7.007035888389105e-05,0.0,0.0,0.0,0.48,0.2727272727272727
0.006029004399543751,0.002911747266225557,0.0,0.0,0.0,0.48,0.2727272727272727
0.006029004399543751,0.0025719943496204717,0.0063000399343302125,0.0,0.002610575940387068,0.48,0.2727272727272727
0.0,0.0004893148590967519,0.0,0.0,0.0,0.48,0.2727272727272727
0.03022649503014502,0.012602065721286021,0.0010055641833429472,0.0,0.0,0.48,0.2727272727272727
0.030389441094997555,0.014508097248236906,0.000550490304832054,0.0,0.014725728158241065,0.48,0.2727272727272727
0.0,2.355306180971128e-06,0.0,0.0,0.0,0.48,0.2727272727272727
0.004888381945576014,0.0022781699035443236,0.0,0.0,0.0,0.48,0.2727272727272727
0.004888381945576014,0.005289428855915911,0.0,0.0,0.005368773734546024,0.48,0.2727272727272727
0.0,2.7086021081167974e-05,0.0,0.0,0.0,0.48,0.2727272727272727
0.013850415512465374,0.005705140396857315,0.0,0.0,0.0,0.48,0.2727272727272727
0.01393188854489164,0.00587766657461345,1.91684785020189e-06,0.0,0.005965835402230704,0.48,0.2727272727272727
0.0022812449079354733,0.0001083440843246719,0.0,0.0,0.0,0.48,0.2727272727272727
0.001955352778230406,0.00034858531478372697,0.0,0.0,0.0003538143215909213,0.48,0.2727272727272727
0.0,0.0001342524523153543,0.0,0.0,0.0,0.48,0.2727272727272727
0.026478735538536743,0.009235744362133036,0.00028177663397967786,0.0020326170454313705,0.0,0.48,0.2727272727272727
0.026478735538536743,0.009133288543260792,0.0002960465013089586,0.00011046831768648751,0.009270293821278346,0.48,0.2727272727272727
0.009776763891152028,0.004578715215807873,0.01043404179793229,0.0,0.0,0.48,0.2727272727272727
0.009776763891152028,0.005007380940744618,0.015492816257709544,0.0,0.005082494916907424,0.48,0.2727272727272727
0.0,0.0003744936827744094,0.02025029063318099,0.0,0.0,0.48,0.2727272727272727
0.04049209711585465,0.022381885811223388,0.0003411279229711142,0.0,0.0,0.48,0.2727272727272727
0.04049209711585465,0.024915017608857837,0.0003656919731996273,0.0,0.0252887591038457,0.48,0.2727272727272727
0.007414045950790289,0.005527903606739238,0.0,0.0,0.0,0.48,0.2727272727272727
0.007332572918364022,0.006306332299550195,0.0,0.0,0.006400931392295215,0.48,0.2727272727272727
0.0,0.0002785149558998359,0.0,0.0,0.0,0.48,0.2727272727272727
0.8667915919830536,0.5691956570509329,0.614838248214048,0.5091493259733109,0.0,0.48,0.36363636363636365
0.8641029819129868,0.5703267928443443,0.4793267604383902,0.47252992841653013,0.5788820662756381,0.48,0.36363636363636365
0.0,0.0016416484081368762,0.13901704752185295,0.004920938674788071,0.0,0.48,0.36363636363636365
0.022730976046928468,0.01253199536240213,0.002711700758752274,0.0004206293634985486,0.0,0.48,0.36363636363636365
0.025826951279126608,0.014549315106403901,0.0050893730310156635,0.0003263064153200862,0.014767564311131883,0.48,0.36363636363636365
0.0,0.0006465315466765747,0.0006510183254204197,0.0,0.0,0.48,0.36363636363636365
0.04244744989408506,0.021166547821842286,0.00025628965700847495,0.0,0.0,0.48,0.36363636363636365
0.04244744989408506,0.019928834423741958,0.00021546789723565692,0.0,0.020227779922710697,0.48,0.36363636363636365
0.010102656020857097,0.003875656320787991,0.0,0.0,0.0,0.48,0.36363636363636365
0.01002118298843083,0.004095877448708792,0.008078874739317567,0.0,0.0041573182786933255,0.48,0.36363636363636365
0.0,0.0010869738025181756,0.0,0.0,0.0,0.48,0.36363636363636365
0.025908424311552877,0.009942336216424374,0.000947703776012779,0.0,0.0,0.48,0.36363636363636365
0.025826951279126608,0.00989699657244068,0.0005703687269822958,0.0,0.010045457968412509,0.48,0.36363636363636365
0.006762261691380153,0.0037578910117394347,0.0,0.0,0.0,0.48,0.36363636363636365
0.006762261691380153,0.003750236266651279,0.0,0.0,0.0038064922537374628,0.48,0.36363636363636365
0.0,0.0005817606266998686,0.0,0.0,0.0,0.48,0.36363636363636365
0.014828091901580577,0.006634897511795668,0.0,0.0,0.0,0.48,0.36363636363636365
0.014665145836728044,0.0063216417897265075,3.549718241114612e-07,0.0,0.006416470534797519,0.48,0.36363636363636365
0.0030959752321981426,0.0006553639448552164,0.0,0.0,0.0,0.48,0.36363636363636365
0.003503340394329477,0.0007466320593678476,0.0,0.0,0.0007578320266508247,0.48,0.36363636363636365
0.0,0.0003574177129623687,0.0,0.0,0.0,0.48,0.36363636363636365
0.030063548965292487,0.010870915678272242,0.00022327727736610905,0.0014462852054030904,0.0,0.48,0.36363636363636365
0.02981912986801369,0.011245998187591894,0.0003569596663264853,8.497562898960578e-07,0.011414695486596294,0.48,0.36363636363636365
0.0,0.00021374403592312987,0.00013467631006788835,0.0,0.0,0.48,0.36363636363636365
0.012220954863940035,0.005181084771591239,0.009459360163287038,0.0,0.0,0.48,0.36363636363636365
0.012302427896366304,0.006687303074322275,0.017230616319829615,0.0,0.0067876169768717794,0.48,0.36363636363636365
0.0,0.0005570299117996718,0.017671704308470516,0.0,0.0,0.48,0.36363636363636365
0.037233175818803976,0.021582259362783688,0.00031486000798686603,0.0,0.0,0.48,0.36363636363636365
0.037233175818803976,0.02153986385152621,0.0004331366197808049,0.0,0.021862975841414684,0.48,0.36363636363636365
0.0,0.00014485133012972438,0.0,0.0,0.0,0.48,0.36363636363636365
0.01368746944761284,0.009008457315669322,0.0,0.0,0.0,0.48,0.36363636363636365
0.01368746944761284,0.010472280107142878,0.0,0.0,0.010629371130902931,0.48,0.36363636363636365
0.0,0.0008944275222237859,0.0,0.0,0.0,0.48,0.36363636363636365
0.8648362392048232,0.5841182881870207,0.5293427874162489,0.4606783774413498,0.0,0.48,0.45454545454545453
0.8615773179077725,0.5950121681005575,0.49407981541465146,0.42583327101787205,0.6039377382419492,0.48,0.45454545454545453
0.0,0.0014308485049399603,0.12066770200115366,0.00044187327074595004,0.0,0.48,0.45454545454545453
0.0231383412090598,0.013692572483075652,0.0019612193282158227,0.00044187327074595004,0.0,0.48,0.45454545454545453
0.02688610070066808,0.018584543420952684,0.004223738740737454,0.0006152235538847458,0.018863323679143004,0.48,0.45454545454545453
0.0,0.0014131837085826768,0.0008442649864666992,0.0,0.0,0.48,0.45454545454545453
0.04252892292651132,0.020438758211922207,0.00017514309801659492,0.0,0.0,0.48,0.45454545454545453
0.04277334202379013,0.020202638767279853,0.00019431157651861384,0.0,0.02050569150977113,0.48,0.45454545454545453
0.0,4.710612361942256e-05,0.0,0.0,0.0,0.48,0.45454545454545453
0.014583672804301777,0.006869250476802295,0.0,0.0,0.0,0.48,0.45454545454545453
0.01474661886915431,0.008020406372751934,0.0,0.0,0.00814071769322625,0.48,0.45454545454545453
0.0,0.0025596289921703736,0.0,0.0,0.0,0.48,0.45454545454545453
0.026234316441257944,0.011678785698345339,0.0008392953809291387,0.0,0.0,0.48,0.45454545454545453
0.026234316441257944,0.011234221656687039,0.000578675067666504,0.0,0.01140274230005606,0.48,0.45454545454545453
0.0,2.0608929083497372e-05,0.0,0.0,0.0,0.48,0.45454545454545453
0.009695290858725761,0.006144993826153673,0.0,0.0,0.0,0.48,0.45454545454545453
0.009613817826299494,0.006062558109819684,0.0,0.0,0.0061535004309123745,0.48,0.45454545454545453
0.0,0.00036095067223382537,0.0,0.0,0.0,0.48,0.45454545454545453
0.014420726739449241,0.0068262661389995715,0.0,0.0,0.0,0.48,0.45454545454545453
0.014420726739449241,0.006366981433710202,0.0,0.0,0.00646249030297742,0.48,0.45454545454545453
0.00448101678344468,0.00040334618349130566,0.0,0.0,0.0,0.48,0.45454545454545453
0.00448101678344468,0.00042925455148198807,0.0,0.0,0.00043569364939152305,0.48,0.45454545454545453
0.0,0.00046576179728704056,0.0,0.0,0.0,0.48,0.45454545454545453
0.03022649503014502,0.012057989993481691,0.00021092425788703023,0.0018626657874521587,0.0,0.48,0.45454545454545453
0.03022649503014502,0.011772409119038941,0.00043086480010649157,8.497562898960578e-07,0.011949002924944746,0.48,0.45454545454545453
0.0,0.00022728704646371385,0.0,0.0,0.0,0.48,0.45454545454545453
0.017842594101352454,0.009970599890596028,0.010242144029817633,0.0,0.0,0.48,0.45454545454545453
0.018005540166204988,0.01093215363897749,0.017313040777388294,0.0,0.011096143065299062,0.48,0.45454545454545453
0.0,0.0012377133981003278,0.018632471047610597,0.0,0.0,0.48,0.45454545454545453
0.03666286459182011,0.022594452194056033,0.00016832763899365488,0.0,0.0,0.48,0.45454545454545453
0.03674433762424637,0.021452128696285034,0.0005494963837245418,0.0,0.02177392460168994,0.48,0.45454545454545453
0.0,6.0649134160006545e-05,0.0,0.0,0.0,0.48,0.45454545454545453
0.018657324425615122,0.01587181952701919,0.0,0.0,0.0,0.48,0.45454545454545453
0.018738797458041388,0.014908499299001997,0.0,0.0,0.015132136500609015,0.48,0.45454545454545453
0.0,0.0017670684622735889,0.0,0.0,0.0,0.48,0.45454545454545453
0.8733094345771549,0.6138976018861292,0.4573134667435772,0.37739886200637657,0.0,0.48,0.5454545454545454
0.8707837705719407,0.6335167135470734,0.4762365887207703,0.4231658860238883,0.6430198769538977,0.48,0.5454545454545454
0.0,0.0011217145686874997,0.08968206948573457,0.0005056049924881544,0.0,0.48,0.5454545454545454
0.02558253218184781,0.02003070141606896,0.0031296445844611084,0.0,0.0,0.48,0.5454545454545454
0.027049046765520612,0.02147450410500426,0.0017186315836180503,0.0,0.021796635656116385,0.48,0.5454545454545454
0.0,0.0010492889036226377,0.0012301903536406798,0.0,0.0,0.48,0.5454545454545454
0.04383249144533159,0.02108470093205354,0.0003086834982473266,0.0,0.0,0.48,0.5454545454545454
0.04366954538047906,0.022005036822268006,0.00019409859342414695,0.0,0.02233512670975392,0.48,0.5454545454545454
0.0,0.00010245581887224407,0.0,0.0,0.0,0.48,0.5454545454545454
0.015398403128564445,0.008201764948686711,5.3813728535297514e-05,0.0,0.0,0.48,0.5454545454545454
0.015072510998859378,0.008529152507841697,0.0,0.0,0.00865709535176435,0.48,0.5454545454545454
0.0,0.0018630471891481622,0.0,0.0,0.0,0.48,0.5454545454545454
0.02631578947368421,0.011709993505243207,0.0009271154102143143,0.0,0.0,0.48,0.5454545454545454
0.026234316441257944,0.01153275671512513,0.0006046590051914629,0.0,0.011705755578850988,0.48,0.5454545454545454
0.0,1.7664796357283461e-06,0.0,0.0,0.0,0.48,0.5454545454545454
0.00945087176144696,0.006063735762910169,0.0,0.0,0.0,0.48,0.5454545454545454
0.009613817826299494,0.005986010658938122,0.0,0.0,0.006075804718400855,0.48,0.5454545454545454
0.0,0.00042101097984858913,0.0,0.0,0.0,0.48,0.5454545454545454
0.014339253707022975,0.006919889559693174,2.839774592891689e-07,0.0,0.0,0.48,0.5454545454545454
0.014257780674596708,0.006680825982324605,0.0,0.0,0.006781042724274651,0.48,0.5454545454545454
0.004155124653739612,0.0005994254230571521,0.0,0.0,0.0,0.48,0.5454545454545454
0.004318070718592146,0.0007219013444676507,0.0,0.0,0.0007327303349163337,0.48,0.5454545454545454
0.0,0.0004928478183682085,0.0,0.0,0.0,0.48,0.5454545454545454
0.029982075932866222,0.01090860057716778,0.00020886542130718375,0.0014207925167062086,0.0,0.48,0.5454545454545454
0.029982075932866222,0.01153275671512513,0.00021085326352220793,6.03326965826201e-05,0.011705755578850988,0.48,0.5454545454545454
0.017598175004073652,0.01146739696860318,0.011691493987664728,0.0,0.0,0.48,0.5454545454545454
0.017435228939221118,0.011650522024173686,0.01577111416781293,0.0,0.011825287444253327,0.48,0.5454545454545454
0.0,0.0014414473827543304,0.020956187602609044,0.0,0.0,0.48,0.5454545454545454
0.03707022975395144,0.023051970419709675,0.00021312508319652128,0.0,0.0,0.48,0.5454545454545454
0.03690728368909891,0.022973067662647142,0.0007719927230776057,0.0,0.02331767864336114,0.48,0.5454545454545454
0.017842594101352454,0.015353652167205542,1.3488929316235524e-06,0.0,0.0,0.48,0.5454545454545454
0.017842594101352454,0.016149745656373782,0.0,0.0,0.01639200236194966,0.48,0.5454545454545454
0.0,0.0014496909543877292,0.0,0.0,0.0,0.48,0.5454545454545454
0.8619846830699038,0.6166038486880651,0.4976038336957004,0.30648754937084044,0.0,0.48,0.6363636363636364
0.859296072999837,0.6027858561508527,0.4214993654878644,0.4693051032963746,0.6118280366771576,0.48,0.6363636363636364
0.0,0.0007048253746556101,0.13513862537161112,0.0,0.0,0.48,0.6363636363636364
0.0224050839172234,0.01975807472562155,0.006422221236189378,0.00034500105369779946,0.0,0.48,0.6363636363636364
0.025745478246700343,0.01857276689004783,0.004463770688201624,0.0005710362268101509,0.01885137049260277,0.48,0.6363636363636364
0.0,0.000832011908428051,0.0024224697164662557,0.0,0.0,0.48,0.6363636363636364
0.040899462277985986,0.01912508618948556,0.0003764121222877934,0.0,0.0,0.48,0.6363636363636364
0.04106240834283852,0.019185735323645568,0.00023385543772463062,0.0,0.01947353385202194,0.48,0.6363636363636364
0.0,6.948153233864828e-05,0.0,0.0,0.0,0.48,0.6363636363636364
0.012791266090923905,0.008467325720591206,0.0,0.0,0.0,0.48,0.6363636363636364
0.012954212155776438,0.008283611838475457,0.0012600079868660425,0.0,0.008407871412400474,0.48,0.6363636363636364
0.0,0.0016127959074199799,0.0,0.0,0.0,0.48,0.6363636363636364
0.025419586116995276,0.011794195701212923,0.0008167901672804721,0.0,0.0,0.48,0.6363636363636364
0.025419586116995276,0.011917849275713908,0.0006239694724231264,6.798050319168462e-05,0.012096624778716635,0.48,0.6363636363636364
0.007739938080495356,0.005036822268006757,0.0,0.0,0.0,0.48,0.6363636363636364
0.007576992015642822,0.005211703751943864,0.0,0.0,0.005289882703380481,0.48,0.6363636363636364
0.0,0.00043396516384393036,0.0,0.0,0.0,0.48,0.6363636363636364
0.014420726739449241,0.0060543145381862845,0.0,0.0,0.0,0.48,0.6363636363636364
0.014420726739449241,0.006527142254016238,0.0,0.0,0.006625053639924599,0.48,0.6363636363636364
0.0061104774319700175,0.0008249459898851376,0.0,0.0,0.0,0.48,0.6363636363636364
0.006029004399543751,0.0008708744604140746,0.0,0.0,0.0008839381446502915,0.48,0.6363636363636364
0.0,0.0004486858274749999,0.0,0.0,0.0,0.48,0.6363636363636364
0.028515561349193416,0.011068761397473816,0.0002996672139148955,0.00031440982726154137,0.0,0.48,0.6363636363636364
0.02843408831676715,0.010887991648084282,0.0001662688024138084,1.7844882087817215e-05,0.011051318615773185,0.48,0.6363636363636364
0.015235457063711912,0.011375540027545306,0.011734090606558105,0.0,0.0,0.48,0.6363636363636364
0.015316930096138178,0.011307236148297144,0.01649710254248569,0.0,0.01147685205660551,0.48,0.6363636363636364
0.0,0.0012312363061026572,0.01806522607268048,0.0,0.0,0.48,0.6363636363636364
0.03707022975395144,0.024005280596457738,0.00016470692638771798,0.0,0.0,0.48,0.6363636363636364
0.037314648851230245,0.025204131442572043,0.00021418999866885567,0.0,0.025582209833408438,0.48,0.6363636363636364
0.017027863777089782,0.01649656449152178,0.0,0.0,0.0,0.48,0.6363636363636364
0.016783444679810983,0.016957026849901635,0.0,0.0,0.01721139329928269,0.48,0.6363636363636364
0.0,0.0012241703875597437,0.0,0.0,0.0,0.48,0.6363636363636364
0.8595404920971158,0.6354368769111102,0.5511239295380929,0.39696535033752317,0.0,0.48,0.7272727272727273
0.8544891640866873,0.6094525502960915,0.43277412255402226,0.44976240814134505,0.6185947355775839,0.48,0.7272727272727273
0.0,0.0007436879266416337,0.13143811509961398,0.0011429222099101977,0.0,0.48,0.7272727272727273
0.022812449079354733,0.01692640786954901,0.004019061986954785,3.82390330453226e-05,0.0,0.48,0.7272727272727273
0.028026723154635814,0.01703180782114747,0.007191090207214802,0.0,0.017287296033813175,0.48,0.7272727272727273
0.0,0.0003150222017048884,0.0010238807294670985,0.0,0.0,0.48,0.7272727272727273
0.04293628808864266,0.02208393957933054,0.0003644850689976483,0.0,0.0,0.48,0.7272727272727273
0.04301776112106893,0.020766145771077195,0.00025344988241558325,0.0,0.02107765148572132,0.48,0.7272727272727273
0.011895062734234968,0.007660044527063351,7.809380130452146e-06,0.0,0.0,0.48,0.7272727272727273
0.011650643636956167,0.006292200462464368,0.0,0.0,0.0063865875684469345,0.48,0.7272727272727273
0.0,0.0015309490176312333,0.0,0.0,0.0,0.48,0.7272727272727273
0.02607137037640541,0.012183998874163646,0.0010889115676443182,0.0,0.0,0.48,0.7272727272727273
0.025908424311552877,0.011279561300670732,0.0006973066512845542,0.0,0.011448762068235962,0.48,0.7272727272727273
0.0,5.88826545242782e-07,0.0,0.0,0.0,0.48,0.7272727272727273
0.008554668404758025,0.005196394261767551,1.4198872964458447e-05,0.0,0.0,0.48,0.7272727272727273
0.008880560534463093,0.005290017682461154,0.0,0.0,0.005369371393873035,0.48,0.7272727272727273
0.0,0.0006965818030222112,0.0,0.0,0.0,0.48,0.7272727272727273
0.014257780674596708,0.006437640619139336,0.0,0.0,0.0,0.48,0.7272727272727273
0.014257780674596708,0.0065630606732760485,0.0,0.0,0.0066615108588723125,0.48,0.7272727272727273
0.002688610070066808,0.0005046243492730642,0.0,0.0,0.0,0.48,0.7272727272727273
0.002770083102493075,0.0006165013928691928,0.0,0.0,0.0006257493153812409,0.48,0.7272727272727273
0.0,0.00043102103111771644,0.0,0.0,0.0,0.48,0.7272727272727273
0.02924881864102982,0.012347103827195897,0.0002556507077250743,2.8891713856465966e-05,0.0,0.48,0.7272727272727273
0.029330291673456087,0.011959655960426146,0.00015356081111061808,2.039415095750539e-05,0.012139058590934464,0.48,0.7272727272727273
0.014257780674596708,0.009513081664942385,0.011632639659227048,0.0,0.0,0.48,0.7272727272727273
0.014176307642170441,0.007315580998096324,0.015554084394551183,0.0,0.007425319478793254,0.48,0.7272727272727273
0.0,0.0012671547253624669,0.02131158539290944,0.0,0.0,0.48,0.7272727272727273
0.03715170278637771,0.023996448198279095,0.00038422150241824554,0.0,0.0,0.48,0.7272727272727273
0.03707022975395144,0.023382890938136117,0.00035781159870435284,0.0,0.02373364953496128,0.48,0.7272727272727273
0.016946390744663517,0.015479661047887497,0.0,0.0,0.0,0.48,0.7272727272727273
0.017027863777089782,0.014224871679975128,0.0,0.0,0.01443825402194844,0.48,0.7272727272727273
0.0,0.0013637222787822832,0.0,5.0135621103867414e-05,0.0,0.48,0.7272727272727273
0.8645918201075444,0.5670758814880589,0.6075024004969606,0.4547564258570642,0.0,0.48,0.8181818181818182
0.8578295584161643,0.5832232718382517,0.4641348892931624,0.5010893875636467,0.5919720008558481,0.48,0.8181818181818182
0.0,0.0006459427201313319,0.12159950303944625,0.0011208285463729002,0.0,0.48,0.8181818181818182
0.015398403128564445,0.010524685669669485,0.0030927275147535163,0.0,0.0,0.48,0.8181818181818182
0.021427407528108195,0.009949402134967287,0.003239046900652261,0.00015380588847118646,0.010098649648516549,0.48,0.8181818181818182
0.0,0.0004887260325515091,0.0,0.0,0.0,0.48,0.8181818181818182
0.043506599315626525,0.02008369580514081,0.0002321515729688956,0.0,0.0,0.48,0.8181818181818182
0.04342512628320026,0.019732166357630868,0.0004114123441451835,0.0,0.020028161707488792,0.48,0.8181818181818182
0.0050513280104285485,0.002984761757835662,7.099436482229223e-06,0.0,0.0,0.48,0.8181818181818182
0.004888381945576014,0.002319387761711318,0.0,0.0,0.0023541800890990523,0.48,0.8181818181818182
0.0,0.00024377418973051175,0.0,0.0,0.0,0.48,0.8181818181818182
0.024034544565748737,0.00904614221456486,0.0012099569596663265,0.0,0.0,0.48,0.8181818181818182
0.02395307153332247,0.009256942117761777,0.0007132093890047477,0.0,0.0093958022799508,0.48,0.8181818181818182
0.0025256640052142743,0.0018483265255170927,0.0,0.0,0.0,0.48,0.8181818181818182
0.002607137037640541,0.001298951358805577,0.0,0.0,0.0013184364753877913,0.48,0.8181818181818182
0.0,0.00033504230424314296,0.0,0.0,0.0,0.48,0.8181818181818182
0.014828091901580577,0.005715150448126443,0.0,0.0,0.0,0.48,0.8181818181818182
0.014828091901580577,0.0061084865803486205,7.099436482229223e-08,0.0,0.006200117858419287,0.48,0.8181818181818182
0.00236271794036174,0.0004952031245491797,0.0,0.0,0.0,0.48,0.8181818181818182
0.00236271794036174,0.0003415193962408136,0.0,0.0,0.000346642409666781,0.48,0.8181818181818182
0.0,0.00031325572206916,0.0,0.0,0.0,0.48,0.8181818181818182
0.029574710770734886,0.010871504504817484,0.00024280072769223944,7.222928464116492e-05,0.0,0.48,0.8181818181818182
0.029574710770734886,0.010746084450680772,0.000141633757820473,0.00014870735073181012,0.010907282717963368,0.48,0.8181818181818182
0.0,3.827372544078083e-05,0.0,0.0,0.0,0.48,0.8181818181818182
0.0074955189832165555,0.0028599305302441924,0.013614021387052403,0.0,0.0,0.48,0.8181818181818182
0.0074955189832165555,0.002209866024296161,0.024286107290233838,0.0,0.002243015454274878,0.48,0.8181818181818182
0.0,0.00016546025921322175,0.024387629231929716,0.0,0.0,0.48,0.8181818181818182
0.038373798272771716,0.02149805716681397,0.000456493765807339,0.0,0.0,0.48,0.8181818181818182
0.038373798272771716,0.0223971953013997,0.0003260771176287882,0.0,0.022733167821543707,0.48,0.8181818181818182
0.007658465048069089,0.007302626814100982,0.0,0.0,0.0,0.48,0.8181818181818182
0.007658465048069089,0.006344017198445733,0.0,0.0,0.0064391815892239634,0.48,0.8181818181818182
0.0,0.00018489153520623354,0.0,0.0,0.0,0.48,0.8181818181818182
0.7741567541143881,0.4916318915522822,0.6496662377423792,0.44091049686949785,0.0,0.48,0.9090909090909091
0.7714681440443213,0.4721764736709154,0.43606456937480587,0.5015788471866269,0.47925942837471325,0.48,0.9090909090909091
0.0,0.00038391490749829386,0.13885723920663798,0.0007681796860660362,0.0,0.48,0.9090909090909091
0.014013361577317907,0.006419975822782052,1.7748591205573057e-05,0.0,0.0,0.48,0.9090909090909091
0.016376079517679647,0.0059771782607594805,0.006079531437192173,0.0,0.006066839828495679,0.48,0.9090909090909091
0.0,0.00025672837372585296,0.0,0.0,0.0,0.48,0.9090909090909091
0.04024767801857585,0.015923636263000553,0.00035766960997470824,0.0,0.0,0.48,0.9090909090909091
0.04000325892129705,0.015520878906054492,0.0002682877046634423,0.0,0.015753702200701172,0.48,0.9090909090909091
0.0037477594916082778,0.0018012204018976702,0.0,0.0,0.0,0.48,0.9090909090909091
0.004155124653739612,0.0017264394306518369,0.0,0.0,0.0017523371467982791,0.48,0.9090909090909091
0.0,0.00015662786103458,0.0,0.0,0.0,0.48,0.9090909090909091
0.022568029982075934,0.009359986763179264,0.0011121267249412077,0.0,0.0,0.48,0.9090909090909091
0.0224050839172234,0.008900702057889892,0.0007364245463016373,0.0,0.009034218387108727,0.48,0.9090909090909091
0.0,0.0001601608203060367,0.0,0.0,0.0,0.48,0.9090909090909091
0.0004888381945576015,2.0608929083497372e-05,0.0,0.0,0.0,0.48,0.9090909090909091
0.0006517842594101353,0.00012306474795574144,0.0,0.0,0.0001249107993454435,0.48,0.9090909090909091
0.013361577317907773,0.0048584078247981945,0.0,0.0,0.0,0.48,0.9090909090909091
0.013361577317907773,0.0049355441022249985,0.0,0.0,0.005009580479011997,0.48,0.9090909090909091
0.0013035685188202706,2.4141888354954063e-05,0.0,0.0,0.0,0.48,0.9090909090909091
0.0010591494215414698,2.7674847626410755e-05,0.0,0.0,2.8089988369549495e-05,0.48,0.9090909090909091
0.0,4.5928470528937e-05,0.0,0.0,0.0,0.48,0.9090909090909091
0.024686328825158872,0.007461021154771291,6.921950570173493e-05,0.0,0.0,0.48,0.9090909090909091
0.024604855792732607,0.007472797685676147,0.000115152859741758,5.9482940292724045e-05,0.007584894519105376,0.48,0.9090909090909091
0.006517842594101353,0.0020461722447186674,0.013330327905222523,0.0,0.0,0.48,0.9090909090909091
0.006680788658953886,0.0017600025437306754,0.016484252562452856,0.0,0.0017864037284379456,0.48,0.9090909090909091
0.0,5.88826545242782e-07,0.023204082175977282,0.0,0.0,0.48,0.9090909090909091
0.035359296072999834,0.01886835781575971,0.00029157385632515417,0.0,0.0,0.48,0.9090909090909091
0.0354407691054261,0.01784674375976348,0.00042866397479700047,0.0,0.018114456542397354,0.48,0.9090909090909091
0.0056216392374124164,0.004714734147758955,0.0,0.0,0.0,0.48,0.9090909090909091
0.005458693172559883,0.004488624754385728,0.0,0.0,0.004555957049810123,0.48,0.9090909090909091
0.0,8.420219596971783e-05,0.0,0.0,0.0,0.48,0.9090909090909091
0.7131334528271143,0.46204100234765144,0.5299113102897457,0.6259882665651492,0.0,0.48,1.0
0.7101189506273423,0.46357018488564694,0.44271226871367086,0.6509337122113378,0.4705240396511104,0.48,1.0
0.0,0.0003409305696955708,0.12164160269778586,0.0032239753638656434,0.0,0.48,1.0
0.014176307642170441,0.005035644614916272,0.005244566712517194,0.0,0.0,0.48,1.0
0.014828091901580577,0.0042454393912004585,0.008784771708745618,8.497562898960577e-06,0.004309123747754295,0.48,1.0
0.0,0.00023317531191614167,0.0,0.0,0.0,0.48,1.0
0.03193742871109663,0.012043858156395863,0.00014099480853707236,0.0,0.0,0.48,1.0
0.03234479387322796,0.011737079526324374,0.00016321604472644983,0.0,0.011913143365324045,0.48,1.0
0.0,3.650724580505249e-05,0.0,0.0,0.0,0.48,1.0
0.0025256640052142743,0.0014920864656452096,0.0,0.0,0.0,0.48,1.0
0.002607137037640541,0.0015833545801578407,0.0,0.0,0.0016071059303344381,0.48,1.0
0.035359296072999834,0.022704562758016432,0.000862439543861206,0.0,0.0,0.48,1.0
0.03568518820270491,0.017600614263851996,0.0006774282291343124,0.0,0.017864634943706468,0.48,1.0
0.005458693172559883,0.00499501558329452,6.034521009894839e-06,0.0,0.0,0.48,1.0
0.004888381945576014,0.002728622210655052,0.0,0.0,0.002769553321372178,0.48,1.0
0.012791266090923905,0.006006030761476377,0.0,0.0,0.0,0.48,1.0
0.012872739123350171,0.005019157471649474,7.099436482229224e-07,0.0,0.005094448103447657,0.48,1.0
0.0012220954863940035,9.126811451263121e-05,0.0,0.0,0.0,0.48,1.0
0.0014665145836728042,8.302454287923226e-05,0.0,0.0,8.426996510864849e-05,0.48,1.0
0.019390581717451522,0.0057122063154002286,0.00011714070195678218,1.7844882087817215e-05,0.0,0.48,1.0
0.01971647384715659,0.005264698141015714,0.0001388649775924036,8.497562898960578e-05,0.005343672042811533,0.48,1.0
0.0,0.00012365357450098424,3.1237520521808584e-05,0.0,0.0,0.48,1.0
0.004969854978002281,0.0008714632869593174,0.011521746461374629,0.0,0.0,0.48,1.0
0.004888381945576014,0.0008343672146090221,0.013755584150508053,0.0,0.0008468832663755668,0.48,1.0
0.0,4.710612361942256e-05,0.021604437147801393,0.0,0.0,0.48,1.0
0.04358807234805279,0.029523174151927848,0.00037350135333007943,0.0,0.0,0.48,1.0
0.043262180218347726,0.024007047076093465,0.0004633802191951014,0.0,0.02436716842159367,0.48,1.0
0.0,4.1806684712237524e-05,0.0,0.0,0.0,0.48,1.0
0.012791266090923905,0.013542421714038744,0.0,0.0,0.0,0.48,1.0
0.013198631253055239,0.007367986560622932,3.961485557083907e-05,0.0,0.007478511158897295,0.48,1.0
0.6847808375427733,0.3946733573064247,0.5068573102010028,0.32165824841435475,0.0,0.52,0.0
0.6870620824507088,0.40693390363147,0.38933472955584153,0.48636820959748744,0.41303817728249087,0.52,0.0
0.0,0.0005623293507068569,0.10045028175888539,0.00255861618887703,0.0,0.52,0.0
0.012139481831513768,0.003288007428635695,0.00573286595376492,0.0,0.0,0.52,0.0
0.012220954863940035,0.0033621995733362853,0.00209802546922838,0.0004690654720226239,0.003412634757236758,0.52,0.0
0.0,0.00031973281406683064,0.000905178151484226,0.0,0.0,0.52,0.0
0.03927000162946065,0.012070944177477031,0.0003725074322225673,0.0,0.0,0.52,0.0
0.038536744337624246,0.012829352767749734,0.000225691085770067,0.0,0.013021801416930733,0.52,0.0
0.0,4.7694950164665346e-05,0.0,0.0,0.0,0.52,0.0
0.00236271794036174,0.0011175927828708002,0.0,0.0,0.0,0.52,0.0
0.002607137037640541,0.0011364352323185692,0.0,0.0,0.0011534825011325644,0.52,0.0
0.04635815545054587,0.02940540884287929,0.0008502995074765941,0.0,0.0,0.52,0.0
0.0462766824181196,0.03039345978579668,0.0006534321338243777,0.0,0.030849381482362475,0.52,0.0
0.015072510998859378,0.013152618541088021,0.0,0.0,0.0,0.52,0.0
0.015398403128564445,0.012282921733764433,0.0,0.0,0.012467173561463882,0.52,0.0
0.014094834609744174,0.005139866913424244,0.0,0.0,0.0,0.52,0.0
0.01393188854489164,0.005897097850606462,0.0,0.0,0.0059855581600220895,0.52,0.0
0.0013035685188202706,1.6487143266797897e-05,0.0,0.0,0.0,0.52,0.0
0.0013850415512465374,3.1796633443110226e-05,0.0,0.0,3.2273603658631336e-05,0.52,0.0
0.022812449079354733,0.006063735762910169,8.810400674446466e-05,0.00010112099849763088,0.0,0.52,0.0
0.022242137852370867,0.006350494290443404,7.333717886142787e-05,1.2746344348440868e-05,0.006445755841821092,0.52,0.0
0.005377220140133616,0.0007065918542913384,0.012132510981940809,0.0,0.0,0.52,0.0
0.005703112269838683,0.0006712622615767715,0.017628610729023383,0.0,0.0006813316327933282,0.52,0.0
0.0,0.0,0.019511736255934685,0.0,0.0,0.52,0.0
0.05328336320677855,0.03452584448031052,0.00015242490127346142,0.0,0.0,0.52,0.0
0.05312041714192602,0.03625463921714333,0.0003023649997781426,0.0,0.03679848242343685,0.52,0.0
0.0,6.653739961243437e-05,0.0,0.0,0.0,0.52,0.0
0.023056868176633535,0.021869017890316925,0.0,0.0,0.0,0.52,0.0
0.023056868176633535,0.022794064392893335,0.00022157341261037406,0.0,0.023135990207949587,0.52,0.0
0.0,5.9471481069520984e-05,0.0,0.0,0.0,0.52,0.0
0.6476291347563956,0.38708868257715245,0.48435273550161956,0.42838763842529964,0.0,0.52,0.09090909090909091
0.6490956493400685,0.3872676858469063,0.41261413675289527,0.39816860524401604,0.3930769534196274,0.52,0.09090909090909091
0.0,0.0004127674082151902,0.12660630962417357,0.004742489853909898,0.0,0.52,0.09090909090909091
0.01368746944761284,0.004408544344232709,0.0021154190886098416,0.0008879953229413804,0.0,0.52,0.09090909090909091
0.011976535766661234,0.004774794455373719,0.004078697253405511,0.00040023521254104323,0.004846419482737806,0.52,0.09090909090909091
0.0,0.00013896306467729656,0.0010232417801836978,0.0,0.0,0.52,0.09090909090909091
0.039595893759165716,0.013384027373368435,0.00039054000088742955,0.0,0.0,0.52,0.09090909090909091
0.04000325892129705,0.013790317689585954,0.00021504193104672316,0.0,0.013997181438613813,0.52,0.09090909090909091
0.0030145021997718753,0.0012424240104622702,0.0,0.0,0.0,0.52,0.09090909090909091
0.0025256640052142743,0.00128894130753645,0.0,0.0,0.0013082762668285926,0.52,0.09090909090909091
0.04358807234805279,0.030936946687055766,0.0008069929449349958,0.0,0.0,0.52,0.09090909090909091
0.04358807234805279,0.030166172739332964,0.0006895682655189244,0.0,0.030618684982135963,0.52,0.09090909090909091
0.015887241323122046,0.015502625283151964,0.0,0.0,0.0,0.52,0.09090909090909091
0.01580576829069578,0.015396047678463021,0.0,0.00022093663537297502,0.015626998423374696,0.52,0.09090909090909091
0.013117158220628972,0.005904752595694618,0.0,0.0,0.0,0.52,0.09090909090909091
0.013117158220628972,0.005914173820418502,0.0,0.0,0.006002890280505428,0.52,0.09090909090909091
0.0016294606485253381,2.0020102538254588e-05,0.0,0.0,0.0,0.52,0.09090909090909091
0.0016294606485253381,2.4141888354954063e-05,0.0,0.0,2.4504032407479347e-05,0.52,0.09090909090909091
0.022323610884797132,0.006537741131830609,0.00023981896436970317,0.0,0.0,0.52,0.09090909090909091
0.022568029982075934,0.006566004806002263,0.00012111638638683054,5.948294029272405e-06,0.006664499155507371,0.52,0.09090909090909091
0.005866058334691217,0.0011853078355737203,0.011153001730487642,0.0,0.0,0.52,0.09090909090909091
0.00554016620498615,0.0014108284024017057,0.017076771531259707,0.0,0.0014319917475200125,0.52,0.09090909090909091
0.0,0.0,0.0199452278475396,0.0,0.0,0.52,0.09090909090909091
0.04953560371517028,0.035887211452911835,0.0003335315259351289,0.0,0.0,0.52,0.09090909090909091
0.04978002281244908,0.03547915465705859,0.0002583484935883214,0.0,0.03601136508976245,0.52,0.09090909090909091
0.019960892944435392,0.02129726731488618,6.815459022940054e-06,0.0,0.0,0.52,0.09090909090909091
0.019797946879582858,0.02048586433554163,0.0004701956782180414,0.0,0.020793165646063757,0.52,0.09090909090909091
0.0,1.6487143266797897e-05,0.0,0.0,0.0,0.52,0.09090909090909091
0.7505295747107708,0.4953026362353257,0.6616307760571505,0.37854263397257665,0.0,0.52,0.18181818181818182
0.7511813589701809,0.4935273242014187,0.5213100590140658,0.4845072433226151,0.5009305555721572,0.52,0.18181818181818182
0.0,0.0002749819966283792,0.11128146603363358,0.003219726582416163,0.0,0.52,0.18181818181818182
0.017435228939221118,0.007123623544347177,0.012192998180769401,0.0,0.0,0.52,0.18181818181818182
0.01710933680951605,0.007343844672267977,0.022283072281137684,0.0,0.0074540071264898155,0.52,0.18181818181818182
0.0,0.000640054454678904,0.0032096552336158316,0.0,0.0,0.52,0.18181818181818182
0.04212155776437999,0.017177247977822437,0.0005513422372099214,0.0,0.0,0.52,0.18181818181818182
0.04244744989408506,0.016723851537985494,0.00020439277632337932,0.0,0.01697472020578606,0.52,0.18181818181818182
0.0,7.124801197437663e-05,0.0,0.0,0.0,0.52,0.18181818181818182
0.004399543751018413,0.002477193275836384,0.0,0.0,0.0,0.52,0.18181818181818182
0.004155124653739612,0.002591425625613484,0.00408146603363358,0.0,0.002630298698178454,0.52,0.18181818181818182
0.0,0.00012012061522952753,0.0,0.0,0.0,0.52,0.18181818181818182
0.047824670034218676,0.03260803642245478,0.0010554022274481963,0.0,0.0,0.52,0.18181818181818182
0.04790614306664494,0.03487089683582279,0.00069964946532369,0.0,0.03539398300495938,0.52,0.18181818181818182
0.0,4.475081743845143e-05,0.0,0.0,0.0,0.52,0.18181818181818182
0.016946390744663517,0.015827657536125982,0.0,0.0,0.0,0.52,0.18181818181818182
0.016946390744663517,0.017193735121089234,0.0,0.0,0.017451652348741388,0.52,0.18181818181818182
0.0,2.649719453592519e-05,0.0,0.0,0.0,0.52,0.18181818181818182
0.015072510998859378,0.00631163173845738,0.0,0.0,0.0,0.52,0.18181818181818182
0.015153984031285645,0.00623743959375679,0.0,0.0,0.006331005251034847,0.52,0.18181818181818182
0.0015479876160990713,6.53597465219488e-05,0.0,0.0,0.0,0.52,0.18181818181818182
0.0012220954863940035,8.773515524117452e-05,0.0,0.0,8.905123972474202e-05,0.52,0.18181818181818182
0.0,0.0001307194930438976,0.0,0.0,0.0,0.52,0.18181818181818182
0.02419749063060127,0.007717749528497144,0.00022270932244753072,0.0,0.0,0.52,0.18181818181818182
0.024604855792732607,0.007848469021541042,0.00011160314150064339,1.6995125797921156e-06,0.007966201169738835,0.52,0.18181818181818182
0.0070881538210852205,0.002075024745435564,0.013038399077073257,0.0,0.0,0.52,0.18181818181818182
0.00684373472380642,0.002331164292616174,0.01734789901051604,0.0,0.0023661332756392864,0.52,0.18181818181818182
0.0,0.00015309490176312332,0.023482309091715847,0.0,0.0,0.52,0.18181818181818182
0.055401662049861494,0.03941192715273513,0.0002075165283755602,0.0,0.0,0.52,0.18181818181818182
0.0556460811471403,0.041272030209157075,0.0003073346053157031,0.0,0.04189113754890347,0.52,0.18181818181818182
0.01922763565259899,0.0173432970635809,6.389492834006301e-06,0.0,0.0,0.52,0.18181818181818182
0.019064689587746455,0.021354383489774732,0.0005939388561032968,0.0,0.021674713153406,0.52,0.18181818181818182
0.0,4.416199089320865e-05,0.0,0.0,0.0,0.52,0.18181818181818182
0.7716310901091739,0.5254741084135659,0.6140453121533478,0.3965362234111257,0.0,0.52,0.2727272727272727
0.7695942642985172,0.5161518065492822,0.44266264365266006,0.45914116831292784,0.5238944198939274,0.52,0.2727272727272727
0.0,0.0008708744604140746,0.10195131561432311,0.001484524238448413,0.0,0.52,0.2727272727272727
0.01368746944761284,0.0072808402319269995,0.006297697120291077,0.0,0.0,0.52,0.2727272727272727
0.01613166042040085,0.007883209787710366,0.005169170697075919,0.0,0.008001463070032525,0.52,0.2727272727272727
0.0,0.00025142893481866794,0.00025962639215512266,0.0,0.0,0.52,0.2727272727272727
0.04497311389929933,0.017778439880515317,0.00027467719749744865,0.0,0.0,0.52,0.2727272727272727
0.04489164086687306,0.018109949225487004,0.0003781869814083507,0.0,0.01838161026157158,0.52,0.2727272727272727
0.0,2.94413272621391e-06,0.0,0.0,0.0,0.52,0.2727272727272727
0.004562489815870947,0.002317032455530347,8.618715889426277e-05,0.0,0.0,0.52,0.2727272727272727
0.004562489815870947,0.002523121746365321,0.0,0.0,0.002560970216245098,0.52,0.2727272727272727
0.0,5.1227909436122034e-05,0.0,0.0,0.0,0.52,0.2727272727272727
0.02688610070066808,0.012418940665715516,0.001082309091715845,0.0,0.0,0.52,0.2727272727272727
0.026967573733094347,0.015006244505512299,0.0006110484980254693,0.0,0.015231347948892955,0.52,0.2727272727272727
0.0,8.596867560544617e-05,0.0,0.0,0.0,0.52,0.2727272727272727
0.003666286459182011,0.0013707881973251965,0.0,0.0,0.0,0.52,0.2727272727272727
0.003503340394329477,0.003937483108038483,0.0,0.0,0.00399654791972718,0.52,0.2727272727272727
0.014420726739449241,0.0051504657912386145,0.0,0.0,0.0,0.52,0.2727272727272727
0.014339253707022975,0.005625648813249539,0.0,0.0,0.0057100372102696995,0.52,0.2727272727272727
0.0017924067133778718,0.00012070944177477032,0.0,0.0,0.0,0.52,0.2727272727272727
0.001955352778230406,0.00018548036175147634,0.0,0.0,0.0001882626880086828,0.52,0.2727272727272727
0.0,0.000353884753690912,0.0,0.0,0.0,0.52,0.2727272727272727
0.024686328825158872,0.007783698101564335,6.432089452899675e-05,0.0,0.0,0.52,0.2727272727272727
0.02444190972788007,0.00801746224002572,0.00010556862049074855,2.8891713856465966e-05,0.00813772939659119,0.52,0.2727272727272727
0.0,0.0002166881686493438,0.0,0.0,0.0,0.52,0.2727272727272727
0.008636141437184292,0.0031967393141230636,0.013464152282912544,0.0,0.0,0.52,0.2727272727272727
0.008717614469610559,0.003939249587674212,0.01895343657097218,0.0,0.0039983408977082155,0.52,0.2727272727272727
0.0,0.0002873473540784776,0.025424785907618583,0.0,0.0,0.52,0.2727272727272727
0.045624898158709466,0.02184723130814294,0.00035553977903003946,0.0,0.0,0.52,0.2727272727272727
0.045461952093856936,0.024753679135461313,0.00028433243111328037,0.0,0.025125000448244495,0.52,0.2727272727272727
0.0,0.00023023117918992777,0.0,0.0,0.0,0.52,0.2727272727272727
0.00684373472380642,0.004951442418946554,0.0,0.0,0.0,0.52,0.2727272727272727
0.00684373472380642,0.00611260836616532,0.0,0.0,0.006204301473708368,0.52,0.2727272727272727
0.0,0.0001401407177677821,0.0,0.0,0.0,0.52,0.2727272727272727
0.8223887893107381,0.5616539666594633,0.5576215467897235,0.4440596936798526,0.0,0.52,0.36363636363636365
0.8232035196350008,0.5710704807709859,0.47434444690952654,0.4438481043636685,0.5796369100056539,0.52,0.36363636363636365
0.0,0.0006936376702959972,0.11073033677951813,0.0007571328542973875,0.0,0.52,0.36363636363636365
0.021997718755092065,0.012735729347056132,0.0036687757909215956,0.00010621953623700723,0.0,0.52,0.36363636363636365
0.02159035359296073,0.013206201756705114,0.0003236633092248303,0.0,0.013404303386218215,0.52,0.36363636363636365
0.0,0.000510512614725492,0.002120814660336336,0.0,0.0,0.52,0.36363636363636365
0.044402802672315465,0.01872056235290377,0.000324089275413764,0.0,0.0,0.52,0.36363636363636365
0.044647221769594264,0.01801338167206719,0.0002583484935883214,0.0,0.018283594131941663,0.52,0.36363636363636365
0.0,2.8263674171653538e-05,0.0,0.0,0.0,0.52,0.36363636363636365
0.008799087502036826,0.004335529852622604,6.957447752584639e-05,0.0,0.0,0.52,0.36363636363636365
0.008717614469610559,0.005294139468277853,0.0,0.0,0.005373555009162118,0.52,0.36363636363636365
0.0,0.0008938386956785431,0.0,0.0,0.0,0.52,0.36363636363636365
0.02395307153332247,0.009837525091371159,0.0009325819763056308,0.0,0.0,0.52,0.36363636363636365
0.02419749063060127,0.010122517139268665,0.0006865865021963882,0.0,0.010274361490657987,0.52,0.36363636363636365
0.006599315626527619,0.004156526582868798,0.0,0.0,0.0,0.52,0.36363636363636365
0.006354896529248819,0.004188912042857151,0.0,0.0,0.0042517484523611725,0.52,0.36363636363636365
0.0,0.0005058020023635498,0.0,0.0,0.0,0.52,0.36363636363636365
0.014828091901580577,0.006119674284708234,0.0,0.0,0.0,0.52,0.36363636363636365
0.014665145836728044,0.005828205144813056,0.0,3.059122643625808e-05,0.005915632018761722,0.52,0.36363636363636365
0.002770083102493075,0.0004039350100365485,0.0,0.0,0.0,0.52,0.36363636363636365
0.0030145021997718753,0.00038568138713402224,0.0,0.0,0.00039146685919265787,0.52,0.36363636363636365
0.0,0.0006029583823286088,0.0,0.0,0.0,0.52,0.36363636363636365
0.02656020857096301,0.009405326407162956,7.504104361716289e-05,0.0,0.0,0.52,0.36363636363636365
0.026641681603389276,0.009976488156048456,0.00011082220348759817,0.0,0.010126141977559087,0.52,0.36363636363636365
0.013361577317907773,0.006488868528575458,0.01080882104982917,0.0,0.0,0.52,0.36363636363636365
0.013280104285481506,0.007347377631539434,0.018761041842303768,0.0,0.007457593082451886,0.52,0.36363636363636365
0.0,0.00046693945037752616,0.025404978479833164,0.0,0.0,0.52,0.36363636363636365
0.044402802672315465,0.022002092689541793,0.00040353196964990903,0.0,0.0,0.52,0.36363636363636365
0.044402802672315465,0.022099837896052094,0.000267719749744864,0.0,0.022431349861402803,0.52,0.36363636363636365
0.0,5.24055625266076e-05,0.0,0.0,0.0,0.52,0.36363636363636365
0.011732116669382434,0.009500716307492288,0.0,0.0,0.0,0.52,0.36363636363636365
0.011895062734234968,0.010130760710902065,4.2596618893375335e-06,0.0,0.01028272872123615,0.52,0.36363636363636365
0.0,0.00036271715186955375,0.0,0.0,0.0,0.52,0.36363636363636365
0.8139970669708326,0.5881122986434025,0.539609069530106,0.2663450622361507,0.0,0.52,0.45454545454545453
0.8126934984520123,0.5956204259217932,0.4715137595953321,0.4672818335701321,0.6045551203267523,0.52,0.45454545454545453
0.0,0.0009586096156552491,0.1274397834671873,0.0010392519425428787,0.0,0.52,0.45454545454545453
0.023464233338764868,0.014137136524733954,0.0023294670985490526,0.0001792985771680682,0.0,0.52,0.45454545454545453
0.025256640052142742,0.015847088812118992,0.025794666548342726,0.0,0.01608480546786565,0.52,0.45454545454545453
0.0,0.000699525935748425,0.0012334560944225052,0.0,0.0,0.52,0.45454545454545453
0.0460322633208408,0.020029523762978473,0.0002562186626436527,0.0,0.0,0.52,0.45454545454545453
0.0460322633208408,0.01954197538351745,0.00032217242756356216,0.0,0.019835117744864014,0.52,0.45454545454545453
0.013850415512465374,0.007556999881645865,0.0,0.0,0.0,0.52,0.45454545454545453
0.013605996415186573,0.008104608568721652,0.0,0.0,0.00822618297698892,0.52,0.45454545454545453
0.0,0.0014761881489236545,0.0,0.0,0.0,0.52,0.45454545454545453
0.024849274890011406,0.012607953986738448,0.0010402094333762258,0.0,0.0,0.52,0.45454545454545453
0.024930747922437674,0.012361824490826966,0.0008764254337311976,0.0,0.01254725991128345,0.52,0.45454545454545453
0.0,0.00013601893195108264,0.0,0.0,0.0,0.52,0.45454545454545453
0.011487697572103633,0.007767799784842781,0.0,0.0,0.0,0.52,0.45454545454545453
0.011406224539677367,0.00734855528462992,0.0,0.0,0.007458788401105909,0.52,0.45454545454545453
0.0,0.0006123796070524933,0.0,0.0,0.0,0.52,0.45454545454545453
0.014257780674596708,0.0065860249085405165,0.0,0.0,0.0,0.52,0.45454545454545453
0.014176307642170441,0.006050781578914828,0.0,0.0,0.006141547244372141,0.52,0.45454545454545453
0.002607137037640541,0.00044633052129402877,0.0,0.0,0.0,0.52,0.45454545454545453
0.002607137037640541,0.00046340649110606947,0.0,0.0,0.00047035789035820114,0.52,0.45454545454545453
0.0,0.0006335773626812334,0.0,0.0,0.0,0.52,0.45454545454545453
0.026641681603389276,0.010753739195768927,9.662333052313973e-05,0.0,0.0,0.52,0.45454545454545453
0.026641681603389276,0.01054882755802444,0.00018479833163242667,5.2684889973555584e-05,0.010707066843414452,0.52,0.45454545454545453
0.016376079517679647,0.009848123969185529,0.013800665572170209,0.0,0.0,0.52,0.45454545454545453
0.016457552550105916,0.010627730315086972,0.01950825753205839,0.0,0.010787153193234018,0.52,0.45454545454545453
0.0,0.0008467325720591206,0.023789075742112968,0.0,0.0,0.52,0.45454545454545453
0.045624898158709466,0.02534721629306604,0.0003788259306917513,0.0,0.0,0.52,0.45454545454545453
0.045624898158709466,0.02469538530748228,0.00029356169854017835,0.0,0.025065832174870337,0.52,0.45454545454545453
0.0,0.0001672267388489501,0.0,0.0,0.0,0.52,0.45454545454545453
0.01890174352289392,0.015914803864821914,1.2069042019789679e-05,0.0,0.0,0.52,0.45454545454545453
0.018738797458041388,0.015443153802082443,0.0,0.0,0.015674811169535632,0.52,0.45454545454545453
0.0,0.00046046235837985555,0.0,0.0,0.0,0.52,0.45454545454545453
0.8359947857259247,0.6062899629215924,0.4956974220171274,0.26990044255307577,0.0,0.52,0.5454545454545454
0.8368095160501874,0.6311837827748216,0.4469426099303368,0.428024792489514,0.6406519507002775,0.52,0.5454545454545454
0.0,0.0008997269611309709,0.10831858721214004,0.00027107225647684245,0.0,0.52,0.5454545454545454
0.024849274890011406,0.01817059835964701,0.01272318409726228,1.4445856928232983e-05,0.0,0.52,0.5454545454545454
0.023790125468469935,0.01772662314453395,0.01894704707813817,0.0002804195756656991,0.01799253403968697,0.52,0.5454545454545454
0.0,0.0005476086870757873,0.002600878555264676,0.0,0.0,0.52,0.5454545454545454
0.04619520938569333,0.01967976079510426,0.0005306118826818121,0.0,0.0,0.52,0.5454545454545454
0.04619520938569333,0.0204840978559059,0.00038265962639215514,0.0,0.02079137266808272,0.52,0.5454545454545454
0.015153984031285645,0.008153481171976803,9.002085459466655e-05,0.0,0.0,0.52,0.5454545454545454
0.015316930096138178,0.008275368266842059,0.0,0.0,0.008399504181822311,0.52,0.5454545454545454
0.0,0.0010174922701795272,0.0,0.0,0.0,0.52,0.5454545454545454
0.025256640052142742,0.012125116219639367,0.0008589608199849137,0.0,0.0,0.52,0.5454545454545454
0.025175167019716473,0.011887230295361283,0.0007979766606025647,0.0,0.012065546493712026,0.52,0.5454545454545454
0.0,7.124801197437663e-05,0.0,0.0,0.0,0.52,0.5454545454545454
0.009043506599315626,0.006089644130900852,0.0,0.0,0.0,0.52,0.5454545454545454
0.009287925696594427,0.005804063256458102,0.0,0.0,0.0058911279863542425,0.52,0.5454545454545454
0.0,0.0003568288864171259,0.0,0.0,0.0,0.52,0.5454545454545454
0.015153984031285645,0.007357387682808561,0.0,0.0,0.0,0.52,0.5454545454545454
0.015153984031285645,0.007207236913771652,0.0,0.0,0.0073153501626231025,0.52,0.5454545454545454
0.00448101678344468,0.0007890275706253279,0.0,0.0,0.0,0.52,0.5454545454545454
0.004562489815870947,0.0008414331331519355,0.0,0.0,0.0008540551782997071,0.52,0.5454545454545454
0.0,0.0005234667987208332,0.0,0.0,0.0,0.52,0.5454545454545454
0.02631578947368421,0.00898490425385961,9.917912765674224e-05,0.0,0.0,0.52,0.5454545454545454
0.02631578947368421,0.009394727529348588,0.00010116696987176642,0.0,0.009535654562471536,0.52,0.5454545454545454
0.016213133452827114,0.010098964077458954,0.01407917646536806,0.0,0.0,0.52,0.5454545454545454
0.01613166042040085,0.010005929483310595,0.02137455739450681,0.0,0.010156024943909672,0.52,0.5454545454545454
0.0,0.000832011908428051,0.0242910768957714,0.0,0.0,0.52,0.5454545454545454
0.04847645429362881,0.026271673969097204,0.0005949327772108089,0.0,0.0,0.52,0.5454545454545454
0.048313508228776274,0.026748034644198615,0.000311452278475396,0.0,0.027149272588833095,0.52,0.5454545454545454
0.0,0.00025142893481866794,0.0,0.0,0.0,0.52,0.5454545454545454
0.01653902558253218,0.014823708276487038,0.0,0.0,0.0,0.52,0.5454545454545454
0.016783444679810983,0.015178770683268434,0.0,0.0,0.01540646213170738,0.52,0.5454545454545454
0.0,0.00045398526638218493,0.0,0.0,0.0,0.52,0.5454545454545454
0.8203519635000814,0.6302416603024331,0.5362131960775613,0.29180800946288604,0.0,0.52,0.6363636363636364
0.8187225028515561,0.6191781983438664,0.41777776988951504,0.4716818716392139,0.628466274681836,0.52,0.6363636363636364
0.0,0.0010074822189104,0.11703200958423925,0.0017301038062283738,0.0,0.52,0.6363636363636364
0.02370865243604367,0.018785333272880473,0.004218698140835071,0.0006177728227544341,0.0,0.52,0.6363636363636364
0.02558253218184781,0.016611974494389368,0.0035443226693881173,0.0,0.01686116493365384,0.52,0.6363636363636364
0.0,0.0010392788523535103,0.0031015308159914805,0.0,0.0,0.52,0.6363636363636364
0.04138830047254359,0.017784916972512988,0.0004109153835914274,0.0,0.0,0.52,0.6363636363636364
0.04138830047254359,0.017926235343371257,0.0003803168123530195,0.0,0.018195140551543934,0.52,0.6363636363636364
0.01238390092879257,0.008339550360273522,0.0005793850113147269,0.0,0.0,0.52,0.6363636363636364
0.012709793058497638,0.007982132647311154,0.0018484092825132004,0.0,0.008101869836970489,0.52,0.6363636363636364
0.0,0.0011764754373950784,0.0,0.0,0.0,0.52,0.6363636363636364
0.02370865243604367,0.011951412388792746,0.0008941740249367706,0.0,0.0,0.52,0.6363636363636364
0.02370865243604367,0.012185176527254132,0.0005403381106624662,0.0,0.012367962113179943,0.52,0.6363636363636364
0.0,0.00016487143266797897,0.0,0.0,0.0,0.52,0.6363636363636364
0.008636141437184292,0.005578542689630117,0.0,0.0,0.0,0.52,0.6363636363636364
0.008473195372331759,0.005566766158725261,0.0,0.0,0.005650271277568531,0.52,0.6363636363636364
0.0,0.0004215998063938319,0.0,0.0,0.0,0.52,0.6363636363636364
0.013361577317907773,0.006766205831384808,0.0,0.0,0.0,0.52,0.6363636363636364
0.013361577317907773,0.0071459989530664025,0.0,0.0,0.007253193592613887,0.52,0.6363636363636364
0.003666286459182011,0.0008278901226113515,0.0,0.0,0.0,0.52,0.6363636363636364
0.0035848134267557437,0.0007260231302843503,0.0,0.0,0.0007369139502054155,0.52,0.6363636363636364
0.0,0.00035506240678139753,0.0,0.0,0.0,0.52,0.6363636363636364
0.025093693987290208,0.008586268682730247,5.473665527798731e-05,0.0,0.0,0.52,0.6363636363636364
0.025338113084569007,0.008851829454634742,8.057860407330169e-05,7.137952835126886e-05,0.008984612662966757,0.52,0.6363636363636364
0.015561349193416979,0.010797901186662136,0.010231281891999823,0.0,0.0,0.52,0.6363636363636364
0.015398403128564445,0.010984559201504098,0.01665939566046945,0.0,0.011149334745403104,0.52,0.6363636363636364
0.0,0.0010280911479938974,0.020023392643208945,0.0,0.0,0.52,0.6363636363636364
0.044402802672315465,0.02662791402896909,0.00048105781603585213,0.0,0.0,0.52,0.6363636363636364
0.044402802672315465,0.028047574829549435,0.0009868926653946843,0.0,0.028468306723547897,0.52,0.6363636363636364
0.0,0.00019843454574681755,0.0,0.0,0.0,0.52,0.6363636363636364
0.017679648036499917,0.016359956733025455,0.0003965745218973244,0.0,0.0,0.52,0.6363636363636364
0.017761121068926185,0.016719140925623554,0.0008936060700181923,0.0,0.016969938931169964,0.52,0.6363636363636364
0.0,0.0004475081743845143,0.0,0.0,0.0,0.52,0.6363636363636364
0.8228776275052957,0.6303818010202009,0.6027746727603497,0.285096634285287,0.0,0.52,0.7272727272727273
0.8203519635000814,0.6082283799085317,0.4824687580423304,0.4702789240045955,0.6173522018367267,0.52,0.7272727272727273
0.0,0.0009904062490983594,0.13398865865021964,0.002501682517453994,0.0,0.52,0.7272727272727273
0.019960892944435392,0.012783424297220798,0.022725367173980566,0.0,0.0,0.52,0.7272727272727273
0.021916245722665796,0.010864438586274571,0.007570839064649244,0.0,0.011027412242692719,0.52,0.7272727272727273
0.0,0.0004110009285794619,0.007874481962994187,0.0,0.0,0.52,0.7272727272727273
0.046765520612677206,0.02232300315669911,0.0003015130674002751,0.0,0.0,0.52,0.7272727272727273
0.04660257454782467,0.02071079607582437,0.0002875981718951058,0.0,0.02102147150898222,0.52,0.7272727272727273
0.010102656020857097,0.005889443105518305,0.0,0.0,0.0,0.52,0.7272727272727273
0.009939709956004562,0.004845453640802853,0.0,0.0,0.0049181386019792085,0.52,0.7272727272727273
0.0,0.0010640095672537072,0.0,0.0,0.0,0.52,0.7272727272727273
0.024604855792732607,0.012460747350427752,0.0005771841860052359,0.0,0.0,0.52,0.7272727272727273
0.024278963663027536,0.011389671864631133,0.0005257842658738963,0.0,0.011560524362387147,0.52,0.7272727272727273
0.007006680788658954,0.0040075534669223745,0.0,0.0,0.0,0.52,0.7272727272727273
0.007414045950790289,0.004559283939814861,0.0,0.0,0.004627676169051527,0.52,0.7272727272727273
0.0,0.0004198333267581036,0.0,0.0,0.0,0.52,0.7272727272727273
0.014583672804301777,0.006719688534310628,0.0,0.0,0.0,0.52,0.7272727272727273
0.014420726739449241,0.006941676141867157,0.0,0.0,0.00704580580614083,0.52,0.7272727272727273
0.0017924067133778718,0.00042042215330334636,0.0,0.0,0.0,0.52,0.7272727272727273
0.0017924067133778718,0.0004286657249367453,0.0,0.0,0.00043509599006451137,0.52,0.7272727272727273
0.026641681603389276,0.011056984866568961,9.59843812397391e-05,0.0,0.0,0.52,0.7272727272727273
0.026397262506110478,0.010750206236497471,0.00016293206726716066,4.078830191501078e-05,0.01091146633325245,0.52,0.7272727272727273
0.01238390092879257,0.007919128206970175,0.01326827883036784,0.0,0.0,0.52,0.7272727272727273
0.012546846993645104,0.006220952450489992,0.02042983538181657,0.0,0.00631427078987852,0.52,0.7272727272727273
0.0,0.0006971706295674539,0.025518285486089542,0.0,0.0,0.52,0.7272727272727273
0.04391396447775786,0.025882459622691728,0.0005840706393929982,0.0,0.0,0.52,0.7272727272727273
0.04391396447775786,0.02475132382928034,0.0007117185073434796,0.0,0.025122609810936447,0.52,0.7272727272727273
0.01368746944761284,0.011874864937911185,0.0,0.0,0.0,0.52,0.7272727272727273
0.013605996415186573,0.011205369155970141,0.0,0.0,0.011373456993032488,0.52,0.7272727272727273
0.0,0.0005423092481686022,0.0,0.0,0.0,0.52,0.7272727272727273
0.8197816522730976,0.577963284309598,0.6721519989350845,0.1515081474633075,0.0,0.52,0.8181818181818182
0.8157894736842105,0.5870200254019772,0.4840038691928828,0.5369304083588827,0.5958257081964196,0.52,0.8181818181818182
0.0,0.0005405427685328739,0.1677605360074544,0.004569139570771103,0.0,0.52,0.8181818181818182
0.01605018738797458,0.00989287478662398,0.025815964857789413,0.0,0.0,0.52,0.8181818181818182
0.019553527782304056,0.007461609981316533,0.009148617828459866,0.0,0.007573538991892154,0.52,0.8181818181818182
0.0,0.0007748957335395011,0.004518720326574078,0.0,0.0,0.52,0.8181818181818182
0.04863940035848134,0.020700786024555246,0.0003076185827749922,0.0,0.0,0.52,0.8181818181818182
0.04863940035848134,0.02024856723780879,0.00036533700137551583,0.0,0.020552308937278045,0.52,0.8181818181818182
0.004155124653739612,0.0026326434837804784,0.0,0.0,0.0,0.52,0.8181818181818182
0.004155124653739612,0.002076791225071292,0.006418174557394507,0.0,0.0021079444463702355,0.52,0.8181818181818182
0.0,0.0001018669923270013,0.0,0.0,0.0,0.52,0.8181818181818182
0.0226495030145022,0.009662643607434053,0.00031287216577184185,0.0,0.0,0.52,0.8181818181818182
0.0226495030145022,0.010012995401853509,0.0006879353951280117,0.0,0.010163196855833813,0.52,0.8181818181818182
0.0025256640052142743,0.0017217288182898947,0.0,0.0,0.0,0.52,0.8181818181818182
0.0025256640052142743,0.001034568239991568,0.0,0.0,0.0010500874375595419,0.52,0.8181818181818182
0.0,0.00017193735121089234,0.0,0.0,0.0,0.52,0.8181818181818182
0.01450219977187551,0.006152648571241829,0.0,0.0,0.0,0.52,0.8181818181818182
0.01450219977187551,0.0063216417897265075,0.0,0.0,0.006416470534797519,0.52,0.8181818181818182
0.0017924067133778718,0.0004021685304008201,0.0,0.0,0.0,0.52,0.8181818181818182
0.0017924067133778718,0.00027615964971886475,0.0,0.0,0.0002803022243684833,0.52,0.8181818181818182
0.026641681603389276,0.009236333188678279,5.544659892621023e-05,0.0,0.0,0.52,0.8181818181818182
0.02656020857096301,0.009136821502532248,0.00013921994941651507,8.497562898960578e-07,0.009273879777240415,0.52,0.8181818181818182
0.008391722339905492,0.003491741413289697,0.014176651728269068,0.0,0.0,0.52,0.8181818181818182
0.008554668404758025,0.002936477981125754,0.03088879620180148,0.0,0.002980527063807305,0.52,0.8181818181818182
0.0,4.2984337802723084e-05,0.025213648666637084,0.0,0.0,0.52,0.8181818181818182
0.0450545869317256,0.023230973689463478,0.0005771131916404136,0.0,0.0,0.52,0.8181818181818182
0.04513605996415187,0.023888692940499667,0.00046188933753383324,0.0,0.02424703889686432,0.52,0.8181818181818182
0.0,5.299438907185038e-05,0.0,0.0,0.0,0.52,0.8181818181818182
0.005458693172559883,0.004638775523422636,0.0,0.0,0.0,0.52,0.8181818181818182
0.005458693172559883,0.004099999234525491,0.0,0.0,0.004161501893982407,0.52,0.8181818181818182
0.0,0.00017959209629904853,0.0,0.0,0.0,0.52,0.8181818181818182
0.7273097604692846,0.48629771187892784,0.7027458135510494,0.340099659417679,0.0,0.52,0.9090909090909091
0.7245396773667916,0.4710488708367755,0.48492679593557264,0.5538686004853808,0.4781149107634859,0.52,0.9090909090909091
0.0,0.0006636075164886153,0.14411557882593068,0.0007095465020632083,0.0,0.52,0.9090909090909091
0.011895062734234968,0.00566392253869032,0.03713480942450193,0.0,0.0,0.52,0.9090909090909091
0.013768942480039107,0.0050980602287120065,0.009993024803656209,0.0007698791986458284,0.005174534453267224,0.52,0.9090909090909091
0.0,0.0009586096156552491,0.010840484536539912,7.987709125022944e-05,0.0,0.52,0.9090909090909091
0.04399543751018413,0.017501102577705967,0.0007315969294937214,0.0,0.0,0.52,0.9090909090909091
0.04399543751018413,0.017380393135931198,0.000450175267338155,0.0,0.017641110355404097,0.52,0.9090909090909091
0.0,8.53798490602034e-05,0.0,0.0,0.0,0.52,0.9090909090909091
0.001955352778230406,0.0013007178384413054,2.2860185472778098e-05,0.0,0.0,0.52,0.9090909090909091
0.002036825810656673,0.0012436016635527557,0.0,0.0,0.0012622564986486922,0.52,0.9090909090909091
0.0,6.712622615767715e-05,0.0,0.0,0.0,0.52,0.9090909090909091
0.02134593449568193,0.008995503131673981,0.0003527000044371478,0.0,0.0,0.52,0.9090909090909091
0.02134593449568193,0.008821210474282118,0.0005925899631716732,0.0,0.008953534377962149,0.52,0.9090909090909091
0.0004888381945576015,4.8872603255150906e-05,0.0,0.0,0.0,0.52,0.9090909090909091
0.0004888381945576015,4.946142980039369e-05,0.0,0.0,5.020338346898208e-05,0.52,0.9090909090909091
0.010754440280267232,0.0038585803509759505,0.0,0.0,0.0,0.52,0.9090909090909091
0.010754440280267232,0.0040046093341961604,0.0,0.0,0.004064681083006514,0.52,0.9090909090909091
0.0004888381945576015,1.7664796357283461e-06,0.0,0.0,0.0,0.52,0.9090909090909091
0.0006517842594101353,5.88826545242782e-06,0.0,0.0,5.976593270116914e-06,0.52,0.9090909090909091
0.024686328825158872,0.007931493564420274,0.0001096862936504415,0.0,0.0,0.52,0.9090909090909091
0.024686328825158872,0.00802806111784009,9.009184895948884e-05,2.5492688696881735e-06,0.008148487264477401,0.52,0.9090909090909091
0.005458693172559883,0.0014814875878308396,0.014084288059635266,0.0,0.0,0.52,0.9090909090909091
0.00554016620498615,0.0010280911479938974,0.02794238807294671,0.0,0.0010435131849624133,0.52,0.9090909090909091
0.0,7.654745088156166e-05,0.022961068465190575,0.0,0.0,0.52,0.9090909090909091
0.042040084731953725,0.020992255164450423,0.000430722811376847,0.0,0.0,0.52,0.9090909090909091
0.042040084731953725,0.01956552844532716,0.0008449039357500998,0.0,0.019859024117944483,0.52,0.9090909090909091
0.0046439628482972135,0.003678399428131659,0.0,0.0,0.0,0.52,0.9090909090909091
0.004562489815870947,0.003635415090328936,0.0,0.0,0.0036899486849701828,0.52,0.9090909090909091
0.0,5.24055625266076e-05,0.0,0.0,0.0,0.52,0.9090909090909091
0.6897506925207756,0.46462124026890533,0.5600710653591872,0.4452323573599092,0.0,0.52,1.0
0.6856770408994622,0.4697881932034107,0.4627453165904956,0.7105526135104452,0.47683532214435387,0.52,1.0
0.0,0.0005723394019759841,0.12205471890668679,0.0015550540105097857,0.0,0.52,1.0
0.0113247515072511,0.004556339807088647,0.015881013444557838,0.0,0.0,0.52,1.0
0.013850415512465374,0.004117664030882775,0.011436198251763766,0.0010987348828356027,0.004179431673792758,0.52,1.0
0.0,0.0010952173741515746,0.0083710165505613,0.000822564088619384,0.0,0.52,1.0
0.036174026397262506,0.013946945550620534,0.0005101655056129919,0.0,0.0,0.52,1.0
0.03649991852696757,0.013484127886059709,0.0003492212805608555,0.0,0.013686398588567733,0.52,1.0
0.001710933680951605,0.0008979604814952426,8.86009672982207e-05,0.0,0.0,0.52,1.0
0.0017924067133778718,0.0009215135433049539,5.679549185783379e-05,0.0,0.000935336846773297,0.52,1.0
0.0,5.88826545242782e-07,0.0,0.0,0.0,0.52,1.0
0.035114876975721035,0.023379946805409904,0.0003643430802680037,0.0,0.0,0.52,1.0
0.035033403943294766,0.017847332586308724,0.0004248302790965967,0.0,0.01811505420172437,0.52,1.0
0.006273423496822552,0.006812134301913745,0.0,0.0,0.0,0.52,1.0
0.006354896529248819,0.00383738259534721,0.0,0.0,0.003894945834135193,0.52,1.0
0.011732116669382434,0.004953797725127525,0.0,0.0,0.0,0.52,1.0
0.011895062734234968,0.004369681792246685,0.0,0.0,0.004435229865753762,0.52,1.0
0.0016294606485253381,0.0004004020507650918,0.0,0.0,0.0,0.52,1.0
0.0015479876160990713,0.00016840439193943567,0.0,0.0,0.00017093056752534374,0.52,1.0
0.021020042365976863,0.007102425788718437,0.00011288104006744465,0.0,0.0,0.52,1.0
0.020938569333550594,0.006411143424603411,2.640990371389271e-05,0.0,0.006507314752503296,0.52,1.0
0.004318070718592146,0.0006930488437507544,0.012891511736255934,0.0,0.0,0.52,1.0
0.00448101678344468,0.0006565415979457019,0.016247557350135333,0.0,0.0006663901496180359,0.52,1.0
0.0,0.0,0.02251962550472556,0.0,0.0,0.52,1.0
0.050187387974580416,0.03201979870375724,0.00039508364023605624,0.0,0.0,0.52,1.0
0.050513280104285484,0.027488778438114037,0.0004111283666858943,0.0,0.0279011280222138,0.52,1.0
0.0,6.359326688622045e-05,0.0,0.0,0.0,0.52,1.0
0.010428548150562164,0.01023557183595528,0.0,0.0,0.0,0.52,1.0
0.01002118298843083,0.00654009643801158,0.0,0.0,0.006638202145118856,0.52,1.0
0.6763076421704416,0.4063097474935126,0.5731536229311799,0.3485462369392458,0.0,0.56,0.0
0.6773667915919831,0.4152687433793815,0.39969607312419575,0.5489578588860715,0.42149804505634136,0.56,0.0
0.0,0.000888539256771358,0.13554570705950214,0.0009814685148299468,0.0,0.56,0.0
0.011161805442398566,0.0029358891545805113,0.012438283711230421,0.0,0.0,0.56,0.0
0.013361577317907773,0.002344118476611515,0.00505430181479345,0.0,0.0023792817808335437,0.56,0.0
0.0,0.0003497629678742125,0.005418005945778054,0.0,0.0,0.56,0.0
0.03527782304057357,0.01241364122680833,0.0006566978746062031,0.0,0.0,0.56,0.0
0.034870457878442236,0.013306302269396388,0.0003553977903003949,0.0,0.013505905471810202,0.56,0.0
0.001955352778230406,0.00092916828839311,0.0,0.0,0.0,0.56,0.0
0.001955352778230406,0.0009344677273002951,0.0,0.0,0.0009484853519675543,0.56,0.0
0.04733583183966107,0.030777963519840214,0.0006945378710564849,0.0,0.0,0.56,0.0
0.047009939709956004,0.031492798945764955,0.0008147313307006256,0.0,0.0319652114458933,0.56,0.0
0.015561349193416979,0.012854083482649931,0.0,0.0,0.0,0.56,0.0
0.015561349193416979,0.012009706216771781,0.0,0.0,0.012189859633730458,0.56,0.0
0.012220954863940035,0.004339062811894061,0.0,0.0,0.0,0.56,0.0
0.011976535766661234,0.004737698383023424,0.0,0.0,0.004808766945136069,0.56,0.0
0.0021997718755092065,5.1816735981364814e-05,0.0,0.0,0.0,0.56,0.0
0.0021182988430829396,0.0001342524523153543,0.0,0.0,0.00013626632655866565,0.56,0.0
0.022893922111781,0.00654009643801158,0.0002376181390602121,0.0,0.0,0.56,0.0
0.022486556949649666,0.006702023737953345,2.3712117850645607e-05,6.798050319168462e-06,0.006802558460047072,0.56,0.0
0.004318070718592146,0.0008308342553375655,0.013414740204996228,0.0,0.0,0.56,0.0
0.004399543751018413,0.0007525203248202754,0.027296197364334206,0.0,0.0007638086199209417,0.56,0.0
0.0,0.0,0.021943151262368548,0.0,0.0,0.56,0.0
0.06501547987616099,0.04090872423074228,0.0006550650042152904,0.0,0.0,0.56,0.0
0.06485253381130845,0.042126417526304354,0.0004879442694236145,0.0,0.04275834123239744,0.56,0.0
0.019879419912009123,0.018593964645676572,2.0588365798464747e-06,0.0,0.0,0.56,0.0
0.019960892944435392,0.0196927149790996,3.9543861206016776e-05,0.0,0.019988118532579008,0.56,0.0
0.6328010428548151,0.3950855358880947,0.5335832098327196,0.26253475503225676,0.0,0.56,0.09090909090909091
0.6297865406550431,0.3938961062667043,0.4144195234503261,0.4042044241711477,0.39980480446379796,0.56,0.09090909090909091
0.0,0.0005593852179806429,0.12380458801082664,0.0005353464626345164,0.0,0.56,0.09090909090909091
0.012791266090923905,0.0038120630539017707,0.02319251009451125,7.392879722095703e-05,0.0,0.56,0.09090909090909091
0.01580576829069578,0.004083512091258693,0.020298069840706395,0.00013596100638336924,0.00414476743282608,0.56,0.09090909090909091
0.0,0.0003868590402245078,0.007500412654745529,0.0,0.0,0.56,0.09090909090909091
0.03707022975395144,0.01431201800867106,0.0003255801570750322,0.0,0.0,0.56,0.09090909090909091
0.03698875672152518,0.014713597712526637,0.00035504281847628346,0.0,0.014934311263368145,0.56,0.09090909090909091
0.002688610070066808,0.0012400687042812988,0.0,0.0,0.0,0.56,0.09090909090909091
0.002770083102493075,0.0013554787071488842,0.0,0.0,0.0013758117707809137,0.56,0.09090909090909091
0.0,0.00015545020794409446,0.0,0.0,0.0,0.56,0.09090909090909091
0.0450545869317256,0.03350894103667624,0.0005078936859386786,0.0,0.0,0.56,0.09090909090909091
0.04538047906143067,0.03264218836207886,0.000768159027377202,0.0,0.033131842452220124,0.56,0.09090909090909091
0.015887241323122046,0.014592299444206624,0.0,0.0,0.0,0.56,0.09090909090909091
0.015316930096138178,0.014329682805028342,0.0,0.0,0.014544637382156523,0.56,0.09090909090909091
0.0,6.477091997670602e-06,0.0,0.0,0.0,0.56,0.09090909090909091
0.011243278474824833,0.004575771083081659,0.0,0.0,0.0,0.56,0.09090909090909091
0.011243278474824833,0.004541030316912335,0.0,0.0,0.004609148729914164,0.56,0.09090909090909091
0.000977676389115203,0.00013601893195108264,0.0,0.0,0.0,0.56,0.09090909090909091
0.0011406224539677367,0.00015662786103458,0.0,0.0,0.00015897738098510992,0.56,0.09090909090909091
0.023056868176633535,0.007035888389106002,2.0091405244708702e-05,0.0,0.0,0.56,0.09090909090909091
0.023056868176633535,0.007070629155275327,0.00018486932599724897,1.869463837771327e-05,0.00717669319875639,0.56,0.09090909090909091
0.004969854978002281,0.0011558665083115812,0.012378080489861117,0.0,0.0,0.56,0.09090909090909091
0.0050513280104285485,0.0013819759016848094,0.028018068065847272,0.0,0.0014027064404964398,0.56,0.09090909090909091
0.0,4.1806684712237524e-05,0.021439730221413676,0.0,0.0,0.56,0.09090909090909091
0.05923089457389604,0.04191620644965268,0.0010519944979367262,0.0,0.0,0.56,0.09090909090909091
0.059067948509043504,0.04103296663178851,0.000799254559169366,0.0,0.04164848786213673,0.56,0.09090909090909091
0.0,4.2984337802723084e-05,0.0,0.0,0.0,0.56,0.09090909090909091
0.018820270490467656,0.02013669019421266,1.0649154723343835e-05,0.0,0.0,0.56,0.09090909090909091
0.019064689587746455,0.019534320638429293,2.83267515640946e-05,0.0,0.019827348173612862,0.56,0.09090909090909091
0.0,4.710612361942256e-05,0.0,0.0,0.0,0.56,0.09090909090909091
0.7421378523708653,0.4888750056674555,0.7470036295869016,0.3451676059306191,0.0,0.56,0.18181818181818182
0.7383900928792569,0.4825221560708311,0.4873929981807694,0.5165082154438108,0.4897603027503087,0.56,0.18181818181818182
0.0,0.000740154967370177,0.14255881439410747,0.0005710362268101509,0.0,0.56,0.18181818181818182
0.010102656020857097,0.0030730857396220794,0.026713049651683897,0.0,0.0,0.56,0.18181818181818182
0.013035685188202705,0.002812235580079527,0.01158372454186449,0.0,0.002854420945807838,0.56,0.18181818181818182
0.0,0.00022728704646371385,0.012894138527754359,0.0,0.0,0.56,0.18181818181818182
0.0443213296398892,0.01702709720878553,0.0004010471668811288,0.0,0.0,0.56,0.18181818181818182
0.044484275704741734,0.01702297542296883,0.0004523760926476461,0.0,0.017278331143907998,0.56,0.18181818181818182
0.004399543751018413,0.0019843454574681755,0.0045497448640014196,0.0,0.0,0.56,0.18181818181818182
0.004236597686165879,0.0019219298436724405,0.0,0.0,0.0019507600433661609,0.56,0.18181818181818182
0.0,0.00029500209916663377,0.0,0.0,0.0,0.56,0.18181818181818182
0.048313508228776274,0.032733456476591496,0.0005357944713138394,0.0,0.0,0.56,0.18181818181818182
0.04896529248818641,0.03696064224488943,0.0006428539734658562,0.0,0.03751507595652387,0.56,0.18181818181818182
0.016946390744663517,0.014483366533336709,0.0002649509695167946,0.0,0.0,0.56,0.18181818181818182
0.016783444679810983,0.016231003719617287,0.0,0.0,0.016474479349077274,0.56,0.18181818181818182
0.0,2.4730714900196843e-05,0.0,0.0,0.0,0.56,0.18181818181818182
0.012709793058497638,0.005023279257466174,0.0,0.0,0.0,0.56,0.18181818181818182
0.012791266090923905,0.005406605338419224,0.0,0.0,0.00548770794062135,0.56,0.18181818181818182
0.000977676389115203,1.0598877814370076e-05,0.0,0.0,0.0,0.56,0.18181818181818182
0.000977676389115203,1.1187704359612858e-05,0.0,0.0,1.1355527213222137e-05,0.56,0.18181818181818182
0.025664005214274074,0.007777809836111907,0.00013481829879753295,0.0,0.0,0.56,0.18181818181818182
0.02558253218184781,0.007743657896487826,0.00017698895150197454,0.0,0.007859817809530753,0.56,0.18181818181818182
0.00578458530226495,0.0016781556539419288,0.013345946665483428,0.0,0.0,0.56,0.18181818181818182
0.005947531367117484,0.001612207080874737,0.03611533034565381,0.0,0.0016363912373580111,0.56,0.18181818181818182
0.0,0.00019254628029438973,0.025679868660425077,0.0,0.0,0.56,0.18181818181818182
0.06778556297865407,0.04277294907298093,0.000601535253139282,0.0,0.0,0.56,0.18181818181818182
0.06786703601108034,0.047445287709482406,0.0006272352132049518,0.0,0.048156997933294046,0.56,0.18181818181818182
0.018331432295910055,0.014846083685206263,0.0,0.0,0.0,0.56,0.18181818181818182
0.018249959263483786,0.018764135517251736,1.4198872964458446e-07,0.0,0.01904560977388157,0.56,0.18181818181818182
0.0,4.0040205076509176e-05,0.0,0.0,0.0,0.56,0.18181818181818182
0.7801042854815057,0.5670935462844162,0.7015261303634024,0.31418379208842906,0.0,0.56,0.2727272727272727
0.7774971484438651,0.56122117914871,0.4444289124550739,0.5227318305110095,0.5696398624427294,0.56,0.2727272727272727
0.0,0.0007413326204606626,0.1726990460132227,0.0007987709125022943,0.0,0.56,0.2727272727272727
0.013850415512465374,0.0049125798669605305,0.03960654923015486,0.00015210637589139434,0.0,0.56,0.2727272727272727
0.016783444679810983,0.0060825782123579385,0.03373275946221769,0.0004716147408923121,0.006173820848030772,0.56,0.2727272727272727
0.0,0.0004857818998252952,0.005488716333141057,0.0,0.0,0.56,0.2727272727272727
0.04138830047254359,0.017940367180457082,0.0001981452722190176,0.0,0.0,0.56,0.2727272727272727
0.04130682744011732,0.01804341182587457,0.00022533611394595553,0.0,0.01831407475761926,0.56,0.2727272727272727
0.0,4.651729707417978e-05,0.0,0.0,0.0,0.56,0.2727272727272727
0.003910705556460812,0.002177480564307808,0.0,0.0,0.0,0.56,0.2727272727272727
0.0038292325240345446,0.0025949585848849405,0.006871047610595909,0.0,0.0026338846541405243,0.56,0.2727272727272727
0.0,0.00012836418686292648,0.0,0.0,0.0,0.56,0.2727272727272727
0.02900439954375102,0.014867281440835003,0.00029249678306784397,0.0,0.0,0.56,0.2727272727272727
0.029085872576177285,0.016239836117795926,0.0005606424990016417,0.0,0.01648344423898245,0.56,0.2727272727272727
0.0,9.009046142214565e-05,0.0,0.0,0.0,0.56,0.2727272727272727
0.005295747107707349,0.003041877932724212,0.0,0.0,0.0,0.56,0.2727272727272727
0.005214274075281082,0.005360676867890287,0.0,0.0,0.005441090513114439,0.56,0.2727272727272727
0.0,0.00014602898322020995,0.0,0.0,0.0,0.56,0.2727272727272727
0.013035685188202705,0.004906691601508102,0.0,0.0,0.0,0.56,0.2727272727272727
0.012954212155776438,0.004869595529157807,0.0,0.0,0.004942642634386688,0.56,0.2727272727272727
0.0012220954863940035,0.00012012061522952753,0.0,0.0,0.0,0.56,0.2727272727272727
0.0012220954863940035,0.00014956194249166662,0.0,0.0,0.00015180546906096962,0.56,0.2727272727272727
0.024360436695453805,0.007625303760894027,5.622753693925544e-05,0.0,0.0,0.56,0.2727272727272727
0.024278963663027536,0.007751312641575982,8.725207436659715e-05,5.2684889973555584e-05,0.007867587380781907,0.56,0.2727272727272727
0.007251099885937755,0.002153338675952854,0.012694360385144429,0.0,0.0,0.56,0.2727272727272727
0.007251099885937755,0.002679160780854658,0.03166490659803878,0.0,0.002719349937903196,0.56,0.2727272727272727
0.0,0.00011835413559379918,0.026901326707192617,0.0,0.0,0.56,0.2727272727272727
0.04847645429362881,0.026877576484152028,0.000340843945511825,0.0,0.0,0.56,0.2727272727272727
0.04839498126120254,0.028222456313486542,0.0007154812086790611,0.0,0.02864581154367037,0.56,0.2727272727272727
0.00578458530226495,0.0038568138713402224,2.129830944668767e-05,0.0,0.0,0.56,0.2727272727272727
0.006029004399543751,0.004592258226348457,0.0,0.0,0.004661145091364181,0.56,0.2727272727272727
0.0,7.949158360777558e-05,0.0,0.0,0.0,0.56,0.2727272727272727
0.8313508228776275,0.5858735801183894,0.6699239827838666,0.3506034969170842,0.0,0.56,0.36363636363636365
0.8291510510021183,0.5940806445059834,0.4398437414030261,0.518214526073922,0.6029922411866168,0.56,0.36363636363636365
0.0,0.0021545163290433394,0.1848455428850335,0.00025747615583850554,0.0,0.56,0.36363636363636365
0.019309108685025257,0.010634796233629886,0.013373563473399299,0.0,0.0,0.56,0.36363636363636365
0.02183477269023953,0.012796378481216139,0.0037571637751253493,0.00011981563687534415,0.012988332494618077,0.56,0.36363636363636365
0.0,0.0004062903162175196,0.0017985712384079513,0.0,0.0,0.56,0.36363636363636365
0.04138830047254359,0.02054533581661115,0.00033850113147268935,0.0,0.0,0.56,0.36363636363636365
0.04155124653739612,0.01990174840266079,0.0003720814660336336,0.0,0.020200287593668157,0.56,0.36363636363636365
0.00790288414534789,0.0038026418291778863,0.0003455295735900963,0.0,0.0,0.56,0.36363636363636365
0.008065830210200424,0.004585192307805543,0.0,0.0,0.0046539731794400414,0.56,0.36363636363636365
0.0,0.000505213175818307,0.0,0.0,0.0,0.56,0.36363636363636365
0.025093693987290208,0.01136140819045948,0.00035873452544704263,0.0,0.0,0.56,0.36363636363636365
0.02501222095486394,0.011668186820530968,0.0006415050805342326,0.0,0.011843217224063677,0.56,0.36363636363636365
0.0,0.00034034174315032803,0.0,0.0,0.0,0.56,0.36363636363636365
0.006925207756232687,0.003359844267155314,2.839774592891689e-07,0.0,0.0,0.56,0.36363636363636365
0.006762261691380153,0.0033480677362504587,0.0,0.0,0.003398290933388477,0.56,0.36363636363636365
0.0,0.0005799941470641403,0.0,0.0,0.0,0.56,0.36363636363636365
0.013280104285481506,0.005315926050451836,0.0,0.0,0.0,0.56,0.36363636363636365
0.013361577317907773,0.005226424415574933,0.0,0.0,0.005304824186555773,0.56,0.36363636363636365
0.0028515561349193416,0.0003450523555122703,0.0,0.0,0.0,0.56,0.36363636363636365
0.002770083102493075,0.0003256210795192585,0.0,0.0,0.00033050560783746535,0.56,0.36363636363636365
0.0,0.00015545020794409446,0.0,0.0,0.0,0.56,0.36363636363636365
0.025175167019716473,0.009056152265833988,7.198828592980432e-05,0.0,0.0,0.56,0.36363636363636365
0.025256640052142742,0.009835169785190188,0.0001461773971690997,0.0,0.009982703739076282,0.56,0.36363636363636365
0.0,9.126811451263121e-05,0.0,0.0,0.0,0.56,0.36363636363636365
0.012709793058497638,0.005300616560275524,0.012982952478147047,0.0,0.0,0.56,0.36363636363636365
0.012872739123350171,0.006815667261185202,0.030796006566978746,0.0,0.006917906710160328,0.56,0.36363636363636365
0.0,0.0009356453803907806,0.027175719927230776,0.0,0.0,0.56,0.36363636363636365
0.045787844223562,0.027398099150146647,0.0005839996450281759,0.0,0.0,0.56,0.36363636363636365
0.045869317255988265,0.02722498414584527,0.000348369348182988,0.0,0.027633376643712564,0.56,0.36363636363636365
0.0,0.00015662786103458,0.0,0.0,0.0,0.56,0.36363636363636365
0.011732116669382434,0.008602166999451802,0.0,0.0,0.0,0.56,0.36363636363636365
0.011732116669382434,0.009449488398056165,0.0,0.0,0.009591236879883624,0.56,0.36363636363636365
0.0,0.0005587963914354001,0.0,0.0,0.0,0.56,0.36363636363636365
0.8277660094508718,0.6060102703126021,0.5871417136264809,0.29529116049516996,0.0,0.56,0.45454545454545453
0.8262180218347727,0.6223702270456276,0.4452073656653503,0.5022892434449799,0.6317061858935664,0.56,0.45454545454545453
0.0,0.004770083843011777,0.20138318320983273,0.00025492688696881734,0.0,0.56,0.45454545454545453
0.021997718755092065,0.011674075085983397,0.02006478235790034,0.0,0.0,0.56,0.45454545454545453
0.023464233338764868,0.012173399996349275,0.010763526645072548,0.00036199617949572065,0.012356008926639708,0.56,0.45454545454545453
0.0,0.0004263104187557742,0.011347313307006257,0.0,0.0,0.56,0.45454545454545453
0.04261039595893759,0.02054710229624688,0.0006114034698495807,0.0,0.0,0.56,0.45454545454545453
0.04236597686165879,0.02018968458328451,0.0003052757687358566,0.0,0.020492543004576876,0.56,0.45454545454545453
0.015398403128564445,0.007406260286063712,0.0,0.0,0.0,0.56,0.45454545454545453
0.015153984031285645,0.008172912447969815,8.945289967608821e-05,0.0,0.008295511458922277,0.56,0.45454545454545453
0.0,0.0014920864656452096,0.0,0.0,0.0,0.56,0.45454545454545453
0.025338113084569007,0.012632684701638645,0.00029022496339353065,0.0,0.0,0.56,0.45454545454545453
0.02558253218184781,0.012437783115163284,0.0006766472911212672,0.0,0.012624357964467958,0.56,0.45454545454545453
0.0,0.00030030153807381884,0.0,0.0,0.0,0.56,0.45454545454545453
0.009695290858725761,0.005858824125165681,0.0,0.0,0.0,0.56,0.45454545454545453
0.009695290858725761,0.005509649983836711,0.0,0.0,0.005592298322848396,0.56,0.45454545454545453
0.0,0.0004928478183682085,0.0,0.0,0.0,0.56,0.45454545454545453
0.013361577317907773,0.005730459938302754,0.0,0.0,0.0,0.56,0.45454545454545453
0.013280104285481506,0.005321814315904264,2.129830944668767e-07,0.0,0.005401644997531667,0.56,0.45454545454545453
0.002607137037640541,0.0002961797522571194,0.0,0.0,0.0,0.56,0.45454545454545453
0.002607137037640541,0.00041394506130567574,0.0,0.0,0.0004201545068892191,0.56,0.45454545454545453
0.0,0.0002196323013755577,0.0,0.0,0.0,0.56,0.45454545454545453
0.027619357992504482,0.01055530465002211,4.451346674357723e-05,1.6995125797921155e-05,0.0,0.56,0.45454545454545453
0.02745641192765195,0.010604177253277261,0.0002055996805253583,1.6995125797921156e-06,0.01076324682015355,0.56,0.45454545454545453
0.01662049861495845,0.010216140559962268,0.013739752407152682,0.0,0.0,0.56,0.45454545454545453
0.01662049861495845,0.01081792128920039,0.03461820118028131,0.0,0.010980197155858795,0.56,0.45454545454545453
0.0,0.0009274018087573817,0.021129981807694015,0.0,0.0,0.56,0.45454545454545453
0.0462766824181196,0.028793029235826797,0.0004806318498469184,0.0,0.0,0.56,0.45454545454545453
0.04619520938569333,0.02796572793976069,0.0004297998846341572,0.0,0.028385232077093273,0.56,0.45454545454545453
0.0,0.00019549041302060363,0.0,0.0,0.0,0.56,0.45454545454545453
0.017027863777089782,0.01539133706610108,2.129830944668767e-07,0.0,0.0,0.56,0.45454545454545453
0.017027863777089782,0.015119888028744156,0.0,0.0,0.015346696199006212,0.56,0.45454545454545453
0.0,0.00027733730280935035,0.0,0.0,0.0,0.56,0.45454545454545453
0.847075118135897,0.6234783986037745,0.5855407197053734,0.3612670885989898,0.0,0.56,0.5454545454545454
0.8459344956819292,0.646137032891262,0.4650111727381639,0.4752907866024024,0.6558295093097394,0.56,0.5454545454545454
0.0,0.005052720584728313,0.17348573456981853,0.0007562830980074914,0.0,0.56,0.5454545454545454
0.0236271794036174,0.014313195661761546,0.0343964857789413,0.00012916295606420078,0.0,0.56,0.5454545454545454
0.02419749063060127,0.014801332867767811,0.02586892665394684,0.0004189298509187565,0.015023362503092887,0.56,0.5454545454545454
0.0,0.00018430270866099077,0.016045365399121443,0.0,0.0,0.56,0.5454545454545454
0.0443213296398892,0.019712146255092614,0.000419079735545991,0.0,0.0,0.56,0.5454545454545454
0.044402802672315465,0.020544746990065907,0.00036547899010516043,0.0,0.020852931578764927,0.56,0.5454545454545454
0.015072510998859378,0.008573314498734906,1.817455739450681e-05,0.0,0.0,0.56,0.5454545454545454
0.015153984031285645,0.009054974612743502,7.099436482229223e-08,0.0,0.00919080513078579,0.56,0.5454545454545454
0.0,0.001072253138887106,0.0,0.0,0.0,0.56,0.5454545454545454
0.025908424311552877,0.012868215319735758,0.0002719084172693792,0.0,0.0,0.56,0.5454545454545454
0.025908424311552877,0.012613253425645633,0.000668340950437059,0.0,0.012802460443917441,0.56,0.5454545454545454
0.0,8.950163487690286e-05,0.0,0.0,0.0,0.56,0.5454545454545454
0.008717614469610559,0.004825433538264598,0.0,0.0,0.0,0.56,0.5454545454545454
0.008717614469610559,0.004732987770661482,0.0,0.0,0.004803985670519976,0.56,0.5454545454545454
0.0,0.00033916409005984243,0.0,0.0,0.0,0.56,0.5454545454545454
0.01393188854489164,0.006288078676647669,0.0,0.0,0.0,0.56,0.5454545454545454
0.01393188854489164,0.006051959232005313,0.0,0.0,0.006142742563026164,0.56,0.5454545454545454
0.0050513280104285485,0.000758997416817946,0.0,0.0,0.0,0.56,0.5454545454545454
0.005132801042854815,0.0007584085902727032,0.0,0.0,0.0007697852131910585,0.56,0.5454545454545454
0.0,0.00013366362577011152,0.0,0.0,0.0,0.56,0.5454545454545454
0.029167345608603554,0.010524096843124242,0.00010741447397612815,0.0,0.0,0.56,0.5454545454545454
0.029085872576177285,0.010947463129153803,0.00016683675733238673,0.0,0.011111682207801368,0.56,0.5454545454545454
0.0,0.000137785411586811,0.0,0.0,0.0,0.56,0.5454545454545454
0.015642822225843248,0.008888925526985038,0.013964662554909704,0.0,0.0,0.56,0.5454545454545454
0.015724295258269513,0.009211602473778082,0.02367725961751786,0.0,0.009349782511770901,0.56,0.5454545454545454
0.0,0.0013042507977127622,0.0235726139237698,0.0,0.0,0.56,0.5454545454545454
0.04904676552061268,0.029729852269308063,0.0007477126503083818,0.0,0.0,0.56,0.5454545454545454
0.04896529248818641,0.03006783870627742,0.0006007543151262368,0.0,0.03051887587452501,0.56,0.5454545454545454
0.0,0.0003797931216815944,0.0,0.0,0.0,0.56,0.5454545454545454
0.01710933680951605,0.014309073875944846,1.206904201978968e-06,0.0,0.0,0.56,0.5454545454545454
0.017190809841942316,0.014475711788248554,0.0,0.0,0.01469285689525542,0.56,0.5454545454545454
0.0,0.0002455406693662401,0.0,0.0,0.0,0.56,0.5454545454545454
0.8350985823692357,0.65652452197589,0.6031119669876204,0.32905282764903027,0.0,0.56,0.6363636363636364
0.8330617565585791,0.6454392734351493,0.45899951191374183,0.4323143622409093,0.6551212830072305,0.56,0.6363636363636364
0.0,0.006841575629175884,0.1601796157430004,0.00016655223281962733,0.0,0.56,0.6363636363636364
0.021101515398403128,0.015608025234750423,0.03306207569774149,0.0,0.0,0.56,0.6363636363636364
0.02370865243604367,0.015250018695242812,0.013633047876824777,0.00037304301126436936,0.015478778910275796,0.56,0.6363636363636364
0.0,0.00046635062383228334,0.011657061720725918,2.5492688696881735e-06,0.0,0.56,0.6363636363636364
0.03975883982401825,0.01785322085176115,0.00023470737010249812,0.0,0.0,0.56,0.6363636363636364
0.039840312856444515,0.017608857835485395,0.00029611749567378087,0.0,0.01787300217428463,0.56,0.6363636363636364
0.014257780674596708,0.009482462684589762,4.2596618893375335e-06,0.0,0.0,0.56,0.6363636363636364
0.014176307642170441,0.009117390226539237,0.000137019124107024,0.0,0.00925415701944903,0.56,0.6363636363636364
0.0,0.0014597010056568566,0.0,0.0,0.0,0.56,0.6363636363636364
0.023790125468469935,0.013079604049477916,0.0002670808004614634,0.0,0.0,0.56,0.6363636363636364
0.023871598500896204,0.01328745981994862,0.0005785330789368594,0.0,0.013486780373345829,0.56,0.6363636363636364
0.0,0.0003656612845957676,0.0,0.0,0.0,0.56,0.6363636363636364
0.008799087502036826,0.005185795383953181,0.0,0.0,0.0,0.56,0.6363636363636364
0.008554668404758025,0.005225246762484447,0.0,0.0,0.00530362886790175,0.56,0.6363636363636364
0.0,0.0007531091513655182,0.0,0.0,0.0,0.56,0.6363636363636364
0.01393188854489164,0.005749302387750524,0.0,0.0,0.0,0.56,0.6363636363636364
0.01393188854489164,0.006170313367599113,0.0,0.0,0.006262872087755515,0.56,0.6363636363636364
0.004236597686165879,0.0008785292055022308,0.0,0.0,0.0,0.56,0.6363636363636364
0.004236597686165879,0.000942711298933694,0.0,0.0,0.0009568525825457179,0.56,0.6363636363636364
0.0,0.00014897311594642385,0.0,0.0,0.0,0.56,0.6363636363636364
0.028026723154635814,0.010222028825414696,2.8823712117850644e-05,0.0,0.0,0.56,0.6363636363636364
0.028271142251914617,0.010409275666801901,0.00013851000576829215,0.0,0.01056542158291268,0.56,0.6363636363636364
0.0,4.357316434796587e-05,0.0,0.0,0.0,0.56,0.6363636363636364
0.01450219977187551,0.010027716065484579,0.010817411367972667,0.0,0.0,0.56,0.6363636363636364
0.014257780674596708,0.009546055951475983,0.018613515552203044,0.0,0.009689253009513541,0.56,0.6363636363636364
0.0,0.0011764754373950784,0.018570208989661444,0.0,0.0,0.56,0.6363636363636364
0.048313508228776274,0.030926347809241396,0.0003536229311798376,0.0,0.0,0.56,0.6363636363636364
0.048232035196350005,0.03269989336351266,0.0004988774016062475,0.0,0.03319041306626727,0.56,0.6363636363636364
0.0,0.00027733730280935035,0.0,0.0,0.0,0.56,0.6363636363636364
0.017598175004073652,0.016683811332908985,0.00012104539202200826,0.0,0.0,0.56,0.6363636363636364
0.017598175004073652,0.017686582939457445,5.679549185783379e-06,0.0,0.017951893205450174,0.56,0.6363636363636364
0.0,0.00038155960131732277,0.0,0.0,0.0,0.56,0.6363636363636364
0.8305360925533648,0.6401363015686928,0.667437689133425,0.3828211568922033,0.0,0.56,0.7272727272727273
0.8270327521590354,0.6192735882441958,0.4997476505302392,0.5036055159380289,0.628563095492812,0.56,0.7272727272727273
0.0,0.005537913658008365,0.1609350667790744,0.0004248781449480289,0.0,0.56,0.7272727272727273
0.018331432295910055,0.01189076325463274,0.033321063140613214,0.0,0.0,0.56,0.7272727272727273
0.02126446146325566,0.010551771690750654,0.010314913253760483,0.0,0.01071005514004951,0.56,0.7272727272727273
0.0,0.0002561395471806102,0.01855011758441674,0.0,0.0,0.56,0.7272727272727273
0.046846993645103474,0.02235715509632319,0.00018131960775613436,0.0,0.0,0.56,0.7272727272727273
0.046765520612677206,0.021091766850596452,0.00035774060433953057,0.0,0.021408157093558786,0.56,0.7272727272727273
0.0,6.0649134160006545e-05,0.0,0.0,0.0,0.56,0.7272727272727273
0.0110803324099723,0.006979361040762695,0.0,0.0,0.0,0.56,0.7272727272727273
0.011161805442398566,0.005796997337915189,0.00031102631228646226,0.0,0.005883956074430102,0.56,0.7272727272727273
0.0,0.0015403702423551179,0.0,0.0,0.0,0.56,0.7272727272727273
0.025664005214274074,0.013442910027892713,0.0002293117983760039,0.0,0.0,0.56,0.7272727272727273
0.02550105914942154,0.012678613172167582,0.0007984736211563207,0.0,0.01286880062921574,0.56,0.7272727272727273
0.00684373472380642,0.0030683751272601372,0.0,0.0,0.0,0.56,0.7272727272727273
0.006925207756232687,0.0035294263121852356,0.0,0.0,0.0035823700061080785,0.56,0.7272727272727273
0.0,0.0007478097124583332,0.0,0.0,0.0,0.56,0.7272727272727273
0.012954212155776438,0.005877077748068208,0.0,0.0,0.0,0.56,0.7272727272727273
0.012954212155776438,0.006124384897070176,0.0,0.0,0.006216254660248602,0.56,0.7272727272727273
0.0031774482646244094,0.0007531091513655182,0.0,0.0,0.0,0.56,0.7272727272727273
0.0031774482646244094,0.0007937381829872702,0.0,0.0,0.00080564477281176,0.56,0.7272727272727273
0.0,6.418209343146324e-05,0.0,0.0,0.0,0.56,0.7272727272727273
0.028841453478898483,0.011611659472187662,4.1886675245152414e-05,3.399025159584231e-06,0.0,0.56,0.7272727272727273
0.028759980446472218,0.011375540027545306,0.00019495052580201447,0.0,0.011546180538538866,0.56,0.7272727272727273
0.0,8.479102251496061e-05,0.0,0.0,0.0,0.56,0.7272727272727273
0.013361577317907773,0.008759972513576868,0.011695043705905843,0.0,0.0,0.56,0.7272727272727273
0.01344305035033404,0.007373285999530116,0.028078200292851754,0.0,0.0074838900928404,0.56,0.7272727272727273
0.0,0.0008814733382284447,0.023135146647734837,0.0,0.0,0.56,0.7272727272727273
0.047009939709956004,0.030533600503564462,0.000534942538935972,0.0,0.0,0.56,0.7272727272727273
0.047009939709956004,0.02925643572693287,0.000621200692195057,0.0,0.0296953013219029,0.56,0.7272727272727273
0.0,0.00042748807184625975,0.0,0.0,0.0,0.56,0.7272727272727273
0.01474661886915431,0.013650765798363416,0.0,0.0,0.0,0.56,0.7272727272727273
0.014828091901580577,0.012448381992977655,0.0,0.0,0.012635115832354169,0.56,0.7272727272727273
0.0,0.000510512614725492,0.0,0.0,0.0,0.56,0.7272727272727273
0.8258921297050676,0.5903580830869585,0.7514828770466344,0.4110849008504361,0.0,0.56,0.8181818181818182
0.8223887893107381,0.5909104023863962,0.5483982428894707,0.5768273159257925,0.5997744433699858,0.56,0.8181818181818182
0.0,0.00473475425029721,0.1870522607268048,0.00019459419038619723,0.0,0.56,0.8181818181818182
0.015316930096138178,0.007645912689977524,0.03868859209300262,8.497562898960578e-07,0.0,0.56,0.8181818181818182
0.019146162620172723,0.006433518833322637,0.022898877401606246,0.0,0.00653002580692974,0.56,0.8181818181818182
0.0,0.0004899036856419947,0.007121231752229667,0.0,0.0,0.56,0.8181818181818182
0.04717288577480854,0.020546513469701634,0.0002064516129032258,0.0,0.0,0.56,0.8181818181818182
0.047009939709956004,0.019898804269934574,0.0005261392376980078,0.0,0.020197299297033098,0.56,0.8181818181818182
0.005132801042854815,0.0029123360927708,0.006350516927718862,0.0,0.0,0.56,0.8181818181818182
0.005377220140133616,0.0022086883712056755,0.0,0.0,0.0022418201356208547,0.56,0.8181818181818182
0.0,0.00010598877814370076,0.0,0.0,0.0,0.56,0.8181818181818182
0.022568029982075934,0.00943123477515364,0.0003928828149265652,0.0,0.0,0.56,0.8181818181818182
0.022486556949649666,0.008951341140780772,0.00070646492434663,0.0,0.009085617089231732,0.56,0.8181818181818182
0.00236271794036174,0.0010475224239869091,0.0,0.0,0.0,0.56,0.8181818181818182
0.002444190972788007,0.0006659628226695865,0.0,0.0,0.000675952698850223,0.56,0.8181818181818182
0.0,0.0004121785816699474,0.0,0.0,0.0,0.56,0.8181818181818182
0.013198631253055239,0.005270586406468142,0.0,0.0,0.0,0.56,0.8181818181818182
0.013117158220628972,0.005287662376280183,0.0,0.0,0.005366980756564989,0.56,0.8181818181818182
0.0021182988430829396,0.0003603618456885826,0.0,0.0,0.0,0.56,0.8181818181818182
0.001955352778230406,0.00033327582460741464,0.0,0.0,0.00033827517908861733,0.56,0.8181818181818182
0.0,1.7664796357283461e-06,0.0,0.0,0.0,0.56,0.8181818181818182
0.028841453478898483,0.01001535070803448,9.648134179349515e-05,8.497562898960578e-07,0.0,0.56,0.8181818181818182
0.028841453478898483,0.009836347438280674,0.0002038958157696233,0.0,0.009983899057730306,0.56,0.8181818181818182
0.008880560534463093,0.0035724106499879587,0.01315057017349248,0.0,0.0,0.56,0.8181818181818182
0.008880560534463093,0.0026455976677758194,0.031631397257842656,0.0,0.0026852833562635296,0.56,0.8181818181818182
0.0,0.00046635062383228334,0.026472520743665972,0.0,0.0,0.56,0.8181818181818182
0.04766172396936614,0.027149614348054192,0.0007820029285175489,0.0,0.0,0.56,0.8181818181818182
0.04766172396936614,0.027471702468301995,0.0006332697342148467,0.0,0.027883795901730464,0.56,0.8181818181818182
0.0,0.0003338646511526574,0.0,0.0,0.0,0.56,0.8181818181818182
0.006680788658953886,0.005294728294823096,0.0,0.0,0.0,0.56,0.8181818181818182
0.006517842594101353,0.0047524190466544936,0.0,0.0,0.0048237084283113615,0.56,0.8181818181818182
0.0,0.00015132842212739497,0.0,0.0,0.0,0.56,0.8181818181818182
0.7156591168323285,0.474394583266845,0.8119629764387452,0.42294919816996485,0.0,0.56,0.9090909090909091
0.7128075606974091,0.46827490898213675,0.5220980964635932,0.6034527297571056,0.4752993376739338,0.56,0.9090909090909091
0.0,0.004204810359578706,0.1721321560101167,0.0024192561573340766,0.0,0.56,0.9090909090909091
0.010510021182988431,0.004175369032316567,0.0580025380485424,0.0,0.0,0.56,0.9090909090909091
0.013605996415186573,0.003729627337567781,0.016908656875360518,0.004637969830252684,0.0037855741772920533,0.56,0.9090909090909091
0.0,0.0006318108830455051,0.016032515419088608,0.0,0.0,0.56,0.9090909090909091
0.04179566563467492,0.017124253588750585,0.0003447486355770511,0.0,0.0,0.56,0.9090909090909091
0.04171419260224866,0.017272637878151767,0.00033559036251497537,0.0,0.017531738698560957,0.56,0.9090909090909091
0.0029330291673456085,0.0014755993223784117,7.553800417091893e-05,0.0,0.0,0.56,0.9090909090909091
0.0029330291673456085,0.0014249602394875325,9.939211075120913e-07,0.0,0.0014463355713682932,0.56,0.9090909090909091
0.02134593449568193,0.008585679856185005,0.00038720326574078184,0.0,0.0,0.56,0.9090909090909091
0.021508880560534464,0.008499122354034315,0.0005061898211829436,0.0,0.008626614726086754,0.56,0.9090909090909091
0.0,0.00020078985192778867,0.0,0.0,0.0,0.56,0.9090909090909091
0.0004888381945576015,1.2365357450098422e-05,0.0,0.0,0.0,0.56,0.9090909090909091
0.0006517842594101353,3.532959271456692e-05,0.0,0.0,3.585955962070149e-05,0.56,0.9090909090909091
0.011732116669382434,0.004131207041423358,0.0,0.0,0.0,0.56,0.9090909090909091
0.011732116669382434,0.004267814799919684,0.0,0.0,0.004331834802180739,0.56,0.9090909090909091
0.0013035685188202706,3.0030153807381882e-05,0.0,0.0,0.0,0.56,0.9090909090909091
0.0015479876160990713,2.1786582173982936e-05,0.0,0.0,2.211339509943258e-05,0.56,0.9090909090909091
0.026397262506110478,0.008789413840839007,6.318498469184008e-05,0.0,0.0,0.56,0.9090909090909091
0.02631578947368421,0.008854773587360957,0.0003850024404312908,0.0,0.008987600959601815,0.56,0.9090909090909091
0.006354896529248819,0.0016604908575846454,0.01232178195855704,0.0,0.0,0.56,0.9090909090909091
0.006273423496822552,0.0014226049333065614,0.02773302569108577,0.0,0.0014439449340602464,0.56,0.9090909090909091
0.0,0.0001931351068396325,0.023597248968363137,0.0,0.0,0.56,0.9090909090909091
0.046928466677529736,0.024181928560030572,0.0005073967253849226,0.0,0.0,0.56,0.9090909090909091
0.047009939709956004,0.023059036338252587,0.0008003904690065226,0.0,0.023404936905104846,0.56,0.9090909090909091
0.0,0.00029029148680469153,0.0,0.0,0.0,0.56,0.9090909090909091
0.004562489815870947,0.004130029388332873,0.0,0.0,0.0,0.56,0.9090909090909091
0.0046439628482972135,0.0037419926950178796,0.0,0.0,0.003798125023159299,0.56,0.9090909090909091
0.6673456086035522,0.46089337941097325,0.6263652482584194,0.4930804345313764,0.0,0.56,1.0
0.662701645755255,0.4674081563075394,0.4981124373252873,0.7654936064336748,0.4744195831445726,0.56,1.0
0.0,0.004864296090250623,0.1449102187513866,0.012483769654862985,0.0,0.56,1.0
0.010835913312693499,0.004419143222047079,0.0308955406664596,0.0,0.0,0.56,1.0
0.012872739123350171,0.004425031487499507,0.019770581710076764,0.00015720491363077068,0.004491409842492861,0.56,1.0
0.0,0.0007042365481103673,0.008584354616852287,0.0,0.0,0.56,1.0
0.03218184780837543,0.012954772821886448,0.0001225362736832764,0.0,0.0,0.56,1.0
0.032589212970506765,0.012683912611074767,0.00038897812486133915,0.0,0.012874179563158845,0.56,1.0
0.001955352778230406,0.0007772510397204723,0.0,0.0,0.0,0.56,1.0
0.001955352778230406,0.0008196465509779525,2.1937258730088298e-05,0.0,0.0008319417832002745,0.56,1.0
0.0,7.654745088156166e-05,0.0,0.0,0.0,0.56,1.0
0.03283363206778556,0.021691781100198846,0.0004679238585437281,0.0,0.0,0.56,1.0
0.032752159035359295,0.016759181130700063,0.0007658162133380663,0.0,0.01701057976540676,0.56,1.0
0.006436369561675086,0.006662572359422078,0.0,0.0,0.0,0.56,1.0
0.006273423496822552,0.0036660340706815607,0.0,0.0,0.0037210269699747907,0.56,1.0
0.0110803324099723,0.004907869254598588,0.0,0.0,0.0,0.56,1.0
0.011161805442398566,0.004276647198098326,0.0,0.0,0.004340799692085915,0.56,1.0
0.0013850415512465374,4.7694950164665346e-05,0.0,0.0,0.0,0.56,1.0
0.0014665145836728042,3.1207806897867446e-05,0.0,0.0,3.1675944331619646e-05,0.56,1.0
0.01971647384715659,0.00698878226548658,0.0007849846918400852,0.0,0.0,0.56,1.0
0.019960892944435392,0.006658450573605379,0.00020481874251231309,0.0,0.006758331669848207,0.56,1.0
0.004806908913149747,0.0004057014896722768,0.011989031370634956,0.0,0.0,0.56,1.0
0.004969854978002281,0.00047106123619422563,0.022812690242711986,0.0,0.00047812746160935313,0.56,1.0
0.0,0.0,0.023129254115454585,0.0,0.0,0.56,1.0
0.054342512628320024,0.036780461322045134,0.00042128056085548207,0.0,0.0,0.56,1.0
0.054342512628320024,0.03136149062617581,0.0004000532457736167,0.0,0.031831933415969696,0.56,1.0
0.0,0.00031266689552391725,0.0,0.0,0.0,0.56,1.0
0.009369398729020694,0.009238099668314008,5.679549185783379e-06,0.0,0.0,0.56,1.0
0.00945087176144696,0.005573832077268174,0.0,0.0,0.0056574431894926705,0.56,1.0
0.0,0.00020550046428973094,0.0,0.0,0.0,0.56,1.0
0.6455108359133127,0.3777534265288734,0.5582061143896703,0.3758191650634598,0.0,0.6,0.0
0.6438813752647874,0.3875102823835463,0.38843913564360827,0.5881919565468624,0.3933231890623562,0.6,0.0
0.0,0.0056044510576207995,0.18799471091982073,0.009073697663510105,0.0,0.6,0.0
0.011732116669382434,0.003670744683043503,0.02876620668234459,0.0,0.0,0.6,0.0
0.015072510998859378,0.004158293062504526,0.013142334827173092,0.0038995316143330093,0.0042206701673565645,0.6,0.0
0.0,0.0007219013444676507,0.010810169942760793,0.0,0.0,0.6,0.0
0.0354407691054261,0.012421295971896488,0.00016144118560589254,0.0,0.0,0.6,0.0
0.035359296072999834,0.013341043035565712,0.0003526290100723255,0.0,0.013541167372103893,0.6,0.0
0.002444190972788007,0.001021025229450984,0.0,0.0,0.0,0.6,0.0
0.002444190972788007,0.0011411458446805116,0.0,0.0,0.0011582637757486579,0.6,0.0
0.0,0.00011305469668661415,0.0,0.0,0.0,0.6,0.0
0.046846993645103474,0.031122427048807244,0.00038173669964946535,0.0,0.0,0.6,0.0
0.0460322633208408,0.0313709118508997,0.0005797399831388384,0.0,0.03184149596520188,0.6,0.0
0.018331432295910055,0.015746399472882477,4.969605537560456e-07,0.0,0.0,0.6,0.0
0.018657324425615122,0.015009777464783757,0.0,0.0,0.015234933904855025,0.6,0.0
0.011650643636956167,0.004266048320283955,0.0,0.0,0.0,0.6,0.0
0.0115691706045299,0.004662917411777591,0.0,0.0,0.004732864210605584,0.6,0.0
0.00236271794036174,9.1856941057874e-05,0.0,0.0,0.0,0.6,0.0
0.0021997718755092065,0.00014602898322020995,0.0,0.0,0.00014821951309889947,0.6,0.0
0.022893922111781,0.006995848184029493,0.0001133780006212007,0.0,0.0,0.6,0.0
0.022730976046928468,0.007407437939154197,0.00016115720814660338,6.03326965826201e-05,0.007518554333807078,0.6,0.0
0.004155124653739612,0.0006141460866882217,0.010697217908328527,0.0,0.0,0.6,0.0
0.004073651621313346,0.0005370098092614172,0.017771948351599592,0.0,0.0005450653062346626,0.6,0.0
0.0,5.593852179806429e-05,0.014752274038248215,0.0,0.0,0.6,0.0
0.06607462929770246,0.04384873517113949,0.00043576341127922973,0.0,0.0,0.6,0.0
0.06615610233012872,0.04461420967995511,0.0005143541731375072,0.0,0.04528345188902184,0.6,0.0
0.0,0.0002844032213522637,0.0,0.0,0.0,0.6,0.0
0.02183477269023953,0.02119481149601394,3.549718241114612e-07,0.0,0.0,0.6,0.0
0.021508880560534464,0.021312576805062496,0.0,0.0,0.021632279341188172,0.6,0.0
0.0,9.892285960078737e-05,0.0,0.0,0.0,0.6,0.0
0.6053446309271631,0.37743899315371376,0.5505583174335537,0.2779408365680723,0.0,0.6,0.09090909090909091
0.6039595893759165,0.3738683489833615,0.4180075786484448,0.4662816704169244,0.3794766177741493,0.6,0.09090909090909091
0.0,0.004978528440027722,0.1394809247016018,0.010940612232411745,0.0,0.6,0.09090909090909091
0.012872739123350171,0.004292545514819881,0.020969250565736345,0.0,0.0,0.6,0.09090909090909091
0.01450219977187551,0.0038809557596951763,0.010195571726494209,0.0015363593721320725,0.003939172624334058,0.6,0.09090909090909091
0.0,0.00010775525777942911,0.011920308825486977,0.0,0.0,0.6,0.09090909090909091
0.037722014013361574,0.01446687939006991,0.0002320805786040733,0.0,0.0,0.6,0.09090909090909091
0.03764054098093531,0.014738328427426834,0.0004733904246350446,0.0,0.014959412955102636,0.6,0.09090909090909091
0.0,6.241561379573489e-05,0.0,0.0,0.0,0.6,0.09090909090909091
0.0017924067133778718,0.000853798490602034,0.0,0.0,0.0,0.6,0.09090909090909091
0.0018738797458041389,0.0008926610425880575,0.002466841194480188,0.0,0.0009060515397497241,0.6,0.09090909090909091
0.044647221769594264,0.033145635058261444,0.00037797399831388385,0.0,0.0,0.6,0.09090909090909091
0.0443213296398892,0.03237250580435767,0.00048382659626392156,0.0,0.03285811448044877,0.6,0.09090909090909091
0.014828091901580577,0.014434493930081558,6.3894928340063e-07,0.0,0.0,0.6,0.09090909090909091
0.015316930096138178,0.014209562189798816,0.0001299196876247948,0.0,0.014422714879446137,0.6,0.09090909090909091
0.010754440280267232,0.004469782304937958,0.0,0.0,0.0,0.6,0.09090909090909091
0.010754440280267232,0.004389113068239697,0.0,0.0,0.004454952623545148,0.6,0.09090909090909091
0.0007332572918364021,1.0598877814370076e-05,0.0,0.0,0.0,0.6,0.09090909090909091
0.0008147303242626691,1.0598877814370076e-05,0.0,0.0,1.0757867886210446e-05,0.6,0.09090909090909091
0.020368258106566728,0.007375052479165845,0.00011387496117495674,0.0,0.0,0.6,0.09090909090909091
0.020368258106566728,0.007313814518460596,9.243466299862448e-05,0.0,0.007423526500812219,0.6,0.09090909090909091
0.0,2.7086021081167974e-05,0.0,0.0,0.0,0.6,0.09090909090909091
0.00448101678344468,0.0007701851211775589,0.011419159604206416,0.0,0.0,0.6,0.09090909090909091
0.00448101678344468,0.0007737180804490156,0.020484927008918668,0.0,0.0007853243556933625,0.6,0.09090909090909091
0.0,0.0003444635289670275,0.01630201002795403,0.0,0.0,0.6,0.09090909090909091
0.05947531367117484,0.04334469964841167,0.0005275591249944535,0.0,0.0,0.6,0.09090909090909091
0.05971973276845364,0.04272230999009005,0.000694821848515774,0.0,0.04336317247133327,0.6,0.09090909090909091
0.0,0.00044809700092975714,0.0,0.0,0.0,0.6,0.09090909090909091
0.01849437836076259,0.018457356887180244,2.1795270000443716e-05,0.0,0.0,0.6,0.09090909090909091
0.018249959263483786,0.018164710094194583,0.0,0.0,0.018437192578983668,0.6,0.09090909090909091
0.0,5.1816735981364814e-05,0.0,0.0,0.0,0.6,0.09090909090909091
0.7296724784096464,0.48452828811047327,0.6563846474686071,0.3589676480785311,0.0,0.6,0.18181818181818182
0.7287762750529575,0.4906067445370145,0.5157952167546701,0.5649519717744951,0.49796616531017923,0.6,0.18181818181818182
0.0,0.004558695113269618,0.1339773705462129,0.003994704318801368,0.0,0.6,0.18181818181818182
0.016457552550105916,0.00410412102034219,0.030345689310910945,0.0,0.0,0.6,0.18181818181818182
0.018005540166204988,0.00400873112001286,0.029816426321160758,0.0007027484517440399,0.004068864698295595,0.6,0.18181818181818182
0.0,0.0005099237881802493,0.009264338643120202,2.379317611708962e-05,0.0,0.6,0.18181818181818182
0.044565748737167996,0.01744221992318169,0.0002295247814704708,0.0,0.0,0.6,0.18181818181818182
0.04423985660746293,0.01819827320727342,0.00042078360030172607,0.0,0.018471259160623334,0.6,0.18181818181818182
0.0029330291673456085,0.001447924474752001,0.0,0.0,0.0,0.6,0.18181818181818182
0.0029330291673456085,0.0014685334038354984,1.1359098371566757e-06,0.0,0.0014905623615671583,0.6,0.18181818181818182
0.0,0.00016251612648700783,0.0,0.0,0.0,0.6,0.18181818181818182
0.047987616099071206,0.03331933888910806,0.0003584505479877535,0.0,0.0,0.6,0.18181818181818182
0.04790614306664494,0.03643658661962335,0.0004534410081199805,0.0,0.03698315915548347,0.6,0.18181818181818182
0.014665145836728044,0.012811099144847208,7.099436482229223e-08,0.0,0.0,0.6,0.18181818181818182
0.015235457063711912,0.013965199173523062,2.2079247459732884e-05,0.0,0.014174686258736285,0.6,0.18181818181818182
0.012302427896366304,0.005117491504705018,0.0,0.0,0.0,0.6,0.18181818181818182
0.012220954863940035,0.00528707354973494,0.0,0.0,0.005366383097237977,0.6,0.18181818181818182
0.0011406224539677367,0.0001731150043013779,0.0,0.0,0.0,0.6,0.18181818181818182
0.0012220954863940035,0.00017605913702759183,0.0,0.0,0.00017870013877649573,0.6,0.18181818181818182
0.0,5.88826545242782e-07,0.0,0.0,0.0,0.6,0.18181818181818182
0.02444190972788007,0.008211186173410595,7.355016195589475e-05,0.0,0.0,0.6,0.18181818181818182
0.024278963663027536,0.008826509913189302,0.00015824643918888937,9.347319188856636e-06,0.008958913311905254,0.6,0.18181818181818182
0.004399543751018413,0.0009957056880055444,0.012561316945467454,0.0,0.0,0.6,0.18181818181818182
0.0046439628482972135,0.0011599882941282806,0.02213448107556463,0.0,0.0011773888742130322,0.6,0.18181818181818182
0.0,7.18368385196194e-05,0.008640085193237787,0.0,0.0,0.6,0.18181818181818182
0.06501547987616099,0.04276117254207607,0.00028376447619470204,0.0,0.0,0.6,0.18181818181818182
0.06501547987616099,0.04679875616280583,0.0007869725340551094,0.0,0.04750076799223521,0.6,0.18181818181818182
0.0,0.00053759863580666,0.0,0.0,0.0,0.6,0.18181818181818182
0.013605996415186573,0.010585334803829493,3.549718241114612e-07,0.0,0.0,0.6,0.18181818181818182
0.013850415512465374,0.0135583200307603,0.0,0.0,0.013761703663771207,0.6,0.18181818181818182
0.0,0.00013896306467729656,0.0,0.0,0.0,0.6,0.18181818181818182
0.7680462766824181,0.5616657431903682,0.6237945423082043,0.31099890551389864,0.0,0.6,0.2727272727272727
0.7664168160338928,0.543283756100979,0.5204862404046678,0.5359370432559942,0.5514333663639721,0.6,0.2727272727272727
0.0,0.003729627337567781,0.14791193149043794,0.005395102684550071,0.0,0.6,0.2727272727272727
0.01898321655532019,0.008710511083776474,0.032242942716421884,0.0,0.0,0.6,0.2727272727272727
0.020205312041714194,0.009670887179067451,0.020731845409770598,5.098537739376347e-05,0.00981595678684002,0.6,0.2727272727272727
0.0,0.0006795058332101704,0.004590282646314949,0.0,0.0,0.6,0.2727272727272727
0.0462766824181196,0.01998241763935905,0.00018146159648577893,0.0,0.0,0.6,0.2727272727272727
0.0462766824181196,0.019596147425679784,0.0003737143364245463,0.0,0.01989010240294909,0.6,0.2727272727272727
0.0,4.710612361942256e-05,0.0,0.0,0.0,0.6,0.2727272727272727
0.0032589212970506763,0.002115064950512073,0.0,0.0,0.0,0.6,0.2727272727272727
0.003340394329476943,0.0025737608292562,0.0,0.0,0.0026123689183681032,0.6,0.2727272727272727
0.0,7.654745088156166e-06,0.0,0.0,0.0,0.6,0.2727272727272727
0.028352615284340882,0.01374909983141896,0.0003973554599103696,0.0,0.0,0.6,0.2727272727272727
0.028515561349193416,0.016232770199253014,0.0003913209389004748,0.0,0.016476272327058308,0.6,0.2727272727272727
0.0,0.00015603903448933724,0.0,0.0,0.0,0.6,0.2727272727272727
0.006354896529248819,0.003030690228364599,2.839774592891689e-07,0.0,0.0,0.6,0.2727272727272727
0.006273423496822552,0.005768144837198293,0.0,0.0,0.005854670767406529,0.6,0.2727272727272727
0.0,5.476086870757873e-05,0.0,0.0,0.0,0.6,0.2727272727272727
0.012546846993645104,0.004757129659016436,0.0,0.0,0.0,0.6,0.2727272727272727
0.012546846993645104,0.00494849828622034,0.0,0.0,0.005022728984206254,0.6,0.2727272727272727
0.0021997718755092065,0.00015486138139885166,0.0,0.0,0.0,0.6,0.2727272727272727
0.0022812449079354733,0.0002714490373569225,0.0,0.0,0.00027552094975238976,0.6,0.2727272727272727
0.0,4.357316434796587e-05,0.0,0.0,0.0,0.6,0.2727272727272727
0.016376079517679647,0.007859656725900655,4.224164706926388e-05,5.2684889973555584e-05,0.0,0.6,0.2727272727272727
0.016376079517679647,0.007842580756088614,0.00021603585215423525,0.0,0.007960224576468718,0.6,0.2727272727272727
0.00920645266416816,0.0028187126720771974,0.012558832142698673,0.0,0.0,0.6,0.2727272727272727
0.009124979631741893,0.0036395368761456357,0.03087140258242002,0.0,0.0036941323002592646,0.6,0.2727272727272727
0.0,0.00022316526064701438,0.02316063362470604,0.0,0.0,0.6,0.2727272727272727
0.051490956493400686,0.027154324960416136,0.0005610684651905755,0.0,0.0,0.6,0.2727272727272727
0.05132801042854815,0.029281166441833064,0.0006717486799485291,0.0,0.02972040301363739,0.6,0.2727272727272727
0.0,0.0003797931216815944,0.0,0.0,0.0,0.6,0.2727272727272727
0.005947531367117484,0.0044591834271235885,0.0,0.0,0.0,0.6,0.2727272727272727
0.006029004399543751,0.005328880234447177,0.0,0.0,0.005408816909455807,0.6,0.2727272727272727
0.0,9.48010737840879e-05,0.0,0.0,0.0,0.6,0.2727272727272727
0.8061756558579111,0.5947242319199337,0.6051516350889649,0.2944023154159387,0.0,0.6,0.36363636363636365
0.8056868176633535,0.5988000892661043,0.5189888982562009,0.5129596331772048,0.6077824806926154,0.6,0.36363636363636365
0.0,0.0031649426806799534,0.15671643963260415,0.005100237251956139,0.0,0.6,0.36363636363636365
0.021101515398403128,0.011138831756357707,0.025992243865643163,0.0,0.0,0.6,0.36363636363636365
0.022323610884797132,0.010254414285403048,0.007671651062696899,0.0007605318794569717,0.010408237179908606,0.6,0.36363636363636365
0.0,0.0006300444034097768,0.00966041620446377,0.0,0.0,0.6,0.36363636363636365
0.04660257454782467,0.021329063948329292,0.00016115720814660338,0.0,0.0,0.6,0.36363636363636365
0.0465211015153984,0.020949270826647697,0.0002972534055109376,0.0,0.02126352353642196,0.6,0.36363636363636365
0.01026560208570963,0.004515121948921653,0.007362328615166171,0.0,0.0,0.6,0.36363636363636365
0.01026560208570963,0.005128090382519389,0.0,0.0,0.005205015078944821,0.6,0.36363636363636365
0.0,0.000464584144196555,0.0,0.0,0.0,0.6,0.36363636363636365
0.025093693987290208,0.010735485572866401,0.0004002662288680836,0.0,0.0,0.6,0.36363636363636365
0.025338113084569007,0.011360819363914237,0.00046259928118205616,0.0,0.011531239055363574,0.6,0.36363636363636365
0.0,8.655750215068896e-05,0.0,0.0,0.0,0.6,0.36363636363636365
0.005866058334691217,0.0027409875681051504,0.0,0.0,0.0,0.6,0.36363636363636365
0.00554016620498615,0.0030142030850978012,0.0,0.0,0.0030594180949728485,0.6,0.36363636363636365
0.0,0.00022493174028274273,0.0,0.0,0.0,0.6,0.36363636363636365
0.013035685188202705,0.005675699069595176,0.0,0.0,0.0,0.6,0.36363636363636365
0.012872739123350171,0.0054678432991244735,0.0,0.0,0.005549864510630566,0.6,0.36363636363636365
0.0030959752321981426,0.0003992243976746062,0.0,0.0,0.0,0.6,0.36363636363636365
0.0030959752321981426,0.00038391490749829386,0.0,0.0,0.0003896738812116228,0.6,0.36363636363636365
0.017435228939221118,0.009129166757444093,9.818520654923015e-05,0.0,0.0,0.6,0.36363636363636365
0.017598175004073652,0.009368819161357905,0.0001579624617296002,0.0,0.009509357552083021,0.6,0.36363636363636365
0.0,0.0,1.0294182899232374e-05,0.0,0.0,0.6,0.36363636363636365
0.012302427896366304,0.005283540590463483,0.010051311177175311,0.0,0.0,0.6,0.36363636363636365
0.012220954863940035,0.0064028998529700116,0.03125321027643431,0.0,0.006498947521925132,0.6,0.36363636363636365
0.0,0.0005652734834330707,0.020155087189954297,0.0,0.0,0.6,0.36363636363636365
0.04986149584487535,0.028814226991455538,0.000412264276523051,0.0,0.0,0.6,0.36363636363636365
0.04978002281244908,0.029641528287521646,0.0006491724719350401,0.0,0.030086170521768547,0.6,0.36363636363636365
0.0,0.00033563113078838574,0.0,0.0,0.0,0.6,0.36363636363636365
0.011406224539677367,0.007916184074243961,0.0,0.0,0.0,0.6,0.36363636363636365
0.0113247515072511,0.009339377834095766,0.0,0.0,0.009479474585732438,0.6,0.36363636363636365
0.0,0.00037508250931965215,0.0,0.0,0.0,0.6,0.36363636363636365
0.8214925859540492,0.6221476506115258,0.5642052092115188,0.27816177320344526,0.0,0.6,0.45454545454545453
0.8202704904676552,0.6315035155888884,0.4945953764919909,0.4889786609200481,0.6409764797148447,0.6,0.45454545454545453
0.0,0.005161064669052984,0.16553358477170874,0.009902210046158762,0.0,0.6,0.45454545454545453
0.021753299657813262,0.009488350950042189,0.02039369925012202,0.0,0.0,0.6,0.45454545454545453
0.0221606648199446,0.009335256048279067,0.02886872254514798,5.183513368365953e-05,0.009475290970443355,0.6,0.45454545454545453
0.0,0.0006465315466765747,0.021107050627856415,0.0,0.0,0.6,0.45454545454545453
0.04969854978002281,0.02231947019742765,0.0001497981097750366,0.0,0.0,0.6,0.45454545454545453
0.04961707674759654,0.022434291373749995,0.00043910014642587744,0.0,0.022770820359145443,0.6,0.45454545454545453
0.0,1.7664796357283461e-06,0.0,0.0,0.0,0.6,0.45454545454545453
0.015153984031285645,0.007353265896991862,0.0,0.0,0.0,0.6,0.45454545454545453
0.015316930096138178,0.0079579907589562,0.0002247681590273772,0.0,0.00807736580456301,0.6,0.45454545454545453
0.0,0.0016493031532250325,0.0,0.0,0.0,0.6,0.45454545454545453
0.02737493889522568,0.014445092807895929,0.0002450725473665528,0.0,0.0,0.6,0.45454545454545453
0.02745641192765195,0.01364958814527293,0.0005179748857434441,0.0,0.013854340859458018,0.6,0.45454545454545453
0.0,9.244576760311677e-05,0.0,0.0,0.0,0.6,0.45454545454545453
0.009695290858725761,0.004507467203833496,0.0,0.0,0.0,0.6,0.45454545454545453
0.009695290858725761,0.004124729949425688,4.3093579447131386e-05,0.0,0.004186603585716898,0.6,0.45454545454545453
0.0,0.0003397529166050852,0.0,0.0,0.0,0.6,0.45454545454545453
0.013035685188202705,0.005864712390618109,0.0,0.0,0.0,0.6,0.45454545454545453
0.013117158220628972,0.005480797483119815,0.0,0.0,0.0055630130158248236,0.6,0.45454545454545453
0.002688610070066808,0.00010539995159845798,0.0,0.0,0.0,0.6,0.45454545454545453
0.002770083102493075,0.0002508401082734251,0.0,0.0,0.00025460287330698054,0.6,0.45454545454545453
0.0,1.9431275993011808e-05,0.0,0.0,0.0,0.6,0.45454545454545453
0.019960892944435392,0.01033920530791801,0.0001323334960287527,0.0,0.0,0.6,0.45454545454545453
0.019960892944435392,0.010515264444945601,0.0001432666282113857,0.0,0.010673000261774786,0.6,0.45454545454545453
0.0,0.00011599882941282806,0.0,0.0,0.0,0.6,0.45454545454545453
0.016213133452827114,0.008333662094821094,0.011157119403647336,0.0,0.0,0.6,0.45454545454545453
0.016213133452827114,0.008668115572518995,0.03384201978967919,0.0,0.00879814295293911,0.6,0.45454545454545453
0.0,0.00085085435787582,0.019263539956515953,0.0,0.0,0.6,0.45454545454545453
0.05092064526641681,0.030876886379441002,0.00038521542352575765,0.0,0.0,0.6,0.45454545454545453
0.05092064526641681,0.02906388944663848,0.000801455384478857,0.0,0.029499866721970077,0.6,0.45454545454545453
0.0,0.00038568138713402224,0.0,0.0,0.0,0.6,0.45454545454545453
0.016701971647384715,0.013312779361394059,0.0,0.0,0.0,0.6,0.45454545454545453
0.01686491771223725,0.012259368671954722,0.0,0.0,0.012443267188383416,0.6,0.45454545454545453
0.0,0.0007501650186393043,0.0,0.0,0.0,0.6,0.45454545454545453
0.8449568192928141,0.6658368137889045,0.5519676975640059,0.3064229678928083,0.0,0.6,0.5454545454545454
0.8441420889685514,0.6996018943727613,0.5468610729023384,0.5042419833991612,0.710096378543074,0.6,0.5454545454545454
0.0,0.004993249103658792,0.15403363358033456,0.012004507107361609,0.0,0.6,0.5454545454545454
0.02004236597686166,0.010139593109080707,0.022138953720548433,0.0,0.0,0.6,0.5454545454545454
0.02134593449568193,0.011023421753490123,0.02146308736744021,0.0013434646943256674,0.011188780260985874,0.6,0.5454545454545454
0.0,0.0002643831188140091,0.01923066956560323,0.0,0.0,0.6,0.5454545454545454
0.05035033403943295,0.022500239946817185,0.00043242667613258197,0.0,0.0,0.6,0.5454545454545454
0.05002444190972788,0.02382156671434199,0.0006186448950614545,0.0,0.02417890573358499,0.6,0.5454545454545454
0.0,4.651729707417978e-05,0.0,0.0,0.0,0.6,0.5454545454545454
0.015072510998859378,0.00776132269284511,0.0,0.0,0.0,0.6,0.5454545454545454
0.015153984031285645,0.008370758167171389,2.0943337622576207e-05,0.0,0.008496324992798204,0.6,0.5454545454545454
0.0,0.0008308342553375655,0.0,0.0,0.0,0.6,0.5454545454545454
0.028597034381619684,0.014609375414018664,0.00029171584505479877,0.0,0.0,0.6,0.5454545454545454
0.028352615284340882,0.014694166436533625,0.00048034787238762926,0.0,0.014914588505576759,0.6,0.5454545454545454
0.0,8.18468897887467e-05,0.0,0.0,0.0,0.6,0.5454545454545454
0.007821411112921624,0.0037643681037371054,0.0,0.0,0.0,0.6,0.5454545454545454
0.00790288414534789,0.0037726116753705042,1.4269867329280738e-05,0.0,0.003829203308163907,0.6,0.5454545454545454
0.0,0.00031973281406683064,0.0,0.0,0.0,0.6,0.5454545454545454
0.01368746944761284,0.007004091755662892,0.0,0.0,0.0,0.6,0.5454545454545454
0.013524523382760306,0.006419975822782052,0.0,0.0,0.006516279642408472,0.6,0.5454545454545454
0.004806908913149747,0.0005841159328808398,0.0,0.0,0.0,0.6,0.5454545454545454
0.00472543588072348,0.0006600745572171587,0.0,0.0,0.000669976105580106,0.6,0.5454545454545454
0.0,2.885250071689632e-05,0.0,0.0,0.0,0.6,0.5454545454545454
0.020612677203845527,0.009945280349150588,0.00010308381772196832,0.0,0.0,0.6,0.5454545454545454
0.020694150236271795,0.01055707112965784,0.00021710076762656964,0.0,0.010715434073992615,0.6,0.5454545454545454
0.014176307642170441,0.007817261214643174,0.013716892221679905,0.0,0.0,0.6,0.5454545454545454
0.014094834609744174,0.00818468897887467,0.038096073124195766,0.0,0.00830746464546251,0.6,0.5454545454545454
0.0,0.0007542868044560037,0.022925926254603542,0.0,0.0,0.6,0.5454545454545454
0.05352778230405736,0.03222176620877552,0.0009696410347428673,0.0,0.0,0.6,0.5454545454545454
0.05360925533648363,0.0323577851407266,0.0009504725562408484,0.0,0.032843172997273476,0.6,0.5454545454545454
0.0,0.0004904925121872374,0.0,0.0,0.0,0.6,0.5454545454545454
0.017842594101352454,0.013529467530043403,0.0,0.0,0.0,0.6,0.5454545454545454
0.017761121068926185,0.0143249721926664,0.0,0.0,0.014539856107540428,0.6,0.5454545454545454
0.0,0.00016899321848467844,0.0,0.0,0.0,0.6,0.5454545454545454
0.8326543913964478,0.689671923513787,0.5682544438035231,0.296713652524456,0.0,0.6,0.6363636363636364
0.8318396610721851,0.6877853232628292,0.5120917247193504,0.5030846153323227,0.6981025511686033,0.6,0.6363636363636364
0.0,0.004598146491800885,0.13143165461241513,0.0,0.0,0.6,0.6363636363636364
0.01890174352289392,0.011218912166510726,0.048912916537249856,0.0,0.0,0.6,0.6363636363636364
0.01971647384715659,0.011231277523960824,0.015304823179660115,0.0,0.011399754003421003,0.6,0.6363636363636364
0.0,0.0005852935859713254,0.01267299108133292,0.0,0.0,0.6,0.6363636363636364
0.04611373635326707,0.0208226731194205,0.0001883480498735413,0.0,0.0,0.6,0.6363636363636364
0.045950790288414534,0.02098754455208848,0.0003922438656431646,0.0,0.021302371392677717,0.6,0.6363636363636364
0.015642822225843248,0.009317591251921782,0.0,0.0,0.0,0.6,0.6363636363636364
0.01580576829069578,0.009173328748337302,3.5497182411146117e-06,0.0,0.00931093465551514,0.6,0.6363636363636364
0.0,0.001005126912729429,0.0,0.0,0.0,0.6,0.6363636363636364
0.026397262506110478,0.014888479196463742,0.00030201002795403114,0.0,0.0,0.6,0.6363636363636364
0.026397262506110478,0.015482016354068467,0.00040317699782579756,0.0,0.015714256685118402,0.6,0.6363636363636364
0.0,0.0002626166391782808,0.0,0.0,0.0,0.6,0.6363636363636364
0.006599315626527619,0.0034475794223964885,0.0,0.0,0.0,0.6,0.6363636363636364
0.006762261691380153,0.0036931200917627287,1.4198872964458447e-06,0.0,0.0037485192990173283,0.6,0.6363636363636364
0.0,0.0004233662860295603,0.0,0.0,0.0,0.6,0.6363636363636364
0.01393188854489164,0.005970701168761809,0.0,0.0,0.0,0.6,0.6363636363636364
0.013850415512465374,0.006751485167753739,0.0,0.0,0.006852761843516054,0.6,0.6363636363636364
0.00578458530226495,0.0008826509913189303,0.0,0.0,0.0,0.6,0.6363636363636364
0.006029004399543751,0.0009085593593096126,0.0,0.0,0.0009221883415790399,0.6,0.6363636363636364
0.0,5.770500143379264e-05,0.0,0.0,0.0,0.6,0.6363636363636364
0.02004236597686166,0.01027796734721276,0.00013510227625682211,0.00014275905670253772,0.0,0.6,0.6363636363636364
0.02004236597686166,0.010525863322759971,6.85805564183343e-05,0.00012746344348440867,0.010683758129660995,0.6,0.6363636363636364
0.0,0.00012483122759146978,0.0,0.0,0.0,0.6,0.6363636363636364
0.014665145836728044,0.010037726116753704,0.012225655588587656,0.0,0.0,0.6,0.6363636363636364
0.014665145836728044,0.009941747389879131,0.033959373474730443,0.0,0.010090880077265397,0.6,0.6363636363636364
0.0,0.001083440843246719,0.019872600612326395,0.0,0.0,0.6,0.6363636363636364
0.05230568681766335,0.03245847447996312,0.0005481474907929183,0.0,0.0,0.6,0.6363636363636364
0.05230568681766335,0.03420964462551515,0.0010017304876425435,0.0,0.034722811580725245,0.6,0.6363636363636364
0.0,0.0004745941954656823,0.0,0.0,0.0,0.6,0.6363636363636364
0.015561349193416979,0.014793678122679656,0.0,0.0,0.0,0.6,0.6363636363636364
0.015561349193416979,0.0148837685841018,0.0,0.0,0.015107034808874523,0.6,0.6363636363636364
0.0,0.00018842449447769024,0.0,0.0,0.0,0.6,0.6363636363636364
0.8333876486882842,0.6761442224633794,0.6506326840307051,0.3276184390316857,0.0,0.6,0.7272727272727273
0.8311064037803487,0.6465291913703937,0.5295388028575232,0.5597013276592273,0.6562275504215291,0.6,0.7272727272727273
0.0,0.004261337707922013,0.15722632116075785,0.007938423260208972,0.0,0.6,0.7272727272727273
0.016376079517679647,0.007800185244831133,0.0365888627590185,0.0,0.0,0.6,0.7272727272727273
0.01841290532833632,0.007143054820340188,0.014270293295469673,0.0010248060856146456,0.007250205295978828,0.6,0.7272727272727273
0.0,0.0005287662376280182,0.0059171673248435905,0.0,0.0,0.6,0.7272727272727273
0.05246863288251589,0.02511109684842368,0.00015931135466122376,0.0,0.0,0.6,0.7272727272727273
0.05230568681766335,0.023852185694694612,0.00047438434574255666,0.0,0.024209984018589596,0.6,0.7272727272727273
0.011406224539677367,0.0070918269109040664,0.0,0.0,0.0,0.6,0.7272727272727273
0.011650643636956167,0.005723982846305084,0.009102542485690198,0.0,0.005809846317880652,0.6,0.7272727272727273
0.0,0.0011005168130587596,0.0,0.0,0.0,0.6,0.7272727272727273
0.02786377708978328,0.015601548142752752,0.000257283578115987,0.0,0.0,0.6,0.7272727272727273
0.027782304057357016,0.014769536234324702,0.0005843546168522874,0.0,0.014991088899434256,0.6,0.7272727272727273
0.0,8.891280833166009e-05,0.0,0.0,0.0,0.6,0.7272727272727273
0.007251099885937755,0.002749819966283792,0.0,0.0,0.0,0.6,0.7272727272727273
0.007251099885937755,0.002909391960044586,0.0,0.0,0.0029530347347647675,0.6,0.7272727272727273
0.0,0.00043808694966062983,0.0,0.0,0.0,0.6,0.7272727272727273
0.012954212155776438,0.005877077748068208,0.0,0.0,0.0,0.6,0.7272727272727273
0.012954212155776438,0.005978355913849966,0.0,0.0,0.006068035147149703,0.6,0.7272727272727273
0.002770083102493075,0.0005717505754307414,0.0,0.0,0.0,0.6,0.7272727272727273
0.002688610070066808,0.0004110009285794619,0.0,0.0,0.0004171662102541606,0.6,0.7272727272727273
0.0,2.1197755628740152e-05,0.0,0.0,0.0,0.6,0.7272727272727273
0.019553527782304056,0.011423234977709971,0.0001014509473310556,0.0,0.0,0.6,0.7272727272727273
0.019553527782304056,0.01114118706253868,0.00011174513023028797,5.098537739376347e-06,0.011308312126388213,0.6,0.7272727272727273
0.013198631253055239,0.007432168654054394,0.01333984115010871,0.0,0.0,0.6,0.7272727272727273
0.013198631253055239,0.00578875376628179,0.037778160358521544,0.0,0.005875588843851938,0.6,0.7272727272727273
0.0,0.0005387762888971455,0.022705559746195144,0.0,0.0,0.6,0.7272727272727273
0.050431807071859215,0.032360729273452814,0.0006519412521631096,0.0,0.0,0.6,0.7272727272727273
0.05026886100700668,0.03148043358831486,0.000831344012069042,0.0,0.03195266060002606,0.6,0.7272727272727273
0.0,0.0004163003674866469,0.0,0.0,0.0,0.6,0.7272727272727273
0.012465373961218837,0.011422646151164728,0.0,0.0,0.0,0.6,0.7272727272727273
0.012628320026071371,0.010191998671607314,0.0,0.0,0.010344885291245366,0.6,0.7272727272727273
0.0,0.00012542005413671256,0.0,0.0,0.0,0.6,0.7272727272727273
0.8019390581717452,0.5880039545590778,0.6883130141545015,0.3858369419650444,0.0,0.6,0.8181818181818182
0.7985986638422682,0.5934670872458404,0.5687605626303412,0.6311913243281827,0.6023694801678705,0.6,0.8181818181818182
0.0,0.004575771083081659,0.145548458091139,0.0023155858899667576,0.0,0.6,0.8181818181818182
0.013605996415186573,0.005665100191780806,0.03417853307893686,0.0,0.0,0.6,0.8181818181818182
0.015968714355548315,0.005295317121368339,0.011388986999156941,0.0,0.005374750327816141,0.6,0.8181818181818182
0.0,0.0005493751667115156,0.004703589652571327,0.00022093663537297502,0.0,0.6,0.8181818181818182
0.05246863288251589,0.023755029314729555,0.00024500155300173046,0.0,0.0,0.6,0.8181818181818182
0.05263157894736842,0.02303607210298812,0.00046465811776190267,0.0,0.02338162819135139,0.6,0.8181818181818182
0.0050513280104285485,0.0027386322619241794,6.034521009894839e-06,0.0,0.0,0.6,0.8181818181818182
0.0050513280104285485,0.0021792470439435364,0.0,0.0,0.00221193716927027,0.6,0.8181818181818182
0.0,0.0006912823641150261,0.0,0.0,0.0,0.6,0.8181818181818182
0.023301287273912334,0.010592989548917648,0.00043725429294049785,0.0,0.0,0.6,0.8181818181818182
0.023056868176633535,0.010103085863275654,0.0004304388339175578,0.0,0.0102546387328666,0.6,0.8181818181818182
0.0,3.4151939624081354e-05,0.0,0.0,0.0,0.6,0.8181818181818182
0.0017924067133778718,0.0005935371576047243,0.0,0.0,0.0,0.6,0.8181818181818182
0.001955352778230406,0.0004451528682035432,0.0,0.0,0.0004518304512208387,0.6,0.8181818181818182
0.0,0.0002461294959114829,0.0,0.0,0.0,0.6,0.8181818181818182
0.012954212155776438,0.005410138297690681,0.0,0.0,0.0,0.6,0.8181818181818182
0.013035685188202705,0.005582664475446817,0.0,0.0,0.005666408079397846,0.6,0.8181818181818182
0.002688610070066808,0.00041335623476043297,0.0,0.0,0.0,0.6,0.8181818181818182
0.002688610070066808,0.0003621283253243109,0.0,0.0,0.0003675604861121902,0.6,0.8181818181818182
0.0,3.5329592714566923e-06,0.0,0.0,0.0,0.6,0.8181818181818182
0.019064689587746455,0.009342321966821979,0.00016577184186005237,0.0,0.0,0.6,0.8181818181818182
0.019309108685025257,0.009401204621346257,0.00032231441629320675,0.0,0.009542228815068665,0.6,0.8181818181818182
0.0,6.359326688622045e-05,0.0,0.0,0.0,0.6,0.8181818181818182
0.008473195372331759,0.003151988496684612,0.013333238674180237,0.0,0.0,0.6,0.8181818181818182
0.008310249307479225,0.002332930772251902,0.03692793184540977,0.0,0.002367926253620321,0.6,0.8181818181818182
0.0,0.00035800653950761145,0.02245729245241159,0.0,0.0,0.6,0.8181818181818182
0.05108359133126935,0.029467824456675028,0.0007598526866929938,0.0,0.0,0.6,0.8181818181818182
0.05108359133126935,0.03032810003927473,0.0006810489417402493,0.0,0.03078304129706418,0.6,0.8181818181818182
0.0,0.00046281766456082664,0.0,0.0,0.0,0.6,0.8181818181818182
0.00472543588072348,0.003935716628402755,1.1004126547455296e-05,0.0,0.0,0.6,0.8181818181818182
0.00472543588072348,0.003193206354851607,0.0,0.0,0.0032411065303844027,0.6,0.8181818181818182
0.0,0.0004899036856419947,0.0,0.0,0.0,0.6,0.8181818181818182
0.6967573733094345,0.4887083677551518,0.7214272707103874,0.38967614088279484,0.0,0.6,0.9090909090909091
0.6964314811797295,0.4812867979789118,0.5732731774415406,0.6664273186450126,0.48850641348223817,0.6,0.9090909090909091
0.0,0.004068791427627624,0.1369429471535697,0.010377223812210658,0.0,0.6,0.9090909090909091
0.009532344793873227,0.0038680015756998353,0.0005448817500110928,0.0,0.0,0.6,0.9090909090909091
0.010102656020857097,0.0038856663720571185,6.503083817721968e-05,0.0,0.003943953898950151,0.6,0.9090909090909091
0.0,0.0008225906837041665,0.0005005102719971603,0.0,0.0,0.6,0.9090909090909091
0.04212155776437999,0.018085218510586806,0.000278652881927497,0.0,0.0,0.6,0.9090909090909091
0.042040084731953725,0.01872703944490144,0.000496321604472645,0.0,0.019007957236279835,0.6,0.9090909090909091
0.0,0.0001112882170508858,0.0,0.0,0.0,0.6,0.9090909090909091
0.001955352778230406,0.0010045380861841862,0.0,0.0,0.0,0.6,0.9090909090909091
0.002036825810656673,0.0008726409400498029,1.3772906775524692e-05,0.0,0.0008857311226313267,0.6,0.9090909090909091
0.0,0.0002196323013755577,0.0,0.0,0.0,0.6,0.9090909090909091
0.021182988430829396,0.008814733382284447,0.00027666503971247283,0.0,0.0,0.6,0.9090909090909091
0.021182988430829396,0.008643384857618798,0.0004395971069796335,0.0,0.008773041261204617,0.6,0.9090909090909091
0.0,8.479102251496061e-05,0.0,0.0,0.0,0.6,0.9090909090909091
0.0011406224539677367,9.597872687457347e-05,0.0,0.0,0.0,0.6,0.9090909090909091
0.0012220954863940035,4.1217858166994743e-05,0.0,0.0,4.18361528908184e-05,0.6,0.9090909090909091
0.012465373961218837,0.004462716386395045,0.0,0.0,0.0,0.6,0.9090909090909091
0.012302427896366304,0.004642897309239336,0.0,0.0,0.004712543793487187,0.6,0.9090909090909091
0.0021182988430829396,5.299438907185038e-05,0.0,0.0,0.0,0.6,0.9090909090909091
0.0021997718755092065,4.2395511257480304e-05,0.0,0.0,4.3031471544841784e-05,0.6,0.9090909090909091
0.016946390744663517,0.00708417216581591,0.00020311487775657807,0.0,0.0,0.6,0.9090909090909091
0.016783444679810983,0.007382707224254001,0.00016449394329325109,0.0,0.007493452642072587,0.6,0.9090909090909091
0.0,3.4151939624081354e-05,0.0,0.0,0.0,0.6,0.9090909090909091
0.0050513280104285485,0.0006736175677577427,0.012008838798420376,0.0,0.0,0.6,0.9090909090909091
0.005132801042854815,0.0005252332783565616,0.02573410835514931,0.0,0.0005331121196944287,0.6,0.9090909090909091
0.0,0.00021551051555885822,0.020575018857878154,0.0,0.0,0.6,0.9090909090909091
0.04269186899136386,0.024095371057879882,0.0006297910103385543,0.0,0.0,0.6,0.9090909090909091
0.04269186899136386,0.023332251855245238,0.00040452589075742115,0.0,0.023682250832838272,0.6,0.9090909090909091
0.0,9.362342069360234e-05,0.0,0.0,0.0,0.6,0.9090909090909091
0.0028515561349193416,0.0025189999605486216,2.3286151661711852e-05,0.0,0.0,0.6,0.9090909090909091
0.002770083102493075,0.0024294983256717187,0.0,0.0,0.002465942383250239,0.6,0.9090909090909091
0.0,0.0002255205668279855,0.0,0.0,0.0,0.6,0.9090909090909091
0.660583346912172,0.4571778839104913,0.5629651506411678,0.4644495958559085,0.0,0.6,1.0
0.6586279941339417,0.4653137002861108,0.5272020943337623,0.8224510710328278,0.472293708918392,0.6,1.0
0.0,0.00401932999782723,0.13194998446998268,0.011244824984194534,0.0,0.6,1.0
0.011487697572103633,0.003195561661032578,0.02420389581576962,3.314049530594625e-05,0.0,0.6,1.0
0.012058008799087501,0.0032479672235591855,0.020279114345298842,0.00027702055050611487,0.00329668884779649,0.6,1.0
0.0,0.0009067928796738843,0.0030305364511691883,0.0,0.0,0.6,1.0
0.03478898484601597,0.015560919111131,0.0003852864178905799,0.0,0.0,0.6,1.0
0.035196350008147304,0.015245896909426113,0.00043626037183298573,0.0,0.015474595294986715,0.6,1.0
0.0,1.766479635728346e-05,0.0,0.0,0.0,0.6,1.0
0.0017924067133778718,0.0005234667987208332,0.0,0.0,0.0,0.6,1.0
0.001710933680951605,0.0005611516976163712,0.0,0.0,0.0005695693386421419,0.6,1.0
0.0,0.00010775525777942911,0.0,0.0,0.0,0.6,1.0
0.03609255336483624,0.024884987455050453,0.00020432178195855705,0.0,0.0,0.6,1.0
0.03576666123513117,0.01911272083203546,0.00046579402759905933,0.0,0.019399424095472493,0.6,1.0
0.004806908913149747,0.003743759174653608,0.0,0.0,0.0,0.6,1.0
0.005132801042854815,0.001874823720053018,0.0,0.0,0.0019029472972052254,0.6,1.0
0.0113247515072511,0.004741231342294881,0.0,0.0,0.0,0.6,1.0
0.011487697572103633,0.004293134341365123,0.0,0.0,0.004357534153242242,0.6,1.0
0.0008962033566889359,1.8842449447769024e-05,0.0,0.0,0.0,0.6,1.0
0.0008962033566889359,1.7075969812040677e-05,0.0,0.0,1.733212048333905e-05,0.6,1.0
0.013850415512465374,0.006208587093039893,9.080179260771176e-05,0.0,0.0,0.6,1.0
0.014013361577317907,0.006050192752369585,0.00011806362869947198,5.353464626345164e-05,0.006140949585045129,0.6,1.0
0.002688610070066808,7.713627742680444e-05,0.012532777210808891,0.0,0.0,0.6,1.0
0.002770083102493075,7.53697977910761e-05,0.02285656476017216,0.0,7.65003938574965e-05,0.6,1.0
0.0,0.0,0.0063162266495096955,0.0,0.0,0.6,1.0
0.05360925533648363,0.03701422546050652,0.00039976926831432753,0.0,0.0,0.6,1.0
0.05352778230405736,0.03129083144074668,0.0005406220881217554,0.0,0.0317602142967283,0.6,1.0
0.008717614469610559,0.00769360764014219,3.549718241114612e-07,0.0,0.0,0.6,1.0
0.00896203356688936,0.004976761960391994,0.0,0.0,0.005051416631902816,0.6,1.0
0.0,0.00021727699519458657,0.0,0.0,0.0,0.6,1.0
0.6231057519960893,0.38496890701427844,0.5314686426764875,0.3305059109047525,0.0,0.64,0.0
0.6258758350985824,0.3944737451075874,0.4624850512490571,0.5727748281792782,0.4003911082635965,0.64,0.0
0.0,0.00489138211133179,0.08817422017127391,0.00722547773298618,0.0,0.64,0.0
0.011895062734234968,0.0022192872490200454,0.04080422416470693,8.752489785929395e-05,0.0,0.64,0.0
0.011406224539677367,0.002218698422474803,0.011342840662022452,0.0,0.002251980344180053,0.64,0.0
0.0,4.710612361942256e-05,0.015349833606957448,0.0,0.0,0.64,0.0
0.0354407691054261,0.014370900663195338,0.0002586324710476106,0.0,0.0,0.64,0.0
0.034870457878442236,0.014907321645911513,0.00043533744509029594,0.0,0.015130941181954991,0.64,0.0
0.0016294606485253381,0.0007095359870175523,0.0,0.0,0.0,0.64,0.0
0.0018738797458041389,0.000734855528462992,5.679549185783379e-06,0.0,0.0007458788401105909,0.64,0.0
0.0,0.0001731150043013779,0.0,0.0,0.0,0.64,0.0
0.05189832165553202,0.036757497086780666,0.0002796468030350091,0.0,0.0,0.64,0.0
0.05108359133126935,0.03708723995211662,0.00041886675245152415,0.0,0.037643572711831386,0.64,0.0
0.013524523382760306,0.010881514556086611,7.596397035985269e-06,0.0,0.0,0.64,0.0
0.014420726739449241,0.010323895817741697,0.0,0.0,0.010478760980495985,0.64,0.0
0.011243278474824833,0.004089989183256364,0.0,0.0,0.0,0.64,0.0
0.010917386345119766,0.004447406896218732,0.0,0.0,0.004514120896919305,0.64,0.0
0.002036825810656673,2.885250071689632e-05,0.0,0.0,0.0,0.64,0.0
0.0021997718755092065,3.827372544078083e-05,0.0,0.0,3.884785625575994e-05,0.64,0.0
0.0,8.066923669826114e-05,0.0,0.0,0.0,0.64,0.0
0.015724295258269513,0.0059489145865878265,5.154190886098416e-05,0.0,0.0,0.64,0.0
0.015316930096138178,0.006344606024990976,8.13595420863469e-05,1.6995125797921156e-06,0.006439779248550975,0.64,0.0
0.0,5.8882654524278204e-05,1.7038647557350135e-06,0.0,0.0,0.64,0.0
0.0028515561349193416,0.0,0.009945884545414207,0.0,0.0,0.64,0.0
0.0030145021997718753,0.0,0.019466867817366996,0.0,0.0,0.64,0.0
0.0,0.00017900326975380573,0.016218165683098903,0.0,0.0,0.64,0.0
0.06509695290858726,0.045480962354552484,0.0004871633314105693,0.0,0.0,0.64,0.0
0.06485253381130845,0.046361846866235686,0.000655206992944935,0.0,0.047057304771592534,0.64,0.0
0.020368258106566728,0.01928348053015587,0.0,0.0,0.0,0.64,0.0
0.020368258106566728,0.01846030101990646,0.0,0.0,0.01873721756114354,0.64,0.0
0.0,0.00012188709486525588,0.0,0.0,0.0,0.64,0.0
0.6160175981750041,0.3940521453011936,0.5167682655189244,0.3084343410309923,0.0,0.64,0.09090909090909091
0.61479550268861,0.38836702500687453,0.47615806895327684,0.4899193411329631,0.3941927833831582,0.64,0.09090909090909091
0.0,0.004833088283352755,0.09873896259484403,0.0046949035016757195,0.0,0.64,0.09090909090909091
0.012058008799087501,0.003083095790891207,0.011118001508630253,5.948294029272405e-06,0.0,0.64,0.09090909090909091
0.011976535766661234,0.0030030153807381883,0.004473709899276745,0.0006934011325551831,0.003048062567759626,0.64,0.09090909090909091
0.0,0.0008714632869593174,0.008997612814482851,5.778342771293193e-05,0.0,0.64,0.09090909090909091
0.03951442072673945,0.01704476200514281,0.00030967741935483873,0.0,0.0,0.64,0.09090909090909091
0.03951442072673945,0.01731150043013779,0.0006007543151262368,0.0,0.017571184214143727,0.64,0.09090909090909091
0.0016294606485253381,0.0005593852179806429,1.2778985668012601e-05,0.0,0.0,0.64,0.09090909090909091
0.0016294606485253381,0.0005140455739969487,0.0,0.0,0.0005217565924812066,0.64,0.09090909090909091
0.0,3.5329592714566923e-06,0.0,0.0,0.0,0.64,0.09090909090909091
0.04994296887730161,0.03811474227356528,0.0002753871411456716,0.0,0.0,0.64,0.09090909090909091
0.04953560371517028,0.0366532747882727,0.0005370723698806407,0.0,0.03720309778782377,0.64,0.09090909090909091
0.01344305035033404,0.010979259762596914,0.0,0.0,0.0,0.64,0.09090909090909091
0.013850415512465374,0.010736074399411644,6.034521009894839e-06,0.0,0.01089712250940417,0.64,0.09090909090909091
0.010998859377546032,0.0045357308780051495,0.0,0.0,0.0,0.64,0.09090909090909091
0.0110803324099723,0.004522187867464566,0.0,0.0,0.00459002363144979,0.64,0.09090909090909091
0.0012220954863940035,2.2375408719225716e-05,0.0,0.0,0.0,0.64,0.09090909090909091
0.0012220954863940035,2.4141888354954063e-05,0.0,0.0,2.4504032407479347e-05,0.64,0.09090909090909091
0.01605018738797458,0.0064935791409374,0.00012636996938368016,8.07268475401255e-05,0.0,0.64,0.09090909090909091
0.01613166042040085,0.006742063943029854,0.0017640679771043174,6.883025948158069e-05,0.006843199294283867,0.64,0.09090909090909091
0.0031774482646244094,0.00029676857880236215,0.010463220481874251,0.0,0.0,0.64,0.09090909090909091
0.0030959752321981426,0.00037861546859110885,0.02335324133646892,0.0,0.00038429494726851756,0.64,0.09090909090909091
0.0,0.00023788592427808394,0.006756675688867196,0.0,0.0,0.64,0.09090909090909091
0.06183803161153658,0.045919638130758354,0.00040154412743488485,0.0,0.0,0.64,0.09090909090909091
0.06175655857911031,0.0449940028016367,0.0009046101965656476,0.0,0.045668942154944374,0.64,0.09090909090909091
0.01841290532833632,0.01742337747373392,0.0,0.0,0.0,0.64,0.09090909090909091
0.018575851393188854,0.016848093939031722,4.600434840484537e-05,0.0,0.017100826323785526,0.64,0.09090909090909091
0.0,0.0001083440843246719,0.0,0.0,0.0,0.64,0.09090909090909091
0.7149258595404921,0.5051183747445229,0.6393362736832764,0.3620522634108538,0.0,0.64,0.18181818181818182
0.7156591168323285,0.4943952545291066,0.5520907307982429,0.57725644285219,0.5018115054201724,0.64,0.18181818181818182
0.0,0.003951026118579067,0.11145625415982606,0.014309895921849614,0.0,0.64,0.18181818181818182
0.010347075118135898,0.001804164534623884,0.013961254825398233,0.00018184784603775638,0.0,0.64,0.18181818181818182
0.01026560208570963,0.0018247734637073815,0.004222460842170653,0.000455469371384287,0.0018521462544092318,0.64,0.18181818181818182
0.0,0.0003468188351479986,0.0013926964547189068,0.0006007776969565128,0.0,0.64,0.18181818181818182
0.04269186899136386,0.01986995176921768,0.00037300439277632337,0.0,0.0,0.64,0.18181818181818182
0.04269186899136386,0.01975395293980485,0.0004724674978923548,0.0,0.020050275102588222,0.64,0.18181818181818182
0.001955352778230406,0.0007171907321057084,0.0023765363624262325,0.0,0.0,0.64,0.18181818181818182
0.001955352778230406,0.0006930488437507544,0.0,0.0,0.0007034450278927608,0.64,0.18181818181818182
0.0,0.00011305469668661415,0.0,0.0,0.0,0.64,0.18181818181818182
0.05035033403943295,0.03838148069856026,0.00022625904068864533,0.0,0.0,0.64,0.18181818181818182
0.050187387974580416,0.03964392481156079,0.000361006345121356,0.0,0.040238609509716146,0.64,0.18181818181818182
0.01238390092879257,0.009599639167093076,0.0,0.0,0.0,0.64,0.18181818181818182
0.012465373961218837,0.01050643204676696,0.0,0.0,0.01066403537186961,0.64,0.18181818181818182
0.0,7.654745088156166e-06,0.0,0.0,0.0,0.64,0.18181818181818182
0.012139481831513768,0.0052617540082895,0.0,0.0,0.0,0.64,0.18181818181818182
0.012058008799087501,0.005193450129041337,0.0,0.0,0.005271355264243118,0.64,0.18181818181818182
0.0017924067133778718,0.00016899321848467844,0.0,0.0,0.0,0.64,0.18181818181818182
0.0017924067133778718,0.00015486138139885166,0.0,0.0,0.00015718440300407485,0.64,0.18181818181818182
0.01653902558253218,0.007002914102572406,0.00018337844433598084,0.0,0.0,0.64,0.18181818181818182
0.01662049861495845,0.006921656039328903,0.00010429072192394729,9.602246075825453e-05,0.007025485389022433,0.64,0.18181818181818182
0.0037477594916082778,0.0005929483310594815,0.013515978169232817,0.0,0.0,0.64,0.18181818181818182
0.003666286459182011,0.0007277896099200786,0.026372489683631362,0.0,0.0007387069281864505,0.64,0.18181818181818182
0.0,7.713627742680444e-05,0.010066148999423171,0.0,0.0,0.64,0.18181818181818182
0.06501547987616099,0.04632710610006636,0.0003571016550561299,0.0,0.0,0.64,0.18181818181818182
0.06509695290858726,0.048478678296383484,0.0009394684296933931,0.0,0.049205890052199566,0.64,0.18181818181818182
0.01450219977187551,0.011830114120472733,0.0,0.0,0.0,0.64,0.18181818181818182
0.01450219977187551,0.014397397857731264,0.0,0.0,0.014613368204762866,0.64,0.18181818181818182
0.7559882678833306,0.5388787447160178,0.6693529751076008,0.37669101501689317,0.0,0.64,0.2727272727272727
0.7559067948509044,0.5353340089136562,0.540400514709145,0.565924942726426,0.5433643677899873,0.64,0.2727272727272727
0.0,0.0034858531478372695,0.10583776012778985,0.013497528908708983,0.0,0.64,0.2727272727272727
0.016701971647384715,0.004987949664751606,0.05559802990637618,0.0002472790803597528,0.0,0.64,0.2727272727272727
0.01605018738797458,0.006286901023557183,0.01750344766384168,0.00014020978783284955,0.006381208634503829,0.64,0.2727272727272727
0.0,0.0005269997579922899,0.005770918933309668,0.0,0.0,0.64,0.2727272727272727
0.043099234153495196,0.020101949428043334,0.0003810267560012424,0.0,0.0,0.64,0.2727272727272727
0.043099234153495196,0.02056653357223989,0.00031904867551138126,0.0,0.020875044973864356,0.64,0.2727272727272727
0.0,2.0608929083497372e-05,1.2920974397657186e-05,0.0,0.0,0.64,0.2727272727272727
0.004562489815870947,0.0011764754373950784,0.0,0.0,0.0,0.64,0.2727272727272727
0.00472543588072348,0.0016428260612273617,0.0,0.0,0.001667469522362619,0.64,0.2727272727272727
0.0,0.00014544015667496715,0.0,0.0,0.0,0.64,0.2727272727272727
0.028026723154635814,0.013405813955542419,0.00024556950792030885,0.0,0.0,0.64,0.2727272727272727
0.02843408831676715,0.01763947681583802,0.0002594844034254781,0.0,0.01790408045928924,0.64,0.2727272727272727
0.0,7.0659185429133845e-06,0.0,0.0,0.0,0.64,0.2727272727272727
0.005132801042854815,0.0019189857109462266,0.0,0.0,0.0,0.64,0.2727272727272727
0.004806908913149747,0.004119430510518503,0.0,0.0,0.004181224651773793,0.64,0.2727272727272727
0.0,1.8253622902526244e-05,0.0,0.0,0.0,0.64,0.2727272727272727
0.011976535766661234,0.0042713477591911405,0.0,0.0,0.0,0.64,0.2727272727272727
0.012139481831513768,0.004483325315478542,0.0,0.0,0.004550578115867019,0.64,0.2727272727272727
0.002607137037640541,0.00012836418686292648,0.0,0.0,0.0,0.64,0.2727272727272727
0.0025256640052142743,0.0002037339846540026,0.0,0.0,0.00020679012714604523,0.64,0.2727272727272727
0.0,4.710612361942256e-06,0.0,0.0,0.0,0.64,0.2727272727272727
0.017027863777089782,0.006966995683312597,6.048719882859298e-05,0.0,0.0,0.64,0.2727272727272727
0.017027863777089782,0.00734443349881322,0.00014844921684341306,0.0,0.007454604785816827,0.64,0.2727272727272727
0.009043506599315626,0.0029211684909494417,0.012350534676310069,0.0,0.0,0.64,0.2727272727272727
0.009124979631741893,0.0035865424870737852,0.024445205661800595,0.0,0.0036403429608282125,0.64,0.2727272727272727
0.0,0.0003291540387907152,0.021007942494564495,0.0,0.0,0.64,0.2727272727272727
0.048232035196350005,0.025924855133949206,0.0004067267160669122,0.0,0.0,0.64,0.2727272727272727
0.048232035196350005,0.029389510526157736,0.0013471180725029952,0.0,0.029830372329807543,0.64,0.2727272727272727
0.0,2.355306180971128e-06,0.0,0.0,0.0,0.64,0.2727272727272727
0.005377220140133616,0.002806936141172342,0.0,0.0,0.0,0.64,0.2727272727272727
0.005377220140133616,0.0034887972805634835,0.0,0.0,0.0035411315125442717,0.64,0.2727272727272727
0.0,7.360331815534775e-05,0.0,0.0,0.0,0.64,0.2727272727272727
0.8220628971810331,0.6101785734263758,0.6907956870923371,0.34697588731551793,0.0,0.64,0.36363636363636365
0.8226332084080169,0.609793480865787,0.5175969117451302,0.49670974364552245,0.6189407803279238,0.64,0.36363636363636365
0.0,0.0033992956456865807,0.09948482939166704,0.01396149584299223,0.0,0.64,0.36363636363636365
0.01792406713377872,0.007104781094899408,0.05043049207969118,2.2093663537297502e-05,0.0,0.64,0.36363636363636365
0.018087013198631253,0.006916356600421718,0.012285148866308737,0.0023478766289828077,0.0070201064550793274,0.64,0.36363636363636365
0.0,0.0004904925121872374,0.013029382792740827,0.0,0.0,0.64,0.36363636363636365
0.043506599315626525,0.02247550923191699,0.00043285264232151575,0.0,0.0,0.64,0.36363636363636365
0.04293628808864266,0.02202034631244432,0.0003047788081821005,0.0,0.022350665852256223,0.64,0.36363636363636365
0.00945087176144696,0.0036318821310574794,0.0,0.0,0.0,0.64,0.36363636363636365
0.009695290858725761,0.0036595569786838904,0.0065411367972667165,0.0,0.003714452717377662,0.64,0.36363636363636365
0.0,0.0001672267388489501,0.0,0.0,0.0,0.64,0.36363636363636365
0.025093693987290208,0.011591050543104164,0.00022228335625859696,0.0,0.0,0.64,0.36363636363636365
0.025175167019716473,0.011906661571354294,0.00032671606691218885,0.0,0.012085269251503413,0.64,0.36363636363636365
0.0,2.5908367990682407e-05,0.0,0.0,0.0,0.64,0.36363636363636365
0.004888381945576014,0.0017859109117213578,0.0,0.0,0.0,0.64,0.36363636363636365
0.00472543588072348,0.0017917991771737856,0.0,0.0,0.001818677332096577,0.64,0.36363636363636365
0.0,0.00023670827118759836,0.0,0.0,0.0,0.64,0.36363636363636365
0.01344305035033404,0.005479031003484087,0.0,0.0,0.0,0.64,0.36363636363636365
0.013280104285481506,0.00521935849703202,0.0,0.0,0.0052976522746316325,0.64,0.36363636363636365
0.002688610070066808,0.00026556077190449467,0.0,0.0,0.0,0.64,0.36363636363636365
0.002688610070066808,0.00019195745374914693,0.0,0.0,0.0001948369406058114,0.64,0.36363636363636365
0.0,0.00019843454574681755,0.0,0.0,0.0,0.64,0.36363636363636365
0.017027863777089782,0.007642379730706068,0.00015746550117584418,0.0,0.0,0.64,0.36363636363636365
0.01686491771223725,0.007762500345935596,0.00011160314150064339,0.0,0.007878942907995129,0.64,0.36363636363636365
0.0,7.065918542913384e-05,0.0,0.0,0.0,0.64,0.36363636363636365
0.011976535766661234,0.00493789940840597,0.014746026534143853,0.0,0.0,0.64,0.36363636363636365
0.012058008799087501,0.0053106266115446514,0.024471757554244133,0.0,0.005390289470318445,0.64,0.36363636363636365
0.0,0.00024318536318526898,0.019303580778275726,0.0,0.0,0.64,0.36363636363636365
0.04383249144533159,0.02816475131205275,0.0004602564671429205,0.0,0.0,0.64,0.36363636363636365
0.04383249144533159,0.028225989272758,0.0008444779695611661,0.0,0.02864939749963244,0.64,0.36363636363636365
0.0,0.0001148211763223425,0.0,0.0,0.0,0.64,0.36363636363636365
0.008799087502036826,0.005864712390618109,0.0,0.0,0.0,0.64,0.36363636363636365
0.008717614469610559,0.006580725469633332,0.0,0.0,0.006679440638682663,0.64,0.36363636363636365
0.0,0.00038744786676975056,0.0,0.0,0.0,0.64,0.36363636363636365
0.8113084569007658,0.6164489873066662,0.6746740737453965,0.30920676949850784,0.0,0.64,0.45454545454545453
0.8118787681277497,0.631490561404893,0.5033258375116475,0.5023155858899667,0.6409633312096505,0.64,0.45454545454545453
0.0,0.003052476810538582,0.0662710387363003,0.010381472593660138,0.0,0.64,0.45454545454545453
0.019390581717451522,0.006529497560197209,0.049399227936282555,1.6995125797921155e-05,0.0,0.64,0.45454545454545453
0.018738797458041388,0.0070941822170850375,0.010523423703243556,0.0,0.0072005995718368585,0.64,0.45454545454545453
0.0,0.0005058020023635498,0.007861702977326175,0.0,0.0,0.64,0.45454545454545453
0.045787844223562,0.024658289235131983,0.0006162310866574966,0.0,0.0,0.64,0.45454545454545453
0.045624898158709466,0.024593518315155275,0.0005844966055819319,0.0,0.024962437111297316,0.64,0.45454545454545453
0.0,8.596867560544617e-05,0.0,0.0,0.0,0.64,0.45454545454545453
0.010754440280267232,0.004596380012165157,0.0,0.0,0.0,0.64,0.45454545454545453
0.010917386345119766,0.005036233441461514,0.0,0.0,0.005111780223930997,0.64,0.45454545454545453
0.0,0.0004999137369111219,0.0,0.0,0.0,0.64,0.45454545454545453
0.026234316441257944,0.013308068749032117,0.0003069796334915916,0.0,0.0,0.64,0.45454545454545453
0.026234316441257944,0.013495904416964563,0.0002981763322536274,0.0,0.013698351775107967,0.64,0.45454545454545453
0.0074955189832165555,0.003071908086531594,0.0,0.0,0.0,0.64,0.45454545454545453
0.007739938080495356,0.002860519356789435,0.0,0.0,0.002903429010622797,0.64,0.45454545454545453
0.0,5.1816735981364814e-05,0.0,0.0,0.0,0.64,0.45454545454545453
0.011161805442398566,0.005640369476880609,0.0,0.0,0.0,0.64,0.45454545454545453
0.011243278474824833,0.005381285796973785,0.0,0.0,0.005462008589559848,0.64,0.45454545454545453
0.003666286459182011,9.83340330555446e-05,0.0,0.0,0.0,0.64,0.45454545454545453
0.003666286459182011,0.0001472066363106955,0.0,0.0,0.00014941483175292286,0.64,0.45454545454545453
0.0,1.0010051269127294e-05,0.0,0.0,0.0,0.64,0.45454545454545453
0.018575851393188854,0.008736419451767157,9.32156010116697e-05,7.05297720613728e-05,0.0,0.64,0.45454545454545453
0.01849437836076259,0.008947808181509316,0.00014674535208767804,0.00010027124220773483,0.009082031133269663,0.64,0.45454545454545453
0.0,0.00014897311594642385,0.0,0.0,0.0,0.64,0.45454545454545453
0.0113247515072511,0.003984589231657906,0.013328198074277854,0.0,0.0,0.64,0.45454545454545453
0.011487697572103633,0.004715322974304198,0.028116466255490972,0.0,0.004786055890709625,0.64,0.45454545454545453
0.0,0.0005841159328808398,0.023823649997781426,0.0,0.0,0.64,0.45454545454545453
0.042040084731953725,0.02877654209256,0.0005656121045392022,0.0,0.0,0.64,0.45454545454545453
0.042040084731953725,0.028523935504650846,0.0013119758619159604,0.0,0.028951813119100354,0.64,0.45454545454545453
0.0,7.0659185429133845e-06,0.0,0.0,0.0,0.64,0.45454545454545453
0.011243278474824833,0.008931321038242518,0.0,0.0,0.0,0.64,0.45454545454545453
0.0110803324099723,0.008407854239521685,0.0,0.0,0.00853397753039994,0.64,0.45454545454545453
0.0,8.53798490602034e-05,0.0,0.0,0.0,0.64,0.45454545454545453
0.8337135408179892,0.6888222468090017,0.6258170297732617,0.35929480425014104,0.0,0.64,0.5454545454545454
0.833957959915268,0.7183931159110942,0.5232977592403603,0.5006509133180603,0.729169480645998,0.64,0.5454545454545454
0.0,0.005035644614916272,0.12307433997426455,0.0024948844671348258,0.0,0.64,0.5454545454545454
0.019309108685025257,0.008461437455138778,0.03557598615609886,4.248781449480289e-06,0.0,0.64,0.5454545454545454
0.019390581717451522,0.009861666979726113,0.017197958912011358,8.497562898960578e-05,0.010009598408791807,0.64,0.5454545454545454
0.0,0.001051055383258366,0.010136646403691708,0.0,0.0,0.64,0.5454545454545454
0.04358807234805279,0.023096132410602883,0.000771353773794205,0.0,0.0,0.64,0.5454545454545454
0.04383249144533159,0.02473601433910403,0.0006587567111860496,0.0,0.025107070668434144,0.64,0.5454545454545454
0.01368746944761284,0.006143816173063188,5.0405999023827486e-05,0.0,0.0,0.64,0.5454545454545454
0.013605996415186573,0.007181917372326212,0.0,0.0,0.0072896508115616,0.64,0.5454545454545454
0.0,0.00024141888354954063,0.0,0.0,0.0,0.64,0.5454545454545454
0.027619357992504482,0.01529418068613602,0.0002563606513732972,0.0,0.0,0.64,0.5454545454545454
0.02745641192765195,0.01518171481599465,0.0002849003860318587,0.0,0.01540945042834244,0.64,0.5454545454545454
0.0,5.88826545242782e-07,0.0,0.0,0.0,0.64,0.5454545454545454
0.008880560534463093,0.003808530094630314,0.0,0.0,0.0,0.64,0.5454545454545454
0.008799087502036826,0.003906864127685859,1.1714070195678217e-05,0.0,0.003965469634722572,0.64,0.5454545454545454
0.0,4.357316434796587e-05,0.0,0.0,0.0,0.64,0.5454545454545454
0.0115691706045299,0.006434107659867879,0.0,0.0,0.0,0.64,0.5454545454545454
0.0115691706045299,0.006036060915283759,0.0,0.0,0.006126605761196849,0.64,0.5454545454545454
0.004236597686165879,0.0002714490373569225,0.0,0.0,0.0,0.64,0.5454545454545454
0.004155124653739612,0.00025142893481866794,0.0,0.0,0.0002552005326339922,0.64,0.5454545454545454
0.0,2.355306180971128e-06,0.0,0.0,0.0,0.64,0.5454545454545454
0.019064689587746455,0.00854681730419898,5.11869370368727e-05,0.0,0.0,0.64,0.5454545454545454
0.01898321655532019,0.008856540066996684,0.00010883436127257399,0.0,0.00898939393758285,0.64,0.5454545454545454
0.0,0.0003362199573336285,0.0,0.0,0.0,0.64,0.5454545454545454
0.012872739123350171,0.006278068625378542,0.012571398145272219,0.0,0.0,0.64,0.5454545454545454
0.012872739123350171,0.006551284142371193,0.025102755468784665,0.0,0.006649557672332078,0.64,0.5454545454545454
0.0,0.0002526065879091535,0.020529156498202954,0.0,0.0,0.64,0.5454545454545454
0.044484275704741734,0.03051652453375242,0.0004240493410835515,0.0,0.0,0.64,0.5454545454545454
0.044484275704741734,0.030989941076127618,0.0011734658561476682,0.0,0.031454810380625316,0.64,0.5454545454545454
0.013035685188202705,0.010725475521597274,0.0,0.0,0.0,0.64,0.5454545454545454
0.013280104285481506,0.010758449808130871,0.0,0.0,0.010919833563830614,0.64,0.5454545454545454
0.0,0.0002543730675448818,0.0,0.0,0.0,0.64,0.5454545454545454
0.832409972299169,0.695652634733818,0.5754801082664064,0.38376268686140813,0.0,0.64,0.6363636363636364
0.832735864428874,0.6931006604867358,0.48525784265873895,0.4865449589057858,0.7034976219135378,0.64,0.6363636363636364
0.0,0.00485546369207198,0.09891240182810489,0.016702809634196913,0.0,0.64,0.6363636363636364
0.015642822225843248,0.006812723128458988,0.04534814749079292,0.00022518541682245533,0.0,0.64,0.6363636363636364
0.015153984031285645,0.0070405990014679445,0.023522562896570086,0.0,0.007146212573078794,0.64,0.6363636363636364
0.0,0.0007495761920940615,0.00835866353108222,0.0,0.0,0.64,0.6363636363636364
0.04261039595893759,0.022315937238156197,0.00038045880108266404,0.0,0.0,0.64,0.6363636363636364
0.04269186899136386,0.02251613826353874,0.0006839597106979633,0.0,0.022853895005600068,0.64,0.6363636363636364
0.0,1.766479635728346e-05,0.0,0.0,0.0,0.64,0.6363636363636364
0.01002118298843083,0.006339306586083791,0.0,0.0,0.0,0.64,0.6363636363636364
0.009776763891152028,0.006114963672346292,0.0,0.0,0.0062066921110164154,0.64,0.6363636363636364
0.0,0.00018253622902526242,0.0,0.0,0.0,0.64,0.6363636363636364
0.024604855792732607,0.014163633719269878,0.00020517371433642455,0.0,0.0,0.64,0.6363636363636364
0.024686328825158872,0.014577578780575555,0.00032053955717264944,0.0,0.014796251958828444,0.64,0.6363636363636364
0.005703112269838683,0.002737454608833694,0.0,0.0,0.0,0.64,0.6363636363636364
0.005703112269838683,0.00284462104006788,0.0,0.0,0.0028872922087934813,0.64,0.6363636363636364
0.0,5.299438907185038e-05,0.0,0.0,0.0,0.64,0.6363636363636364
0.011487697572103633,0.005701018611040615,0.0,0.0,0.0,0.64,0.6363636363636364
0.0113247515072511,0.006300444034097768,0.0,0.0,0.006394954799025098,0.64,0.6363636363636364
0.003992178588887079,0.00023082000573517055,0.0,0.0,0.0,0.64,0.6363636363636364
0.004236597686165879,0.0002720378639021653,0.0,0.0,0.00027611860907940145,0.64,0.6363636363636364
0.0,4.710612361942256e-06,0.0,0.0,0.0,0.64,0.6363636363636364
0.018657324425615122,0.008060446577828444,5.885432843768026e-05,0.0,0.0,0.64,0.6363636363636364
0.018657324425615122,0.008407854239521685,0.00014092381417225006,5.183513368365953e-05,0.00853397753039994,0.64,0.6363636363636364
0.0,9.48010737840879e-05,0.0,0.0,0.0,0.64,0.6363636363636364
0.011976535766661234,0.0066413746037933385,0.011943807960243157,0.0,0.0,0.64,0.6363636363636364
0.011976535766661234,0.006661394706331593,0.025973146381505968,0.0,0.006761319966483265,0.64,0.6363636363636364
0.0,0.00022375408719225716,0.02147054177574655,0.0,0.0,0.64,0.6363636363636364
0.04415838357503666,0.030248608455666955,0.0007313839463992546,0.0,0.0,0.64,0.6363636363636364
0.0440769105426104,0.03202038753030249,0.0008671961663042996,0.0,0.03250071420289578,0.64,0.6363636363636364
0.012058008799087501,0.009697384373603377,1.086213781781071e-05,0.0,0.0,0.64,0.6363636363636364
0.012058008799087501,0.01001358422839875,0.0,0.0,0.010163794515160824,0.64,0.6363636363636364
0.0,0.0002420077100947834,0.0,0.0,0.0,0.64,0.6363636363636364
0.8381130845690077,0.6980379710685966,0.6598977326174735,0.41904881679934197,0.0,0.64,0.7272727272727273
0.8381130845690077,0.6703825547181788,0.5433133425034388,0.5055531573544707,0.6804387297587727,0.64,0.7272727272727273
0.0,0.004678815728499146,0.14265501175844167,0.01015033888280841,0.0,0.64,0.7272727272727273
0.014583672804301777,0.005907696728420832,0.04326957447752584,0.0,0.0,0.64,0.7272727272727273
0.014665145836728044,0.0054707874318506875,0.017172471935040155,0.0,0.005552852807265625,0.64,0.7272727272727273
0.0,0.0004581070521988844,0.013177335049030483,0.0,0.0,0.64,0.7272727272727273
0.04749877790451361,0.02740516506868956,0.00052621023206283,0.0,0.0,0.64,0.7272727272727273
0.04741730487208734,0.02512110689969281,0.0006477525846385943,0.0,0.02549793986829979,0.64,0.7272727272727273
0.009776763891152028,0.005333590846809119,0.0,0.0,0.0,0.64,0.7272727272727273
0.009858236923578295,0.004447406896218732,0.0,0.0,0.004514120896919305,0.64,0.7272727272727273
0.0,2.7086021081167974e-05,0.0,0.0,0.0,0.64,0.7272727272727273
0.02713051979794688,0.014698877048895567,0.00020361183831033413,0.0,0.0,0.64,0.7272727272727273
0.026967573733094347,0.014773658020141401,0.0004512401828104894,0.0,0.014995272514723337,0.64,0.7272727272727273
0.006354896529248819,0.002604379809608825,0.0,0.0,0.0,0.64,0.7272727272727273
0.006436369561675086,0.00273038869029078,0.0,0.0,0.0027713462993532133,0.64,0.7272727272727273
0.0,0.00017782561666332018,0.0,0.0,0.0,0.64,0.7272727272727273
0.004073651621313346,0.0020832683170689628,0.0,0.0,0.0,0.64,0.7272727272727273
0.004155124653739612,0.0020938671948833327,0.0,0.0,0.0021252765668535747,0.64,0.7272727272727273
0.0008147303242626691,8.302454287923226e-05,0.0,0.0,0.0,0.64,0.7272727272727273
0.0008147303242626691,5.9471481069520984e-05,0.0,0.0,6.036359202818083e-05,0.64,0.7272727272727273
0.0,7.654745088156166e-06,0.0,0.0,0.0,0.64,0.7272727272727273
0.019146162620172723,0.010043614382206132,3.961485557083907e-05,0.00011556685542586386,0.0,0.64,0.7272727272727273
0.01922763565259899,0.009911128409526506,0.00012771886231530372,0.0013698071393124453,0.01005980179226079,0.64,0.7272727272727273
0.010998859377546032,0.005428391920593207,0.0132608244220615,0.0,0.0,0.64,0.7272727272727273
0.010917386345119766,0.004410310823868438,0.0259716554998447,0.0,0.004476468359317569,0.64,0.7272727272727273
0.0,9.715637996505904e-05,0.02670261348005502,0.0,0.0,0.64,0.7272727272727273
0.04318070718592146,0.03194913951832811,0.0005619913919332653,0.0,0.0,0.64,0.7272727272727273
0.04318070718592146,0.031150690722978897,0.0011119847362115632,0.0,0.03161797137689951,0.64,0.7272727272727273
0.010102656020857097,0.008290088930473128,0.0,0.0,0.0,0.64,0.7272727272727273
0.010184129053283364,0.008467914547136449,0.0,0.0,0.008594938781755134,0.64,0.7272727272727273
0.0,7.654745088156166e-05,0.0,0.0,0.0,0.64,0.7272727272727273
0.8142414860681114,0.6195279613117407,0.7310734880418867,0.4577594645855569,0.0,0.64,0.8181818181818182
0.8134267557438488,0.6383604007082405,0.5573485734569819,0.54455527154812,0.647936222577896,0.64,0.8181818181818182
0.0,0.004877839100791206,0.11543740515596575,0.018110006050264783,0.0,0.64,0.8181818181818182
0.014991037966433111,0.006444706537682249,0.0520987176642854,2.039415095750539e-05,0.0,0.64,0.8181818181818182
0.015235457063711912,0.006331063014450392,0.019542050849713805,0.002380167367998858,0.006426033084029706,0.64,0.8181818181818182
0.0,0.00033327582460741464,0.014646776412122288,0.0,0.0,0.64,0.8181818181818182
0.046928466677529736,0.024541112752628668,0.00042525624528553043,0.0,0.0,0.64,0.8181818181818182
0.046846993645103474,0.02462178198932693,0.0007102276256822115,0.0,0.024991124758993875,0.64,0.8181818181818182
0.0,5.88826545242782e-07,0.0,0.0,0.0,0.64,0.8181818181818182
0.0046439628482972135,0.002328808986435203,0.0,0.0,0.0,0.64,0.8181818181818182
0.00472543588072348,0.0019013209145889432,0.0,0.0,0.0019298419669207516,0.64,0.8181818181818182
0.0,0.00011069939050564302,0.0,0.0,0.0,0.64,0.8181818181818182
0.022893922111781,0.010330372909739368,0.00026069130762745705,0.0,0.0,0.64,0.8181818181818182
0.0226495030145022,0.010083654587282642,0.00016953454319563384,0.0,0.010234915975075216,0.64,0.8181818181818182
0.0014665145836728042,0.00041394506130567574,0.0,0.0,0.0,0.64,0.8181818181818182
0.001710933680951605,0.00012365357450098424,0.0,0.0,0.0001255084586724552,0.64,0.8181818181818182
0.0,1.7075969812040677e-05,0.0,0.0,0.0,0.64,0.8181818181818182
0.010998859377546032,0.004038761273820242,0.0,0.0,0.0,0.64,0.8181818181818182
0.010835913312693499,0.004319042709355806,0.0,0.0,0.004383831163630757,0.64,0.8181818181818182
0.0015479876160990713,2.7674847626410755e-05,0.0,0.0,0.0,0.64,0.8181818181818182
0.0015479876160990713,3.297428653359579e-05,0.0,0.0,3.346892231265472e-05,0.64,0.8181818181818182
0.0,1.7664796357283461e-06,0.0,0.0,0.0,0.64,0.8181818181818182
0.018005540166204988,0.008542695518382281,0.00013588321426986734,5.9482940292724045e-05,0.0,0.64,0.8181818181818182
0.017842594101352454,0.008419041943881298,0.00015774947863513334,7.05297720613728e-05,0.008545333057613163,0.64,0.8181818181818182
0.007251099885937755,0.00184773769897185,0.010575036606469362,0.0,0.0,0.64,0.8181818181818182
0.007414045950790289,0.0012524340617313973,0.023695434174912367,0.0,0.0012712213885538676,0.64,0.8181818181818182
0.0,0.0001112882170508858,0.024296898433686827,0.0,0.0,0.64,0.8181818181818182
0.04342512628320026,0.028337866316354127,0.000503847007143808,0.0,0.0,0.64,0.8181818181818182
0.043506599315626525,0.02973338522857952,0.001174601765984825,0.0,0.03017940537678237,0.64,0.8181818181818182
0.0,5.88826545242782e-07,0.0,0.0,0.0,0.64,0.8181818181818182
0.002688610070066808,0.0023105553635326768,0.0,0.0,0.0,0.64,0.8181818181818182
0.002607137037640541,0.0014555792198401572,0.0,0.0,0.001477413856372901,0.64,0.8181818181818182
0.0,0.00010422229850797242,0.0,0.0,0.0,0.64,0.8181818181818182
0.7035196350008147,0.5252209129991114,0.678353640679771,0.4430697276021237,0.0,0.64,0.9090909090909091
0.7049046765520612,0.5034508179683953,0.5084524825841948,0.650728071189183,0.5110029082102853,0.64,0.9090909090909091
0.0,0.004468604651847473,0.11212473709899276,0.025045716888396408,0.0,0.64,0.9090909090909091
0.011976535766661234,0.003697830704124671,0.060079762168877844,0.00023708200488100012,0.0,0.64,0.9090909090909091
0.010835913312693499,0.003065430994533923,0.029512499445356524,0.00014445856928232983,0.0031114144564228655,0.64,0.9090909090909091
0.0,0.0005016802165468502,0.01097636775080978,0.0,0.0,0.64,0.9090909090909091
0.043262180218347726,0.021211298639280736,0.0005121533478280162,0.0,0.0,0.64,0.9090909090909091
0.04318070718592146,0.020906286488844975,0.0007718507343479612,0.0,0.021219894405550103,0.64,0.9090909090909091
0.00236271794036174,0.0009009046142214565,3.549718241114612e-07,0.0,0.0,0.64,0.9090909090909091
0.0025256640052142743,0.0006983482826579395,0.0,0.0,0.000708823961835866,0.64,0.9090909090909091
0.021020042365976863,0.008719343481955116,0.0001578914673647779,0.0,0.0,0.64,0.9090909090909091
0.021020042365976863,0.008677536797242879,0.0002709854905266894,0.0,0.008807705502171297,0.64,0.9090909090909091
0.0015479876160990713,1.0010051269127294e-05,0.0,0.0,0.0,0.64,0.9090909090909091
0.001710933680951605,1.177653090485564e-05,0.0,0.0,1.1953186540233829e-05,0.64,0.9090909090909091
0.012302427896366304,0.0038138295335374993,0.0,0.0,0.0,0.64,0.9090909090909091
0.012220954863940035,0.003957503210576738,0.0,0.0,0.004016868336845578,0.64,0.9090909090909091
0.0018738797458041389,1.8253622902526244e-05,0.0,0.0,0.0,0.64,0.9090909090909091
0.001955352778230406,1.5898316721555113e-05,0.0,0.0,1.6136801829315668e-05,0.64,0.9090909090909091
0.0,3.5329592714566923e-06,0.0,0.0,0.0,0.64,0.9090909090909091
0.017272282874368584,0.007458077022045077,6.353995651595154e-05,5.2684889973555584e-05,0.0,0.64,0.9090909090909091
0.017190809841942316,0.007462787634407019,8.881395039268758e-05,0.00011046831768648751,0.007574734310546177,0.64,0.9090909090909091
0.00578458530226495,0.0009274018087573817,0.012655810445045924,0.0,0.0,0.64,0.9090909090909091
0.005866058334691217,0.0008273012960661087,0.03008876070461907,0.0,0.0008397113544514265,0.64,0.9090909090909091
0.0,8.420219596971783e-05,0.0252487198828593,0.0,0.0,0.64,0.9090909090909091
0.03951442072673945,0.02380095778525849,0.0002817056396148556,0.0,0.0,0.64,0.9090909090909091
0.039595893759165716,0.02243311372065951,0.0008760704619070861,0.0,0.02276962504049142,0.64,0.9090909090909091
0.0,4.1806684712237524e-05,0.0,0.0,0.0,0.64,0.9090909090909091
0.0028515561349193416,0.0016057299888770666,7.383413941518392e-06,0.0,0.0,0.64,0.9090909090909091
0.002688610070066808,0.0020891565825213905,7.099436482229223e-06,0.0,0.002120495292237481,0.64,0.9090909090909091
0.0,1.7664796357283461e-06,0.0,0.0,0.0,0.64,0.9090909090909091
0.6795665634674922,0.50314698347105,0.5460284509917025,0.5355767465890783,0.0,0.64,1.0
0.6790777252729346,0.5086589887610677,0.511809025158628,0.80812587949776,0.5162892049577037,0.64,1.0
0.0,0.005211703751943864,0.09034920353196965,0.011200637657119938,0.0,0.64,1.0
0.012954212155776438,0.00386270213679265,0.04622478590761858,0.005338169013127035,0.0,0.64,1.0
0.0115691706045299,0.0038020530026326434,0.022383103341172293,0.0017683428392736963,0.0038590862745144913,0.64,1.0
0.0,0.0006559527714004591,0.015204366153436571,0.0,0.0,0.64,1.0
0.037396121883656507,0.017926235343371257,0.0004797089231042286,0.0,0.0,0.64,1.0
0.03788496007821411,0.017542320435872963,0.0005844256112171097,0.0,0.01780546667033231,0.64,1.0
0.001955352778230406,0.0007018812419293961,0.0,0.0,0.0,0.64,1.0
0.002036825810656673,0.0007065918542913384,0.0,0.0,0.0007171911924140296,0.64,1.0
0.0,0.00018135857593477687,0.0,0.0,0.0,0.64,1.0
0.04032915105100212,0.030011311357934115,0.00027950481430536454,0.0,0.0,0.64,1.0
0.04016620498614958,0.023432941194481752,0.00029128987886586503,0.0,0.02378445057775727,0.64,1.0
0.0,0.0,6.176509739539424e-06,0.0,0.0,0.64,1.0
0.005295747107707349,0.004013441732374802,1.4198872964458446e-07,0.0,0.0,0.64,1.0
0.005214274075281082,0.0024194882744025914,0.0,0.0,0.00245578217469104,0.64,1.0
0.0,0.0,3.4858233127745485e-05,0.0,0.0,0.64,1.0
0.011732116669382434,0.00445329516167116,0.0,0.0,0.0,0.64,1.0
0.011895062734234968,0.0038803669331499333,0.0,0.0,0.003938574965007047,0.64,1.0
0.0,9.774520651030181e-05,0.0,0.0,0.0,0.64,1.0
0.0014665145836728042,2.0020102538254588e-05,0.0,0.0,0.0,0.64,1.0
0.0013850415512465374,1.0598877814370076e-05,0.0,0.0,1.0757867886210446e-05,0.64,1.0
0.012465373961218837,0.005638014170699638,3.450326130363402e-05,0.0,0.0,0.64,1.0
0.012546846993645104,0.005361854520980773,0.00015050805342325954,0.0,0.005442285831768462,0.64,1.0
0.0,5.829382797903542e-05,0.0,0.0,0.0,0.64,1.0
0.00448101678344468,0.0005770500143379264,0.01286041620446377,0.0,0.0,0.64,1.0
0.0046439628482972135,0.0005746947081569552,0.034022629453787104,0.0,0.0005833155031634108,0.64,1.0
0.0,0.00023494179155187002,0.005742521187380752,0.0,0.0,0.64,1.0
0.05263157894736842,0.038338496360757535,0.0004302258508230909,0.0,0.0,0.64,1.0
0.052794525012220955,0.03328047633712204,0.0010513555486533256,0.0,0.0337797051627008,0.64,1.0
0.0,5.88826545242782e-07,0.0,0.0,0.0,0.64,1.0
0.008554668404758025,0.007934437697146487,0.0,0.0,0.0,0.64,1.0
0.008636141437184292,0.005477264523848359,2.6054931889781248e-05,0.0,0.005559427059862753,0.64,1.0
0.6255499429688773,0.4153806204229777,0.5088002129830944,0.421214845582287,0.0,0.68,0.0
0.6277497148443865,0.4228616616802872,0.4221361139459555,0.5836508589336579,0.4292048620781571,0.68,0.0
0.0,0.006580725469633332,0.08613114434041798,0.020310874841095575,0.0,0.68,0.0
0.014828091901580577,0.002890549510596817,0.04710284421174069,0.00031695909613122956,0.0,0.68,0.0
0.01450219977187551,0.0026432423615948483,0.020620171273905134,3.399025159584231e-06,0.002682892718955483,0.68,0.0
0.0,0.0005635070037973424,0.015065288192749701,0.0,0.0,0.68,0.0
0.03918852859703438,0.016248079689429328,0.00043888716333141057,0.0,0.0,0.68,0.0
0.038373798272771716,0.016719140925623554,0.0004935528242445756,0.0,0.016969938931169964,0.68,0.0
0.0,3.827372544078083e-05,0.0,0.0,0.0,0.68,0.0
0.0022812449079354733,0.0006288667503192912,0.0,0.0,0.0,0.68,0.0
0.0025256640052142743,0.0006465315466765747,0.0,0.0,0.0006562299410588371,0.68,0.0
0.0,0.00011776530904855641,0.0,0.0,0.0,0.68,0.0
0.056542284503829233,0.04199393155362473,0.00033594533433908683,0.0,0.0,0.68,0.0
0.05597197327684537,0.04247500284108808,0.0002969694280516484,0.0,0.04311215555398836,0.68,0.0
0.012791266090923905,0.010408686840256658,1.206904201978968e-06,0.0,0.0,0.68,0.0
0.01368746944761284,0.009358809110088778,0.0,0.0,0.009499197343523823,0.68,0.0
0.0118135897018087,0.003991655150200819,0.0,0.0,0.0,0.68,0.0
0.011732116669382434,0.004492157713657184,0.0,0.0,0.004559543005772194,0.68,0.0
0.0015479876160990713,1.6487143266797897e-05,0.0,0.0,0.0,0.68,0.0
0.0015479876160990713,1.766479635728346e-05,0.0,0.0,1.7929779810350744e-05,0.68,0.0
0.0,1.177653090485564e-06,0.0,0.0,0.0,0.68,0.0
0.013605996415186573,0.0055761873834491455,4.643031459377912e-05,1.2746344348440868e-05,0.0,0.68,0.0
0.013280104285481506,0.005781099021193634,6.630873674402095e-05,0.0,0.005867819272600786,0.68,0.0
0.0,7.065918542913384e-05,0.0,0.0,0.0,0.68,0.0
0.005132801042854815,0.0004922589918229657,0.011226693881173182,0.0,0.0,0.68,0.0
0.005295747107707349,0.0004822489405538385,0.021915392465723032,0.0,0.0004894829888225752,0.68,0.0
0.0,0.00020667811738021648,0.020912810045702623,0.0,0.0,0.68,0.0
0.0696594427244582,0.05099591177729638,0.000320184585348538,0.0,0.0,0.68,0.0
0.06949649665960567,0.05144577525786186,0.0007335847717087456,0.0,0.05221749540101148,0.68,0.0
0.013605996415186573,0.012902956085905082,0.0,0.0,0.0,0.68,0.0
0.013361577317907773,0.011972610144421487,0.0,0.0,0.012152207096128721,0.68,0.0
0.5821248166856771,0.40548715680980846,0.4996481164307583,0.37561182452872516,0.0,0.68,0.09090909090909091
0.583346912172071,0.40445082209018113,0.47508676398810845,0.4732267285742449,0.41051784790048257,0.68,0.09090909090909091
0.0,0.005437813145317092,0.06397245418644895,0.02084877057259978,0.0,0.68,0.09090909090909091
0.013361577317907773,0.00217159229885538,0.049339024714913256,6.798050319168462e-06,0.0,0.68,0.09090909090909091
0.011976535766661234,0.0020220303563637135,0.02112891689222168,0.0,0.0020523621289581483,0.68,0.09090909090909091
0.0,0.0003179663344311023,0.019114593779118783,0.0,0.0,0.68,0.09090909090909091
0.03886263646732931,0.01746341767881043,0.0003162798952833119,0.0,0.0,0.68,0.09090909090909091
0.03869969040247678,0.01760296957003297,0.0007566579402759906,0.0,0.017867025581014516,0.68,0.09090909090909091
0.0,2.5908367990682407e-05,0.0,0.0,0.0,0.68,0.09090909090909091
0.0021997718755092065,0.0006459427201313319,0.0,0.0,0.0,0.68,0.09090909090909091
0.00236271794036174,0.0006112019539620077,0.0,0.0,0.0006203703814381357,0.68,0.09090909090909091
0.0,0.00018548036175147634,0.0,0.0,0.0,0.68,0.09090909090909091
0.05336483623920482,0.04356904256214917,0.00017606602475928474,0.0,0.0,0.68,0.09090909090909091
0.05312041714192602,0.0432322337782703,0.00034048897368771353,0.0,0.043880745448525396,0.68,0.09090909090909091
0.012791266090923905,0.011765343200496027,4.259661889337534e-07,0.0,0.0,0.68,0.09090909090909091
0.012791266090923905,0.011476229366781821,0.0,0.0,0.011648380283457866,0.68,0.09090909090909091
0.010998859377546032,0.004429153273316206,0.0,0.0,0.0,0.68,0.09090909090909091
0.010917386345119766,0.0044856806216595135,0.0,0.0,0.004552968753175065,0.68,0.09090909090909091
0.002444190972788007,8.125806324350391e-05,0.0,0.0,0.0,0.68,0.09090909090909091
0.0025256640052142743,4.416199089320865e-05,0.0,0.0,4.482444952587685e-05,0.68,0.09090909090909091
0.0,8.83239817864173e-06,0.0,0.0,0.0,0.68,0.09090909090909091
0.013768942480039107,0.006063146936364927,0.00019594444690952656,8.497562898960578e-07,0.0,0.68,0.09090909090909091
0.013850415512465374,0.006209175919585136,0.00016974752629010073,6.968001577147675e-05,0.006302317603338286,0.68,0.09090909090909091
0.0,9.362342069360234e-05,0.0,0.0,0.0,0.68,0.09090909090909091
0.0056216392374124164,0.000883239817864173,0.012222034875981719,0.0,0.0,0.68,0.09090909090909091
0.005458693172559883,0.0006806834863006561,0.022962417358122197,0.0,0.0006908941820255153,0.68,0.09090909090909091
0.0,0.0003585953660528542,0.025832790522252295,0.0,0.0,0.68,0.09090909090909091
0.0694150236271794,0.05490159825189175,0.0002494741979855349,0.0,0.0,0.68,0.09090909090909091
0.0694150236271794,0.053907070216976695,0.0011341349780361184,0.0,0.05471571138792035,0.68,0.09090909090909091
0.0,7.419214470059054e-05,0.0,0.0,0.0,0.68,0.09090909090909091
0.015479876160990712,0.01468651169144547,0.0,0.0,0.0,0.68,0.09090909090909091
0.015642822225843248,0.014639405567826046,0.0,0.0,0.014859006188164672,0.68,0.09090909090909091
0.0,3.238545998835301e-05,0.0,0.0,0.0,0.68,0.09090909090909091
0.6975721036336973,0.5068942756049751,0.6860273505790477,0.4493698207354131,0.0,0.68,0.18181818181818182
0.7005051328010429,0.4969383963780101,0.5861715046368194,0.525008327611641,0.5043927960535359,0.68,0.18181818181818182
0.0,0.004657029146325163,0.09799437369658784,0.021778403953746066,0.0,0.68,0.18181818181818182
0.014909564934006844,0.0033780978900578404,0.043271704308470514,0.00031695909613122956,0.0,0.68,0.18181818181818182
0.013198631253055239,0.003096638801431791,0.026191099081510405,0.0,0.003143090400754485,0.68,0.18181818181818182
0.0,0.0009397671662074801,0.006533611394595554,0.0,0.0,0.68,0.18181818181818182
0.046846993645103474,0.021598746506050488,0.0003581665705284643,0.0,0.0,0.68,0.18181818181818182
0.046846993645103474,0.021714156508918073,0.0006417180636286994,0.0,0.022039883002210145,0.68,0.18181818181818182
0.0031774482646244094,0.0008149359386160104,0.0,0.0,0.0,0.68,0.18181818181818182
0.0031774482646244094,0.0009721526261958331,0.0,0.0,0.0009867355488963026,0.68,0.18181818181818182
0.0,0.00017547031048234903,0.0,0.0,0.0,0.68,0.18181818181818182
0.0573570148280919,0.04511471224341147,0.0002303767138483383,0.0,0.0,0.68,0.18181818181818182
0.0573570148280919,0.04657441324906833,0.00031045835736788393,0.0,0.047273059788643754,0.68,0.18181818181818182
0.013280104285481506,0.010328017603558396,2.839774592891689e-07,0.0,0.0,0.68,0.18181818181818182
0.013035685188202705,0.011684085137252524,7.099436482229224e-07,0.0,0.011859354025892993,0.68,0.18181818181818182
0.0,2.5319541445439627e-05,0.0,0.0,0.0,0.68,0.18181818181818182
0.012465373961218837,0.005039766400732971,0.0,0.0,0.0,0.68,0.18181818181818182
0.012465373961218837,0.005274708192284841,0.0,0.0,0.005353832251370732,0.68,0.18181818181818182
0.0014665145836728042,2.29642352644685e-05,0.0,0.0,0.0,0.68,0.18181818181818182
0.0014665145836728042,2.9441327262139102e-05,0.0,0.0,2.988296635058457e-05,0.68,0.18181818181818182
0.0,5.88826545242782e-06,0.0,0.0,0.0,0.68,0.18181818181818182
0.016294606485253382,0.007327357529001179,0.00010755646270577273,0.0,0.0,0.68,0.18181818181818182
0.016294606485253382,0.0073361899271798215,0.0001223942849536318,0.0,0.007446237555238664,0.68,0.18181818181818182
0.006354896529248819,0.0006306332299550196,0.014870408661312508,0.0,0.0,0.68,0.18181818181818182
0.006354896529248819,0.0007148354259247374,0.02723287039091272,0.0,0.0007255584229921934,0.68,0.18181818181818182
0.0,0.00022493174028274273,0.03126073567910547,0.0,0.0,0.68,0.18181818181818182
0.07357014828091901,0.052800665138465507,0.0006030971291653725,0.0,0.0,0.68,0.18181818181818182
0.07373309434577155,0.057685570157799626,0.0007698628921329369,0.0,0.058550891289354375,0.68,0.18181818181818182
0.00920645266416816,0.006731465065215484,0.0,0.0,0.0,0.68,0.18181818181818182
0.009043506599315626,0.009162729870522931,3.0527576873585657e-06,0.0,0.00930017678762893,0.68,0.18181818181818182
0.7416490141763077,0.6158784143843259,0.6064082353463194,0.3949998640389936,0.0,0.68,0.2727272727272727
0.7454782467003422,0.6180017229064714,0.5567319164041354,0.48692734923623904,0.6272721513464667,0.68,0.2727272727272727
0.0,0.002739221088469422,0.14936135244264986,0.022233023568840455,0.0,0.68,0.2727272727272727
0.017190809841942316,0.006489457355120701,0.05725972400940675,0.0005523415884324376,0.0,0.68,0.2727272727272727
0.013605996415186573,0.005646257742333037,0.024218449660558194,0.0,0.005730955286715109,0.68,0.2727272727272727
0.0,2.7086021081167974e-05,0.002820748103119315,0.0,0.0,0.68,0.2727272727272727
0.043343653250773995,0.020895098784485363,0.00041041842303767137,0.0,0.0,0.68,0.2727272727272727
0.043343653250773995,0.021344373438505607,0.0006569108577006701,0.0,0.0216645529448468,0.68,0.2727272727272727
0.004399543751018413,0.001893666169500787,0.0,0.0,0.0,0.68,0.2727272727272727
0.004399543751018413,0.0017217288182898947,5.608554820961086e-06,0.0,0.0017475558721821857,0.68,0.2727272727272727
0.0,0.00032620990606450125,0.0,0.0,0.0,0.68,0.2727272727272727
0.0342186736190321,0.02106998026842247,0.00014568043661534365,0.0,0.0,0.68,0.2727272727272727
0.03430014665145837,0.02507930021498057,0.0002319385898744287,0.0,0.02545550605608196,0.68,0.2727272727272727
0.005377220140133616,0.0028675852753323483,4.117673159692949e-06,0.0,0.0,0.68,0.2727272727272727
0.0056216392374124164,0.004620521900520111,8.59031814349736e-06,0.0,0.004689832739060743,0.68,0.2727272727272727
0.0,2.5319541445439627e-05,0.0,0.0,0.0,0.68,0.2727272727272727
0.0113247515072511,0.004492746540202427,0.0,0.0,0.0,0.68,0.2727272727272727
0.0110803324099723,0.004577537562717387,0.0,0.0,0.004646203608188889,0.68,0.2727272727272727
0.002444190972788007,0.00018606918829671912,0.0,0.0,0.0,0.68,0.2727272727272727
0.002688610070066808,0.00024318536318526898,0.0,0.0,0.00024683330205582855,0.68,0.2727272727272727
0.0,9.83340330555446e-05,0.0,0.0,0.0,0.68,0.2727272727272727
0.014420726739449241,0.0063457836780814614,4.366153436570972e-05,0.0,0.0,0.68,0.2727272727272727
0.01450219977187551,0.006656095267424408,0.00014738430137107867,0.0,0.0067559410325401595,0.68,0.2727272727272727
0.007414045950790289,0.0020679588268926507,0.011940400230731686,0.0,0.0,0.68,0.2727272727272727
0.007332572918364022,0.0029400109403972105,0.02233220038159471,0.0,0.0029841130197693754,0.68,0.2727272727272727
0.0,0.00010304464541748686,0.025599503039446244,0.0,0.0,0.68,0.2727272727272727
0.05743848786051817,0.03715377735172906,0.00041261924834716247,0.0,0.0,0.68,0.2727272727272727
0.0573570148280919,0.03953322542105514,0.0008059990238274837,0.0,0.04012624955623795,0.68,0.2727272727272727
0.0,0.00012659770722719813,0.0,0.0,0.0,0.68,0.2727272727272727
0.002607137037640541,0.0011959067133880902,0.0,0.0,0.0,0.68,0.2727272727272727
0.0028515561349193416,0.0017912103506285428,0.0,0.0,0.0018180796727695653,0.68,0.2727272727272727
0.8184780837542773,0.6492042303654316,0.5444125482539823,0.4317305796697507,0.0,0.68,0.36363636363636365
0.817744826462441,0.6443364013159095,0.560284474419843,0.4790823991679186,0.6540018670877376,0.68,0.36363636363636365
0.0,0.0028664076222418627,0.057720974397657186,0.008951332757765072,0.0,0.68,0.36363636363636365
0.016946390744663517,0.007207825740316895,0.050854186448950615,0.000249828349229441,0.0,0.68,0.36363636363636365
0.017027863777089782,0.0069628738974958975,0.021732936948129743,0.0,0.007067321541913251,0.68,0.36363636363636365
0.0,0.0011741201312141074,0.0014093801304521454,0.0,0.0,0.68,0.36363636363636365
0.046765520612677206,0.0246282590813246,0.0003918888938190531,0.0,0.0,0.68,0.36363636363636365
0.046765520612677206,0.024290861470900486,0.000601748236233749,0.0,0.024655240217213305,0.68,0.36363636363636365
0.0061104774319700175,0.0020732582657998354,0.0,0.0,0.0,0.68,0.36363636363636365
0.006029004399543751,0.002649719453592519,0.0,0.0,0.0026894669715526115,0.68,0.36363636363636365
0.0,0.00022375408719225716,0.0,0.0,0.0,0.68,0.36363636363636365
0.023790125468469935,0.01135964171082375,0.0001735812219905045,0.0,0.0,0.68,0.36363636363636365
0.023871598500896204,0.011668775647076211,0.0002870302169765275,0.0,0.011843814883390688,0.68,0.36363636363636365
0.005703112269838683,0.002173947605036351,0.0,0.0,0.0,0.68,0.36363636363636365
0.00554016620498615,0.002387691640959481,0.0,0.0,0.002423508571032409,0.68,0.36363636363636365
0.0,5.829382797903542e-05,0.0,0.0,0.0,0.68,0.36363636363636365
0.012302427896366304,0.00532946906099242,0.0,0.0,0.0,0.68,0.36363636363636365
0.012302427896366304,0.005261165181744258,0.0,0.0,0.0053400860868494625,0.68,0.36363636363636365
0.002770083102493075,0.0001271865337724409,0.0,0.0,0.0,0.68,0.36363636363636365
0.002688610070066808,6.594857306719159e-05,0.0,0.0,6.693784462530944e-05,0.68,0.36363636363636365
0.0,4.416199089320865e-05,0.0,0.0,0.0,0.68,0.36363636363636365
0.01613166042040085,0.007457488195499834,3.727204153170342e-05,0.00012916295606420078,0.0,0.68,0.36363636363636365
0.015968714355548315,0.007533446819836153,9.612636996938368e-05,8.497562898960577e-06,0.00764645342978758,0.68,0.36363636363636365
0.0,0.00013189714613438317,0.0,0.0,0.0,0.68,0.36363636363636365
0.010184129053283364,0.0034098945235009506,0.012647788081821005,0.0,0.0,0.68,0.36363636363636365
0.01026560208570963,0.00335042304243143,0.024984123885166614,0.0,0.0034006815706965243,0.68,0.36363636363636365
0.0,0.00046222883801558387,0.029965301504193104,0.0,0.0,0.68,0.36363636363636365
0.05426103959589376,0.034479916009781585,0.00041538802857523185,0.0,0.0,0.68,0.36363636363636365
0.053935147466188695,0.03460062545155636,0.00069191107955806,0.0,0.03511965737386101,0.68,0.36363636363636365
0.0,0.0002490736286376968,0.0,0.0,0.0,0.68,0.36363636363636365
0.005703112269838683,0.003503517944194553,0.0,0.0,0.0,0.68,0.36363636363636365
0.005947531367117484,0.0034051839111390084,0.0,0.0,0.0034562638881086116,0.68,0.36363636363636365
0.0,0.00016958204502992122,0.0,0.0,0.0,0.68,0.36363636363636365
0.8139155939384064,0.6606068564140581,0.57856076673914,0.46048718227612323,0.0,0.68,0.45454545454545453
0.814404432132964,0.6780879388892258,0.5798890713049651,0.481695399759349,0.6882596997120477,0.68,0.45454545454545453
0.0,0.004476848223480871,0.11415680880330124,0.008701504408535631,0.0,0.68,0.45454545454545453
0.018005540166204988,0.008247693419215647,0.05405163065181701,5.0135621103867414e-05,0.0,0.68,0.45454545454545453
0.017842594101352454,0.009311702986469356,0.0283936282557572,0.004777329861795637,0.009451384597362888,0.68,0.45454545454545453
0.0,0.0007843169582633856,0.005846456937480588,0.0,0.0,0.68,0.45454545454545453
0.04252892292651132,0.022006803301903737,0.00025643164573811955,0.0,0.0,0.68,0.45454545454545453
0.04277334202379013,0.022420159536664166,0.0005392731951901318,0.0,0.022756476535297162,0.68,0.45454545454545453
0.0,2.4730714900196843e-05,0.0,0.0,0.0,0.68,0.45454545454545453
0.009613817826299494,0.004143572398873457,1.7748591205573058e-06,0.0,0.0,0.68,0.45454545454545453
0.009532344793873227,0.004268403626464926,0.0,0.0,0.004332432461507751,0.68,0.45454545454545453
0.0,0.000748398539003576,0.0,0.0,0.0,0.68,0.45454545454545453
0.023056868176633535,0.012351225613012596,0.00019132981319607757,0.0,0.0,0.68,0.45454545454545453
0.022812449079354733,0.011819515242658363,0.0004255402227448196,0.0,0.011996815671105682,0.68,0.45454545454545453
0.008065830210200424,0.004052304284360826,0.0,0.0,0.0,0.68,0.45454545454545453
0.008310249307479225,0.003998721068743732,0.0,0.0,0.004058704489736396,0.68,0.45454545454545453
0.0,0.0003044233238905183,0.0,0.0,0.0,0.68,0.45454545454545453
0.011895062734234968,0.005693952692497702,0.0,0.0,0.0,0.68,0.45454545454545453
0.011895062734234968,0.005294139468277853,0.0,0.0,0.005373555009162118,0.68,0.45454545454545453
0.005214274075281082,0.000294413272621391,0.0,0.0,0.0,0.68,0.45454545454545453
0.0050513280104285485,0.00028087026208080705,0.0,0.0,0.0002850834989845768,0.68,0.45454545454545453
0.015561349193416979,0.007733647845218699,1.5973732085015752e-05,0.0,0.0,0.68,0.45454545454545453
0.015561349193416979,0.00789675279825095,0.0001963704130984603,0.0,0.008015209234553794,0.68,0.45454545454545453
0.0,2.29642352644685e-05,0.0014342281581399476,0.0,0.0,0.68,0.45454545454545453
0.0110803324099723,0.004059959029448982,0.013282406708967475,0.0,0.0,0.68,0.45454545454545453
0.011243278474824833,0.004309621484631922,0.02422050849713804,0.0,0.004374268614398569,0.68,0.45454545454545453
0.0,0.0006382879750431757,0.027433997426454276,0.0,0.0,0.68,0.45454545454545453
0.05743848786051817,0.03812180819210819,0.0003349514132315747,0.0,0.0,0.68,0.45454545454545453
0.057519960892944436,0.03836440472874822,0.0009488396858499357,0.0,0.03893989579211974,0.68,0.45454545454545453
0.0,0.00019431275993011808,0.0,0.0,0.0,0.68,0.45454545454545453
0.008228776275052958,0.005850580553532282,0.0,0.0,0.0,0.68,0.45454545454545453
0.008147303242626691,0.0048584078247981945,0.0,0.0,0.004931287107173466,0.68,0.45454545454545453
0.0,0.00010657760468894355,0.0,0.0,0.0,0.68,0.45454545454545453
0.8375427733420238,0.7149549577134217,0.5473906198695478,0.4706349718900619,0.0,0.68,0.5454545454545454
0.8380316115365813,0.7453660822955757,0.5930925322802503,0.4861464232058246,0.7565470590977496,0.68,0.5454545454545454
0.0,0.00529767242754931,0.1415999645028176,0.02395293029959008,0.0,0.68,0.5454545454545454
0.023545706371191136,0.014789556336862957,0.0673226072680481,3.399025159584231e-05,0.0,0.68,0.5454545454545454
0.022975395144207267,0.01583590110775938,0.03559046900652261,0.002276497100631539,0.016073449940652428,0.68,0.5454545454545454
0.0,0.0006276890972288056,0.003299463105116031,0.0019637867859497895,0.0,0.68,0.5454545454545454
0.04301776112106893,0.02199090498518218,0.0002907219239472867,0.0,0.0,0.68,0.5454545454545454
0.043099234153495196,0.023646685230404883,0.0004712605936903758,0.0,0.024001400913462517,0.68,0.5454545454545454
0.0,0.0003432858758765419,0.0,0.0,0.0,0.68,0.5454545454545454
0.012465373961218837,0.004666450371049047,0.00010386475573501353,0.0,0.0,0.68,0.5454545454545454
0.012465373961218837,0.0049643966029418955,0.0,0.0,0.00503886578603557,0.68,0.5454545454545454
0.0,0.000634755015771719,0.0,0.0,0.0,0.68,0.5454545454545454
0.02419749063060127,0.013239764869783954,0.0001369481297422017,0.0,0.0,0.68,0.5454545454545454
0.024116017598175003,0.013359296658468238,0.000413968141278786,0.0,0.013559694811241255,0.68,0.5454545454545454
0.01002118298843083,0.005050365278547342,0.0,0.0,0.0,0.68,0.5454545454545454
0.010184129053283364,0.004953797725127525,0.0,0.0,0.00502810791814936,0.68,0.5454545454545454
0.0,0.00021786582173982934,0.0,0.0,0.0,0.68,0.5454545454545454
0.012220954863940035,0.0062156530115828066,0.0,0.0,0.0,0.68,0.5454545454545454
0.012302427896366304,0.00602369555783366,0.0,0.0,0.006114054915329603,0.68,0.5454545454545454
0.0,3.3563113078838574e-05,0.0,0.0,0.0,0.68,0.5454545454545454
0.005214274075281082,0.0003373976104241141,0.0,0.0,0.0,0.68,0.5454545454545454
0.005377220140133616,0.0004074679693080052,0.0,0.0,0.00041358025429209046,0.68,0.5454545454545454
0.0,2.94413272621391e-06,0.0,0.0,0.0,0.68,0.5454545454545454
0.01710933680951605,0.007702440038320831,4.770821316058038e-05,0.0,0.0,0.68,0.5454545454545454
0.017027863777089782,0.00819528785668904,0.00010301282335714602,0.0,0.008318222513348721,0.68,0.5454545454545454
0.0,0.0007330890488272637,0.0,0.0,0.0,0.68,0.5454545454545454
0.0115691706045299,0.004334941026077361,0.01199378799307805,0.0,0.0,0.68,0.5454545454545454
0.0115691706045299,0.004383813629332512,0.025758104450459243,0.0,0.004449573689602042,0.68,0.5454545454545454
0.0,0.0006677293023053148,0.029098389315348094,0.0,0.0,0.68,0.5454545454545454
0.05923089457389604,0.0395202712370598,0.0004442827350579048,0.0,0.0,0.68,0.5454545454545454
0.05931236760632231,0.03980820741768352,0.000854417180636287,0.0,0.04040535646195241,0.68,0.5454545454545454
0.0,0.00017841444320856295,0.0,0.0,0.0,0.68,0.5454545454545454
0.008799087502036826,0.006191511123227853,0.0,0.0,0.0,0.68,0.5454545454545454
0.008636141437184292,0.006129684335977361,0.0,0.0,0.006221633594191708,0.68,0.5454545454545454
0.8270327521590354,0.7205594087710424,0.565006522607268,0.45120699383416835,0.0,0.68,0.6363636363636364
0.8284177937102819,0.7140322665170262,0.5674284953631805,0.505666174941027,0.7247432156701494,0.68,0.6363636363636364
0.0,0.003139034312689271,0.08390994364822292,0.014117001244043208,0.0,0.68,0.6363636363636364
0.023301287273912334,0.013540066407857772,0.07825602342814039,8.837465414919001e-05,0.0,0.68,0.6363636363636364
0.0221606648199446,0.012740439959418074,0.029894023161911525,0.0,0.012931554858551967,0.68,0.6363636363636364
0.0,0.000685982925207841,0.008385002440431291,0.006198972134791742,0.0,0.68,0.6363636363636364
0.040899462277985986,0.020732582657998353,0.00035340994808537074,0.0,0.0,0.68,0.6363636363636364
0.04081798924555972,0.020815018374332344,0.0005127213027465944,0.0,0.02112725720986329,0.68,0.6363636363636364
0.0,0.00016840439193943567,0.0,0.0,0.0,0.68,0.6363636363636364
0.008880560534463093,0.004385580108968241,0.0,0.0,0.0,0.68,0.6363636363636364
0.008717614469610559,0.004579892868898358,0.0,0.0,0.004648594245496936,0.68,0.6363636363636364
0.0,0.000515812053632677,0.0,0.0,0.0,0.68,0.6363636363636364
0.021997718755092065,0.012454270258430083,0.00016229311798376004,0.0,0.0,0.68,0.6363636363636364
0.02207919178751833,0.012686267917255738,0.0004213515552203044,0.0,0.012876570200466892,0.68,0.6363636363636364
0.007658465048069089,0.0038226619317161406,0.0,0.0,0.0,0.68,0.6363636363636364
0.007658465048069089,0.003855047391704494,0.0,0.0,0.003912875613945543,0.68,0.6363636363636364
0.0,0.00025731720027109573,0.0,0.0,0.0,0.68,0.6363636363636364
0.012546846993645104,0.005954214025495012,0.0,0.0,0.0,0.68,0.6363636363636364
0.012546846993645104,0.0064023110264247686,0.0,0.0,0.006498349862598121,0.68,0.6363636363636364
0.00342186736190321,0.00020196750501827424,0.0,0.0,0.0,0.68,0.6363636363636364
0.0032589212970506763,0.00017488148393710626,0.0,0.0,0.00017750482012247236,0.68,0.6363636363636364
0.017679648036499917,0.007749546161940254,5.66535031281892e-05,5.778342771293193e-05,0.0,0.68,0.6363636363636364
0.01710933680951605,0.007603517178720045,0.00011927053290145094,6.543123432199645e-05,0.007717574889701971,0.68,0.6363636363636364
0.0,0.0006017807292381232,0.0,0.0,0.0,0.68,0.6363636363636364
0.0118135897018087,0.004393823680601639,0.013462661401251276,0.0,0.0,0.68,0.6363636363636364
0.01238390092879257,0.004525720826736023,0.024415246039845587,0.0,0.00459360958741186,0.68,0.6363636363636364
0.0,0.0006624298633981298,0.02822551359985801,0.0,0.0,0.68,0.6363636363636364
0.058742056379338436,0.03865764034827913,0.0006662111194923903,0.0,0.0,0.68,0.6363636363636364
0.058823529411764705,0.0410576973466887,0.0009075209655233616,0.0,0.04167358955387122,0.68,0.6363636363636364
0.0,0.0002749819966283792,0.0,0.0,0.0,0.68,0.6363636363636364
0.00790288414534789,0.0056550901405116785,0.0,0.0,0.0,0.68,0.6363636363636364
0.007821411112921624,0.006026050864014631,0.0,0.0,0.00611644555263765,0.68,0.6363636363636364
0.8291510510021183,0.7143325680551,0.6315276034964725,0.5206601246762429,0.0,0.68,0.7272727272727273
0.8298843082939547,0.6892091058492262,0.5778990282646315,0.5590402172656882,0.6995476914213176,0.68,0.7272727272727273
0.0,0.005395417634059612,0.10297796512401829,0.028239950782115688,0.0,0.68,0.7272727272727273
0.020205312041714194,0.011992041420414499,0.06580808448329414,1.869463837771327e-05,0.0,0.68,0.7272727272727273
0.019064689587746455,0.008990203692766796,0.030693206726716066,0.0,0.009125062604814504,0.68,0.7272727272727273
0.0,0.0010092486985461284,0.002523636686338022,4.248781449480289e-05,0.0,0.68,0.7272727272727273
0.045869317255988265,0.025841830591069974,0.00030967741935483873,0.0,0.0,0.68,0.7272727272727273
0.045950790288414534,0.02416014197785659,0.0006219816302081022,0.0,0.02452255984661671,0.68,0.7272727272727273
0.008880560534463093,0.003738459735746423,0.0,0.0,0.0,0.68,0.7272727272727273
0.008880560534463093,0.0028811282858729323,0.0,0.0,0.0029243470870682063,0.68,0.7272727272727273
0.0,0.0006200343521406494,0.0,0.0,0.0,0.68,0.7272727272727273
0.02452338276030634,0.013175582776352491,0.00015135998580112703,0.0,0.0,0.68,0.7272727272727273
0.02452338276030634,0.01296183874042936,0.0003233083374007188,0.0,0.013156274765508362,0.68,0.7272727272727273
0.0074955189832165555,0.0036948865713984573,5.679549185783379e-06,0.0,0.0,0.68,0.7272727272727273
0.007414045950790289,0.0036854653466745725,0.0,0.0,0.0037407497277661766,0.68,0.7272727272727273
0.0,0.00038214842786256554,0.0,0.0,0.0,0.68,0.7272727272727273
0.012220954863940035,0.005834093410265484,0.0,0.0,0.0,0.68,0.7272727272727273
0.01238390092879257,0.005872367135706265,0.0,0.0,0.005960456468287598,0.68,0.7272727272727273
0.0030959752321981426,0.0004787159812823818,0.0,0.0,0.0,0.68,0.7272727272727273
0.0030959752321981426,0.00043632047002490146,0.0,0.0,0.00044286556131566335,0.68,0.7272727272727273
0.0,5.88826545242782e-07,0.0,0.0,0.0,0.68,0.7272727272727273
0.016783444679810983,0.009011401448395536,4.5720370945556196e-05,0.0,0.0,0.68,0.7272727272727273
0.016701971647384715,0.009022589152755148,5.331676798154147e-05,0.0,0.009157933867800148,0.68,0.7272727272727273
0.009858236923578295,0.003957503210576738,0.013968709233704574,0.0,0.0,0.68,0.7272727272727273
0.010184129053283364,0.0032938956940881227,0.024972267826241294,0.0,0.003343306275303402,0.68,0.7272727272727273
0.0,0.0005711617488854986,0.030510964192217244,0.0,0.0,0.68,0.7272727272727273
0.05833469121720711,0.040063169311773644,0.0005827217464613746,0.0,0.0,0.68,0.7272727272727273
0.05833469121720711,0.03817480258118004,0.0008548431468252207,0.0,0.03874744948882198,0.68,0.7272727272727273
0.0,0.0001307194930438976,0.0,0.0,0.0,0.68,0.7272727272727273
0.0056216392374124164,0.0034081280438652225,1.086213781781071e-05,0.0,0.0,0.68,0.7272727272727273
0.005703112269838683,0.004224830462116961,0.0,0.0,0.004288205671308886,0.68,0.7272727272727273
0.809841942317093,0.6261681582624435,0.6333129697830234,0.33144064282363817,0.0,0.68,0.8181818181818182
0.8100863614143718,0.6422996502959147,0.5845899631716732,0.5502885772360487,0.6519345634756042,0.68,0.8181818181818182
0.0,0.0048578189982529515,0.08528971912854418,0.010718825840748873,0.0,0.68,0.8181818181818182
0.017435228939221118,0.00647238138530866,0.05554471313839464,3.399025159584231e-06,0.0,0.68,0.8181818181818182
0.01580576829069578,0.006472970211853903,0.019235852154235258,0.0,0.006570068981839524,0.68,0.8181818181818182
0.0,0.0006553639448552164,0.001759382349026046,0.0,0.0,0.68,0.8181818181818182
0.04668404758025094,0.02349359032864176,0.00047587522740382484,0.0,0.0,0.68,0.8181818181818182
0.04635815545054587,0.023611355637690318,0.0005187558237564893,0.0,0.023965541353841813,0.68,0.8181818181818182
0.0032589212970506763,0.0010528218628940943,5.679549185783379e-05,0.0,0.0,0.68,0.8181818181818182
0.0035848134267557437,0.0009456554316599079,0.0,0.0,0.0009598408791807764,0.68,0.8181818181818182
0.0,0.00023965240391381228,0.0,0.0,0.0,0.68,0.8181818181818182
0.024116017598175003,0.011580451665289794,0.00018486932599724897,0.0,0.0,0.68,0.8181818181818182
0.024116017598175003,0.011772409119038941,0.00033424146958335184,0.0,0.011949002924944746,0.68,0.8181818181818182
0.0013850415512465374,0.0006800946597554132,0.0,0.0,0.0,0.68,0.8181818181818182
0.0015479876160990713,0.000372727203138681,0.0,0.0,0.0003783183539984007,0.68,0.8181818181818182
0.0,0.00024141888354954063,0.0,0.0,0.0,0.68,0.8181818181818182
0.012628320026071371,0.005154587577055314,0.0,0.0,0.0,0.68,0.8181818181818182
0.012546846993645104,0.005477264523848359,0.0,0.0,0.005559427059862753,0.68,0.8181818181818182
0.0046439628482972135,0.0011093492112374014,0.0,0.0,0.0,0.68,0.8181818181818182
0.004562489815870947,0.0011493894163139104,0.0,0.0,0.0011666310063268217,0.68,0.8181818181818182
0.0,2.94413272621391e-06,0.0,0.0,0.0,0.68,0.8181818181818182
0.01662049861495845,0.008187044285055642,4.714025824200204e-05,0.0,0.0,0.68,0.8181818181818182
0.01605018738797458,0.00808929907854534,0.00012715090739672539,0.0,0.008210643834486617,0.68,0.8181818181818182
0.0,4.0629031621751956e-05,0.0,0.0,0.0,0.68,0.8181818181818182
0.005703112269838683,0.001639293101955905,0.012763082930292408,0.0,0.0,0.68,0.8181818181818182
0.006029004399543751,0.00171230759356601,0.027666007010693525,0.0,0.0017379933229499985,0.68,0.8181818181818182
0.0,0.0002714490373569225,0.004995518480720593,0.0,0.0,0.68,0.8181818181818182
0.055320189017435226,0.0321375640128058,0.0005553179216399698,0.0,0.0,0.68,0.8181818181818182
0.05548313508228776,0.03270401514932936,0.0010486577627900786,0.0,0.03319459668155635,0.68,0.8181818181818182
0.0,0.00014661780976545273,0.0,0.0,0.0,0.68,0.8181818181818182
0.003666286459182011,0.002155693982133825,0.0,0.0,0.0,0.68,0.8181818181818182
0.003503340394329477,0.0020544158163520666,0.0,0.0,0.0020852333919437914,0.68,0.8181818181818182
0.6989571451849438,0.5218810888344944,0.6527991480676222,0.5054979231956275,0.0,0.68,0.9090909090909091
0.7005866058334691,0.5035191218476435,0.5723560722367662,0.5703742666603219,0.5110722366922186,0.68,0.9090909090909091
0.0,0.004082334438168207,0.10502409371256156,0.02342013310582525,0.0,0.68,0.9090909090909091
0.013850415512465374,0.005359499214799802,0.07127138483382882,0.00034755032256748766,0.0,0.68,0.9090909090909091
0.012954212155776438,0.00401285290582956,0.02215372054843147,0.0,0.004073048313584677,0.68,0.9090909090909091
0.0,0.0007648856822703739,0.006166641522829125,0.0,0.0,0.68,0.9090909090909091
0.0455434251262832,0.021037594808434115,0.00033949505258020147,0.0,0.0,0.68,0.9090909090909091
0.045624898158709466,0.021051726645519943,0.0005210276434308026,0.0,0.02136751625932199,0.68,0.9090909090909091
0.0,2.4730714900196843e-05,0.0,0.0,0.0,0.68,0.9090909090909091
0.002036825810656673,0.001005126912729429,0.0,0.0,0.0,0.68,0.9090909090909091
0.002036825810656673,0.0011305469668661415,0.0,0.0,0.0011475059078624476,0.68,0.9090909090909091
0.0,0.00019136862720390416,0.0,0.0,0.0,0.68,0.9090909090909091
0.023545706371191136,0.010855017361550687,0.00015980831521497982,0.0,0.0,0.68,0.9090909090909091
0.023464233338764868,0.010560604088929296,0.0003277099880197009,0.0,0.010719020029954686,0.68,0.9090909090909091
0.0004888381945576015,1.5898316721555113e-05,0.0,0.0,0.0,0.68,0.9090909090909091
0.0005703112269838683,1.5898316721555113e-05,0.0,0.0,1.6136801829315668e-05,0.68,0.9090909090909091
0.010835913312693499,0.004009319946558103,0.0,0.0,0.0,0.68,0.9090909090909091
0.010835913312693499,0.004125318775970931,0.0,0.0,0.00418720124504391,0.68,0.9090909090909091
0.0015479876160990713,8.243571633398948e-06,0.0,0.0,0.0,0.68,0.9090909090909091
0.0016294606485253381,1.0598877814370076e-05,0.0,0.0,1.0757867886210446e-05,0.68,0.9090909090909091
0.0,3.5329592714566923e-06,0.0,0.0,0.0,0.68,0.9090909090909091
0.015887241323122046,0.0075187261562050835,8.540622088121755e-05,0.0,0.0,0.68,0.9090909090909091
0.015968714355548315,0.007429813347873423,9.584239251009452e-05,0.0,0.007541265388233522,0.68,0.9090909090909091
0.0,8.596867560544617e-05,0.0,0.0,0.0,0.68,0.9090909090909091
0.00472543588072348,0.0010439894647154525,0.01550105160402893,0.0,0.0,0.68,0.9090909090909091
0.0046439628482972135,0.0009533101767480641,0.02894149176909083,0.0,0.0009676104504319283,0.68,0.9090909090909091
0.0,0.00027027138426643696,0.004380565292629897,0.0,0.0,0.68,0.9090909090909091
0.03674433762424637,0.024020001260088807,0.00043441451834760615,0.0,0.0,0.68,0.9090909090909091
0.03674433762424637,0.022619771735501473,0.0006985135554865333,0.0,0.022959083047154126,0.68,0.9090909090909091
0.0,1.7075969812040677e-05,0.0,0.0,0.0,0.68,0.9090909090909091
0.002607137037640541,0.0010257358418129263,0.0,0.0,0.0,0.68,0.9090909090909091
0.002607137037640541,0.0009338789007550523,2.9817633225362736e-06,0.0,0.0009478876926405426,0.68,0.9090909090909091
0.0,2.7086021081167974e-05,0.0,0.0,0.0,0.68,0.9090909090909091
0.6596056705230569,0.5070085079547522,0.6131578115987043,0.5748159427876085,0.0,0.68,1.0
0.6589538862636467,0.5146732630941775,0.5523638461197142,0.6910524061699105,0.522393697323801,0.68,1.0
0.0,0.004499223632200097,0.08337847983316324,0.025731470214342526,0.0,0.68,1.0
0.013280104285481506,0.004214231584302591,0.052305808226472024,0.00017080101426910762,0.0,0.68,1.0
0.011650643636956167,0.003518827434370865,0.02270108710121134,0.0,0.003571612138221868,0.68,1.0
0.0,0.0010139593109080706,0.005945210098948396,0.0,0.0,0.68,1.0
0.03568518820270491,0.017014143024790186,0.00026821671029862005,0.0,0.0,0.68,1.0
0.036174026397262506,0.016904621287375028,0.0004944757509872654,0.0,0.017158201619178647,0.68,1.0
0.0028515561349193416,0.0008579202764187334,0.0,0.0,0.0,0.68,1.0
0.002770083102493075,0.0008702856338688318,0.0,0.0,0.0008833404853232799,0.68,1.0
0.0,0.0006106131274167649,0.0,0.0,0.0,0.68,1.0
0.03413720058660583,0.02518882195239573,0.000121471358210942,0.0,0.0,0.68,1.0
0.0344630927163109,0.02010253825458858,0.0003977104317344811,0.0,0.020404089424179143,0.68,1.0
0.004318070718592146,0.003809118921175557,0.0,0.0,0.0,0.68,1.0
0.004155124653739612,0.002486025674015026,0.0,0.0,0.0025233176786433613,0.68,1.0
0.010591494215414698,0.004834265936443241,0.0,0.0,0.0,0.68,1.0
0.010672967247840965,0.004310799137722407,0.0,0.0,0.004375463933052593,0.68,1.0
0.0010591494215414698,1.7075969812040677e-05,0.0,0.0,0.0,0.68,1.0
0.0010591494215414698,1.0598877814370076e-05,0.0,0.0,1.0757867886210446e-05,0.68,1.0
0.012791266090923905,0.005928894484049572,2.6338909349070417e-05,0.0,0.0,0.68,1.0
0.012872739123350171,0.0056003292718040994,8.292141811243732e-05,0.0,0.005684337859208197,0.68,1.0
0.0,0.00018135857593477687,0.0,0.0,0.0,0.68,1.0
0.004562489815870947,0.0007301449161010497,0.013873931756666815,0.0,0.0,0.68,1.0
0.00472543588072348,0.0007219013444676507,0.02542059724009407,0.0,0.0007327303349163337,0.68,1.0
0.0,0.0006459427201313319,0.006970013755158184,0.0,0.0,0.68,1.0
0.05377220140133616,0.04404069262488864,0.000826232417801837,0.0,0.0,0.68,1.0
0.052957471077073485,0.035855414819468724,0.000846181834316901,0.0,0.03639326939972293,0.68,1.0
0.0,3.238545998835301e-05,0.0,0.0,0.0,0.68,1.0
0.006191950464396285,0.006143816173063188,0.0,0.0,0.0,0.68,1.0
0.0070881538210852205,0.0039198183116812,0.0,0.0,0.00397861813991683,0.68,1.0
0.6262017272282875,0.4207418861174132,0.5592326219106358,0.5462199441200264,0.0,0.72,0.0
0.6292162294280593,0.4341082486944243,0.47020306163198294,0.5806367733733965,0.44062015522408043,0.72,0.0
0.0,0.004089989183256364,0.08524215290411323,0.027145464680729568,0.0,0.72,0.0
0.01474661886915431,0.003651902233595734,0.06027570661578737,0.0004027844814107314,0.0,0.72,0.0
0.01368746944761284,0.003387519114781725,0.029924479744420286,0.0,0.003438334108298261,0.72,0.0
0.0,0.0008920722160428148,0.006087766783511559,0.007148149910605638,0.0,0.72,0.0
0.03902558253218185,0.01618919703490505,0.00031471801925722143,0.0,0.0,0.72,0.0
0.03845527130519798,0.016878712919384347,0.000560216532812708,0.0,0.017131904608790133,0.72,0.0
0.0021997718755092065,0.0004316098576629592,0.0005324577361671917,0.0,0.0,0.72,0.0
0.0021182988430829396,0.0004439752151130576,2.165328127079913e-05,0.0,0.00045063513256681534,0.72,0.0
0.0,0.00034740766169324137,0.0,0.0,0.0,0.72,0.0
0.05181684862310575,0.03852338789596377,0.00013836801703864755,0.0,0.0,0.72,0.0
0.051735375590679485,0.038890226833650024,0.0003382171540134002,0.0,0.039473605571141185,0.72,0.0
0.011976535766661234,0.010165501477071388,0.0,0.0,0.0,0.72,0.0
0.011732116669382434,0.009183338799606429,0.0,0.0,0.00932109486407434,0.72,0.0
0.010184129053283364,0.004094699795618306,0.0,0.0,0.0,0.72,0.0
0.010102656020857097,0.004560461592905346,0.0,0.0,0.00462887148770555,0.72,0.0
0.0008147303242626691,0.0007325002222820208,0.0,0.0,0.0,0.72,0.0
0.0008147303242626691,0.0006418209343146324,0.0,0.0,0.0006514486664427437,0.72,0.0
0.014257780674596708,0.006079045253086481,5.6511514398544615e-05,0.0,0.0,0.72,0.0
0.014013361577317907,0.006222718930125721,6.254603540843945e-05,0.0,0.006316063767859555,0.72,0.0
0.00472543588072348,0.0004904925121872374,0.013847947819141856,0.0,0.0,0.72,0.0
0.0046439628482972135,0.00045692939910839885,0.025278963482273594,0.0,0.0004637836377610725,0.72,0.0
0.0,0.0004233662860295603,0.007837280915827307,0.0,0.0,0.72,0.0
0.06688935962196513,0.0515246780149244,0.000553188090695301,0.0,0.0,0.72,0.0
0.0669708326543914,0.05307329182891291,0.0005583706793273284,0.0,0.053869425780871796,0.72,0.0
0.011243278474824833,0.01033508352210131,0.0,0.0,0.0,0.72,0.0
0.0110803324099723,0.009909950756436022,0.0,0.0,0.010058606473606766,0.72,0.0
0.5932051490956494,0.4347106182502077,0.5116775435949772,0.432488562280338,0.0,0.72,0.09090909090909091
0.5946716636793221,0.4282829876823375,0.48460362958690156,0.4333740083344097,0.43470751150195375,0.72,0.09090909090909091
0.0,0.00400873112001286,0.0857235656919732,0.010971203458848002,0.0,0.72,0.09090909090909091
0.012872739123350171,0.002771017721912532,0.049763145050361626,0.00031271031468174925,0.0,0.72,0.09090909090909091
0.011732116669382434,0.003106060026155675,0.018802786528819275,1.6995125797921155e-05,0.0031526529499866724,0.72,0.09090909090909091
0.0,0.0005623293507068569,0.014025646714292054,0.0,0.0,0.72,0.09090909090909091
0.038373798272771716,0.017257917214520697,0.0005466566091316501,0.0,0.0,0.72,0.09090909090909091
0.03845527130519798,0.017278526143604197,0.0006482495451923504,0.0,0.017537715291831072,0.72,0.09090909090909091
0.0022812449079354733,0.0006206231786858922,0.0,0.0,0.0,0.72,0.09090909090909091
0.0022812449079354733,0.0006488868528575458,1.4198872964458447e-05,0.0,0.000658620578366884,0.72,0.09090909090909091
0.0,0.00015603903448933724,0.0,0.0,0.0,0.72,0.09090909090909091
0.04994296887730161,0.04088340468929684,0.00012452411589830058,0.0,0.0,0.72,0.09090909090909091
0.049372657650317744,0.039540291339598056,0.0003494342636553224,0.0,0.04013342146816209,0.72,0.09090909090909091
0.012220954863940035,0.011565142175113481,0.0,0.0,0.0,0.72,0.09090909090909091
0.012872739123350171,0.011374951201000063,0.0,0.0,0.011545582879211855,0.72,0.09090909090909091
0.009369398729020694,0.0045899029201674855,0.0,0.0,0.0,0.72,0.09090909090909091
0.009369398729020694,0.004610511849250983,0.0,0.0,0.004679672530501544,0.72,0.09090909090909091
8.147303242626691e-05,4.533964398369422e-05,0.0,0.0,0.0,0.72,0.09090909090909091
8.147303242626691e-05,8.479102251496061e-05,0.0,0.0,8.606294308968357e-05,0.72,0.09090909090909091
0.014176307642170441,0.00634755015771719,7.312419576696099e-05,5.778342771293193e-05,0.0,0.72,0.09090909090909091
0.014176307642170441,0.006336362453357577,0.00013318542840662023,0.0,0.006431412017972812,0.72,0.09090909090909091
0.004399543751018413,0.0009026710938571848,0.013775675555752763,0.0,0.0,0.72,0.09090909090909091
0.004562489815870947,0.0007719516008132872,0.029184718462972003,0.0,0.0007835313777123274,0.72,0.09090909090909091
0.0,0.0003621283253243109,0.004563091804588011,0.0,0.0,0.72,0.09090909090909091
0.06444516864917713,0.05264285962434044,0.00022363224919022052,0.0,0.0,0.72,0.09090909090909091
0.06444516864917713,0.05246974462003906,0.0006341216665927142,0.0,0.05325682497068481,0.72,0.09090909090909091
0.013035685188202705,0.01252787357658543,0.0,0.0,0.0,0.72,0.09090909090909091
0.013198631253055239,0.012252302753411808,0.0,0.0,0.012436095276459275,0.72,0.09090909090909091
0.0,1.8253622902526244e-05,0.0,0.0,0.0,0.72,0.09090909090909091
0.7192439302590843,0.5530294242512923,0.6486123973909571,0.5249989802924522,0.0,0.72,0.18181818181818182
0.720384552713052,0.5559182072822534,0.6153550161955895,0.5350702918403002,0.564257342543662,0.72,0.18181818181818182
0.0,0.004387346588603969,0.12383745840173936,0.018916424769376144,0.0,0.72,0.18181818181818182
0.015316930096138178,0.004538086184186121,0.05936960553756045,0.0,0.0,0.72,0.18181818181818182
0.014176307642170441,0.005014446859287531,0.019597710431734482,0.0,0.005089666828831564,0.72,0.18181818181818182
0.0,0.0009556654829290352,0.008779660114478413,0.0,0.0,0.72,0.18181818181818182
0.04472869480202053,0.02125604945671919,0.0003737143364245463,0.0,0.0,0.72,0.18181818181818182
0.04489164086687306,0.02109353333023218,0.0009518214491724719,0.0,0.02140995007153982,0.72,0.18181818181818182
0.0030959752321981426,0.0011482117632234249,5.821537915427963e-06,0.0,0.0,0.72,0.18181818181818182
0.0031774482646244094,0.001204739111566732,0.0,0.0,0.0012228109830659207,0.72,0.18181818181818182
0.0,0.00012483122759146978,0.0,0.0,0.0,0.72,0.18181818181818182
0.054098093531041225,0.044473480135642084,0.00011103518658206505,0.0,0.0,0.72,0.18181818181818182
0.053853674433762426,0.04578303037226203,0.0003501442073035453,0.0,0.046469805653140045,0.72,0.18181818181818182
0.014339253707022975,0.012254069233047537,3.549718241114612e-07,0.0,0.0,0.72,0.18181818181818182
0.014339253707022975,0.01331101288175833,0.0,0.0,0.013510686746426297,0.72,0.18181818181818182
0.0,2.0608929083497372e-05,0.0,0.0,0.0,0.72,0.18181818181818182
0.010672967247840965,0.005465487992943502,0.0,0.0,0.0,0.72,0.18181818181818182
0.010672967247840965,0.005406016511873982,0.0,0.0,0.005487110281294338,0.72,0.18181818181818182
8.147303242626691e-05,0.0,0.0,0.0,0.0,0.72,0.18181818181818182
8.147303242626691e-05,2.4730714900196843e-05,0.0,0.0,2.510169173449104e-05,0.72,0.18181818181818182
0.0,2.9441327262139102e-05,0.0,0.0,0.0,0.72,0.18181818181818182
0.01605018738797458,0.0073055709468271965,0.00010975728801526379,0.0,0.0,0.72,0.18181818181818182
0.01605018738797458,0.007415092684242354,0.00022689798997204596,0.0,0.00752632390505823,0.72,0.18181818181818182
0.006436369561675086,0.0018253622902526243,0.02306649509695168,0.0,0.0,0.72,0.18181818181818182
0.006517842594101353,0.0020002437741897306,0.031100785375160846,0.0,0.0020302487338587157,0.72,0.18181818181818182
0.0,4.475081743845143e-05,0.0032347872387629233,0.0,0.0,0.72,0.18181818181818182
0.07169626853511488,0.05466430115415891,0.0002922837999733771,0.0,0.0,0.72,0.18181818181818182
0.07161479550268861,0.05889148692245685,0.0008407152682255846,0.0,0.059774897591074315,0.72,0.18181818181818182
0.0,8.83239817864173e-06,0.0,0.0,0.0,0.72,0.18181818181818182
0.0115691706045299,0.008416686637700326,0.0,0.0,0.0,0.72,0.18181818181818182
0.0115691706045299,0.011102913337097897,0.0,0.0,0.011269464270132453,0.72,0.18181818181818182
0.7803487045787845,0.6328295529687751,0.6344676221324932,0.5306880986533062,0.0,0.72,0.2727272727272727
0.7819781652273098,0.6250311342035797,0.5724277765452367,0.5156958484306701,0.6344070083923322,0.72,0.2727272727272727
0.0,0.0028540422647917642,0.12908365798464747,0.009701667561743291,0.0,0.72,0.2727272727272727
0.016376079517679647,0.0067214550139463565,0.058264507254736655,0.0,0.0,0.72,0.2727272727272727
0.015316930096138178,0.007474564165311875,0.012221466921063141,0.0,0.007586687497086411,0.72,0.2727272727272727
0.0,0.001439680903118602,0.0021125083196521276,5.098537739376347e-05,0.0,0.72,0.2727272727272727
0.043506599315626525,0.021476859411185233,0.00020879442694236145,0.0,0.0,0.72,0.2727272727272727
0.043506599315626525,0.022199938408743368,0.0005470825753205839,0.0,0.02253295194699479,0.72,0.2727272727272727
0.004318070718592146,0.001815352238983497,0.0,0.0,0.0,0.72,0.2727272727272727
0.004236597686165879,0.0020832683170689628,0.0,0.0,0.002114518698967364,0.72,0.2727272727272727
0.0,0.0002961797522571194,0.0,0.0,0.0,0.72,0.2727272727272727
0.031204171419260227,0.017425732779914892,0.00011522385410658029,0.0,0.0,0.72,0.2727272727272727
0.031204171419260227,0.021528087320621354,0.00028930203665084085,0.0,0.02185102265487445,0.72,0.2727272727272727
0.0030959752321981426,0.0012017949788405181,0.0,0.0,0.0,0.72,0.2727272727272727
0.0032589212970506763,0.003074263392712565,0.0,0.0,0.003120379346328041,0.72,0.2727272727272727
0.0,2.0608929083497372e-05,0.0,0.0,0.0,0.72,0.2727272727272727
0.0115691706045299,0.00485958547788868,0.0,0.0,0.0,0.72,0.2727272727272727
0.0115691706045299,0.005322403142449507,0.0,0.0,0.005402242656858678,0.72,0.2727272727272727
0.00032589212970506764,0.0002661495984497375,0.0,0.0,0.0,0.72,0.2727272727272727
0.00032589212970506764,0.0003638948049600393,0.0,0.0,0.0003693534640932253,0.72,0.2727272727272727
0.014909564934006844,0.0070400101749227015,9.22216799041576e-05,6.543123432199645e-05,0.0,0.72,0.2727272727272727
0.01474661886915431,0.007153653698154559,0.00011387496117495674,0.0,0.007260963163865039,0.72,0.2727272727272727
0.007414045950790289,0.0033969403395056096,0.014797426454275191,0.0,0.0,0.72,0.2727272727272727
0.0074955189832165555,0.0037266832048415675,0.03210741447397613,0.0,0.003782585880656995,0.72,0.2727272727272727
0.0,0.00013366362577011152,0.0027671473576784842,0.0,0.0,0.72,0.2727272727272727
0.050187387974580416,0.030023676715384213,0.0007173270621644407,0.0,0.0,0.72,0.2727272727272727
0.05010591494215415,0.0337285733380518,0.0006653591871145228,0.0,0.034234523910556695,0.72,0.2727272727272727
0.0031774482646244094,0.0014491021278424865,0.0,0.0,0.0,0.72,0.2727272727272727
0.0030959752321981426,0.002299367659173064,0.0,0.0,0.002333859671980655,0.72,0.2727272727272727
0.0,6.594857306719159e-05,0.0,0.0,0.0,0.72,0.2727272727272727
0.8362392048232036,0.6662831443101985,0.6010390025291742,0.4635471546760389,0.0,0.72,0.36363636363636365
0.836402150888056,0.6705132742112226,0.5258440431290766,0.461845942583667,0.6805714101293694,0.72,0.36363636363636365
0.0,0.0023087888838969482,0.15559494165150642,0.01415099149563905,0.0,0.72,0.36363636363636365
0.021182988430829396,0.010628907968177458,0.0758445578382216,0.0,0.0,0.72,0.36363636363636365
0.021182988430829396,0.011244820534501408,0.01491570306606913,0.0,0.011413500167942271,0.72,0.36363636363636365
0.0,0.0011382017119542977,0.017308994098593423,0.0,0.0,0.72,0.36363636363636365
0.045950790288414534,0.022745191789638183,0.00023598526866929937,0.0,0.0,0.72,0.36363636363636365
0.0460322633208408,0.0231762128207559,0.000604446022096996,0.0,0.023523871111180174,0.72,0.36363636363636365
0.009124979631741893,0.0029129249193160425,2.2505213648666638e-05,0.0,0.0,0.72,0.36363636363636365
0.009043506599315626,0.0035806542216213575,3.56391711407907e-05,0.0,0.0036343663675580955,0.72,0.36363636363636365
0.0,0.0003503517944194553,0.0,0.0,0.0,0.72,0.36363636363636365
0.023382760306338603,0.011452087478426867,7.844877312863291e-05,0.0,0.0,0.72,0.36363636363636365
0.023464233338764868,0.011508614826770175,0.0002937746816346453,0.0,0.011681251546443509,0.72,0.36363636363636365
0.0050513280104285485,0.002144506277774212,0.0,0.0,0.0,0.72,0.36363636363636365
0.0050513280104285485,0.002685049046307086,0.0,0.0,0.002725326531173313,0.72,0.36363636363636365
0.0,8.18468897887467e-05,0.0,0.0,0.0,0.72,0.36363636363636365
0.0118135897018087,0.005646846568878279,0.0,0.0,0.0,0.72,0.36363636363636365
0.011732116669382434,0.005430158400228936,0.0,0.0,0.005511614313701819,0.72,0.36363636363636365
0.0006517842594101353,0.000124242401046227,0.0,0.0,0.0,0.72,0.36363636363636365
0.0006517842594101353,8.479102251496061e-05,0.0,0.0,8.606294308968357e-05,0.72,0.36363636363636365
0.015968714355548315,0.007838458970271914,4.785020189022496e-05,0.0,0.0,0.72,0.36363636363636365
0.015887241323122046,0.008214719132682052,0.00023286151661711853,0.0,0.008337945271140106,0.72,0.36363636363636365
0.0,0.00010422229850797242,0.0,0.0,0.0,0.72,0.36363636363636365
0.009858236923578295,0.004198333267581036,0.01338818831255269,0.0,0.0,0.72,0.36363636363636365
0.009858236923578295,0.004745941954656823,0.030668997648311665,0.0,0.004817134175714233,0.72,0.36363636363636365
0.0,0.00037213837659343823,0.003148529085503838,0.0,0.0,0.72,0.36363636363636365
0.04855792732605507,0.03101761592375403,0.0003390690863912677,0.0,0.0,0.72,0.36363636363636365
0.04863940035848134,0.03219055840187765,0.0006709677419354838,0.0,0.03267343774840216,0.72,0.36363636363636365
0.0,0.00018783566793244746,0.0,0.0,0.0,0.72,0.36363636363636365
0.007414045950790289,0.004408544344232709,0.0,0.0,0.0,0.72,0.36363636363636365
0.0074955189832165555,0.004170658419954625,0.0,0.0,0.004233221013223811,0.72,0.36363636363636365
0.0,0.00018783566793244746,0.0,0.0,0.0,0.72,0.36363636363636365
0.8520449731138993,0.7126343922986198,0.6835385011314727,0.39452060149149226,0.0,0.72,0.45454545454545453
0.8526967573733094,0.7213920095060158,0.5913753205839286,0.43837992263818737,0.7322133595984686,0.72,0.45454545454545453
0.0,0.003828550197168569,0.12396858499356614,0.005633884202010863,0.0,0.72,0.45454545454545453
0.025826951279126608,0.014361479438471454,0.04853657540932688,0.0006815045444966384,0.0,0.72,0.45454545454545453
0.02501222095486394,0.015998417234246387,0.0070092736389049115,0.0014165437352567285,0.016238403914907655,0.72,0.45454545454545453
0.0,0.0007972711422587268,0.010892949372143586,0.0,0.0,0.72,0.45454545454545453
0.047009939709956004,0.024789597554721123,0.00028475839730221416,0.0,0.0,0.72,0.45454545454545453
0.046928466677529736,0.02482316066779996,0.0006181479345076984,0.0,0.025195524248831876,0.72,0.45454545454545453
0.0,4.651729707417978e-05,0.0,0.0,0.0,0.72,0.45454545454545453
0.013198631253055239,0.005738703509936154,0.00023051870257798288,0.0,0.0,0.72,0.45454545454545453
0.013117158220628972,0.005852347033168011,0.0,0.0,0.005940136051169201,0.72,0.45454545454545453
0.0,0.0008932498691333003,0.0,0.0,0.0,0.72,0.45454545454545453
0.024278963663027536,0.0136601870230873,0.0002157518746949461,0.0,0.0,0.72,0.45454545454545453
0.02419749063060127,0.01297420409787946,0.00042852198606735593,0.0,0.013168825611375608,0.72,0.45454545454545453
0.010754440280267232,0.006067857548726869,0.0,0.0,0.0,0.72,0.45454545454545453
0.010754440280267232,0.006040771527645701,0.0,0.0,0.006131387035812942,0.72,0.45454545454545453
0.0,4.0629031621751956e-05,0.0,0.0,0.0,0.72,0.45454545454545453
0.0118135897018087,0.0058140733077272294,0.0,0.0,0.0,0.72,0.45454545454545453
0.011895062734234968,0.005502584065293798,0.0,0.0,0.005585126410924257,0.72,0.45454545454545453
0.0006517842594101353,0.00019490158647536085,0.0,0.0,0.0,0.72,0.45454545454545453
0.0006517842594101353,0.00022787587300895665,0.0,0.0,0.00023129415955352458,0.72,0.45454545454545453
0.017027863777089782,0.009331723089007609,6.155211430092736e-05,0.0,0.0,0.72,0.45454545454545453
0.017190809841942316,0.009624369881993272,0.00018423037671384834,0.0,0.009768741700006096,0.72,0.45454545454545453
0.0,0.0002696825577211942,0.0,0.0,0.0,0.72,0.45454545454545453
0.01238390092879257,0.006173257500325327,0.014883897590628744,0.0,0.0,0.72,0.45454545454545453
0.01238390092879257,0.00629867755446204,0.028723610063451213,0.0,0.006393161821044063,0.72,0.45454545454545453
0.0,0.0004734165423751967,0.0023977636775080976,0.0,0.0,0.72,0.45454545454545453
0.048150562163923744,0.033432393585794674,0.0005663930425522474,0.0,0.0,0.72,0.45454545454545453
0.048150562163923744,0.03297664183977676,0.0007145582819363713,0.0,0.033471312949962764,0.72,0.45454545454545453
0.0,0.0001572166875798228,7.02844211740693e-06,0.0,0.0,0.72,0.45454545454545453
0.00920645266416816,0.006631953379069454,0.0,0.0,0.0,0.72,0.45454545454545453
0.00920645266416816,0.0062439166857544606,0.0,0.0,0.006337579503631976,0.72,0.45454545454545453
0.0,0.0003114892424334317,0.0005034920353196965,0.0006721572253077817,0.0,0.72,0.45454545454545453
0.8848786051816848,0.7642097093964352,0.6313728357811599,0.4359462206239251,0.0,0.72,0.5454545454545454
0.886752484927489,0.7972646651667292,0.631850201890225,0.4443154703231113,0.8092241545212331,0.72,0.5454545454545454
0.0,0.005744591775388582,0.11642685361849403,0.0028704767472688833,0.0,0.72,0.5454545454545454
0.02786377708978328,0.019943555087373027,0.07354938101788171,0.00015805466992066674,0.0,0.72,0.5454545454545454
0.025908424311552877,0.02018968458328451,0.016289657008474952,0.0,0.020492543004576876,0.72,0.5454545454545454
0.0,0.0004734165423751967,0.019687447308869857,0.0,0.0,0.72,0.5454545454545454
0.0455434251262832,0.023297511089075913,0.0005569507920308826,0.0,0.0,0.72,0.5454545454545454
0.04538047906143067,0.025287155985451275,0.0003703776012778986,0.0,0.025666479798517088,0.72,0.5454545454545454
0.012465373961218837,0.006937554356050458,0.0,0.0,0.0,0.72,0.5454545454545454
0.012709793058497638,0.007640024424525097,0.0,0.0,0.007754629767976696,0.72,0.5454545454545454
0.0,0.0006394656281336613,0.0,0.0,0.0,0.72,0.5454545454545454
0.02452338276030634,0.01451516316677982,0.00016420996583396192,0.0,0.0,0.72,0.5454545454545454
0.024604855792732607,0.01480722113322024,0.0003937347473044327,0.0,0.015029339096363004,0.72,0.5454545454545454
0.009695290858725761,0.005377164011157085,0.0,0.0,0.0,0.72,0.5454545454545454
0.009695290858725761,0.005245855691567945,0.0,0.0,0.005324546944347159,0.72,0.5454545454545454
0.012546846993645104,0.006723221493582085,0.0,0.0,0.0,0.72,0.5454545454545454
0.012465373961218837,0.006651973481607709,0.0,0.0,0.006751757417251078,0.72,0.5454545454545454
0.001710933680951605,0.0003597730191433398,0.0,0.0,0.0,0.72,0.5454545454545454
0.001710933680951605,0.00030030153807381884,0.0,0.0,0.0003048062567759626,0.72,0.5454545454545454
0.017272282874368584,0.009033188030569518,4.983804410524914e-05,0.0,0.0,0.72,0.5454545454545454
0.01686491771223725,0.009526035848937728,0.00014965612104539202,0.0,0.009668932592395143,0.72,0.5454545454545454
0.0,4.533964398369422e-05,0.0,0.0,0.0,0.72,0.5454545454545454
0.012872739123350171,0.0072802514053817565,0.01445111594267205,0.0,0.0,0.72,0.5454545454545454
0.013117158220628972,0.007597040086722373,0.03168734081732263,0.0,0.007711000637104843,0.72,0.5454545454545454
0.0,0.00044456404165830045,0.0028546124151395485,0.0,0.0,0.72,0.5454545454545454
0.05206126772038455,0.03689999311072942,0.0004121932821582287,0.0,0.0,0.72,0.5454545454545454
0.05206126772038455,0.03779677593913418,0.0004726094866219994,0.0,0.03836375220088047,0.72,0.5454545454545454
0.0,0.000183713882115748,0.0,0.0,0.0,0.72,0.5454545454545454
0.009043506599315626,0.006409965771512925,2.5628965700847494e-05,0.0,0.0,0.72,0.5454545454545454
0.009043506599315626,0.006172668673780084,0.0,0.0,0.006265262725063561,0.72,0.5454545454545454
0.0,8.950163487690286e-05,0.0,0.0,0.0,0.72,0.5454545454545454
0.900765846504807,0.8010266779642853,0.6186408483826596,0.40440666616814297,0.0,0.72,0.6363636363636364
0.9020694150236271,0.7952526448616346,0.5612058392865066,0.4456597847737269,0.8071819526008341,0.72,0.6363636363636364
0.0,0.005237612119934546,0.09264771708745619,0.004662612762659669,0.0,0.72,0.6363636363636364
0.02476780185758514,0.01889014439793369,0.062464320894528996,0.0,0.0,0.72,0.6363636363636364
0.023871598500896204,0.018124669889118074,0.024313227137595952,0.0,0.018396551744746872,0.72,0.6363636363636364
0.0,0.00044456404165830045,0.018672866841194482,0.0,0.0,0.72,0.6363636363636364
0.04277334202379013,0.02266628903257565,0.0003502152016683676,0.0,0.0,0.72,0.6363636363636364
0.04301776112106893,0.02336404848868835,0.0004221324932333496,0.0,0.023714524436496902,0.72,0.6363636363636364
0.01238390092879257,0.006983482826579394,0.0,0.0,0.0,0.72,0.6363636363636364
0.01238390092879257,0.007130100636344848,0.0,0.0,0.007237056790784571,0.72,0.6363636363636364
0.0,0.0008961940018595143,0.0,0.0,0.0,0.72,0.6363636363636364
0.021916245722665796,0.013699638401618567,8.703909127213028e-05,0.0,0.0,0.72,0.6363636363636364
0.02207919178751833,0.014240181170151441,0.0003737853307893686,0.0,0.014453793164450746,0.72,0.6363636363636364
0.009124979631741893,0.004612278328886711,0.0,0.0,0.0,0.72,0.6363636363636364
0.008799087502036826,0.004890793284786548,0.0,0.0,0.004964158370159109,0.72,0.6363636363636364
0.0,1.0598877814370076e-05,0.0,0.0,0.0,0.72,0.6363636363636364
0.012872739123350171,0.006442940058046521,0.0,0.0,0.0,0.72,0.6363636363636364
0.012872739123350171,0.006791525372830248,0.0,0.0,0.0068934026777528485,0.72,0.6363636363636364
0.0012220954863940035,0.00021492168901361545,0.0,0.0,0.0,0.72,0.6363636363636364
0.0012220954863940035,0.0003397529166050852,0.0,0.0,0.00034484943168574595,0.72,0.6363636363636364
0.016701971647384715,0.008922488640063876,6.957447752584639e-05,0.0,0.0,0.72,0.6363636363636364
0.01662049861495845,0.009125633798172635,0.00017166437414030262,0.0,0.009262524250027193,0.72,0.6363636363636364
0.012220954863940035,0.007294383242467584,0.013802937391844522,0.0,0.0,0.72,0.6363636363636364
0.012302427896366304,0.007167196708695142,0.029297812486133914,0.0,0.007274709328386308,0.72,0.6363636363636364
0.0,0.0005164008801779198,0.0035145050361627544,0.0,0.0,0.72,0.6363636363636364
0.052957471077073485,0.03760599613847552,0.0006202067710875449,0.0,0.0,0.72,0.6363636363636364
0.052957471077073485,0.03985590236784819,0.0005070417535608111,0.0,0.04045376686744036,0.72,0.6363636363636364
0.0,0.00028263674171653537,0.0,0.0,0.0,0.72,0.6363636363636364
0.009369398729020694,0.006861595731714139,0.0,0.0,0.0,0.72,0.6363636363636364
0.009369398729020694,0.007423925082420996,0.0,0.0,0.007535288794963405,0.72,0.6363636363636364
0.0,0.0002325864853708989,0.0,0.0,0.0,0.72,0.6363636363636364
0.89131497474336,0.7909712870511744,0.6919719927230776,0.42906999272608615,0.0,0.72,0.7272727272727273
0.8922926511324751,0.7637798660184079,0.5590016062475041,0.4556121304409895,0.7752370615720592,0.72,0.7272727272727273
0.0,0.004215409237393076,0.11823990770732573,0.008459323865915256,0.0,0.72,0.7272727272727273
0.022323610884797132,0.015121065681834642,0.06133941518391978,0.0,0.0,0.72,0.7272727272727273
0.02134593449568193,0.012929453280441008,0.016464374140302614,0.0,0.01312340350252272,0.72,0.7272727272727273
0.0,0.0006918711906602689,0.011430944668766917,0.0,0.0,0.72,0.7272727272727273
0.04709141274238227,0.026593173262799766,0.00026431202023339395,0.0,0.0,0.72,0.7272727272727273
0.047009939709956004,0.02535840399742565,0.0005326707192616586,0.0,0.025738796577085502,0.72,0.7272727272727273
0.0,5.358321561709316e-05,0.0,0.0,0.0,0.72,0.7272727272727273
0.0113247515072511,0.006064324589455412,5.601455384478857e-05,0.0,0.0,0.72,0.7272727272727273
0.0110803324099723,0.005025634563647145,0.0035389980920264453,0.0,0.005101022356044786,0.72,0.7272727272727273
0.0,0.0007566421106369749,0.0,0.0,0.0,0.72,0.7272727272727273
0.024686328825158872,0.014803688173948783,6.361095088077384e-05,0.0,0.0,0.72,0.7272727272727273
0.02452338276030634,0.013974031571701703,0.0002578515330345654,0.0,0.01418365114864146,0.72,0.7272727272727273
0.008799087502036826,0.004836032416078969,0.0,0.0,0.0,0.72,0.7272727272727273
0.009124979631741893,0.00466056210559662,0.0,0.0,0.004730473573297538,0.72,0.7272727272727273
0.0,5.0050256345636474e-05,0.0,0.0,0.0,0.72,0.7272727272727273
0.012302427896366304,0.005861179431346652,0.0,0.0,0.0,0.72,0.7272727272727273
0.012302427896366304,0.005965990556399867,0.0,0.0,0.006055484301282457,0.72,0.7272727272727273
0.000977676389115203,0.0003120780689786745,0.0,0.0,0.0,0.72,0.7272727272727273
0.000977676389115203,0.0002037339846540026,0.0,0.0,0.00020679012714604523,0.72,0.7272727272727273
0.017761121068926185,0.010012995401853509,0.00010166393042552247,0.0,0.0,0.72,0.7272727272727273
0.017516701971647383,0.009795129580113679,0.00017201934596441408,4.503708336449107e-05,0.009942062904839486,0.72,0.7272727272727273
0.0,0.00026673842499498027,0.0,0.0,0.0,0.72,0.7272727272727273
0.010835913312693499,0.006183267551594454,0.021991924391001463,0.0,0.0,0.72,0.7272727272727273
0.0110803324099723,0.005212881405034349,0.03848072059280295,0.0,0.005291078022034504,0.72,0.7272727272727273
0.0,0.0002596725064520669,0.004027084350179705,0.0,0.0,0.72,0.7272727272727273
0.04978002281244908,0.03671451274897795,0.0007596397035985269,0.0,0.0,0.72,0.7272727272727273
0.04978002281244908,0.03581596344093746,0.00043647335492745266,0.0,0.03635322622481314,0.72,0.7272727272727273
0.0,6.948153233864828e-05,0.0,0.0,0.0,0.72,0.7272727272727273
0.008799087502036826,0.004704135269944586,0.0,0.0,0.0,0.72,0.7272727272727273
0.008799087502036826,0.0050450658396401565,0.0,0.0,0.005120745113836172,0.72,0.7272727272727273
0.0,6.830387924816271e-05,0.0,0.0,0.0,0.72,0.7272727272727273
0.9088316767150073,0.7374781618955033,0.7369390424635045,0.48838977981115017,0.0,0.72,0.8181818181818182
0.9078540003258921,0.7624367526687091,0.6116594045347651,0.48433984133350555,0.7738738006471455,0.72,0.8181818181818182
0.0,0.00339281855368891,0.12238335182144917,0.005984833549737935,0.0,0.72,0.8181818181818182
0.015561349193416979,0.008987848386585826,0.0715050982828238,0.0,0.0,0.72,0.8181818181818182
0.015887241323122046,0.008444361485326736,0.01649021608909793,3.82390330453226e-05,0.008571032408674666,0.72,0.8181818181818182
0.0,0.0007531091513655182,0.010289781248613392,0.0,0.0,0.72,0.8181818181818182
0.048232035196350005,0.02507046781680193,0.00029654346186271466,0.0,0.0,0.72,0.8181818181818182
0.048232035196350005,0.02569462395475928,0.0006565558858765586,0.0,0.02608006005280918,0.72,0.8181818181818182
0.004806908913149747,0.002044994591628182,0.00016683675733238673,0.0,0.0,0.72,0.8181818181818182
0.00472543588072348,0.0015256495787240483,1.1501087101211342e-05,0.0,0.0015485353162872926,0.72,0.8181818181818182
0.0,0.00023082000573517055,0.0,0.0,0.0,0.72,0.8181818181818182
0.02444190972788007,0.012341804388288712,0.00010201890224963393,0.0,0.0,0.72,0.8181818181818182
0.02452338276030634,0.01330041400394396,0.00029931224209078403,0.0,0.013499928878540086,0.72,0.8181818181818182
0.0015479876160990713,0.0006088466477810366,0.0,0.0,0.0,0.72,0.8181818181818182
0.0015479876160990713,0.00021138872974215875,0.0,0.0,0.00021455969839719721,0.72,0.8181818181818182
0.0,2.1197755628740152e-05,0.0,0.0,0.0,0.72,0.8181818181818182
0.012709793058497638,0.005357143908618831,0.0,0.0,0.0,0.72,0.8181818181818182
0.012709793058497638,0.005633303558337696,0.0,0.0,0.005717806781520852,0.72,0.8181818181818182
0.016457552550105916,0.008307164900285168,0.00010769845143541731,0.0,0.0,0.72,0.8181818181818182
0.016783444679810983,0.008537396079475096,9.733327417136265e-05,0.0,0.008665462582342513,0.72,0.8181818181818182
0.0,0.00011069939050564302,0.0,0.0,0.0,0.72,0.8181818181818182
0.006925207756232687,0.0024559955202076438,0.0142420375382704,0.0,0.0,0.72,0.8181818181818182
0.006680788658953886,0.0018430270866099077,0.030313315880551982,0.0,0.001870673693546594,0.72,0.8181818181818182
0.0,0.0001766479635728346,0.002857239206637973,0.0,0.0,0.72,0.8181818181818182
0.05002444190972788,0.032640421882443135,0.0005980565292629898,0.0,0.0,0.72,0.8181818181818182
0.05002444190972788,0.03322100485605252,0.0005177619026489772,0.0,0.03371934157067262,0.72,0.8181818181818182
0.0,3.3563113078838574e-05,0.0,0.0,0.0,0.72,0.8181818181818182
0.0031774482646244094,0.0024347977645789035,0.0,0.0,0.0,0.72,0.8181818181818182
0.0031774482646244094,0.002663851290678346,0.0,0.0,0.002703810795400892,0.72,0.8181818181818182
0.8138341209059802,0.6558196966012343,0.6921680791587168,0.4713334715603565,0.0,0.72,0.9090909090909091
0.8132638096789963,0.6215541134539211,0.5815999645028176,0.520102684550071,0.6308778300663282,0.72,0.9090909090909091
0.0,0.003698419530669914,0.16972161334694058,0.012553449670634462,0.0,0.72,0.9090909090909091
0.0115691706045299,0.0049396658880416985,0.077134383458313,0.0,0.0,0.72,0.9090909090909091
0.011650643636956167,0.004737109556478181,0.022725012202156454,0.0,0.004808169285809057,0.72,0.9090909090909091
0.0,0.0003462300086027558,0.007569135199893508,0.010013528120135146,0.0,0.72,0.9090909090909091
0.044647221769594264,0.022504361732633885,0.0003238052979544749,0.0,0.0,0.72,0.9090909090909091
0.04472869480202053,0.022161075856757344,0.0010105337888805077,0.0,0.022493506431412017,0.72,0.9090909090909091
0.0,9.009046142214565e-05,0.0,0.0,0.0,0.72,0.9090909090909091
0.0028515561349193416,0.0011558665083115812,0.0,0.0,0.0,0.72,0.9090909090909091
0.0030145021997718753,0.0011358464057733264,0.0,0.0,0.0011528848418055526,0.72,0.9090909090909091
0.0,0.0002973574053476049,0.0,0.0,0.0,0.72,0.9090909090909091
0.025175167019716473,0.0126527048041769,0.00014049784798331633,0.0,0.0,0.72,0.9090909090909091
0.025175167019716473,0.012110395556008298,0.00023172560677996184,0.0,0.012292059378649457,0.72,0.9090909090909091
0.00024441909727880074,0.0001271865337724409,0.0,0.0,0.0,0.72,0.9090909090909091
0.00024441909727880074,6.241561379573489e-05,0.0,0.0,6.335188866323929e-05,0.72,0.9090909090909091
0.011895062734234968,0.004611689502341469,0.0,0.0,0.0,0.72,0.9090909090909091
0.011976535766661234,0.0048301441506265405,0.0,0.0,0.004902599459476905,0.72,0.9090909090909091
0.013524523382760306,0.006309865258821652,0.00013496028752717752,0.0,0.0,0.72,0.9090909090909091
0.01344305035033404,0.006187978163956396,5.857035097839109e-05,1.6995125797921156e-06,0.006280801867565865,0.72,0.9090909090909091
0.004562489815870947,0.0013442910027892713,0.015163970359852686,0.0,0.0,0.72,0.9090909090909091
0.0046439628482972135,0.001172353651578379,0.027297972223454762,0.0,0.0011899397200802776,0.72,0.9090909090909091
0.0,0.00032974286533595795,0.002811234858233128,0.0,0.0,0.72,0.9090909090909091
0.04375101841290533,0.02554094022645091,0.00046728490926032745,0.0,0.0,0.72,0.9090909090909091
0.04375101841290533,0.024279673766540874,0.0006279451568531747,0.0,0.024643884690000083,0.72,0.9090909090909091
0.0018738797458041389,0.0017117187670207673,0.0,0.0,0.0,0.72,0.9090909090909091
0.0018738797458041389,0.0010369235461725392,0.0,0.0,0.0010524780748675886,0.72,0.9090909090909091
0.7877627505295747,0.6366015758176004,0.5830427829791011,0.5525871680002176,0.0,0.72,1.0
0.7862962359459019,0.6491847990894386,0.5846089186670808,0.641611885711178,0.6589229939863519,0.72,1.0
0.0,0.0028275450702558392,0.13996830101610686,0.01678693550689662,0.0,0.72,1.0
0.01474661886915431,0.006124973723615418,0.03680333673514665,1.2746344348440868e-05,0.0,0.72,1.0
0.013850415512465374,0.0061862116843206675,0.013126574078182544,0.00010621953623700723,0.00627900888958483,0.72,1.0
0.0,0.000629455576864534,0.007033198739850024,0.0,0.0,0.72,1.0
0.03845527130519798,0.018342535710857904,0.00020616763544393664,0.0,0.0,0.72,1.0
0.03886263646732931,0.018164710094194583,0.0005248613391312065,0.0,0.018437192578983668,0.72,1.0
0.0030959752321981426,0.0008573314498734906,1.7677596840750765e-05,0.0,0.0,0.72,1.0
0.0030959752321981426,0.0008573314498734906,0.0,0.0,0.0008701919801290227,0.72,1.0
0.0,0.00035094062096469806,0.0,0.0,0.0,0.72,1.0
0.043506599315626525,0.03309852893464202,0.00013020366508408396,0.0,0.0,0.72,1.0
0.043262180218347726,0.0264353677486747,0.00011941252163109554,0.0,0.026831915486189885,0.72,1.0
0.003992178588887079,0.00421187627812162,0.0,0.0,0.0,0.72,1.0
0.004318070718592146,0.0023211542413470467,0.0,0.0,0.0023559730670800875,0.72,1.0
0.010917386345119766,0.0051498769646933715,0.0,0.0,0.0,0.72,1.0
0.0110803324099723,0.00451453312237641,0.0,0.0,0.004582254060198638,0.72,1.0
8.147303242626691e-05,8.420219596971783e-05,0.0,0.0,0.0,0.72,1.0
0.010917386345119766,0.004946142980039369,3.869192882814927e-05,0.0,0.0,0.72,1.0
0.010998859377546032,0.004678226901953903,3.698806407241425e-05,8.497562898960578e-07,0.004748403353107888,0.72,1.0
0.0,0.00012070944177477032,0.0,0.0,0.0,0.72,1.0
0.003992178588887079,0.001039867678898753,0.01283528419931668,0.0,0.0,0.72,1.0
0.004073651621313346,0.0008838286444094158,0.023825140879442694,0.0,0.0008970866498445488,0.72,1.0
0.0,0.0003532959271456692,0.00206551005013977,0.0,0.0,0.72,1.0
0.05743848786051817,0.04282770994168851,0.00033580334560944224,0.0,0.0,0.72,1.0
0.057519960892944436,0.03641951064981131,0.0005517682033988552,0.0,0.03696582703500013,0.72,1.0
0.0,1.7664796357283461e-06,0.0,0.0,0.0,0.72,1.0
0.007984357177774157,0.007819027694278903,0.0,0.0,0.0,0.72,1.0
0.007984357177774157,0.0058181950935439295,0.0,0.0,0.005905471810202523,0.72,1.0
0.0,6.830387924816271e-05,0.0,0.0,0.0,0.72,1.0
0.7232361088479713,0.5251090359555153,0.5599361760660247,0.5873515475761552,0.0,0.76,0.0
0.7269838683395796,0.5385990521070275,0.45828154590229403,0.5175279229916859,0.5466783887582671,0.76,0.0
0.0,0.002371204497692683,0.16954469538980343,0.006129292119020265,0.0,0.76,0.0
0.01580576829069578,0.0057098510092192575,0.05071887118959933,0.002262051243703306,0.0,0.76,0.0
0.014420726739449241,0.005003259154927919,0.017648063184984693,0.0,0.005078311301618342,0.76,0.0
0.0,0.0012960072260793632,0.00695439499489728,0.0,0.0,0.76,0.0
0.03918852859703438,0.016488909746433626,0.0004275280649598438,0.0,0.0,0.76,0.0
0.03869969040247678,0.01729677976650672,0.00046558104450459246,0.0,0.017556242730968435,0.76,0.0
0.002607137037640541,0.0007060030277460956,0.00014667435772285574,0.0,0.0,0.76,0.0
0.002444190972788007,0.000653597465219488,0.00010258685716821227,0.0,0.0006634018529829774,0.76,0.0
0.0,0.0002555507206353674,0.0,0.0,0.0,0.76,0.0
0.05417956656346749,0.0415393574606973,0.0002102143142388073,0.0,0.0,0.76,0.0
0.05417956656346749,0.04218000074192145,0.00013843901140346985,0.0,0.042812728231155506,0.76,0.0
0.009939709956004562,0.007950336013868043,0.0,0.0,0.0,0.76,0.0
0.009858236923578295,0.007151298391973588,0.0,0.0,0.007258572526556992,0.76,0.0
0.01026560208570963,0.004227185768297932,0.0,0.0,0.0,0.76,0.0
0.010184129053283364,0.004949675939310826,0.0,0.0,0.005023924302860278,0.76,0.0
0.000977676389115203,0.0007654745088156166,0.0,0.0,0.0,0.76,0.0
0.000977676389115203,0.0006094354743262794,0.0,0.0,0.0006185774034571007,0.76,0.0
0.011895062734234968,0.004797169864092945,6.623774237919865e-05,0.0,0.0,0.76,0.0
0.011732116669382434,0.004923767571320143,7.099436482229223e-05,0.0,0.004997627292471764,0.76,0.0
0.0,0.00026556077190449467,0.0,0.0,0.0,0.76,0.0
0.005214274075281082,0.0014861982001927818,0.014097209034032923,0.0,0.0,0.76,0.0
0.005214274075281082,0.001447924474752001,0.029189191107955807,0.0,0.0014696442851217491,0.76,0.0
0.0,0.0002814590886260498,0.0025817810711274793,0.0,0.0,0.76,0.0
0.07080006517842594,0.05270939702395287,0.00031556995163508895,0.0,0.0,0.76,0.0
0.07112595730813101,0.05417204216233595,0.00039068198961707414,0.0,0.05498465808507561,0.76,0.0
0.0,0.0,1.4198872964458447e-05,0.0,0.0,0.76,0.0
0.012709793058497638,0.012899423126633626,0.0,0.0,0.0,0.76,0.0
0.012302427896366304,0.011979087236419158,0.0,0.0,0.01215878134872585,0.76,0.0
0.6879582858073977,0.5456396511084954,0.4715691351998935,0.5490776745229469,0.0,0.76,0.09090909090909091
0.6883656509695291,0.5387562687946073,0.500609025158628,0.3972746616270454,0.5468379637985793,0.76,0.09090909090909091
0.0,0.0025425530223583325,0.13596357989084618,0.005009313328937261,0.0,0.76,0.09090909090909091
0.015479876160990712,0.004307266178450951,0.04493588321426987,0.000132561981223785,0.0,0.76,0.09090909090909091
0.014665145836728044,0.004397945466418339,0.010931357323512447,0.0,0.0044639175134503235,0.76,0.09090909090909091
0.0,0.0016858103990300848,0.010579580245817987,4.078830191501078e-05,0.0,0.76,0.09090909090909091
0.037722014013361574,0.01777078513542716,0.00035859253671739804,0.0,0.0,0.76,0.09090909090909091
0.037722014013361574,0.0179144588124664,0.0005013622043750277,0.0,0.0181831873650037,0.76,0.09090909090909091
0.0018738797458041389,0.0006600745572171587,7.099436482229223e-06,0.0,0.0,0.76,0.09090909090909091
0.002036825810656673,0.0006429985874051179,0.0,0.0,0.000652643985096767,0.76,0.09090909090909091
0.0,0.0001348412788605971,0.0,0.0,0.0,0.76,0.09090909090909091
0.05312041714192602,0.044363958398226926,0.0,0.0,0.0,0.76,0.09090909090909091
0.052957471077073485,0.043500149856355766,0.0,0.0,0.04415268044231571,0.76,0.09090909090909091
0.01238390092879257,0.011073472009835758,0.0,0.0,0.0,0.76,0.09090909090909091
0.012546846993645104,0.009940569736788646,0.0,0.0,0.010089684758611375,0.76,0.09090909090909091
0.00945087176144696,0.004680582208134874,0.0,0.0,0.0,0.76,0.09090909090909091
0.00945087176144696,0.004771261496102262,0.0,0.0,0.004842833526775735,0.76,0.09090909090909091
0.00016294606485253382,6.241561379573489e-05,0.0,0.0,0.0,0.76,0.09090909090909091
0.00016294606485253382,0.00011246587014137137,0.0,0.0,0.00011415293145923306,0.76,0.09090909090909091
0.011895062734234968,0.005319459009723293,4.451346674357723e-05,0.0,0.0,0.76,0.09090909090909091
0.011650643636956167,0.005307682478818437,6.67347029329547e-05,0.0,0.005387301173683386,0.76,0.09090909090909091
0.003992178588887079,0.000713068946289009,0.012497351022762568,0.0,0.0,0.76,0.09090909090909091
0.004236597686165879,0.0007154242524699801,0.028421174069308247,0.0,0.0007261560823192051,0.76,0.09090909090909091
0.0,0.00030560097698100386,0.0027564272085903183,0.0,0.0,0.76,0.09090909090909091
0.06851882027049047,0.056497907016044936,0.0004221324932333496,0.0,0.0,0.76,0.09090909090909091
0.06900765846504807,0.056161098232166064,0.00043171673248435904,0.0,0.057003551291721105,0.76,0.09090909090909091
0.015072510998859378,0.01544020966935623,0.0,0.0,0.0,0.76,0.09090909090909091
0.01450219977187551,0.014381499541009708,0.0,0.0,0.014597231402933552,0.76,0.09090909090909091
0.8306175655857911,0.6887910390021039,0.639930496516839,0.6454357890157103,0.0,0.76,0.18181818181818182
0.8329802835261528,0.6810409040136184,0.570147295558415,0.4643909626719057,0.6912569612370114,0.76,0.18181818181818182
0.0,0.002560806645260859,0.19535838842791853,0.009660879259828281,0.0,0.76,0.18181818181818182
0.021182988430829396,0.005267053447196685,0.07537556906420553,0.004070332628602117,0.0,0.76,0.18181818181818182
0.018738797458041388,0.004806002262271587,0.014503296800816435,0.0,0.004878095427069426,0.76,0.18181818181818182
0.0,0.010261480203945962,0.028341447397612813,0.03695165226613007,0.0,0.76,0.18181818181818182
0.04472869480202053,0.020944560214285757,0.00021042729733327417,0.0,0.0,0.76,0.18181818181818182
0.04472869480202053,0.02100874230771722,0.0005330966854505924,0.0,0.02132388712845014,0.76,0.18181818181818182
0.003666286459182011,0.0010810855370657479,0.0001287127834228158,0.0,0.0,0.76,0.18181818181818182
0.003666286459182011,0.0012123938566548883,2.768780228069397e-05,0.0,0.0012305805543170727,0.76,0.18181818181818182
0.0,0.00025025128172818234,0.0,0.0,0.0,0.76,0.18181818181818182
0.06020857096301124,0.048334415792799006,0.0,0.0,0.0,0.76,0.18181818181818182
0.059882678833306176,0.05158768245526538,0.0,0.0,0.0523615312988213,0.76,0.18181818181818182
0.013198631253055239,0.010465803015145207,0.0,0.0,0.0,0.76,0.18181818181818182
0.013524523382760306,0.011972610144421487,0.0,0.0,0.012152207096128721,0.76,0.18181818181818182
0.0,7.0659185429133845e-06,0.0,0.0,0.0,0.76,0.18181818181818182
0.010347075118135898,0.005244089211932217,0.0,0.0,0.0,0.76,0.18181818181818182
0.01026560208570963,0.005552045495094192,0.0,0.0,0.005635329794393238,0.76,0.18181818181818182
0.014013361577317907,0.006127329029796389,0.00021397701557438877,0.0,0.0,0.76,0.18181818181818182
0.01393188854489164,0.006183856378139696,8.718108000177486e-05,0.0,0.006276618252276783,0.76,0.18181818181818182
0.004562489815870947,0.0010916844148801178,0.016360580378932423,0.0,0.0,0.76,0.18181818181818182
0.0046439628482972135,0.001283053042084022,0.02666569641034743,0.0,0.0013022996735584755,0.76,0.18181818181818182
0.0,0.00015898316721555116,0.0028541864489506144,0.0,0.0,0.76,0.18181818181818182
0.07625875835098582,0.05635599981864142,0.0002246261702977326,0.0,0.0,0.76,0.18181818181818182
0.07642170441583836,0.06327706703142508,0.0003353063850556862,0.0,0.06422626425865739,0.76,0.18181818181818182
0.012220954863940035,0.009373529773719847,0.0,0.0,0.0,0.76,0.18181818181818182
0.012220954863940035,0.012401275869358233,0.0,0.0,0.012587303086193232,0.76,0.18181818181818182
0.9110314485905165,0.792692427042919,0.6038684119448019,0.6275713625332254,0.0,0.76,0.2727272727272727
0.9113573407202216,0.795505840276089,0.5133775036606469,0.5046660117878192,0.8074389461114492,0.76,0.2727272727272727
0.0,0.002914691398951771,0.2475289523894041,0.014485795473858098,0.0,0.76,0.2727272727272727
0.01947205474987779,0.0059506810662235555,0.06212645871233971,0.0,0.0,0.76,0.2727272727272727
0.019146162620172723,0.006657272920514893,0.009039286506633536,0.0036539520465530486,0.0067571363511941835,0.76,0.2727272727272727
0.0,0.012097441372012957,0.03696555885876559,0.04406751143771966,0.0,0.76,0.2727272727272727
0.0440769105426104,0.022943037508839758,9.314460664684741e-05,0.0,0.0,0.76,0.2727272727272727
0.04415838357503666,0.023205654148018038,0.00023541731375072104,0.0,0.02355375407753076,0.76,0.2727272727272727
0.004399543751018413,0.0015568573856219157,8.469627723299463e-05,0.0,0.0,0.76,0.2727272727272727
0.004318070718592146,0.001863636015693405,3.1947464170031503e-05,0.0,0.0018915917699920033,0.76,0.2727272727272727
0.0,0.00030324567080003276,0.0,0.0,0.0,0.76,0.2727272727272727
0.031693009613817824,0.01925403920289373,0.0,0.0,0.0,0.76,0.2727272727272727
0.03177448264624409,0.022286495910894058,0.0,0.0,0.022620807868065508,0.76,0.2727272727272727
0.002688610070066808,0.0017081858077493107,0.0,0.0,0.0,0.76,0.2727272727272727
0.0025256640052142743,0.0028505093055203076,0.0,0.0,0.0028932688020635983,0.76,0.2727272727272727
0.0,5.8882654524278204e-05,0.0,0.0,0.0,0.76,0.2727272727272727
0.00945087176144696,0.0042177645435740475,0.0,0.0,0.0,0.76,0.2727272727272727
0.009532344793873227,0.004011086426193831,0.0,0.0,0.004071255335603642,0.76,0.2727272727272727
0.00032589212970506764,0.00015015076903690942,0.0,0.0,0.0,0.76,0.2727272727272727
0.00032589212970506764,0.000229642352644685,0.0,0.0,0.00023308713753455965,0.76,0.2727272727272727
0.01450219977187551,0.006867483997166567,1.4198872964458446e-07,0.0,0.0,0.76,0.2727272727272727
0.014583672804301777,0.0070523755323728,7.184629720015974e-05,0.0,0.0071581657596190285,0.76,0.2727272727272727
0.0070881538210852205,0.002732743996471751,0.014942680924701602,0.0,0.0,0.76,0.2727272727272727
0.007006680788658954,0.0031584655886822827,0.026911549895727027,0.0,0.003205844630090713,0.76,0.2727272727272727
0.0,0.0002920579664404199,0.004365514487287571,0.0,0.0,0.76,0.2727272727272727
0.0344630927163109,0.022901819650672763,0.0001541997603940187,0.0,0.0,0.76,0.2727272727272727
0.03478898484601597,0.023621954515504685,3.3225362736832766e-05,0.0,0.023976299221728024,0.76,0.2727272727272727
0.0017924067133778718,0.0007625303760894028,0.0,0.0,0.0,0.76,0.2727272727272727
0.0016294606485253381,0.0010080710454556429,0.0,0.0,0.0010231927678440156,0.76,0.2727272727272727
0.9683884634186084,0.829363366627549,0.580323414828948,0.5547336523884949,0.0,0.76,0.36363636363636365
0.9692031937428711,0.8295759330103816,0.5284852464835603,0.47110573687466434,0.8420201124316726,0.76,0.36363636363636365
0.0,0.0024430413362123028,0.19412244753072724,0.012634176518174587,0.0,0.76,0.36363636363636365
0.024604855792732607,0.009892285960078738,0.08300717930514265,0.0003543483728866561,0.0,0.76,0.36363636363636365
0.023871598500896204,0.010376890206813547,0.013650938456759994,0.0,0.010532550319927038,0.76,0.36363636363636365
0.0,0.012418351839170273,0.0271541376403248,0.03296034697248829,0.0,0.76,0.36363636363636365
0.04709141274238227,0.0254196419581309,0.00014560944225052135,0.0,0.0,0.76,0.36363636363636365
0.0472543588072348,0.024990976233194153,0.00041631095531792164,0.0,0.025365857157030207,0.76,0.36363636363636365
0.008065830210200424,0.002574349655801443,6.034521009894839e-06,0.0,0.0,0.76,0.36363636363636365
0.007984357177774157,0.003690175959036515,0.0,0.0,0.00374553100238227,0.76,0.36363636363636365
0.0,0.00033916409005984243,0.0,0.0,0.0,0.76,0.36363636363636365
0.024278963663027536,0.012677435519077096,0.0,0.0,0.0,0.76,0.36363636363636365
0.024278963663027536,0.012715120417972636,0.0,0.0,0.012905855507490464,0.76,0.36363636363636365
0.004969854978002281,0.0021297856141431425,0.0,0.0,0.0,0.76,0.36363636363636365
0.00472543588072348,0.002997715941831003,0.0,0.0,0.003042683633816521,0.76,0.36363636363636365
0.0,1.7664796357283461e-06,0.0,0.0,0.0,0.76,0.36363636363636365
0.009776763891152028,0.004626998992517781,0.0,0.0,0.0,0.76,0.36363636363636365
0.009776763891152028,0.004374392404608627,0.0,0.0,0.004440011140369855,0.76,0.36363636363636365
0.0005703112269838683,0.00024377418973051175,0.0,0.0,0.0,0.76,0.36363636363636365
0.0005703112269838683,0.0005005025634563647,0.0,0.0,0.0005080104279599377,0.76,0.36363636363636365
0.0,3.650724580505249e-05,0.0,0.0,0.0,0.76,0.36363636363636365
0.015968714355548315,0.008255936990849047,0.0002452145360961974,0.0,0.0,0.76,0.36363636363636365
0.015887241323122046,0.008378412912259546,7.205928029462662e-05,0.0,0.008504094564049358,0.76,0.36363636363636365
0.011487697572103633,0.005451356155857676,0.015197976660602564,0.0,0.0,0.76,0.36363636363636365
0.0115691706045299,0.0060549033647315275,0.024982916980964637,0.0,0.006145730859661223,0.76,0.36363636363636365
0.0,0.00047047240964898286,0.004226578515330346,0.0,0.0,0.76,0.36363636363636365
0.004318070718592146,0.0020950448479738182,5.6440520033722324e-05,0.0,0.0,0.76,0.36363636363636365
0.004073651621313346,0.0026862266993975714,2.0091405244708702e-05,0.0,0.002726521849827336,0.76,0.36363636363636365
0.00024441909727880074,0.00013719658504156822,0.0,0.0,0.0,0.76,0.36363636363636365
0.00024441909727880074,8.066923669826114e-05,0.0,0.0,8.187932780060172e-05,0.76,0.36363636363636365
0.9641518657324426,0.8526726542475297,0.5546034343523982,0.43960612096450735,0.0,0.76,0.45454545454545453
0.9656998533485416,0.8680480929969092,0.49669113014154503,0.41594210780348195,0.8810693798806355,0.76,0.45454545454545453
0.0,0.0031914398752158784,0.21168190974841372,0.009614992420173895,0.0,0.76,0.45454545454545453
0.02598989734397914,0.012763993021227786,0.07667462395172384,3.399025159584231e-06,0.0,0.76,0.45454545454545453
0.025664005214274074,0.014600543015840023,0.010683941962106758,0.0,0.0148195606725819,0.76,0.45454545454545453
0.0,0.006317520003909808,0.02005207436659715,0.04150549622368305,0.0,0.76,0.45454545454545453
0.0450545869317256,0.023846297429242186,0.00019793228912455075,0.0,0.0,0.76,0.45454545454545453
0.04497311389929933,0.02374972987582237,0.0005751253494253893,0.0,0.02410599129568956,0.76,0.45454545454545453
0.0,6.123796070524933e-05,0.0,0.0,0.0,0.76,0.45454545454545453
0.01344305035033404,0.007350910590810891,0.00014553844788569908,0.0,0.0,0.76,0.45454545454545453
0.013361577317907773,0.007150709565428345,0.0,0.0,0.007257974867229981,0.76,0.45454545454545453
0.0,0.0006836276190268699,0.0,0.0,0.0,0.76,0.45454545454545453
0.024034544565748737,0.013911027131360726,0.0,0.0,0.0,0.76,0.45454545454545453
0.02395307153332247,0.013424656404990187,0.0,0.0,0.013626034996539553,0.76,0.45454545454545453
0.010428548150562164,0.006265703267928443,0.0,0.0,0.0,0.76,0.45454545454545453
0.010754440280267232,0.006153826224332315,0.0,0.0,0.006246137626599187,0.76,0.45454545454545453
0.0,7.065918542913384e-05,0.0,0.0,0.0,0.76,0.45454545454545453
0.011487697572103633,0.005421914828595537,0.0,0.0,0.0,0.76,0.45454545454545453
0.011406224539677367,0.005069796554540353,0.0,0.0,0.005145846805570663,0.76,0.45454545454545453
0.0014665145836728042,0.0007395661408249342,0.0,0.0,0.0,0.76,0.45454545454545453
0.0014665145836728042,0.0005269997579922899,0.0,0.0,0.0005349050976754638,0.76,0.45454545454545453
0.0,0.00010539995159845798,0.0,0.0,0.0,0.76,0.45454545454545453
0.014013361577317907,0.006925777825145602,1.6399698273949506e-05,0.0,0.0,0.76,0.45454545454545453
0.014013361577317907,0.006946386754229099,4.493943293251098e-05,0.0,0.007050587080756923,0.76,0.45454545454545453
0.0,0.0007095359870175523,0.0,0.0,0.0,0.76,0.45454545454545453
0.012302427896366304,0.0078101952961002604,0.014014997559568709,0.0,0.0,0.76,0.45454545454545453
0.012220954863940035,0.008227673316677394,0.022965612104539204,0.0,0.008351093776334364,0.76,0.45454545454545453
0.0,0.000591770677968996,0.003230882548697697,0.0,0.0,0.76,0.45454545454545453
0.04766172396936614,0.034274415545491856,0.00029285175489195543,0.0,0.0,0.76,0.45454545454545453
0.04766172396936614,0.03520652796661118,0.00024450459244797446,0.0,0.03573464882135604,0.76,0.45454545454545453
0.0,0.0002596725064520669,0.0,0.0,0.0,0.76,0.45454545454545453
0.008228776275052958,0.006255104390114073,0.0,0.0,0.0,0.76,0.45454545454545453
0.008228776275052958,0.006270413880290386,5.608554820961086e-06,0.0,0.0063644741733475015,0.76,0.45454545454545453
0.9999185269675738,0.8939117101701533,0.5426112082353464,0.4581231602776324,0.0,0.76,0.5454545454545454
1.0,0.9245000715424252,0.5809780538669743,0.49137242438868534,0.9383681748799003,0.76,0.5454545454545454
0.0,0.004491568887111941,0.1834334649687181,0.020603191004819818,0.0,0.76,0.5454545454545454
0.025745478246700343,0.01644769188826663,0.06366313173891823,0.0,0.0,0.76,0.5454545454545454
0.024930747922437674,0.01756999528349937,0.016422913431246394,0.0003585971543361364,0.01783355665870186,0.76,0.5454545454545454
0.0,0.004595202359074671,0.01590422860185473,0.019827363512144716,0.0,0.76,0.5454545454545454
0.0460322633208408,0.02274460296309294,0.0002978923547943382,0.0,0.0,0.76,0.5454545454545454
0.04611373635326707,0.02449930606791643,0.00039238585437280913,0.0,0.024866811618975443,0.76,0.5454545454545454
0.0,9.715637996505904e-05,0.0,0.0,0.0,0.76,0.5454545454545454
0.012302427896366304,0.0075010613598478,0.0,0.0,0.0,0.76,0.5454545454545454
0.01238390092879257,0.007978010861494453,0.0,0.0,0.008097686221681407,0.76,0.5454545454545454
0.0,0.00045692939910839885,0.0,0.0,0.0,0.76,0.5454545454545454
0.02444190972788007,0.014271388977049307,0.0,0.0,0.0,0.76,0.5454545454545454
0.024360436695453805,0.014823119449941795,0.0,0.0,0.01504547589819232,0.76,0.5454545454545454
0.00945087176144696,0.0052311350279368755,0.0,0.0,0.0,0.76,0.5454545454545454
0.009613817826299494,0.004917290479322473,0.0,0.0,0.004991053039874635,0.76,0.5454545454545454
0.0,4.121785816699474e-06,0.0,0.0,0.0,0.76,0.5454545454545454
0.011732116669382434,0.00598777713857385,0.0,0.0,0.0,0.76,0.5454545454545454
0.011732116669382434,0.005707495703038286,0.0,0.0,0.005793111856724325,0.76,0.5454545454545454
0.0013850415512465374,0.0003756713358648949,0.0,0.0,0.0,0.76,0.5454545454545454
0.0013850415512465374,0.00040982327548897627,0.0,0.0,0.00041597089160013724,0.76,0.5454545454545454
0.0,4.946142980039369e-05,0.0,0.0,0.0,0.76,0.5454545454545454
0.014257780674596708,0.006729698585579756,0.0,0.0,0.0,0.76,0.5454545454545454
0.014339253707022975,0.006951097366591042,5.246483560367396e-05,0.0,0.007055368355373017,0.76,0.5454545454545454
0.0,8.773515524117452e-05,0.0,0.0,0.0,0.76,0.5454545454545454
0.014991037966433111,0.009379418039172275,0.0158643297688246,0.0,0.0,0.76,0.5454545454545454
0.014909564934006844,0.009318768905012268,0.02916732484359054,0.0,0.009458556509287029,0.76,0.5454545454545454
0.0,0.0004910813387324802,0.0044379287394063095,0.0,0.0,0.76,0.5454545454545454
0.04904676552061268,0.0358206740532994,0.00015128899143630474,0.0,0.0,0.76,0.5454545454545454
0.04904676552061268,0.03650489049887151,0.0004258951945689311,0.0,0.03705248763741682,0.76,0.5454545454545454
0.009124979631741893,0.00698878226548658,0.0,0.0,0.0,0.76,0.5454545454545454
0.009043506599315626,0.006708500829951016,0.0,0.0,0.0068091327126442005,0.76,0.5454545454545454
0.9822388789310739,0.9091923478457486,0.5824800816435195,0.6112390466414233,0.0,0.76,0.6363636363636364
0.9822388789310739,0.9025927799266675,0.5661521586724054,0.45230317944813425,0.9161322596184304,0.76,0.6363636363636364
0.0,0.0045940247059841855,0.17215586812796735,0.009315028449840586,0.0,0.76,0.6363636363636364
0.02370865243604367,0.019386525175573356,0.06461360429515907,0.000161453695080251,0.0,0.76,0.6363636363636364
0.023871598500896204,0.018603385870400457,0.014742902782091671,0.0,0.018882448777607377,0.76,0.6363636363636364
0.0,0.001029268801084383,0.0031468962151129255,0.0,0.0,0.76,0.6363636363636364
0.04212155776437999,0.021298444967976667,0.00011813462306429427,0.0,0.0,0.76,0.6363636363636364
0.042203030796806255,0.02174124252999924,0.0003632781647956693,0.0,0.02206737533125268,0.76,0.6363636363636364
0.010835913312693499,0.007655333914701409,0.00030030616319829615,0.0,0.0,0.76,0.6363636363636364
0.010754440280267232,0.007734236671763942,0.0,0.0,0.007850255260298566,0.76,0.6363636363636364
0.0,0.000675384047393471,0.0,0.0,0.0,0.76,0.6363636363636364
0.0224050839172234,0.013488249671876408,0.0,0.0,0.0,0.76,0.6363636363636364
0.0224050839172234,0.013879230497917614,0.0,0.0,0.014087427996992578,0.76,0.6363636363636364
0.00896203356688936,0.004889026805150819,0.0,0.0,0.0,0.76,0.6363636363636364
0.008799087502036826,0.005019746298194717,0.0,0.0,0.005095045762774669,0.76,0.6363636363636364
0.0118135897018087,0.005676287896140418,0.0,0.0,0.0,0.76,0.6363636363636364
0.011895062734234968,0.006007208414566862,0.0,0.0,0.006097320454173276,0.76,0.6363636363636364
0.0008962033566889359,0.00037743781550062325,0.0,0.0,0.0,0.76,0.6363636363636364
0.0008962033566889359,0.0004751830220109251,0.0,0.0,0.00048231107689843496,0.76,0.6363636363636364
0.0,9.009046142214565e-05,0.0,0.0,0.0,0.76,0.6363636363636364
0.013280104285481506,0.006360504341712531,6.957447752584638e-06,0.0,0.0,0.76,0.6363636363636364
0.013280104285481506,0.006263936788292715,5.3742734170475216e-05,0.0,0.006357899920750373,0.76,0.6363636363636364
0.013117158220628972,0.009532512940935397,0.014459138305896969,0.0,0.0,0.76,0.6363636363636364
0.013198631253055239,0.00932347951737421,0.022682983538181656,0.0,0.009463337783903122,0.76,0.6363636363636364
0.0,0.00043632047002490146,0.0030839952078803743,0.0,0.0,0.76,0.6363636363636364
0.05092064526641681,0.03703542321613526,0.00033985002440431293,0.0,0.0,0.76,0.6363636363636364
0.05092064526641681,0.038824867087128075,0.00034829835381816566,0.0,0.03940726538584288,0.76,0.6363636363636364
0.008717614469610559,0.007027644817472603,0.0,0.0,0.0,0.76,0.6363636363636364
0.008717614469610559,0.007721871314313843,0.0,0.0,0.007837704414431322,0.76,0.6363636363636364
0.9660257454782467,0.8744345057066124,0.6033311265918267,0.6783553476862836,0.0,0.76,0.7272727272727273
0.9668404758025094,0.8495418635064739,0.6106867107423348,0.4721313927165689,0.8622855448919851,0.76,0.7272727272727273
0.0,0.0033557224813386146,0.1537213293694813,0.013212860551593804,0.0,0.76,0.7272727272727273
0.02085709630112433,0.013129654305823553,0.05713448994986023,0.0,0.0,0.76,0.7272727272727273
0.020449731138992993,0.011311946760659086,0.00864327993965479,0.0,0.011481633331221604,0.76,0.7272727272727273
0.0,0.0014049401369492778,0.004676185827749923,0.00013341173751368107,0.0,0.76,0.7272727272727273
0.04709141274238227,0.026561376629356655,0.0002807827128721658,0.0,0.0,0.76,0.7272727272727273
0.0472543588072348,0.025323074404711085,0.0003607223676620668,0.0,0.025702937017464803,0.76,0.7272727272727273
0.010102656020857097,0.006304565819914467,7.312419576696099e-05,0.0,0.0,0.76,0.7272727272727273
0.009858236923578295,0.005267053447196685,0.0,0.0,0.00534606268011958,0.76,0.7272727272727273
0.0,0.000510512614725492,0.0,0.0,0.0,0.76,0.7272727272727273
0.02419749063060127,0.013710237279432937,0.0,0.0,0.0,0.76,0.7272727272727273
0.02419749063060127,0.013509447427505148,0.0,0.0,0.013712097939629237,0.76,0.7272727272727273
0.0074955189832165555,0.004331408066805905,0.0,0.0,0.0,0.76,0.7272727272727273
0.007576992015642822,0.004029340049096357,0.0,0.0,0.004089782774741004,0.76,0.7272727272727273
0.0115691706045299,0.005539680137644093,0.0,0.0,0.0,0.76,0.7272727272727273
0.011487697572103633,0.0054990511060223415,0.0,0.0,0.005581540454962186,0.76,0.7272727272727273
0.000977676389115203,0.0005617405241616141,0.0,0.0,0.0,0.76,0.7272727272727273
0.000977676389115203,0.0004127674082151902,0.0,0.0,0.00041895918823519566,0.76,0.7272727272727273
0.0,9.951168614603016e-05,0.0,0.0,0.0,0.76,0.7272727272727273
0.014583672804301777,0.007456899368954591,7.809380130452146e-06,0.0,0.0,0.76,0.7272727272727273
0.014583672804301777,0.007354443550082347,5.345875671118605e-05,0.0,0.0074647649943760256,0.76,0.7272727272727273
0.0,9.067928796738844e-05,0.0,0.0,0.0,0.76,0.7272727272727273
0.011161805442398566,0.007277307272655543,0.01543410391800151,0.0,0.0,0.76,0.7272727272727273
0.0110803324099723,0.006037827394919487,0.03094850246261703,0.0,0.006128398739177884,0.76,0.7272727272727273
0.0,0.00025025128172818234,0.004088423481386165,0.0,0.0,0.76,0.7272727272727273
0.04880234642333388,0.03657967147011735,0.00023492035319696498,0.0,0.0,0.76,0.7272727272727273
0.04888381945576014,0.03499042862450708,0.0004742423570129121,0.0,0.03551530784834275,0.76,0.7272727272727273
0.00554016620498615,0.0036018519772500978,0.0,0.0,0.0,0.76,0.7272727272727273
0.00554016620498615,0.0043791030169705696,0.0,0.0,0.004444792414985949,0.76,0.7272727272727273
0.9428059312367606,0.8206263583492366,0.6720315924923459,0.8116999544530629,0.0,0.76,0.8181818181818182
0.942317093042203,0.8356997290809065,0.6122736477792076,0.5802042474218394,0.8482357694325942,0.76,0.8181818181818182
0.0,0.003336880031890846,0.2001748591205573,0.014108503681144248,0.0,0.76,0.8181818181818182
0.017435228939221118,0.008086943772364368,0.07018318320983272,0.0,0.0,0.76,0.8181818181818182
0.016701971647384715,0.008643384857618798,0.008084057327949593,0.0,0.008773041261204617,0.76,0.8181818181818182
0.0,0.0006182678725049211,0.0009736877135377379,0.0,0.0,0.76,0.8181818181818182
0.04839498126120254,0.0248567237808788,0.00023129964059102808,0.0,0.0,0.76,0.8181818181818182
0.048313508228776274,0.0253012878225371,0.0004312907662954253,0.0,0.02568082362236537,0.76,0.8181818181818182
0.005214274075281082,0.0019189857109462266,0.0004476194702045525,0.0,0.0,0.76,0.8181818181818182
0.005295747107707349,0.0014173054943993763,5.11159426720504e-06,0.0,0.0014385660001171412,0.76,0.8181818181818182
0.0,0.0002979462318928477,0.0,0.0,0.0,0.76,0.8181818181818182
0.023464233338764868,0.011597527635101834,0.0,0.0,0.0,0.76,0.8181818181818182
0.023382760306338603,0.01216574525126112,0.0,0.0,0.012348239355388556,0.76,0.8181818181818182
0.001710933680951605,0.0006936376702959972,0.0,0.0,0.0,0.76,0.8181818181818182
0.0018738797458041389,0.0002914691398951771,0.0,0.0,0.00029584136687078725,0.76,0.8181818181818182
0.0,2.7674847626410755e-05,0.0,0.0,0.0,0.76,0.8181818181818182
0.009532344793873227,0.004626410165972539,0.0,0.0,0.0,0.76,0.8181818181818182
0.009613817826299494,0.004739464862659152,0.0,0.0,0.004810559923117104,0.76,0.8181818181818182
0.0005703112269838683,0.000275570823173622,0.0,0.0,0.0,0.76,0.8181818181818182
0.0005703112269838683,0.0002131552093778871,0.0,0.0,0.0002163526763782323,0.76,0.8181818181818182
0.014583672804301777,0.006209764746130379,1.022318853441008e-05,0.0,0.0,0.76,0.8181818181818182
0.014583672804301777,0.006351083116988647,6.112614811199361e-05,0.0,0.006446353501148103,0.76,0.8181818181818182
0.0074955189832165555,0.0028505093055203076,0.018285876558548166,0.0,0.0,0.76,0.8181818181818182
0.007576992015642822,0.0024783709289268696,0.031237307538714114,0.0,0.002515548107392209,0.76,0.8181818181818182
0.0,0.0001707596981204068,0.003997692683143275,0.0,0.0,0.76,0.8181818181818182
0.04635815545054587,0.030564219483917087,0.00024904823179660115,0.0,0.0,0.76,0.8181818181818182
0.04660257454782467,0.030623690964986607,0.0005203176997825797,0.0,0.031083066279224046,0.76,0.8181818181818182
0.0,2.0020102538254588e-05,0.0,0.0,0.0,0.76,0.8181818181818182
0.0025256640052142743,0.0022033889322984903,0.0,0.0,0.0,0.76,0.8181818181818182
0.0022812449079354733,0.0017340941757399931,0.0,0.0,0.0017601067180494311,0.76,0.8181818181818182
0.8273586442887404,0.7137101783967784,0.6836900031060035,0.7847218917614428,0.0,0.76,0.9090909090909091
0.8270327521590354,0.6819965694965474,0.5575587877712207,0.5258308917002603,0.6922269623247513,0.76,0.9090909090909091
0.0,0.002676216648128444,0.21309341970981052,0.018372580743842667,0.0,0.76,0.9090909090909091
0.012546846993645104,0.004949675939310826,0.08669796334915916,0.0,0.0,0.76,0.9090909090909091
0.011406224539677367,0.004183023777404723,0.021285104494830724,0.0,0.004245771859091056,0.76,0.9090909090909091
0.0,0.0004910813387324802,0.008466929937436215,0.0,0.0,0.76,0.9090909090909091
0.043262180218347726,0.022265298155265317,0.00021674579580245818,0.0,0.0,0.76,0.9090909090909091
0.04342512628320026,0.021946742994288972,0.0005415450148644451,0.0,0.02227595843637976,0.76,0.9090909090909091
0.002607137037640541,0.0013272150329772306,0.0,0.0,0.0,0.76,0.9090909090909091
0.002607137037640541,0.0012736318173601376,0.0,0.0,0.0012927371243262886,0.76,0.9090909090909091
0.0,5.0050256345636474e-05,0.0,0.0,0.0,0.76,0.9090909090909091
0.02419749063060127,0.012636806487455346,0.0,0.0,0.0,0.76,0.9090909090909091
0.02419749063060127,0.012232871477418797,0.0,0.0,0.012416372518667888,0.76,0.9090909090909091
0.00016294606485253382,0.0,0.0,0.0,0.0,0.76,0.9090909090909091
0.00016294606485253382,0.0,0.0,0.0,0.0,0.76,0.9090909090909091
0.008228776275052958,0.0033922297271436674,0.0,0.0,0.0,0.76,0.9090909090909091
0.008228776275052958,0.0034499347285774596,0.0,0.0,0.0035016859969615,0.76,0.9090909090909091
0.01368746944761284,0.00577167779646975,1.4198872964458447e-05,0.0,0.0,0.76,0.9090909090909091
0.013605996415186573,0.00569571917213343,2.1156320717043084e-05,1.4445856928232983e-05,0.005781158670184091,0.76,0.9090909090909091
0.00472543588072348,0.001688754531756299,0.015834796113058526,0.0,0.0,0.76,0.9090909090909091
0.004806908913149747,0.0012930630933531493,0.030938634245906732,0.0,0.0013124598821176742,0.76,0.9090909090909091
0.0,0.00011717648250331362,0.0036011891556107733,0.0,0.0,0.76,0.9090909090909091
0.03935147466188692,0.022867667711048683,0.000482477703332298,0.0,0.0,0.76,0.9090909090909091
0.03943294769431318,0.021990316158636936,0.0002939166703642898,0.0,0.022320185226578627,0.76,0.9090909090909091
0.0,4.2395511257480304e-05,0.0,0.0,0.0,0.76,0.9090909090909091
0.002688610070066808,0.0017352718288304787,0.0,0.0,0.0,0.76,0.9090909090909091
0.002688610070066808,0.0015539132528957016,0.0,0.0,0.0015772229639838535,0.76,0.9090909090909091
0.0,2.1786582173982936e-05,0.0,0.0,0.0,0.76,0.9090909090909091
0.8289881049372657,0.7142312898893183,0.5603771930603009,1.0,0.0,0.76,1.0
0.8284177937102819,0.7241271088086685,0.5371009806096642,0.6495520084839668,0.7349894871724378,0.76,1.0
0.0,0.0032291247741114168,0.17570523139725785,0.02218458746031638,0.0,0.76,1.0
0.013361577317907773,0.004947909459675097,0.046961991391933265,0.0,0.0,0.76,1.0
0.012954212155776438,0.005228190895210661,0.020085086746239517,0.0067929517814290866,0.005306617164536808,0.76,1.0
0.0,0.0007625303760894028,0.005444912810045703,0.0,0.0,0.76,1.0
0.03715170278637771,0.01760355839657821,0.0002604783245329902,0.0,0.0,0.76,1.0
0.037477594916082775,0.017174892671641465,0.0004596175178595199,0.0,0.017432527250277014,0.76,1.0
0.002607137037640541,0.0010728419654323488,0.0,0.0,0.0,0.76,1.0
0.002688610070066808,0.0009627314014719485,0.00013758707902560236,0.0,0.0009771729996641155,0.76,1.0
0.0,1.177653090485564e-06,0.0,0.0,0.0,0.76,1.0
0.04106240834283852,0.03230066896583805,0.0,0.0,0.0,0.76,1.0
0.04122535440769105,0.025679314464582968,0.0,0.0,0.026064520910306876,0.76,1.0
0.00448101678344468,0.004847220120438581,0.0,0.0,0.0,0.76,1.0
0.004399543751018413,0.002786916038634087,0.0,0.0,0.0028287215947463353,0.76,1.0
0.009124979631741893,0.004248972350471915,0.0,0.0,0.0,0.76,1.0
0.00920645266416816,0.003662501111410104,0.0,0.0,0.0037174410140127204,0.76,1.0
0.00016294606485253382,0.00010775525777942911,0.0,0.0,0.0,0.76,1.0
0.00016294606485253382,0.00010598877814370076,0.0,0.0,0.00010757867886210445,0.76,1.0
0.010591494215414698,0.0042583935751958,1.1217109641922172e-05,0.0,0.0,0.76,1.0
0.010672967247840965,0.00408704505053015,3.152149798109775e-05,0.0,0.00414835338878815,0.76,1.0
0.0050513280104285485,0.0010068933923651573,0.014008253094910592,0.0,0.0,0.76,1.0
0.005132801042854815,0.0010875626290634184,0.023606762213249324,0.0,0.001103876776990594,0.76,1.0
0.0,0.0,0.027152859741757997,0.0,0.0,0.76,1.0
0.05548313508228776,0.04284949652386249,0.00033970803567466833,0.0,0.0,0.76,1.0
0.055401662049861494,0.035811252828575516,0.0004586235967520078,0.0,0.03634844495019705,0.76,1.0
0.006436369561675086,0.007123623544347177,0.0,0.0,0.0,0.76,1.0
0.006517842594101353,0.005065674768723653,0.0,0.0,0.005141663190281582,0.76,1.0
0.7778230405735701,0.6045941424712933,0.5640424191329814,0.7275069510064514,0.0,0.8,0.0
0.7800228124490793,0.6144764183801028,0.40438397302214135,0.5134295484055172,0.6236939649556477,0.8,0.0
0.0,0.0017523477986425193,0.15970437946487998,0.016495469099462274,0.0,0.8,0.0
0.015968714355548315,0.0058965090240612195,0.0454503083817722,0.0,0.0,0.8,0.0
0.015479876160990712,0.005905341422239861,0.013698859653015042,0.018414218802047574,0.005993925390600253,0.8,0.0
0.0,0.0002219876075565288,0.006220952211918179,0.0,0.0,0.8,0.0
0.04041062408342839,0.017217877009444188,0.00023342947153569686,0.0,0.0,0.8,0.0
0.04000325892129705,0.01774487676743648,0.00021958557039534988,0.0,0.018011061478824333,0.8,0.0
0.0022812449079354733,0.0007937381829872702,0.0,0.0,0.0,0.8,0.0
0.0022812449079354733,0.0008172912447969815,0.0,0.0,0.0008295511458922276,0.8,0.0
0.0,5.88826545242782e-07,0.0,0.0,0.0,0.8,0.0
0.054098093531041225,0.04235193809313234,0.0,0.0,0.0,0.8,0.0
0.053935147466188695,0.04285891774858638,0.0,0.0,0.043501829435199986,0.8,0.0
0.010835913312693499,0.009430057122063153,0.0,0.0,0.0,0.8,0.0
0.010428548150562164,0.008822388127372603,0.0,0.0,0.008954729696616173,0.8,0.0
0.009858236923578295,0.00399401045638179,0.0,0.0,0.0,0.8,0.0
0.009776763891152028,0.004542796796548064,0.0,0.0,0.004610941707895199,0.8,0.0
0.0004888381945576015,0.0003179663344311023,0.0,0.0,0.0,0.8,0.0
0.0004888381945576015,0.0002490736286376968,0.0,0.0,0.0002528098953259455,0.8,0.0
0.011732116669382434,0.0043255198013534765,0.00012132936948129742,0.0,0.0,0.8,0.0
0.011650643636956167,0.00442149852822805,2.9675644495718153e-05,0.0,0.004487823886530791,0.8,0.0
0.0,2.7086021081167974e-05,0.0,0.0,0.0,0.8,0.0
0.004318070718592146,0.0010139593109080706,0.015177246306074456,0.0,0.0,0.8,0.0
0.004236597686165879,0.0009203358902144683,0.025679442694236145,0.0,0.0009341415281192737,0.8,0.0
0.0,0.0,0.008968647113635354,0.0,0.0,0.8,0.0
0.07063711911357341,0.05405957629219457,0.0002750321693215601,0.0,0.0,0.8,0.0
0.07063711911357341,0.055332030456464225,0.000434130540888317,0.0,0.05616204695928864,0.8,0.0
0.010428548150562164,0.010943930169882347,0.0,0.0,0.0,0.8,0.0
0.010428548150562164,0.01060829903909396,0.0,0.0,0.010767430435442633,0.8,0.0
0.7418934332735865,0.5909999040212731,0.5028065847273373,0.4791571777214295,0.0,0.8,0.09090909090909091
0.7418119602411601,0.5844910153901595,0.4813932644096375,0.36384185015737486,0.5932587613869044,0.8,0.09090909090909091
0.0,0.00029559092571187655,0.1269751963437902,0.013562960143030978,0.0,0.8,0.09090909090909091
0.01735375590679485,0.005983066526211908,0.06349849580689533,0.0,0.0,0.8,0.09090909090909091
0.01653902558253218,0.006042538007281429,0.02174926565203887,0.0,0.0061331800137939775,0.8,0.09090909090909091
0.0,0.0003050121504357611,0.010103492035319697,0.0,0.0,0.8,0.09090909090909091
0.038781163434903045,0.017157227875284183,0.00025912943160136666,0.0,0.0,0.8,0.09090909090909091
0.03886263646732931,0.01711012175166476,0.00019970714824510803,0.0,0.01736678472430573,0.8,0.09090909090909091
0.0,8.53798490602034e-05,0.0,0.0,0.0,0.8,0.09090909090909091
0.0013035685188202706,0.0007790175193562006,1.5618760260904292e-05,0.0,0.0,0.8,0.09090909090909091
0.0013035685188202706,0.0007784286928109579,0.0,0.0,0.000790105630309456,0.8,0.09090909090909091
0.052957471077073485,0.043637935267942574,0.0,0.0,0.0,0.8,0.09090909090909091
0.052957471077073485,0.0434359677629243,0.0,0.0,0.04408753557567144,0.8,0.09090909090909091
0.015235457063711912,0.014548137453313415,0.0,0.0,0.0,0.8,0.09090909090909091
0.015235457063711912,0.01416834433163182,0.0,0.0,0.014380878726555319,0.8,0.09090909090909091
0.00896203356688936,0.004252505309743372,0.0,0.0,0.0,0.8,0.09090909090909091
0.00896203356688936,0.004382635976242027,0.0,0.0,0.004448378370948019,0.8,0.09090909090909091
0.012872739123350171,0.005290606509006397,2.2860185472778098e-05,0.0,0.0,0.8,0.09090909090909091
0.012791266090923905,0.004808357568452558,4.2170652704441586e-05,0.0,0.004880486064377472,0.8,0.09090909090909091
0.004318070718592146,0.0010487000770773949,0.012987567111860497,0.0,0.0,0.8,0.09090909090909091
0.004399543751018413,0.0010628319141632214,0.03294642587744598,0.0,0.001078775085256103,0.8,0.09090909090909091
0.0,5.770500143379264e-05,0.003979589120113591,0.0,0.0,0.8,0.09090909090909091
0.07348867524849274,0.06223484404634536,0.000412264276523051,0.0,0.0,0.8,0.09090909090909091
0.07348867524849274,0.061076622231852805,0.0006378843679282957,0.0,0.0619928113536147,0.8,0.09090909090909091
0.01393188854489164,0.01458935531148041,0.0,0.0,0.0,0.8,0.09090909090909091
0.013850415512465374,0.014506330768601177,0.00027737498336069576,0.0,0.01472393518026003,0.8,0.09090909090909091
0.0,1.177653090485564e-05,0.0,0.0,0.0,0.8,0.09090909090909091
0.4083428385204497,0.23970716478251985,0.5653440298176332,0.350743706704917,0.0,0.8,0.18181818181818182
0.4054098093531041,0.2266475808355802,0.39412784310245375,0.20590444660471377,0.2300474421973782,0.8,0.18181818181818182
0.0,0.0006418209343146324,0.16844577361671917,0.00751864365300032,0.0,0.8,0.18181818181818182
0.019960892944435392,0.006238028420302032,0.09259212849980032,0.0007826255429942692,0.0,0.8,0.18181818181818182
0.019960892944435392,0.0027456981804670926,0.030991028087145583,0.0,0.0027868854418555172,0.8,0.18181818181818182
0.0,0.000183713882115748,0.008552691130141545,2.379317611708962e-05,0.0,0.8,0.18181818181818182
0.018738797458041388,0.006847463894628312,4.1105737232107204e-05,0.0,0.0,0.8,0.18181818181818182
0.01890174352289392,0.006210353572675622,7.106535918711452e-05,0.0,0.00630351292199231,0.8,0.18181818181818182
0.0008962033566889359,0.00047047240964898286,0.0,0.0,0.0,0.8,0.18181818181818182
0.0008962033566889359,0.0003633059784147965,0.0,0.0,0.0003687558047662136,0.8,0.18181818181818182
0.0,3.5329592714566923e-06,0.0,0.0,0.0,0.8,0.18181818181818182
0.028515561349193416,0.01642708295918313,0.0,0.0,0.0,0.8,0.18181818181818182
0.029167345608603554,0.021839576563054786,0.0,0.0,0.022167184438863636,0.8,0.18181818181818182
0.005295747107707349,0.0023252760271637463,0.0,0.0,0.0,0.8,0.18181818181818182
0.005295747107707349,0.00480246930300013,0.0,0.0,0.004874509471107355,0.8,0.18181818181818182
0.00472543588072348,0.0015309490176312333,0.0,0.0,0.0,0.8,0.18181818181818182
0.004806908913149747,0.0017405712677376636,0.0,0.0,0.0017666809706465597,0.8,0.18181818181818182
0.0056216392374124164,0.0017723679011807738,5.601455384478857e-05,0.0,0.0,0.8,0.18181818181818182
0.0056216392374124164,0.0016080852950580377,1.909748413719661e-05,0.0,0.0016322076220689292,0.8,0.18181818181818182
0.003910705556460812,0.00040157970385557734,0.013542956027865288,0.0,0.0,0.8,0.18181818181818182
0.004073651621313346,0.0002938244460761482,0.024723219594444693,0.0,0.00029823200417883404,0.8,0.18181818181818182
0.0,0.0,0.00574741979855349,0.0,0.0,0.8,0.18181818181818182
0.03910705556460811,0.02042698168101735,0.00036909970271109733,0.0,0.0,0.8,0.18181818181818182
0.03935147466188692,0.02774609563838513,0.0003693126858055642,0.0,0.028162305148117912,0.8,0.18181818181818182
0.005132801042854815,0.002811646753534284,0.0,0.0,0.0,0.8,0.18181818181818182
0.005132801042854815,0.005328880234447177,0.0,0.0,0.005408816909455807,0.8,0.18181818181818182
0.027211992830373146,0.0032750532446403535,0.37825463903802636,0.04114265028789743,0.0,0.8,0.2727272727272727
0.027211992830373146,0.0022711039850014103,0.15598491369747527,0.0305869776548086,0.0023051720242840937,0.8,0.2727272727272727
0.0,9.421224723884512e-06,0.1133410835514931,0.0066128034479711216,0.0,0.8,0.2727272727272727
0.011976535766661234,0.0013890418202277227,0.15149089940985935,0.0027005254892896718,0.0,0.8,0.2727272727272727
0.0118135897018087,0.00047636067510141065,0.034808040111816124,0.00022433566053255927,0.00048350639555245833,0.8,0.2727272727272727
0.0,1.7075969812040677e-05,0.008569303811509962,0.0013120237115995133,0.0,0.8,0.2727272727272727
8.147303242626691e-05,0.0,0.0,0.0,0.0,0.8,0.2727272727272727
0.00040736516213133454,1.177653090485564e-06,0.0,0.0,0.0,0.8,0.2727272727272727
0.00040736516213133454,1.7664796357283461e-06,0.0,0.0,1.7929779810350742e-06,0.8,0.2727272727272727
0.0,5.299438907185038e-06,0.0,0.0,0.0,0.8,0.2727272727272727
8.147303242626691e-05,8.420219596971783e-05,0.0,0.0,0.0,0.8,0.2727272727272727
8.147303242626691e-05,0.0,0.0,0.0,0.0,0.8,0.2727272727272727
0.005132801042854815,0.0,0.01618557926964547,0.0,0.0,0.8,0.2727272727272727
0.005132801042854815,0.0,0.038363082930292405,0.0,0.0,0.8,0.2727272727272727
0.0,0.0,0.006694697608377335,0.0,0.0,0.8,0.2727272727272727
0.00016294606485253382,3.5329592714566923e-06,0.0,0.0,0.0,0.8,0.2727272727272727
0.00016294606485253382,2.94413272621391e-06,0.0,0.0,2.988296635058457e-06,0.8,0.2727272727272727
0.03315952419749063,0.006005441934931134,0.40905021963881616,0.050766990027260185,0.0,0.8,0.36363636363636365
0.030633860192276357,0.004954975378218011,0.13961155433287484,0.035699111494823285,0.005029303236803383,0.8,0.36363636363636365
0.0,6.241561379573489e-05,0.17653806629098814,0.01398528901910932,0.0,0.8,0.36363636363636365
0.009695290858725761,0.0001472066363106955,0.16298616497315527,0.02142830436230889,0.0,0.8,0.36363636363636365
0.01344305035033404,0.0006706734350315287,0.0583512623685495,0.004304015608323533,0.0006807339734663166,0.8,0.36363636363636365
0.0,5.476086870757873e-05,0.015691600479211962,0.0013604598201235885,0.0,0.8,0.36363636363636365
0.0005703112269838683,1.0598877814370076e-05,0.0,0.0,0.0,0.8,0.36363636363636365
0.0005703112269838683,8.243571633398948e-06,0.0,0.0,8.36723057816368e-06,0.8,0.36363636363636365
0.0037477594916082778,0.00042572159221053137,0.016498451435417314,0.0,0.0,0.8,0.36363636363636365
0.0037477594916082778,0.0,0.03994263655322359,0.0,0.0,0.8,0.36363636363636365
0.0,0.0,0.004491813462306429,0.0,0.0,0.8,0.36363636363636365
0.0008147303242626691,7.831393051729e-05,0.0,0.0,0.0,0.8,0.36363636363636365
0.0008147303242626691,6.123796070524933e-05,0.0,0.0,6.215657000921591e-05,0.8,0.36363636363636365
8.147303242626691e-05,2.94413272621391e-06,0.0,0.0,0.0,0.8,0.36363636363636365
8.147303242626691e-05,2.94413272621391e-06,0.0,0.0,2.988296635058457e-06,0.8,0.36363636363636365
0.09336809516050187,0.03951320531851689,0.38442632116075787,0.07772805759308231,0.0,0.8,0.45454545454545453
0.09312367606322307,0.04125613189243552,0.19281891999822515,0.09607939442967757,0.04187500074707416,0.8,0.45454545454545453
0.0,1.5309490176312333e-05,0.1620290189466211,0.0117691246150604,0.0,0.8,0.45454545454545453
0.006599315626527619,0.00020432281119924536,0.05152416026977859,0.005415496835507576,0.0,0.8,0.45454545454545453
0.006762261691380153,0.00034210822278605635,0.027093366464036917,0.0,0.00034724006899379274,0.8,0.45454545454545453
0.0,0.0,0.015073097572880152,0.0004843610852407529,0.0,0.8,0.45454545454545453
0.0007332572918364021,0.0001731150043013779,0.0,0.0,0.0,0.8,0.45454545454545453
0.0008147303242626691,0.00019195745374914693,0.0,0.0,0.0001948369406058114,0.8,0.45454545454545453
0.0021182988430829396,0.00021079990319691595,0.0,0.0,0.0,0.8,0.45454545454545453
0.002036825810656673,4.5928470528937e-05,0.0,0.0,4.661742750691193e-05,0.8,0.45454545454545453
0.0,2.0020102538254588e-05,0.0,0.0,0.0,0.8,0.45454545454545453
0.0007332572918364021,0.00012954183995341205,0.0,0.0,0.0,0.8,0.45454545454545453
0.0007332572918364021,0.0001601608203060367,0.0,0.0,0.00016256333694718007,0.8,0.45454545454545453
0.0035848134267557437,0.0,0.01537283578115987,0.0,0.0,0.8,0.45454545454545453
0.0035848134267557437,1.766479635728346e-05,0.04547082575320584,0.0,1.7929779810350744e-05,0.8,0.45454545454545453
0.0,0.0,0.0037885432843768026,0.0,0.0,0.8,0.45454545454545453
0.0011406224539677367,0.0005010913900016075,0.0,0.0,0.0,0.8,0.45454545454545453
0.0011406224539677367,0.00046046235837985555,0.0,0.0,0.0004673695937231427,0.8,0.45454545454545453
0.30413883004725434,0.16029095097253537,0.45340962861072903,0.14440758390493608,0.0,0.8,0.5454545454545454
0.3059312367606322,0.17746054420526963,0.25075117362559346,0.14324426754406835,0.18012256797478357,0.8,0.5454545454545454
0.0,0.00024259653664002618,0.20432717753028354,0.0017963847968402661,0.0,0.8,0.5454545454545454
0.006354896529248819,0.00044633052129402877,0.04558590761858278,0.0,0.0,0.8,0.5454545454545454
0.006680788658953886,0.000888539256771358,0.010791924391001463,0.0,0.0009018679244606424,0.8,0.5454545454545454
0.0,8.479102251496061e-05,0.013105346763100678,0.001160767091998015,0.0,0.8,0.5454545454545454
0.007251099885937755,0.0022981900060825783,1.973643342059724e-05,0.0,0.0,0.8,0.5454545454545454
0.0070881538210852205,0.002530776491453477,6.815459022940054e-06,0.0,0.0025687397874962496,0.8,0.5454545454545454
0.003503340394329477,0.00041865567366761804,1.9168478502018902e-05,0.0,0.0,0.8,0.5454545454545454
0.0035848134267557437,0.0006453538935860891,0.0,0.0,0.0006550346224048138,0.8,0.5454545454545454
0.0,6.123796070524933e-05,0.0,0.0,0.0,0.8,0.5454545454545454
0.00554016620498615,0.0016705009088537725,0.0,0.0,0.0,0.8,0.5454545454545454
0.005295747107707349,0.001648125500134547,0.0,0.0,0.0016728484563057243,0.8,0.5454545454545454
0.0,8.243571633398948e-06,0.0,0.0,0.0,0.8,0.5454545454545454
0.0021182988430829396,0.000721312517922408,0.0,0.0,0.0,0.8,0.5454545454545454
0.0021182988430829396,0.001096983853787303,0.0,0.0,0.0011134393262227811,0.8,0.5454545454545454
0.0011406224539677367,0.0008602755825997046,0.0,0.0,0.0,0.8,0.5454545454545454
0.0011406224539677367,0.0007389773142796914,0.0,0.0,0.0007500624553996727,0.8,0.5454545454545454
0.00024441909727880074,5.88826545242782e-07,0.0,0.0,0.0,0.8,0.5454545454545454
0.00024441909727880074,0.0,0.0,0.0,0.0,0.8,0.5454545454545454
0.0,7.53697977910761e-05,0.0,0.0,0.0,0.8,0.5454545454545454
0.004806908913149747,0.00014249602394875326,0.016533451657274705,0.0,0.0,0.8,0.5454545454545454
0.004806908913149747,0.00018253622902526242,0.04603295913386875,0.0,0.00018527439137362435,0.8,0.5454545454545454
0.0,0.000137785411586811,0.0038793450769845144,0.0,0.0,0.8,0.5454545454545454
0.011650643636956167,0.004652318533963221,0.0001396459156054488,0.0,0.0,0.8,0.5454545454545454
0.0115691706045299,0.006069035201817354,1.781958557039535e-05,0.0,0.006160074683509503,0.8,0.5454545454545454
0.0,1.5309490176312333e-05,0.0,0.0,0.0,0.8,0.5454545454545454
0.00024441909727880074,5.534969525282151e-05,0.0,0.0,0.0,0.8,0.5454545454545454
0.00016294606485253382,2.885250071689632e-05,0.0,0.0,2.9285307023572878e-05,0.8,0.5454545454545454
0.4228450382923252,0.23725470222158368,0.43130503616275456,0.15920184091202644,0.0,0.8,0.6363636363636364
0.42203030796806257,0.23034423388661437,0.22734440253804855,0.19279525632048727,0.2337995474523576,0.8,0.6363636363636364
0.0,0.0004957919510944225,0.14103399742645428,0.000793672374762918,0.0,0.8,0.6363636363636364
0.004969854978002281,0.0004198333267581036,0.08038180769401429,0.0025654142391961987,0.0,0.8,0.6363636363636364
0.005132801042854815,0.0010204364029057413,0.019532679593557263,0.0,0.0010357436137112613,0.8,0.6363636363636364
0.0,0.0002720378639021653,0.022882903669521233,0.0017275545373586856,0.0,0.8,0.6363636363636364
0.007576992015642822,0.0028457986931583654,3.216044726449838e-05,0.0,0.0,0.8,0.6363636363636364
0.007658465048069089,0.0031090041588818893,4.117673159692949e-06,0.0,0.0031556412466217307,0.8,0.6363636363636364
0.003666286459182011,0.0007277896099200786,0.0,0.0,0.0,0.8,0.6363636363636364
0.003503340394329477,0.0008991381345857282,0.0,0.0,0.0009126257923468528,0.8,0.6363636363636364
0.0,0.00011011056396040023,0.0,0.0,0.0,0.8,0.6363636363636364
0.0056216392374124164,0.0022563833213703408,0.0,0.0,0.0,0.8,0.6363636363636364
0.0056216392374124164,0.0023252760271637463,0.0,0.0,0.0023601566823691694,0.8,0.6363636363636364
0.0,4.475081743845143e-05,0.0,0.0,0.0,0.8,0.6363636363636364
0.0021997718755092065,0.0011252475279589565,0.0,0.0,0.0,0.8,0.6363636363636364
0.0022812449079354733,0.001215926815926345,0.0,0.0,0.0012341665102791428,0.8,0.6363636363636364
0.0014665145836728042,0.0008526208375115484,0.0,0.0,0.0,0.8,0.6363636363636364
0.0014665145836728042,0.0010198475763604985,0.0,0.0,0.0010351459543842495,0.8,0.6363636363636364
8.147303242626691e-05,0.0,0.0,0.0,0.0,0.8,0.6363636363636364
8.147303242626691e-05,2.649719453592519e-05,0.0,0.0,2.6894669715526112e-05,0.8,0.6363636363636364
0.0050513280104285485,0.00030383449734527554,0.012874970049252341,0.0,0.0,0.8,0.6363636363636364
0.0050513280104285485,0.00035565123332664036,0.04678500244043129,0.0,0.0003609862335150616,0.8,0.6363636363636364
0.0,0.00032974286533595795,0.0031478191418556154,0.0,0.0,0.8,0.6363636363636364
0.014583672804301777,0.008651628429252196,7.170430847051515e-05,0.0,0.0,0.8,0.6363636363636364
0.014583672804301777,0.008716988175774145,3.5497182411146113e-05,0.0,0.00884774867708108,0.8,0.6363636363636364
0.0,7.713627742680444e-05,0.0,0.0,0.0,0.8,0.6363636363636364
0.0008962033566889359,0.0002031451581087598,0.0,0.0,0.0,0.8,0.6363636363636364
0.000977676389115203,0.00028263674171653537,0.0,0.0,0.0002868764769656119,0.8,0.6363636363636364
0.0,0.00014779546285593827,0.0,0.0,0.0,0.8,0.6363636363636364
0.3744500570311227,0.1713502911452853,0.48579952966233303,0.20834579642558515,0.0,0.8,0.7272727272727273
0.3746130030959752,0.15810699331622988,0.240282841549452,0.26175637827071196,0.16047870121456329,0.8,0.7272727272727273
0.0,0.0006141460866882217,0.16288130629631273,0.0004886098666902332,0.0,0.8,0.7272727272727273
0.00578458530226495,0.00034564118205751305,0.10223096241735813,0.001320521274498474,0.0,0.8,0.7272727272727273
0.005703112269838683,0.0002791037824450787,0.032457274703820385,0.0031925343811394892,0.00028329052100354175,0.8,0.7272727272727273
0.0,0.0003697830704124671,0.024982987975329458,0.0009967641280480759,0.0,0.8,0.7272727272727273
0.008554668404758025,0.003117247730515288,7.596397035985268e-05,0.0,0.0,0.8,0.7272727272727273
0.008554668404758025,0.003309794010809678,1.334694058659094e-05,0.0,0.0033594430771327175,0.8,0.7272727272727273
0.0031774482646244094,0.0006730287412124998,0.0,0.0,0.0,0.8,0.7272727272727273
0.003340394329476943,0.0005016802165468502,5.0831965212761234e-05,0.0,0.0005092057466139611,0.8,0.7272727272727273
0.0,0.00010010051269127295,0.0,0.0,0.0,0.8,0.7272727272727273
0.005703112269838683,0.0018430270866099077,0.0,0.0,0.0,0.8,0.7272727272727273
0.0056216392374124164,0.0017317388695590218,0.0,0.0,0.0017577160807413844,0.8,0.7272727272727273
0.0,1.5898316721555113e-05,0.0,0.0,0.0,0.8,0.7272727272727273
0.0015479876160990713,0.0010233805356319552,0.0,0.0,0.0,0.8,0.7272727272727273
0.0015479876160990713,0.0009085593593096126,0.0,0.0,0.0009221883415790399,0.8,0.7272727272727273
0.002688610070066808,0.000999238647277001,0.0,0.0,0.0,0.8,0.7272727272727273
0.002688610070066808,0.0010640095672537072,0.0,0.0,0.0010799704039101265,0.8,0.7272727272727273
0.00040736516213133454,7.595862433631888e-05,0.0,0.0,0.0,0.8,0.7272727272727273
0.00040736516213133454,5.6527348343307076e-05,0.0,0.0,5.7375295393122376e-05,0.8,0.7272727272727273
0.0046439628482972135,0.0003109004158881889,0.018927949594000976,0.0,0.0,0.8,0.7272727272727273
0.0046439628482972135,0.0002973574053476049,0.05385774504148733,0.0,0.0003018179601409042,0.8,0.7272727272727273
0.0,0.00013601893195108264,0.0039908772241203355,0.0,0.0,0.8,0.7272727272727273
0.012220954863940035,0.006395833934427098,5.5659582020677107e-05,0.0,0.0,0.8,0.7272727272727273
0.012220954863940035,0.005892387238244519,4.437147801393264e-05,0.0,0.005980776885405996,0.8,0.7272727272727273
0.0,1.7075969812040677e-05,0.0,0.0,0.0,0.8,0.7272727272727273
0.0013850415512465374,0.0009120923185810694,0.0,0.0,0.0,0.8,0.7272727272727273
0.0013850415512465374,0.0007012924153841534,0.0,0.0,0.0007118122584709245,0.8,0.7272727272727273
0.0,4.2984337802723084e-05,0.0,0.0,0.0,0.8,0.7272727272727273
0.2789636630275379,0.11157674205805476,0.5278997559568709,0.21586953861632482,0.0,0.8,0.8181818181818182
0.27985986638422683,0.1094852301693524,0.2701545724808093,0.27417811571641254,0.11112757994589988,0.8,0.8181818181818182
0.0,0.0011270140075946848,0.16769926787061276,0.0016706208659356496,0.0,0.8,0.8181818181818182
0.004969854978002281,0.0002131552093778871,0.10918116874473088,0.008006403763400657,0.0,0.8,0.8181818181818182
0.005377220140133616,0.00015780551412506558,0.024596991613790656,0.0008038694502416707,0.0001601726996391333,0.8,0.8181818181818182
0.0,7.949158360777558e-05,0.020418547277809822,5.098537739376347e-06,0.0,0.8,0.8181818181818182
0.011406224539677367,0.0028157685393509838,1.6470692638771797e-05,0.0,0.0,0.8,0.8181818181818182
0.011406224539677367,0.00293353384839954,1.8955495407552025e-05,0.0,0.002977538767172247,0.8,0.8181818181818182
0.0021997718755092065,6.712622615767715e-05,0.0,0.0,0.0,0.8,0.8181818181818182
0.0021997718755092065,3.8862551986023616e-05,0.0,0.0,3.944551558277163e-05,0.8,0.8181818181818182
0.0,3.650724580505249e-05,0.0,0.0,0.0,0.8,0.8181818181818182
0.004888381945576014,0.0009951168614603016,0.0,0.0,0.0,0.8,0.8181818181818182
0.004969854978002281,0.001042811811624967,0.0,0.0,0.0010584546681377054,0.8,0.8181818181818182
0.00032589212970506764,0.00024377418973051175,0.0,0.0,0.0,0.8,0.8181818181818182
0.0004888381945576015,5.299438907185038e-05,0.0,0.0,5.3789339431052224e-05,0.8,0.8181818181818182
0.0,1.9431275993011808e-05,0.0,0.0,0.0,0.8,0.8181818181818182
0.003666286459182011,0.0008261236429756232,0.0,0.0,0.0,0.8,0.8181818181818182
0.003666286459182011,0.0009168029309430116,0.0,0.0,0.0009305555721572036,0.8,0.8181818181818182
0.0007332572918364021,8.479102251496061e-05,0.0,0.0,0.0,0.8,0.8181818181818182
0.0007332572918364021,0.00016958204502992122,0.0,0.0,0.00017212588617936713,0.8,0.8181818181818182
0.004236597686165879,0.00012129826832001309,0.019307414473976128,0.0,0.0,0.8,0.8181818181818182
0.004236597686165879,5.593852179806429e-05,0.058470745884545414,0.0,5.6777636066110686e-05,0.8,0.8181818181818182
0.0,0.0,0.005323086480010649,0.0,0.0,0.8,0.8181818181818182
0.010347075118135898,0.003945137853126639,4.259661889337534e-07,0.0,0.0,0.8,0.8181818181818182
0.010347075118135898,0.003946315506217125,1.3559923681057815e-05,0.0,0.004005512809632356,0.8,0.8181818181818182
0.000977676389115203,0.0005164008801779198,0.0,0.0,0.0,0.8,0.8181818181818182
0.000977676389115203,0.00048283776709908126,0.0,0.0,0.000490080648149587,0.8,0.8181818181818182
0.16677529737656835,0.05228426425828759,0.5548486488884945,0.18468433253342942,0.0,0.8,0.9090909090909091
0.16620498614958448,0.052626372481073644,0.26976034077295113,0.2305337829110611,0.05341580235166992,0.8,0.9090909090909091
0.0,0.000794327009532513,0.15074126991170075,0.0009780694896703624,0.0,0.8,0.9090909090909091
0.006273423496822552,0.0002779261293545931,0.11894005413320317,0.007921428134411051,0.0,0.8,0.9090909090909091
0.006762261691380153,0.00037743781550062325,0.019074197985534898,0.001192208074724169,0.0003830996286144942,0.8,0.9090909090909091
0.0,0.0002849920478975065,0.016000141988729646,0.009349018701436429,0.0,0.8,0.9090909090909091
0.004318070718592146,0.0006954041499317256,3.2657407818254424e-06,0.0,0.0,0.8,0.9090909090909091
0.004399543751018413,0.0008679303276878607,1.206904201978968e-06,0.0,0.0008809498480152331,0.8,0.9090909090909091
0.0011406224539677367,4.533964398369422e-05,0.0,0.0,0.0,0.8,0.9090909090909091
0.0011406224539677367,9.362342069360234e-05,0.0,0.0,9.502783299485893e-05,0.8,0.9090909090909091
0.0,5.88826545242782e-07,0.0,0.0,0.0,0.8,0.9090909090909091
0.002607137037640541,0.0003668389376862532,0.0,0.0,0.0,0.8,0.9090909090909091
0.002607137037640541,0.00039804674458412064,0.0,0.0,0.00040401770505990337,0.8,0.9090909090909091
0.0008962033566889359,8.479102251496061e-05,0.0,0.0,0.0,0.8,0.9090909090909091
0.0008962033566889359,0.00012012061522952753,0.0,0.0,0.00012192250271038505,0.8,0.9090909090909091
0.004236597686165879,7.360331815534775e-05,0.018018014820073657,0.0,0.0,0.8,0.9090909090909091
0.004236597686165879,7.53697977910761e-05,0.059925846385943116,0.0,7.65003938574965e-05,0.8,0.9090909090909091
0.0,0.0,0.0056458268624927895,0.0,0.0,0.8,0.9090909090909091
0.000977676389115203,0.00020785577047070206,0.0,0.0,0.0,0.8,0.9090909090909091
0.0010591494215414698,0.00019077980065866138,0.0,0.0,0.00019364162195178802,0.8,0.9090909090909091
8.147303242626691e-05,0.0,0.0,0.0,0.0,0.8,0.9090909090909091
8.147303242626691e-05,2.7674847626410755e-05,0.0,0.0,2.8089988369549495e-05,0.8,0.9090909090909091
0.16139807723643473,0.06271061589490153,0.5597292984869326,0.2215297652633225,0.0,0.8,1.0
0.16147955026886102,0.06884618849633131,0.2944521808581444,0.21122647024833277,0.06987892617353397,0.8,1.0
0.0,0.0015533244263504589,0.14941168744730887,0.0009457787506543123,0.0,0.8,1.0
0.004806908913149747,0.00017370383084662068,0.03836038514442916,0.01858501981631668,0.0,0.8,1.0
0.00448101678344468,0.00024966245518293957,0.026403301237964236,0.0,0.00025340755465295717,0.8,1.0
0.0,4.1806684712237524e-05,0.00961796157430004,0.002423504938783557,0.0,0.8,1.0
0.0035848134267557437,0.000767240988451345,8.874295602786528e-06,0.0,0.0,0.8,1.0
0.0035848134267557437,0.0007071806808365812,5.608554820961086e-06,0.0,0.0007177888517410414,0.8,1.0
0.00040736516213133454,5.88826545242782e-06,0.0,0.0,0.0,0.8,1.0
0.00040736516213133454,5.299438907185038e-06,0.0,0.0,5.378933943105223e-06,0.8,1.0
0.003992178588887079,0.0006812723128458988,0.0,0.0,0.0,0.8,1.0
0.004399543751018413,0.0005582075648901573,0.0,0.0,0.0005665810420070835,0.8,1.0
0.00040736516213133454,0.0,0.0,0.0,0.0,0.8,1.0
0.00040736516213133454,5.1816735981364814e-05,0.0,0.0,0.0,0.8,1.0
0.00040736516213133454,2.2375408719225716e-05,0.0,0.0,2.2711054426444274e-05,0.8,1.0
0.00024441909727880074,4.1806684712237524e-05,0.0,0.0,0.0,0.8,1.0
0.00024441909727880074,6.241561379573489e-05,0.0,0.0,6.335188866323929e-05,0.8,1.0
0.003910705556460812,5.8882654524278204e-05,0.01710098060966411,0.0,0.0,0.8,1.0
0.003910705556460812,5.7116174888549856e-05,0.0651716909970271,0.0,5.7972954720134065e-05,0.8,1.0
0.0,0.0,0.005346727603496472,0.0,0.0,0.8,1.0
0.0028515561349193416,0.0006035472088738516,0.0,0.0,0.0,0.8,1.0
0.0028515561349193416,0.00047930480782762457,1.4198872964458446e-07,0.0,0.0004864946921875168,0.8,1.0
0.0004888381945576015,0.0002914691398951771,0.0,0.0,0.0,0.8,1.0
0.0004888381945576015,4.710612361942256e-05,0.0,0.0,4.7812746160935314e-05,0.8,1.0
0.14714029656183802,0.059090510294748905,0.6155488308115543,0.17907594102011543,0.0,0.84,0.0
0.15031774482646243,0.055835477152646806,0.25747526290100725,0.1990418148075132,0.056673045683883636,0.84,0.0
0.0,0.0015374261096289038,0.14183665971513512,0.0010978851265457067,0.0,0.84,0.0
0.004562489815870947,0.0001866580148419619,0.015663344722012692,0.0,0.0,0.84,0.0
0.0021182988430829396,0.00010657760468894355,0.0036237653636242624,0.0,0.00010817633818911615,0.84,0.0
0.0,4.710612361942256e-06,0.00044463770688201625,0.0031517460792244785,0.0,0.84,0.0
0.0037477594916082778,0.000653597465219488,3.0527576873585657e-06,0.0,0.0,0.84,0.0
0.003666286459182011,0.0008302454287923227,0.0,0.0,0.0008426996510864849,0.84,0.0
0.000977676389115203,4.946142980039369e-05,0.0,0.0,0.0,0.84,0.0
0.000977676389115203,6.477091997670603e-05,0.0,0.0,6.574252597128605e-05,0.84,0.0
0.0025256640052142743,0.0003338646511526574,0.0,0.0,0.0,0.84,0.0
0.0030959752321981426,0.00043043220457247367,0.0,0.0,0.0004368889680455464,0.84,0.0
0.0006517842594101353,0.0,0.0,0.0,0.0,0.84,0.0
0.00016294606485253382,3.5329592714566923e-06,0.0,0.0,0.0,0.84,0.0
0.00016294606485253382,2.4730714900196843e-05,0.0,0.0,2.510169173449104e-05,0.84,0.0
0.003503340394329477,0.0,0.020856156542574434,0.0,0.0,0.84,0.0
0.00342186736190321,0.0,0.04733996539024715,0.0,0.0,0.84,0.0
0.0,0.0,0.004720628300128677,0.0,0.0,0.84,0.0
0.0012220954863940035,0.00014779546285593827,0.0,0.0,0.0,0.84,0.0
0.0012220954863940035,0.00023435296500662724,0.0,0.0,0.00023786841215065317,0.84,0.0
0.00032589212970506764,0.00010422229850797242,0.0,0.0,0.0,0.84,0.0
0.00032589212970506764,0.00010068933923651572,0.0,0.0,0.00010219974491899924,0.84,0.0
0.10998859377546032,0.046811121520255926,0.5353490526689444,0.144138211161039,0.0,0.84,0.09090909090909091
0.11023301287273912,0.04536731883132063,0.2646919110795581,0.13122276531090882,0.04604785816826979,0.84,0.09090909090909091
0.0,0.0009344677273002951,0.12180041709189333,0.001985880449487087,0.0,0.84,0.09090909090909091
0.00448101678344468,0.00021492168901361545,0.04317089231042286,0.0,0.0,0.84,0.09090909090909091
0.003910705556460812,0.00016958204502992122,0.007723547943381994,0.0,0.00017212588617936713,0.84,0.09090909090909091
0.003340394329476943,0.000564684656887828,1.4198872964458446e-07,0.0,0.0,0.84,0.09090909090909091
0.003340394329476943,0.0006506533324932741,0.0,0.0,0.000660413556347919,0.84,0.09090909090909091
0.0007332572918364021,1.177653090485564e-05,0.003242809601987842,0.0,0.0,0.84,0.09090909090909091
0.0007332572918364021,4.7694950164665346e-05,0.0,0.0,4.8410405487947004e-05,0.84,0.09090909090909091
0.0018738797458041389,0.00026556077190449467,0.0,0.0,0.0,0.84,0.09090909090909091
0.0018738797458041389,0.0002938244460761482,0.0,0.0,0.00029823200417883404,0.84,0.09090909090909091
8.147303242626691e-05,0.0,0.0,0.0,0.0,0.84,0.09090909090909091
8.147303242626691e-05,2.7674847626410755e-05,0.0,0.0,2.8089988369549495e-05,0.84,0.09090909090909091
0.0032589212970506763,0.0,0.019444930558636907,0.0,0.0,0.84,0.09090909090909091
0.0032589212970506763,0.0,0.045573483604738875,0.0014063466597779757,0.0,0.84,0.09090909090909091
0.0,0.0,0.004232826019434708,0.0,0.0,0.84,0.09090909090909091
0.0007332572918364021,6.594857306719159e-05,0.0,0.0,0.0,0.84,0.09090909090909091
0.0007332572918364021,7.065918542913384e-05,0.0,0.0,7.171911924140297e-05,0.84,0.09090909090909091
0.00024441909727880074,6.653739961243437e-05,0.0,0.0,0.0,0.84,0.09090909090909091
0.00024441909727880074,6.771505270291993e-05,0.0,0.0,6.87308226063445e-05,0.84,0.09090909090909091
0.1521916245722666,0.06077632069377899,0.621290997027111,0.21098004092426292,0.0,0.84,0.18181818181818182
0.1521916245722666,0.06412321077693896,0.3259268935528242,0.19435880789389604,0.0650851007115732,0.84,0.18181818181818182
0.0,0.0014496909543877292,0.17128135954208634,0.003778866221167769,0.0,0.84,0.18181818181818182
0.005866058334691217,0.00027380434353789366,0.03170175267338155,0.0009908158340188034,0.0,0.84,0.18181818181818182
0.00578458530226495,0.00020491163774448814,0.009030270222301105,0.0,0.00020798544580006862,0.84,0.18181818181818182
0.0,0.00014485133012972438,0.01717353685051249,0.003499296401791966,0.0,0.84,0.18181818181818182
0.003503340394329477,0.000786083437899114,2.357012912100102e-05,0.0,0.0,0.84,0.18181818181818182
0.003503340394329477,0.0008178800713422242,6.3894928340063e-07,0.0,0.0008301488052192393,0.84,0.18181818181818182
0.0013850415512465374,8.83239817864173e-06,0.03361043617162888,0.0,0.0,0.84,0.18181818181818182
0.0013850415512465374,2.4730714900196843e-05,0.0,0.0,2.510169173449104e-05,0.84,0.18181818181818182
0.0,1.7664796357283461e-06,0.0,0.0,0.0,0.84,0.18181818181818182
0.0018738797458041389,0.0003444635289670275,0.0,0.0,0.0,0.84,0.18181818181818182
0.001955352778230406,0.00034740766169324137,0.0,0.0,0.00035261900293689794,0.84,0.18181818181818182
0.005132801042854815,0.0,0.05607603496472467,0.0,0.0,0.84,0.18181818181818182
0.005214274075281082,0.0,0.0860347339929893,0.0012601885779158538,0.0,0.84,0.18181818181818182
0.0,0.0,0.005545511824998891,0.0,0.0,0.84,0.18181818181818182
0.0007332572918364021,0.00013660775849632542,0.0,0.0,0.0,0.84,0.18181818181818182
0.0007332572918364021,0.00012836418686292648,0.0,0.0,0.00013028973328854874,0.84,0.18181818181818182
0.19912009124979632,0.08051143118413608,0.6071159781692328,0.22120345884800238,0.0,0.84,0.2727272727272727
0.19928303731464886,0.07638729006125562,0.32863781337356346,0.27926815589288995,0.0775331491745727,0.84,0.2727272727272727
0.0,0.0011028721192397307,0.21221628433243112,0.005851421812224254,0.0,0.84,0.2727272727272727
0.004562489815870947,0.00017782561666332018,0.04877987309757288,1.869463837771327e-05,0.0,0.84,0.2727272727272727
0.005132801042854815,0.00031325572206916,0.02713340728579669,0.0,0.00031795476197021984,0.84,0.2727272727272727
0.0,0.0,0.018298087589297598,0.005537861741252609,0.0,0.84,0.2727272727272727
0.004969854978002281,0.0009415336458432085,1.845853485379598e-05,0.0,0.0,0.84,0.2727272727272727
0.004888381945576014,0.0010298576276296257,1.9665439055774948e-05,0.0,0.0010453061629434482,0.84,0.2727272727272727
0.0046439628482972135,9.303459414835956e-05,0.07898847229001198,0.0,0.0,0.84,0.2727272727272727
0.004236597686165879,5.8882654524278204e-05,0.0,0.0,5.976593270116914e-05,0.84,0.2727272727272727
0.0021997718755092065,0.0003273875591549868,0.0,0.0,0.0,0.84,0.2727272727272727
0.0021997718755092065,0.00036271715186955375,0.0,0.0,0.0003681581454392019,0.84,0.2727272727272727
0.00024441909727880074,0.0,0.0,0.0,0.0,0.84,0.2727272727272727
0.00024441909727880074,0.0,0.0,0.0,0.0,0.84,0.2727272727272727
0.004888381945576014,0.0,0.05278878289035808,0.0,0.0,0.84,0.2727272727272727
0.004806908913149747,0.0,0.05638784221502418,0.0012032549064928178,0.0,0.84,0.2727272727272727
0.0,0.0,0.010409477747703776,0.0,0.0,0.84,0.2727272727272727
0.000977676389115203,0.0003256210795192585,6.11971424768159e-05,0.0,0.0,0.84,0.2727272727272727
0.000977676389115203,0.00027262669044740806,9.832719527887474e-05,0.0,0.00027671626840641313,0.84,0.2727272727272727
0.23211666938243442,0.11654290514063238,0.6331232728402183,0.20431880136776773,0.0,0.84,0.36363636363636365
0.23211666938243442,0.1161177723749671,0.336094280516484,0.2536930408358883,0.11785961460535957,0.84,0.36363636363636365
0.0,0.001296596052624606,0.20070071438079604,0.006304341914738853,0.0,0.84,0.36363636363636365
0.004562489815870947,0.0005423092481686022,0.04979800328348937,0.010343233560614815,0.0,0.84,0.36363636363636365
0.004236597686165879,0.0007684186415418305,5.068997648311665e-05,0.0,0.0007799454217502573,0.84,0.36363636363636365
0.005458693172559883,0.0013454686558797568,3.074055996805254e-05,0.0,0.0,0.84,0.36363636363636365
0.00554016620498615,0.0014673557507450129,5.5588587655854815e-05,0.0,0.001489367042913135,0.84,0.36363636363636365
0.00448101678344468,4.946142980039369e-05,0.04586470248923992,0.0,0.0,0.84,0.36363636363636365
0.004806908913149747,6.88927057934055e-05,0.0,0.0,6.99261412603679e-05,0.84,0.36363636363636365
0.0,2.94413272621391e-06,0.0,0.0,0.0,0.84,0.36363636363636365
0.0021997718755092065,0.0005063908289087925,0.0,0.0,0.0,0.84,0.36363636363636365
0.0021997718755092065,0.0005134567474517059,0.0,0.0,0.000521158933154195,0.84,0.36363636363636365
0.00040736516213133454,6.0060307614763764e-05,0.0,0.0,0.0,0.84,0.36363636363636365
0.00040736516213133454,0.00012600888068195536,0.0,0.0,0.00012789909598050195,0.84,0.36363636363636365
8.147303242626691e-05,2.885250071689632e-05,0.0,0.0,0.0,0.84,0.36363636363636365
8.147303242626691e-05,0.0,0.0,0.0,0.0,0.84,0.36363636363636365
0.0,2.29642352644685e-05,0.0,0.0,0.0,0.84,0.36363636363636365
8.147303242626691e-05,0.0,0.0,0.0,0.0,0.84,0.36363636363636365
8.147303242626691e-05,0.0,0.0,0.0,0.0,0.84,0.36363636363636365
0.004236597686165879,3.768489889553805e-05,0.05898091139015841,0.0,0.0,0.84,0.36363636363636365
0.004236597686165879,0.0,0.04486964547189067,0.0,0.0,0.84,0.36363636363636365
0.0,0.0,0.003363996982739495,0.0,0.0,0.84,0.36363636363636365
0.0004888381945576015,0.00014779546285593827,0.0,0.0,0.0,0.84,0.36363636363636365
0.0004888381945576015,0.00012836418686292648,0.0,0.0,0.00013028973328854874,0.84,0.36363636363636365
0.3289066319048395,0.20573010664237562,0.5923300528020589,0.1863897934072508,0.0,0.84,0.45454545454545453
0.3296398891966759,0.21682477640784012,0.3372830101610685,0.24768696337890292,0.22007728930416914,0.84,0.45454545454545453
0.0,0.00191545275167477,0.20245186138350268,0.003588520812231052,0.0,0.84,0.45454545454545453
0.006029004399543751,0.001042811811624967,0.015342521187380751,8.66751415693979e-05,0.0,0.84,0.45454545454545453
0.005295747107707349,0.0012789312562673225,0.0027438612060167724,0.0,0.0012981160582693939,0.84,0.45454545454545453
0.0,0.00029971271152857607,0.00017684696277232994,0.0,0.0,0.84,0.45454545454545453
0.008554668404758025,0.0027203786390216527,1.753560811110618e-05,0.0,0.0,0.84,0.45454545454545453
0.008554668404758025,0.002782205426272145,3.3012379642365886e-05,0.0,0.002823940320130242,0.84,0.45454545454545453
0.007414045950790289,0.0009285794618478673,0.0,0.0,0.0,0.84,0.45454545454545453
0.007414045950790289,0.0009067928796738843,0.0,0.0,0.0009203953635980047,0.84,0.45454545454545453
0.0,0.0003986355711293634,0.0,0.0,0.0,0.84,0.45454545454545453
0.0031774482646244094,0.0009662643607434053,0.0,0.0,0.0,0.84,0.45454545454545453
0.0030959752321981426,0.0010163146170890417,0.0,0.0,0.0010315599984221794,0.84,0.45454545454545453
0.0032589212970506763,0.0010475224239869091,0.0,0.0,0.0,0.84,0.45454545454545453
0.0032589212970506763,0.0016440037143178475,0.0,0.0,0.0016686648410166424,0.84,0.45454545454545453
0.0,1.6487143266797897e-05,0.0,0.0,0.0,0.84,0.45454545454545453
0.00040736516213133454,0.0001342524523153543,0.0,0.0,0.0,0.84,0.45454545454545453
0.00040736516213133454,8.125806324350391e-05,0.0,0.0,8.247698712761342e-05,0.84,0.45454545454545453
0.0007332572918364021,0.00020255633156351702,0.0,0.0,0.0,0.84,0.45454545454545453
0.0007332572918364021,0.0002037339846540026,0.0,0.0,0.00020679012714604523,0.84,0.45454545454545453
0.0,1.177653090485564e-06,0.0,0.0,0.0,0.84,0.45454545454545453
0.00024441909727880074,1.6487143266797897e-05,0.0,0.0,0.0,0.84,0.45454545454545453
0.00024441909727880074,4.2984337802723084e-05,0.0,0.0,4.362913087185347e-05,0.84,0.45454545454545453
0.0050513280104285485,0.0002649719453592519,0.03507668278830368,0.0,0.0,0.84,0.45454545454545453
0.0050513280104285485,0.0006017807292381232,0.05290081199804766,0.0,0.0006108078322059486,0.84,0.45454545454545453
0.0,1.0010051269127294e-05,0.003980228069396991,0.0,0.0,0.84,0.45454545454545453
0.003340394329476943,0.0019225186702176832,0.0,0.0,0.0,0.84,0.45454545454545453
0.0031774482646244094,0.002625577565237565,0.0,0.0,0.002664962939145132,0.84,0.45454545454545453
0.0,6.418209343146324e-05,0.0,0.0,0.0,0.84,0.45454545454545453
0.0018738797458041389,0.0005181673598136482,0.0,0.0,0.0,0.84,0.45454545454545453
0.0018738797458041389,0.0005611516976163712,0.0,0.0,0.0005695693386421419,0.84,0.45454545454545453
0.0,6.88927057934055e-05,0.0,0.0,0.0,0.84,0.45454545454545453
0.5444842757047418,0.4084471878527439,0.5893969916137907,0.1643828050115227,0.0,0.84,0.5454545454545454
0.5469284666775297,0.45128902963151823,0.35859970714824513,0.2464012821122902,0.45805865906762755,0.84,0.5454545454545454
0.0,0.0029941829825595465,0.2240198074277854,0.003465306150196124,0.0,0.84,0.5454545454545454
0.007739938080495356,0.002077380051616535,0.02254859120557306,0.0,0.0,0.84,0.5454545454545454
0.0070881538210852205,0.0030813293112554783,0.00861388827261836,0.0,0.003127551258252181,0.84,0.5454545454545454
0.0,0.0004145338878509185,7.454408306340684e-06,0.0,0.0,0.84,0.5454545454545454
0.014339253707022975,0.00598777713857385,6.0203221369303814e-05,0.0,0.0,0.84,0.5454545454545454
0.014339253707022975,0.006338128932993306,3.7698007720637176e-05,0.0,0.006433204995953846,0.84,0.5454545454545454
0.010347075118135898,0.0032403124784710293,0.0,0.0,0.0,0.84,0.5454545454545454
0.010347075118135898,0.004650552054327493,3.606513732972445e-05,0.0,0.004720313364738339,0.84,0.5454545454545454
0.0,0.00010539995159845798,0.0,0.0,0.0,0.84,0.5454545454545454
0.006517842594101353,0.002898204255684973,0.0,0.0,0.0,0.84,0.5454545454545454
0.006517842594101353,0.002943543899668667,0.0,0.0,0.0029876989757314453,0.84,0.5454545454545454
0.00472543588072348,0.0025678725638037725,0.0,0.0,0.0,0.84,0.5454545454545454
0.0046439628482972135,0.0028263674171653537,0.0,0.0,0.0028687647696561186,0.84,0.5454545454545454
0.002688610070066808,0.0016151512136009512,0.0,0.0,0.0,0.84,0.5454545454545454
0.002688610070066808,0.0013578340133298553,0.0,0.0,0.0013782024080889604,0.84,0.5454545454545454
0.0008147303242626691,0.00016781556539419287,0.0,0.0,0.0,0.84,0.5454545454545454
0.0008147303242626691,0.00026202781263303797,0.0,0.0,0.0002659584005202027,0.84,0.5454545454545454
0.0,5.88826545242782e-07,0.0,0.0,0.0,0.84,0.5454545454545454
0.002688610070066808,0.0006742063943029854,0.0,0.0,0.0,0.84,0.5454545454545454
0.002688610070066808,0.0008284789491565943,0.0,0.0,0.0008409066731054498,0.84,0.5454545454545454
0.0,0.0001407295443130249,0.0,0.0,0.0,0.84,0.5454545454545454
0.007984357177774157,0.0025560960328989166,0.054406034521009894,0.0,0.0,0.84,0.5454545454545454
0.00790288414534789,0.0034140163093176502,0.07562461729600213,0.0,0.003465228778013787,0.84,0.5454545454545454
0.0,0.00021786582173982934,0.0042707370102498116,0.0,0.0,0.84,0.5454545454545454
0.01735375590679485,0.010566492354381724,0.00010940231619115233,0.0,0.0,0.84,0.5454545454545454
0.017272282874368584,0.011669364473621454,3.0456582508763367e-05,0.0,0.011844412542717701,0.84,0.5454545454545454
0.0,5.476086870757873e-05,0.0,0.0,0.0,0.84,0.5454545454545454
0.002607137037640541,0.0009874621163721454,0.0,0.0,0.0,0.84,0.5454545454545454
0.002688610070066808,0.0011529223755853673,0.0,0.0,0.0011702169622888918,0.84,0.5454545454545454
0.6151213948183152,0.5336005035644615,0.5634900829746639,0.14687272690192452,0.0,0.84,0.6363636363636364
0.6137363532670685,0.5050182742318317,0.34975409326884677,0.2180576610628072,0.5125938773387904,0.84,0.6363636363636364
0.0,0.002804580834991371,0.2106796113058526,0.010671239488514695,0.0,0.84,0.6363636363636364
0.0074955189832165555,0.0030813293112554783,0.00766426764875538,0.0,0.0,0.84,0.6363636363636364
0.007739938080495356,0.0025207664401843497,0.0017351022762568222,0.0,0.002558579578937051,0.84,0.6363636363636364
0.0,7.242566506486219e-05,0.0,0.0,0.0,0.84,0.6363636363636364
0.014991037966433111,0.006779748841925392,1.845853485379598e-05,0.0,0.0,0.84,0.6363636363636364
0.014991037966433111,0.007367397734077689,3.251541908860984e-05,0.0,0.007477913499570283,0.84,0.6363636363636364
0.0,0.00013307479922486875,0.0,0.0,0.0,0.84,0.6363636363636364
0.008636141437184292,0.004203632706488221,1.2778985668012601e-05,0.0,0.0,0.84,0.6363636363636364
0.008636141437184292,0.004132973521059087,0.0017759950303944624,0.0,0.004194970816295062,0.84,0.6363636363636364
0.008391722339905492,0.0043791030169705696,0.0,0.0,0.0,0.84,0.6363636363636364
0.008391722339905492,0.004584014654715058,0.0,0.0,0.004652777860786017,0.84,0.6363636363636364
0.004073651621313346,0.0026055574626993104,0.0,0.0,0.0,0.84,0.6363636363636364
0.004155124653739612,0.0028016367022651568,0.0,0.0,0.0028436630779216277,0.84,0.6363636363636364
0.0029330291673456085,0.0015874763659745404,0.0,0.0,0.0,0.84,0.6363636363636364
0.0029330291673456085,0.0017081858077493107,0.0,0.0,0.0017338097076609168,0.84,0.6363636363636364
0.0008147303242626691,0.0002455406693662401,0.0,0.0,0.0,0.84,0.6363636363636364
0.0008147303242626691,0.00025319541445439626,0.0,0.0,0.0002569935106150273,0.84,0.6363636363636364
0.002607137037640541,0.0011329022730471126,0.0,0.0,0.0,0.84,0.6363636363636364
0.0025256640052142743,0.001191196101026148,0.0,0.0,0.0012090648185446517,0.84,0.6363636363636364
0.0,0.00023376413846138447,0.0,0.0,0.0,0.84,0.6363636363636364
0.00790288414534789,0.0037237390721153534,0.020857079469317124,0.0,0.0,0.84,0.6363636363636364
0.008065830210200424,0.0036165726408811673,0.05280170386475574,0.0,0.0036708235865058085,0.84,0.6363636363636364
0.0,7.890275706253279e-05,0.004020410879886409,0.0,0.0,0.84,0.6363636363636364
0.02028678507414046,0.016067309940039794,0.00036320717043084705,0.0,0.0,0.84,0.6363636363636364
0.020368258106566728,0.016109705451297272,0.00027261836091760214,0.0,0.016351361527712865,0.84,0.6363636363636364
0.00236271794036174,0.0012424240104622702,0.0,0.0,0.0,0.84,0.6363636363636364
0.0022812449079354733,0.001298951358805577,0.0,0.0,0.0013184364753877913,0.84,0.6363636363636364
0.0,6.359326688622045e-05,0.0,0.0,0.0,0.84,0.6363636363636364
0.5888870783770572,0.4784321668875748,0.6328121045392022,0.17385248910612436,0.0,0.84,0.7272727272727273
0.5898647547661724,0.4427551665113146,0.3523884811643076,0.26969055274947146,0.4493967824412471,0.84,0.7272727272727273
0.0,0.0022487285762821845,0.20725136442294892,0.001778539914752449,0.0,0.84,0.7272727272727273
0.008391722339905492,0.0020597152552592514,0.01591367085237609,0.0,0.0,0.84,0.7272727272727273
0.008391722339905492,0.0018871890775031164,0.007727097661623108,0.0,0.001915498143072471,0.84,0.7272727272727273
0.0,0.00020432281119924536,0.0020540799574033813,0.0,0.0,0.84,0.7272727272727273
0.015968714355548315,0.008969005937138055,0.00014411856058925323,0.0,0.0,0.84,0.7272727272727273
0.01580576829069578,0.008304220767558955,2.889470648267294e-05,0.0,0.008428789488845885,0.84,0.7272727272727273
0.009858236923578295,0.004023451783643929,0.0,0.0,0.0,0.84,0.7272727272727273
0.009613817826299494,0.0033380576849813314,0.0,0.0,0.0033881307248292787,0.84,0.7272727272727273
0.0,0.00031619985479537394,0.0,0.0,0.0,0.84,0.7272727272727273
0.005132801042854815,0.0032185258962970464,0.0,0.0,0.0,0.84,0.7272727272727273
0.005132801042854815,0.002993005329469061,0.0,0.0,0.0030379023592004275,0.84,0.7272727272727273
0.002688610070066808,0.0021439174512289695,0.0,0.0,0.0,0.84,0.7272727272727273
0.002770083102493075,0.0012983625322603343,0.0,0.0,0.0013178388160607795,0.84,0.7272727272727273
0.0030145021997718753,0.0014231937598518042,0.0,0.0,0.0,0.84,0.7272727272727273
0.0029330291673456085,0.0014673557507450129,0.0,0.0,0.001489367042913135,0.84,0.7272727272727273
0.0004888381945576015,0.00019725689265633197,0.0,0.0,0.0,0.84,0.7272727272727273
0.0004888381945576015,0.00017017087157516402,0.0,0.0,0.00017272354550637882,0.84,0.7272727272727273
0.003910705556460812,0.001371965850415682,0.0,0.0,0.0,0.84,0.7272727272727273
0.003910705556460812,0.0012795200828125653,0.0,0.0,0.0012987137175964054,0.84,0.7272727272727273
0.0,6.88927057934055e-05,0.0,0.0,0.0,0.84,0.7272727272727273
0.007821411112921624,0.0031967393141230636,0.030704565825087633,0.0,0.0,0.84,0.7272727272727273
0.007821411112921624,0.0028675852753323483,0.0541082841549452,0.0,0.002910600922546937,0.84,0.7272727272727273
0.0,0.00017841444320856295,0.004983733416160092,0.0,0.0,0.84,0.7272727272727273
0.0226495030145022,0.017385103748293138,0.0001424856901983405,0.0,0.0,0.84,0.7272727272727273
0.022568029982075934,0.016012549071332215,0.0001928206948573457,0.0,0.016252747738755936,0.84,0.7272727272727273
0.0,2.4730714900196843e-05,0.0,0.0,0.0,0.84,0.7272727272727273
0.0022812449079354733,0.0012547893679123684,0.0,0.0,0.0,0.84,0.7272727272727273
0.0022812449079354733,0.0009627314014719485,0.0,0.0,0.0009771729996641155,0.84,0.7272727272727273
0.5836728043017761,0.46030337521264,0.7135926875804233,0.19915398263777948,0.0,0.84,0.8181818181818182
0.5828580739775134,0.45932003488208456,0.4091592669831832,0.306049924881544,0.46621013462874,0.84,0.8181818181818182
0.0,0.0018194740248001964,0.18664226826995609,0.003206980238067722,0.0,0.84,0.8181818181818182
0.008391722339905492,0.0023223318944375322,0.031759897058171005,0.0,0.0,0.84,0.8181818181818182
0.009124979631741893,0.002528421185272506,0.002070266672582864,0.0,0.002566349150188203,0.84,0.8181818181818182
0.0,2.1786582173982936e-05,0.017307432222567334,0.0,0.0,0.84,0.8181818181818182
0.020449731138992993,0.009009046142214564,3.5710165505612994e-05,0.0,0.0,0.84,0.8181818181818182
0.020368258106566728,0.009419458244248785,2.3641123485823312e-05,0.0,0.009560756254206028,0.84,0.8181818181818182
0.00554016620498615,0.001472066363106955,1.7038647557350134e-05,0.0,0.0,0.84,0.8181818181818182
0.005703112269838683,0.0013089614100747044,0.0,0.0,0.00132859668394699,0.84,0.8181818181818182
0.0,2.0608929083497372e-05,0.0,0.0,0.0,0.84,0.8181818181818182
0.003666286459182011,0.0013713770238704393,0.0,0.0,0.0,0.84,0.8181818181818182
0.0035848134267557437,0.0015868875394292976,0.0,0.0,0.0016106918862965084,0.84,0.8181818181818182
0.004399543751018413,0.0014090619227659774,0.0,0.0,0.0,0.84,0.8181818181818182
0.004399543751018413,0.0014985635576428803,0.0,0.0,0.0015210429872447547,0.84,0.8181818181818182
0.00016294606485253382,3.297428653359579e-05,0.0,0.0,0.0,0.84,0.8181818181818182
0.00016294606485253382,0.0,0.0,0.0,0.0,0.84,0.8181818181818182
0.006599315626527619,0.001490908812554724,0.0,0.0,0.0,0.84,0.8181818181818182
0.006517842594101353,0.00169110983793727,0.0,0.0,0.0017164775871775777,0.84,0.8181818181818182
0.006436369561675086,0.0020514716836258526,0.037424537427341704,0.0,0.0,0.84,0.8181818181818182
0.006436369561675086,0.0017146628997469812,0.050367591072458626,0.0,0.0017403839602580455,0.84,0.8181818181818182
0.0,0.0,0.003225273993876736,0.0,0.0,0.84,0.8181818181818182
0.021753299657813262,0.01414243596364114,8.348937303101566e-05,0.0,0.0,0.84,0.8181818181818182
0.021427407528108195,0.013961666214251604,0.0003617872831344012,0.0,0.014171100302774214,0.84,0.8181818181818182
0.0,2.9441327262139102e-05,0.0,0.0,0.0,0.84,0.8181818181818182
0.0005703112269838683,0.00010952173741515746,0.0,0.0,0.0,0.84,0.8181818181818182
0.0007332572918364021,0.0005146344005421915,0.0,0.0,0.0005223542518082183,0.84,0.8181818181818182
0.4973113899299332,0.3263418032106356,0.6804275280649599,0.20538949429303677,0.0,0.84,0.9090909090909091
0.4967410787029493,0.32490742174642423,0.370998659981364,0.3212299712442471,0.3297812447331272,0.84,0.9090909090909091
0.0,0.0016781556539419288,0.17229160935350757,0.00511723237775406,0.0,0.84,0.9090909090909091
0.008717614469610559,0.002115653777057316,0.06907808492700891,0.00046226742170345545,0.0,0.84,0.9090909090909091
0.008147303242626691,0.0019107421393128275,0.030918258863202732,8.497562898960578e-07,0.0019394045161529386,0.84,0.9090909090909091
0.0,0.00021433286246837265,0.000817713094023162,0.0,0.0,0.84,0.9090909090909091
0.02004236597686166,0.0069899599185770656,2.612592625460354e-05,0.0,0.0,0.84,0.9090909090909091
0.020205312041714194,0.007531091513655182,0.00010279984026267915,0.0,0.0076440627924795335,0.84,0.9090909090909091
0.0,8.420219596971783e-05,0.0,0.0,0.0,0.84,0.9090909090909091
0.0031774482646244094,0.0008579202764187334,0.0,0.0,0.0,0.84,0.9090909090909091
0.0031774482646244094,0.000845554918968635,0.0,0.0,0.0008582387935887889,0.84,0.9090909090909091
0.0,5.299438907185038e-06,0.0,0.0,0.0,0.84,0.9090909090909091
0.006354896529248819,0.0026326434837804784,0.0,0.0,0.0,0.84,0.9090909090909091
0.006354896529248819,0.0026785719543094156,0.0,0.0,0.0027187522785761843,0.84,0.9090909090909091
0.00016294606485253382,1.766479635728346e-05,0.0,0.0,0.0,0.84,0.9090909090909091
0.00024441909727880074,2.9441327262139102e-05,0.0,0.0,2.988296635058457e-05,0.84,0.9090909090909091
0.0029330291673456085,0.0007748957335395011,0.0,0.0,0.0,0.84,0.9090909090909091
0.0030145021997718753,0.0008714632869593174,0.0,0.0,0.0008845358039773033,0.84,0.9090909090909091
0.0,0.00010363347196272963,0.0,0.0,0.0,0.84,0.9090909090909091
0.0006517842594101353,0.00011835413559379918,0.0,0.0,0.0,0.84,0.9090909090909091
0.0006517842594101353,0.00012954183995341205,0.0,0.0,0.0001314850519425721,0.84,0.9090909090909091
0.00578458530226495,0.0012194597751978016,0.0,0.0,0.0,0.84,0.9090909090909091
0.00578458530226495,0.0012494899290051834,0.0,0.0,0.0012682330919188093,0.84,0.9090909090909091
0.005377220140133616,0.0007489873655488188,0.024754386120601678,0.0,0.0,0.84,0.9090909090909091
0.00554016620498615,0.0007207236913771652,0.043413835026844746,0.0,0.0007315350162623102,0.84,0.9090909090909091
0.0,0.0,0.0037144251675023296,0.0,0.0,0.84,0.9090909090909091
0.01849437836076259,0.008568015059827721,3.443226693881173e-05,0.0,0.0,0.84,0.9090909090909091
0.018575851393188854,0.008469092200226933,0.00022959577583529306,0.0,0.008596134100409157,0.84,0.9090909090909091
0.0008147303242626691,0.00021727699519458657,0.0,0.0,0.0,0.84,0.9090909090909091
0.000977676389115203,0.0002031451581087598,0.0,0.0,0.00020619246781903355,0.84,0.9090909090909091
0.4672478409646407,0.26038380891872015,0.6373959976926832,0.25139105104655984,0.0,0.84,1.0
0.46692194883493565,0.27699460576001905,0.41784351067134046,0.4146785202004065,0.28114970529418587,0.84,1.0
0.0,0.0022864134751777224,0.1771544393663753,0.004764583517447196,0.0,0.84,1.0
0.007414045950790289,0.0012112162035644025,0.0669983760039047,6.713074690178856e-05,0.0,0.84,1.0
0.0074955189832165555,0.0015845322332483265,0.005938749611749568,0.0,0.0016083012489884615,0.84,1.0
0.0,0.0002031451581087598,0.0,0.0003653952046553049,0.0,0.84,1.0
0.014665145836728044,0.004887260325515091,3.187646980520921e-05,0.0,0.0,0.84,1.0
0.01474661886915431,0.004500990111835826,5.324577361671917e-05,0.0,0.004568507895677369,0.84,1.0
0.002444190972788007,0.0005976589434214237,0.0,0.0,0.0,0.84,1.0
0.002444190972788007,0.0006718510881220142,0.0,0.0,0.0006819292921203399,0.84,1.0
0.0,7.0659185429133845e-06,0.0,0.0,0.0,0.84,1.0
0.019309108685025257,0.011552187991118141,0.0,0.0,0.0,0.84,1.0
0.019064689587746455,0.0077854645812000635,0.0,0.0,0.007902251621748584,0.84,1.0
0.0,1.3543010540583987e-05,0.0,0.0,0.0,0.84,1.0
0.002688610070066808,0.0013077837569842189,0.0,0.0,0.0,0.84,1.0
0.0029330291673456085,0.0010569436487107937,0.0,0.0,0.001072798491985986,0.84,1.0
0.0016294606485253381,0.0007336778753725064,0.0,0.0,0.0,0.84,1.0
0.0016294606485253381,0.000515812053632677,0.0,0.0,0.0005235495704622417,0.84,1.0
0.00016294606485253382,2.0608929083497372e-05,0.0,0.0,0.0,0.84,1.0
0.00016294606485253382,2.0608929083497372e-05,0.0,0.0,2.09180764454092e-05,0.84,1.0
0.002444190972788007,0.000372727203138681,0.0,0.0,0.0,0.84,1.0
0.002444190972788007,0.00032326577333828733,0.0,0.0,0.00032811497052941856,0.84,1.0
0.0050513280104285485,0.0004787159812823818,0.09475490082974664,0.0,0.0,0.84,1.0
0.0050513280104285485,0.0005328880234447178,0.03931703421040955,0.0,0.0005408816909455807,0.84,1.0
0.0,0.0,0.0035771930603008388,0.0,0.0,0.84,1.0
0.028352615284340882,0.014257845966508724,0.003771362648089808,0.0,0.0,0.84,1.0
0.028271142251914617,0.010760216287766598,0.0002951945689310911,0.0,0.01092162654181165,0.84,1.0
0.0,2.5319541445439627e-05,0.0,0.0,0.0,0.84,1.0
0.002444190972788007,0.0017700125949998027,0.0,0.0,0.0,0.84,1.0
0.002444190972788007,0.0009173917574882543,0.0,0.0,0.0009311532314842153,0.84,1.0
0.39196675900277006,0.24812149611403922,0.5758906686781736,0.1745110502307938,0.0,0.88,0.0
0.3927000162946065,0.2296193884094205,0.3280219372587301,0.2639419514483246,0.2330638288208062,0.88,0.0
0.0,0.0023458849562472436,0.20933384212628123,0.006620451254580186,0.0,0.88,0.0
0.007169626853511487,0.001326037379886745,0.07853673514664773,5.6933671423035875e-05,0.0,0.88,0.0
0.006680788658953886,0.0011117045174183725,0.016953525313928207,0.0,0.0011283808093980733,0.88,0.0
0.0,0.00012129826832001309,0.00010975728801526379,0.0,0.0,0.88,0.0
0.010998859377546032,0.003550035241268733,2.1866264365266007e-05,0.0,0.0,0.88,0.0
0.010998859377546032,0.003911574740047801,5.0122021564538314e-05,0.0,0.003970250909338666,0.88,0.0
0.002607137037640541,0.0004893148590967519,0.0002861072902338377,0.0,0.0,0.88,0.0
0.002607137037640541,0.00038038194822683717,2.2505213648666638e-05,0.0,0.00038608792524955267,0.88,0.0
0.0,2.355306180971128e-06,0.0,0.0,0.0,0.88,0.0
0.029330291673456087,0.01762887793802365,0.0,0.0,0.0,0.88,0.0
0.02900439954375102,0.018144101165111084,0.0,0.0,0.01841627450253826,0.88,0.0
0.0,9.421224723884512e-06,0.0,0.0,0.0,0.88,0.0
0.0074955189832165555,0.007050609052737072,0.0,0.0,0.0,0.88,0.0
0.007821411112921624,0.005355377428983102,0.0,0.0,0.0054357115791713335,0.88,0.0
0.0,2.8263674171653538e-05,0.0,0.0,0.0,0.88,0.0
0.0011406224539677367,0.00034034174315032803,0.0,0.0,0.0,0.88,0.0
0.0011406224539677367,0.000551141646347244,0.0,0.0,0.0005594091300829432,0.88,0.0
0.0021182988430829396,0.0003203216406120734,0.0,0.0,0.0,0.88,0.0
0.0021182988430829396,0.000275570823173622,0.0,0.0,0.0002797045650414716,0.88,0.0
0.004969854978002281,0.0007542868044560037,0.06240944225052136,0.0,0.0,0.88,0.0
0.004888381945576014,0.0005022690430920931,0.0346442561121711,0.0,0.0005098034059409728,0.88,0.0
0.0,0.00017017087157516402,0.00313773794205085,0.0,0.0,0.88,0.0
0.039677366791591985,0.02091158592775216,0.0002593424146958335,0.0,0.0,0.88,0.0
0.039677366791591985,0.020498229692991726,2.932067267160669e-05,0.0,0.020805716491931,0.88,0.0
0.0,4.8283776709908126e-05,0.0,0.0,0.0,0.88,0.0
0.009287925696594427,0.007827271265912301,0.0,0.0,0.0,0.88,0.0
0.009287925696594427,0.006600745572171586,0.0,0.0,0.006699761055801061,0.88,0.0
0.3508228776275053,0.25425059162347136,0.504251675023295,0.15767652837166302,0.0,0.88,0.09090909090909091
0.35147466188691545,0.2548046774025448,0.3116499977814261,0.22953616902672314,0.25862691355575024,0.88,0.09090909090909091
0.0,0.0019236963233081688,0.13641347118072503,0.0042139414415945506,0.0,0.88,0.09090909090909091
0.005295747107707349,0.001709952287385039,0.02411927053290145,0.0,0.0,0.88,0.09090909090909091
0.004073651621313346,0.0019431275993011807,0.004442614367484581,0.0,0.0019722757791385817,0.88,0.09090909090909091
0.0,3.59184192598097e-05,0.00010485867684252562,0.0,0.0,0.88,0.09090909090909091
0.009369398729020694,0.00393453897531227,1.852952921861827e-05,0.0,0.0,0.88,0.09090909090909091
0.00920645266416816,0.003908630607321587,2.0517371433642456e-05,0.0,0.0039672626127036075,0.88,0.09090909090909091
0.0016294606485253381,0.0004004020507650918,8.519323778675068e-05,0.0,0.0,0.88,0.09090909090909091
0.0016294606485253381,0.0005099237881802493,0.0,0.0,0.0005175729771921247,0.88,0.09090909090909091
0.03291510510021183,0.028430312083957243,0.0,0.0,0.0,0.88,0.09090909090909091
0.03234479387322796,0.026198070650941856,0.0,0.0,0.026591058777404173,0.88,0.09090909090909091
0.0,2.355306180971128e-06,0.0,0.0,0.0,0.88,0.09090909090909091
0.007739938080495356,0.009074994715281757,0.0,0.0,0.0,0.88,0.09090909090909091
0.008310249307479225,0.008448483271143436,0.0,0.0,0.008575216023963748,0.88,0.09090909090909091
0.0008147303242626691,0.00044691934783927154,0.0,0.0,0.0,0.88,0.09090909090909091
0.0008147303242626691,0.0003450523555122703,0.0,0.0,0.00035022836562885115,0.88,0.09090909090909091
0.0018738797458041389,0.00023965240391381228,0.0,0.0,0.0,0.88,0.09090909090909091
0.0018738797458041389,0.0002714490373569225,0.0,0.0,0.00027552094975238976,0.88,0.09090909090909091
0.0046439628482972135,0.00047047240964898286,0.06616894883968585,0.0,0.0,0.88,0.09090909090909091
0.00472543588072348,0.0005964812903309382,0.03763752052180858,0.0,0.0006054288982628434,0.88,0.09090909090909091
0.0,5.88826545242782e-06,0.003571939477303989,0.0,0.0,0.88,0.09090909090909091
0.04195861169952746,0.03234424213018602,0.00018167457958024583,0.0,0.0,0.88,0.09090909090909091
0.04187713866710119,0.030139086718251797,8.583218707015131e-05,0.0,0.030591192653093426,0.88,0.09090909090909091
0.0,1.177653090485564e-05,0.0,0.0,0.0,0.88,0.09090909090909091
0.009369398729020694,0.009691496108150949,0.0,0.0,0.0,0.88,0.09090909090909091
0.00945087176144696,0.00971504916996066,0.0,0.0,0.009860781236365896,0.88,0.09090909090909091
0.46863288251588725,0.361939312003288,0.6100791409681856,0.17292285572497806,0.0,0.88,0.18181818181818182
0.4731953723317582,0.3598872514931169,0.4015819674313351,0.2707128095662164,0.36528579471358374,0.88,0.18181818181818182
0.0,0.0021574604617695535,0.21890189466211118,0.0068422376462430575,0.0,0.88,0.18181818181818182
0.011161805442398566,0.0026809272604903867,0.008594719794116343,0.0,0.0,0.88,0.18181818181818182
0.007821411112921624,0.0023588391402425846,0.012924098149709367,0.0037525237761809912,0.0023942232640088356,0.88,0.18181818181818182
0.0,0.0009686196669243764,0.005886568753605183,0.003663299365741905,0.0,0.88,0.18181818181818182
0.017190809841942316,0.0067479522084822816,7.560899853574122e-05,0.0,0.0,0.88,0.18181818181818182
0.017272282874368584,0.007048842573101344,6.957447752584639e-05,0.0,0.007154579803656958,0.88,0.18181818181818182
0.003666286459182011,0.0008797068585927163,0.0,0.0,0.0,0.88,0.18181818181818182
0.003666286459182011,0.0008008041015301836,0.0,0.0,0.0008128166847359003,0.88,0.18181818181818182
0.0,5.88826545242782e-06,0.0,0.0,0.0,0.88,0.18181818181818182
0.03666286459182011,0.03201979870375724,0.0,0.0,0.0,0.88,0.18181818181818182
0.036011080332409975,0.03408069161210698,0.0,0.0,0.03459192418810969,0.88,0.18181818181818182
0.008065830210200424,0.007883209787710366,0.0,0.0,0.0,0.88,0.18181818181818182
0.008636141437184292,0.009046731041110104,0.0,0.0,0.009182437900207627,0.88,0.18181818181818182
0.002770083102493075,0.0009162141043977688,0.0,0.0,0.0,0.88,0.18181818181818182
0.002770083102493075,0.001066953699979921,0.0,0.0,0.0010829587005451848,0.88,0.18181818181818182
0.003340394329476943,0.0007095359870175523,0.0,0.0,0.0,0.88,0.18181818181818182
0.003340394329476943,0.0006806834863006561,0.0,0.0,0.0006908941820255153,0.88,0.18181818181818182
0.004562489815870947,0.0009491883909313647,0.028897049296712073,0.0,0.0,0.88,0.18181818181818182
0.004562489815870947,0.001096983853787303,0.03007541376403248,0.0,0.0011134393262227811,0.88,0.18181818181818182
0.0,0.0,0.005056502640102942,0.0,0.0,0.88,0.18181818181818182
0.04733583183966107,0.03458649361447053,0.0002220703731641301,0.0,0.0,0.88,0.18181818181818182
0.04733583183966107,0.03724857842551315,0.00021866264365266006,0.0,0.037807331367432584,0.88,0.18181818181818182
0.0074955189832165555,0.005635658864518667,0.0,0.0,0.0,0.88,0.18181818181818182
0.0074955189832165555,0.0075452233507410085,0.0,0.0,0.007658406616327814,0.88,0.18181818181818182
0.6049372657650318,0.5181408626191123,0.6398785286417891,0.15286945703972102,0.0,0.88,0.2727272727272727
0.606240834283852,0.5212757751459848,0.37603017260504945,0.24100023113371086,0.5290952513575832,0.88,0.2727272727272727
0.0,0.0033563113078838576,0.173501921284998,0.007884038857655625,0.0,0.88,0.2727272727272727
0.013117158220628972,0.0039522037716695525,0.017250778719439145,0.0,0.0,0.88,0.2727272727272727
0.011976535766661234,0.004647019095056036,0.009029063318099126,8.497562898960578e-07,0.0047167274087762685,0.88,0.2727272727272727
0.0,0.0027892713448150583,0.0326974486400142,0.0,0.0,0.88,0.2727272727272727
0.023056868176633535,0.011182993747250916,0.00013304343967697563,0.0,0.0,0.88,0.2727272727272727
0.0231383412090598,0.011427945590071913,0.00012658295247814706,0.0,0.011599372218642908,0.88,0.2727272727272727
0.003666286459182011,0.00110699390505643,6.389492834006301e-05,0.0,0.0,0.88,0.2727272727272727
0.003666286459182011,0.0012088608973834314,0.0,0.0,0.0012269945983550024,0.88,0.2727272727272727
0.0,6.477091997670602e-06,0.0,0.0,0.0,0.88,0.2727272727272727
0.016213133452827114,0.011351986965735595,0.0,0.0,0.0,0.88,0.2727272727272727
0.016376079517679647,0.014044690757130837,0.0,0.0,0.014255370267882863,0.88,0.2727272727272727
0.0025256640052142743,0.0016298718772320207,0.0,0.0,0.0,0.88,0.2727272727272727
0.002444190972788007,0.0029111584396803144,0.0,0.0,0.002954827712745802,0.88,0.2727272727272727
0.0037477594916082778,0.0013766764627776245,0.0,0.0,0.0,0.88,0.2727272727272727
0.0037477594916082778,0.0014732440161974406,0.0,0.0,0.001495343636183252,0.88,0.2727272727272727
0.00040736516213133454,7.831393051729e-05,0.0,0.0,0.0,0.88,0.2727272727272727
0.00040736516213133454,0.00024083005700429786,0.0,0.0,0.00024444266474778176,0.88,0.2727272727272727
0.0,0.00012895301340816925,0.0,0.0,0.0,0.88,0.2727272727272727
0.0056216392374124164,0.001807697493895341,0.0,0.0,0.0,0.88,0.2727272727272727
0.00554016620498615,0.0019543153036607934,0.0,0.0,0.0019836313063518038,0.88,0.2727272727272727
0.0056216392374124164,0.002374148630418897,0.026759479966277675,0.0,0.0,0.88,0.2727272727272727
0.00554016620498615,0.00262027812633038,0.02924634157163775,0.0,0.0026595840052020267,0.88,0.2727272727272727
0.0,0.0,0.002957554244131872,0.0,0.0,0.88,0.2727272727272727
0.02900439954375102,0.020093117029864695,5.9067311532147134e-05,0.0,0.0,0.88,0.2727272727272727
0.02900439954375102,0.020935138989561872,0.00024095487420685983,0.0,0.021249179712573677,0.88,0.2727272727272727
0.0015479876160990713,0.000832011908428051,0.0,0.0,0.0,0.88,0.2727272727272727
0.0015479876160990713,0.0010251470152676835,0.0,0.0,0.0010405248883273547,0.88,0.2727272727272727
0.6968388463418609,0.6148462014505153,0.5948598659981365,0.14690841666610016,0.0,0.88,0.36363636363636365
0.6974091575688447,0.6159573171413885,0.37680919377024447,0.22050580893399774,0.6251970781630821,0.88,0.36363636363636365
0.0,0.00277690598736496,0.16937473488041888,0.007329997756643395,0.0,0.88,0.36363636363636365
0.010835913312693499,0.004941432367677427,0.006879779917469051,7.477855351085309e-05,0.0,0.88,0.36363636363636365
0.010428548150562164,0.00476007379174265,0.0030625549097040424,0.0,0.004831477999562513,0.88,0.36363636363636365
0.0,0.0010746084450680771,0.009728428805963526,0.0,0.0,0.88,0.36363636363636365
0.028352615284340882,0.014899078074278113,4.742423570129121e-05,0.0,0.0,0.88,0.36363636363636365
0.028189669219488348,0.015060416547674635,0.00020091405244708702,0.0,0.015286332606978032,0.88,0.36363636363636365
0.00790288414534789,0.0027203786390216527,0.0,0.0,0.0,0.88,0.36363636363636365
0.00790288414534789,0.0035994966710691263,0.0,0.0,0.0036534914660224698,0.88,0.36363636363636365
0.0,6.477091997670602e-06,0.0,0.0,0.0,0.88,0.36363636363636365
0.012791266090923905,0.006291022809373883,0.0,0.0,0.0,0.88,0.36363636363636365
0.012709793058497638,0.005990721271300064,0.0,0.0,0.0060805859930169485,0.88,0.36363636363636365
0.0030145021997718753,0.0014950305983714236,0.0,0.0,0.0,0.88,0.36363636363636365
0.0030145021997718753,0.0021904347483031493,0.0,0.0,0.002223292696483492,0.88,0.36363636363636365
0.005132801042854815,0.002241662657739271,0.0,0.0,0.0,0.88,0.36363636363636365
0.005132801042854815,0.0022752257708181095,0.0,0.0,0.0023093556395731756,0.88,0.36363636363636365
0.0004888381945576015,0.0001831250555705052,0.0,0.0,0.0,0.88,0.36363636363636365
0.0004888381945576015,0.00016899321848467844,0.0,0.0,0.00017152822685235542,0.88,0.36363636363636365
0.0,4.710612361942256e-05,0.0,0.0,0.0,0.88,0.36363636363636365
0.0070881538210852205,0.0030454108919956684,0.0,0.0,0.0,0.88,0.36363636363636365
0.0070881538210852205,0.0031072376792461607,0.0,0.0,0.0031538482686406955,0.88,0.36363636363636365
0.0,0.00018548036175147634,0.0,0.0,0.0,0.88,0.36363636363636365
0.008391722339905492,0.0035235380467328074,0.02437726405466566,0.0,0.0,0.88,0.36363636363636365
0.008391722339905492,0.004339062811894061,0.03687042640990371,0.0,0.004404151580749154,0.88,0.36363636363636365
0.0,0.0,0.0041357057283578115,0.0,0.0,0.88,0.36363636363636365
0.03104122535440769,0.021674705130386804,0.00028568132404490395,0.0,0.0,0.88,0.36363636363636365
0.030959752321981424,0.02195851952519383,0.0005182588632027333,0.0,0.022287911622919997,0.88,0.36363636363636365
0.0,0.00026673842499498027,3.443226693881173e-05,0.0,0.0,0.88,0.36363636363636365
0.003992178588887079,0.0027221451186573813,0.0,0.0,0.0,0.88,0.36363636363636365
0.004073651621313346,0.002328808986435203,0.0,0.0,0.0023637426383312397,0.88,0.36363636363636365
0.0,0.00018783566793244746,0.0,0.0,0.0,0.88,0.36363636363636365
0.7282874368583999,0.6918953325486238,0.5915826951235745,0.1539282533769315,0.0,0.88,0.45454545454545453
0.7303242626690566,0.706869780420693,0.35663387318631584,0.24034082025275152,0.7174732876163792,0.88,0.45454545454545453
0.0,0.0037832105531848746,0.1834270754758841,0.004769682055186572,0.0,0.88,0.45454545454545453
0.010510021182988431,0.004929067010227328,0.0017178506456050052,0.0,0.0,0.88,0.45454545454545453
0.008799087502036826,0.005533203045646423,0.0032137019124107023,0.0,0.0056162046959288645,0.88,0.45454545454545453
0.0,0.00047636067510141065,0.00013006167635443936,0.0,0.0,0.88,0.45454545454545453
0.02607137037640541,0.014379144234828736,2.1156320717043084e-05,0.0,0.0,0.88,0.45454545454545453
0.026234316441257944,0.014543426840951473,0.0001808226472023783,0.0,0.014761587717861766,0.88,0.45454545454545453
0.0,2.649719453592519e-05,0.0,0.0,0.0,0.88,0.45454545454545453
0.012302427896366304,0.005436635492226606,4.039579358388428e-05,0.0,0.0,0.88,0.45454545454545453
0.01238390092879257,0.005749302387750524,0.0,0.0,0.005835545668942155,0.88,0.45454545454545453
0.0,2.649719453592519e-05,0.0,0.0,0.0,0.88,0.45454545454545453
0.015479876160990712,0.008130516936712334,0.0,0.0,0.0,0.88,0.45454545454545453
0.015561349193416979,0.007967411983680084,0.0,0.0,0.008086928353795196,0.88,0.45454545454545453
0.005458693172559883,0.0036407145292361213,0.0,0.0,0.0,0.88,0.45454545454545453
0.005295747107707349,0.003898031729507217,0.0,0.0,0.0039565047448173974,0.88,0.45454545454545453
0.005458693172559883,0.002765718283005347,0.0,0.0,0.0,0.88,0.45454545454545453
0.005377220140133616,0.0026191004732398944,0.0,0.0,0.0026583886865480036,0.88,0.45454545454545453
0.0008962033566889359,0.00037861546859110885,0.0,0.0,0.0,0.88,0.45454545454545453
0.0008962033566889359,0.000307956283161975,0.0,0.0,0.0003125758280271146,0.88,0.45454545454545453
0.007414045950790289,0.003247378397013943,0.0,0.0,0.0,0.88,0.45454545454545453
0.007658465048069089,0.003255033142102099,0.0,0.0,0.00330386075972063,0.88,0.45454545454545453
0.0,4.2395511257480304e-05,0.0,0.0,0.0,0.88,0.45454545454545453
0.01002118298843083,0.006192099949773096,0.02201819230598571,0.0,0.0,0.88,0.45454545454545453
0.009776763891152028,0.006379346791160301,0.028278830367839552,0.0,0.006475041148844665,0.88,0.45454545454545453
0.0,3.238545998835301e-05,0.003914061321382615,0.0,0.0,0.88,0.45454545454545453
0.03315952419749063,0.026017889728097567,0.00029924124772596176,0.0,0.0,0.88,0.45454545454545453
0.0332409972299169,0.025219440932748353,0.0004491103518658207,0.0,0.025597748975910745,0.88,0.45454545454545453
0.0,7.949158360777558e-05,0.00027354128766029194,0.0,0.0,0.88,0.45454545454545453
0.004888381945576014,0.0037372820826559374,0.0,0.0,0.0,0.88,0.45454545454545453
0.004888381945576014,0.0036642675910458326,0.0,0.0,0.0037192339919937555,0.88,0.45454545454545453
0.7718755092064526,0.7865215248487746,0.5734003283489373,0.14989106124363533,0.0,0.88,0.5454545454545454
0.7743197001792407,0.8241192774156167,0.4001962284243688,0.30131338332166335,0.8364816034482553,0.88,0.5454545454545454
0.0,0.003906864127685859,0.17837966011447842,0.003954765773176253,0.0,0.88,0.5454545454545454
0.015153984031285645,0.008069278976007085,0.011331197586191596,0.0,0.0,0.88,0.5454545454545454
0.012628320026071371,0.00981868264192339,0.012322278919110795,0.0,0.009965969277919954,0.88,0.5454545454545454
0.0,0.0007507538451845471,0.004313617606602476,0.0,0.0,0.88,0.5454545454545454
0.0226495030145022,0.011218912166510726,5.040599902382748e-06,0.0,0.0,0.88,0.5454545454545454
0.022568029982075934,0.012417174186079787,0.00010997027110973066,0.0,0.012603439888022549,0.88,0.5454545454545454
0.015072510998859378,0.006846875068083069,0.0,0.0,0.0,0.88,0.5454545454545454
0.015153984031285645,0.007508127278390713,0.0,0.0,0.007620754078726077,0.88,0.5454545454545454
0.0,0.00025025128172818234,0.0,0.0,0.0,0.88,0.5454545454545454
0.011895062734234968,0.007890864532798521,0.0,0.0,0.0,0.88,0.5454545454545454
0.015072510998859378,0.008656339041614138,0.0,0.0,0.008786189766398875,0.88,0.5454545454545454
0.009124979631741893,0.0041948003083095795,0.0,0.0,0.0,0.88,0.5454545454545454
0.006029004399543751,0.004117664030882775,0.0,0.0,0.004179431673792758,0.88,0.5454545454545454
0.0046439628482972135,0.0024601173060243434,0.0,0.0,0.0,0.88,0.5454545454545454
0.00472543588072348,0.0025107563889152223,0.0,0.0,0.002548419370377852,0.88,0.5454545454545454
0.0012220954863940035,0.0003568288864171259,0.0,0.0,0.0,0.88,0.5454545454545454
0.0012220954863940035,0.0003868590402245078,0.0,0.0,0.00039266217784668123,0.88,0.5454545454545454
0.00472543588072348,0.0023352860784328733,0.0,0.0,0.0,0.88,0.5454545454545454
0.006599315626527619,0.002591425625613484,0.0,0.0,0.002630298698178454,0.88,0.5454545454545454
0.0,9.421224723884512e-06,0.0,0.0,0.0,0.88,0.5454545454545454
0.012302427896366304,0.006342839545355248,0.02529955184807206,0.0,0.0,0.88,0.5454545454545454
0.010347075118135898,0.006740297463394126,0.027982499889071304,0.0,0.0068414063163028315,0.88,0.5454545454545454
0.0,0.00026026133299730965,0.0037967076363313664,0.0,0.0,0.88,0.5454545454545454
0.037477594916082775,0.028075249677175847,0.0003371522385410658,0.0,0.0,0.88,0.5454545454545454
0.037233175818803976,0.028737679540573977,0.0003985623641123486,0.0,0.0291687634548056,0.88,0.5454545454545454
0.0070881538210852205,0.004141217092692486,0.0,0.0,0.0,0.88,0.5454545454545454
0.007169626853511487,0.004224830462116961,0.0,0.0,0.004288205671308886,0.88,0.5454545454545454
0.0,0.00013896306467729656,0.0,0.0,0.0,0.88,0.5454545454545454
0.7946879582858074,0.8134214767416459,0.5794403869192882,0.1504841911339828,0.0,0.88,0.6363636363636364
0.7955026886100701,0.7929161811301112,0.38812200381594714,0.3036884521519228,0.8048104403912517,0.88,0.6363636363636364
0.0,0.0023647274056950124,0.17838498469184008,0.005468181725481132,0.0,0.88,0.6363636363636364
0.01368746944761284,0.010852662055369715,0.0016697874606203132,0.0,0.0,0.88,0.6363636363636364
0.013035685188202705,0.009576674931828606,5.3813728535297514e-05,0.0,0.00972033129451815,0.88,0.6363636363636364
0.0,0.000745454406277362,0.0,0.0,0.0,0.88,0.6363636363636364
0.02550105914942154,0.011597527635101834,6.389492834006301e-06,0.0,0.0,0.88,0.6363636363636364
0.02550105914942154,0.011834235906289433,3.805297954474863e-05,0.0,0.012011757154280975,0.88,0.6363636363636364
0.012058008799087501,0.0067744494030182074,0.0,0.0,0.0,0.88,0.6363636363636364
0.012058008799087501,0.006366981433710202,0.0,0.0,0.00646249030297742,0.88,0.6363636363636364
0.0,0.00046281766456082664,0.0,0.0,0.0,0.88,0.6363636363636364
0.013850415512465374,0.008718754655409873,0.0,0.0,0.0,0.88,0.6363636363636364
0.014420726739449241,0.008995503131673981,0.0,0.0,0.00913044153875761,0.88,0.6363636363636364
0.005377220140133616,0.003668389376862532,0.0,0.0,0.0,0.88,0.6363636363636364
0.00472543588072348,0.003848570299706823,0.0,0.0,0.003906301361348415,0.88,0.6363636363636364
0.0046439628482972135,0.0022028001057532477,0.0,0.0,0.0,0.88,0.6363636363636364
0.004562489815870947,0.002455406693662401,0.0,0.0,0.0024922393936387534,0.88,0.6363636363636364
0.0013850415512465374,0.0003868590402245078,0.0,0.0,0.0,0.88,0.6363636363636364
0.0013850415512465374,0.00034564118205751305,0.0,0.0,0.00035082602495586283,0.88,0.6363636363636364
0.0,1.766479635728346e-05,0.0,0.0,0.0,0.88,0.6363636363636364
0.0061104774319700175,0.002557862512534645,0.0,0.0,0.0,0.88,0.6363636363636364
0.006680788658953886,0.0026414758819591202,0.0,0.0,0.0026810997409744478,0.88,0.6363636363636364
0.0113247515072511,0.00609141061053658,0.029356311842747482,0.0,0.0,0.88,0.6363636363636364
0.010835913312693499,0.006041360354190944,0.037180742778541956,0.0,0.0061319846951399535,0.88,0.6363636363636364
0.0,0.0005311215438089893,0.004003230243599414,0.0,0.0,0.88,0.6363636363636364
0.03649991852696757,0.029771658954020303,0.0005181168744730887,0.0,0.0,0.88,0.6363636363636364
0.03658139155939384,0.03092045954378897,0.00037754803212495006,0.0,0.03138428658003794,0.88,0.6363636363636364
0.003910705556460812,0.003011258952371587,0.0,0.0,0.0,0.88,0.6363636363636364
0.0038292325240345446,0.0029853505843809047,0.0,0.0,0.0030301327879492753,0.88,0.6363636363636364
0.0,0.00017900326975380573,0.0,0.0,0.0,0.88,0.6363636363636364
0.7818966921948834,0.7870208497591406,0.6383483161024094,0.16533453205620627,0.0,0.88,0.7272727272727273
0.7832002607137037,0.7573316265214541,0.4083389270976616,0.3611362261303458,0.7686920942819542,0.88,0.7272727272727273
0.0,0.0027975149164484576,0.17858902249633934,0.001514265708594775,0.0,0.88,0.7272727272727273
0.012139481831513768,0.0065601165405498344,0.0022317788525535787,0.0,0.0,0.88,0.7272727272727273
0.0110803324099723,0.0051492881381481285,0.002477987309757288,0.0008463572647364736,0.005226530814717242,0.88,0.7272727272727273
0.0,0.0018795343324149601,0.002213462306429427,0.0010553973120509038,0.0,0.88,0.7272727272727273
0.027700831024930747,0.014728318376157706,3.720104716688113e-05,0.0,0.0,0.88,0.7272727272727273
0.027700831024930747,0.014135958871643468,0.00011401694990460132,0.0,0.014348007463569675,0.88,0.7272727272727273
0.011650643636956167,0.005755779479748194,4.259661889337534e-05,0.0,0.0,0.88,0.7272727272727273
0.011650643636956167,0.00448921358093097,0.0,0.0,0.004556554709137135,0.88,0.7272727272727273
0.0,0.0008555649702377623,0.0,0.0,0.0,0.88,0.7272727272727273
0.015235457063711912,0.008467325720591206,0.0,0.0,0.0,0.88,0.7272727272727273
0.015153984031285645,0.008315408471918568,0.0,0.0,0.008440145016059107,0.88,0.7272727272727273
0.00472543588072348,0.003637770396509907,0.0,0.0,0.0,0.88,0.7272727272727273
0.00472543588072348,0.003193206354851607,0.0,0.0,0.0032411065303844027,0.88,0.7272727272727273
0.005132801042854815,0.002380036895871325,0.0,0.0,0.0,0.88,0.7272727272727273
0.005132801042854815,0.0023476514358829717,0.0,0.0,0.0023828677367956136,0.88,0.7272727272727273
0.0008962033566889359,0.00035094062096469806,0.0,0.0,0.0,0.88,0.7272727272727273
0.0008147303242626691,0.0002820479151712926,0.0,0.0,0.00028627881763860016,0.88,0.7272727272727273
0.007332572918364022,0.003198505793758792,0.0,0.0,0.0,0.88,0.7272727272727273
0.007332572918364022,0.0029888835436523613,0.0,0.0,0.0030337187439113456,0.88,0.7272727272727273
0.0,0.00010775525777942911,0.0,0.0,0.0,0.88,0.7272727272727273
0.011732116669382434,0.005610339323073227,0.03559629054443803,0.0,0.0,0.88,0.7272727272727273
0.011650643636956167,0.004755952005925951,0.029147943381994054,0.0,0.004827294384273432,0.88,0.7272727272727273
0.0,0.0007113024666532807,0.004184549851355549,0.0,0.0,0.88,0.7272727272727273
0.0334854163271957,0.027139015470239822,0.0002294537871056485,0.0,0.0,0.88,0.7272727272727273
0.03356688935962197,0.025545650838812856,0.00036938368017038647,0.0,0.025928852243075222,0.88,0.7272727272727273
0.0,0.00043985342929635815,4.685628078271287e-06,0.0,0.0,0.88,0.7272727272727273
0.004073651621313346,0.0023570726606068565,0.0,0.0,0.0,0.88,0.7272727272727273
0.004155124653739612,0.002631465830689993,0.0,0.0,0.002670939532415249,0.88,0.7272727272727273
0.0,0.0003179663344311023,0.0,0.0,0.0,0.88,0.7272727272727273
0.7480039107055565,0.7103226592819967,0.6854529351732707,0.21604118938688385,0.0,0.88,0.8181818181818182
0.7479224376731302,0.7176841687506219,0.457677099880197,0.30896968749362685,0.728449898816276,0.88,0.8181818181818182
0.0,0.0026956479241214562,0.18875250476993388,0.00038833862448249844,0.0,0.88,0.8181818181818182
0.010510021182988431,0.004117664030882775,0.006909881528153703,8.497562898960577e-06,0.0,0.88,0.8181818181818182
0.009613817826299494,0.00445329516167116,0.00018273949505258021,0.0,0.004520097490189422,0.88,0.8181818181818182
0.0,0.0009097370124000982,0.0,6.798050319168462e-06,0.0,0.88,0.8181818181818182
0.02713051979794688,0.013107278897104328,5.7505435506056706e-05,0.0,0.0,0.88,0.8181818181818182
0.027049046765520612,0.013458219518069026,0.0001636420109153836,0.0,0.013660101578179219,0.88,0.8181818181818182
0.005866058334691217,0.0022764034239085955,0.0,0.0,0.0,0.88,0.8181818181818182
0.006029004399543751,0.0020809130108879917,0.00023428140391356435,0.0,0.0021121280616593174,0.88,0.8181818181818182
0.0,0.00042395511257480305,0.0,0.0,0.0,0.88,0.8181818181818182
0.014991037966433111,0.00630515464645971,0.0,0.0,0.0,0.88,0.8181818181818182
0.014909564934006844,0.00663960812415761,0.0,0.0,0.006739206571383832,0.88,0.8181818181818182
0.0007332572918364021,0.0006282779237740484,0.0,0.0,0.0,0.88,0.8181818181818182
0.0008962033566889359,0.00015015076903690942,0.0,0.0,0.0001524031283879813,0.88,0.8181818181818182
0.004562489815870947,0.0016281053975962922,0.0,0.0,0.0,0.88,0.8181818181818182
0.0046439628482972135,0.0017982762691714563,0.0,0.0,0.0018252515846937055,0.88,0.8181818181818182
0.00032589212970506764,0.00015132842212739497,0.0,0.0,0.0,0.88,0.8181818181818182
0.00040736516213133454,0.00012129826832001309,0.0,0.0,0.00012311782136440843,0.88,0.8181818181818182
0.006762261691380153,0.00221398781011286,0.0,0.0,0.0,0.88,0.8181818181818182
0.00684373472380642,0.0021574604617695535,0.0,0.0,0.0021898237741708373,0.88,0.8181818181818182
0.0,0.00018194740248001965,0.0,0.0,0.0,0.88,0.8181818181818182
0.008147303242626691,0.002333519598797145,0.03385912943160137,0.0,0.0,0.88,0.8181818181818182
0.008147303242626691,0.0020173197440017713,0.045377113191640416,0.0,0.002047580854342055,0.88,0.8181818181818182
0.0,0.0002490736286376968,0.004096658827705551,0.0,0.0,0.88,0.8181818181818182
0.031693009613817824,0.02269101974747585,0.00023165461241513954,0.0,0.0,0.88,0.8181818181818182
0.031693009613817824,0.02264038066458497,0.0005386342459067311,0.0,0.022980001123599533,0.88,0.8181818181818182
0.0,0.0002961797522571194,7.95136886009673e-06,0.0,0.0,0.88,0.8181818181818182
0.0013850415512465374,0.0006453538935860891,0.0,0.0,0.0,0.88,0.8181818181818182
0.0013035685188202706,0.0004810712874633529,0.0,0.0,0.0004882876701685518,0.88,0.8181818181818182
0.0,5.770500143379264e-05,0.0,0.0,0.0,0.88,0.8181818181818182
0.6036336972462115,0.5634127915501036,0.6079023827483694,0.2109171589588106,0.0,0.88,0.9090909090909091
0.6039595893759165,0.5354971138666885,0.420612645871234,0.31401044180529025,0.5435299194235695,0.88,0.9090909090909091
0.0,0.0027027138426643695,0.20068800638949283,0.000456319127674183,0.0,0.88,0.9090909090909091
0.008228776275052958,0.004104709846887433,0.01209538092913875,0.0005327971937648283,0.0,0.88,0.9090909090909091
0.008310249307479225,0.0031113594650628604,0.010498220703731641,0.0,0.0031580318839297774,0.88,0.9090909090909091
0.0,0.0006082578212357938,0.011707396725384922,0.00012916295606420078,0.0,0.88,0.9090909090909091
0.026967573733094347,0.013024843180770337,2.9533655766073567e-05,0.0,0.0,0.88,0.9090909090909091
0.026967573733094347,0.013137897877456952,0.00028475839730221416,0.0,0.013334974904284858,0.88,0.9090909090909091
0.004155124653739612,0.001243012837007513,0.0,0.0,0.0,0.88,0.9090909090909091
0.004073651621313346,0.00077254042735853,0.0,0.0,0.0007841290370393391,0.88,0.9090909090909091
0.0,0.00015486138139885166,0.0,0.0,0.0,0.88,0.9090909090909091
0.01344305035033404,0.006584258428904788,0.0,0.0,0.0,0.88,0.9090909090909091
0.013524523382760306,0.006100831835260464,0.0,0.0,0.006192348287168135,0.88,0.9090909090909091
0.0046439628482972135,0.002115064950512073,0.0,0.0,0.0,0.88,0.9090909090909091
0.0046439628482972135,0.002198089493391305,0.0,0.0,0.002231062267734644,0.88,0.9090909090909091
8.147303242626691e-05,1.8842449447769024e-05,0.0,0.0,0.0,0.88,0.9090909090909091
8.147303242626691e-05,1.9431275993011808e-05,0.0,0.0,1.9722757791385816e-05,0.88,0.9090909090909091
0.006680788658953886,0.002350006742063943,0.0,0.0,0.0,0.88,0.9090909090909091
0.006680788658953886,0.002205155411934219,0.0,0.0,0.0022382341796587843,0.88,0.9090909090909091
0.006517842594101353,0.0010133704843628278,0.037174282291343126,0.0,0.0,0.88,0.9090909090909091
0.006599315626527619,0.0006924600172055116,0.04926739140080756,0.0,0.0007028473685657491,0.88,0.9090909090909091
0.0,3.3563113078838574e-05,0.00442337489461774,0.0,0.0,0.88,0.9090909090909091
0.025826951279126608,0.01794390013972854,5.2109863779562497e-05,0.0,0.0,0.88,0.9090909090909091
0.025745478246700343,0.01645240250062857,0.0004305808226472024,0.0,0.01669919925603367,0.88,0.9090909090909091
0.0011406224539677367,0.0007189572117414369,0.0,0.0,0.0,0.88,0.9090909090909091
0.0012220954863940035,0.0007931493564420274,0.0,0.0,0.0008050471134847483,0.88,0.9090909090909091
0.0,3.4151939624081354e-05,0.0,0.0,0.0,0.88,0.9090909090909091
0.605914942154147,0.5522798480591983,0.5325824732661845,0.2541587072827513,0.0,0.88,1.0
0.6041225354407691,0.5665082526984448,0.40658210054576915,0.4363090665597107,0.5750062455399673,0.88,1.0
0.0,0.0033321694195289036,0.22872062830012868,0.0015049183894059184,0.0,0.88,1.0
0.010184129053283364,0.004416199089320865,0.0026229578027244086,0.0,0.0,0.88,1.0
0.010184129053283364,0.004197744441035793,0.017646856280782712,0.0,0.004260713342266348,0.88,1.0
0.0,0.0012006173257500326,0.0006679149842481253,0.0,0.0,0.88,1.0
0.022893922111781,0.010496421995497832,8.49802546922838e-05,0.0,0.0,0.88,1.0
0.0231383412090598,0.010306231021384414,0.00021880463238230466,0.0,0.010460831200685635,0.88,1.0
0.0017924067133778718,0.00030736745661673223,0.0,0.0,0.0,0.88,1.0
0.0018738797458041389,0.000386270213679265,3.336735146647735e-05,0.0,0.00039206451851966955,0.88,1.0
0.0,0.0001831250555705052,0.0,0.0,0.0,0.88,1.0
0.032670686002933026,0.02493327123176036,0.0,0.0,0.0,0.88,1.0
0.032670686002933026,0.019326464867958592,0.0,0.0,0.019616374431177735,0.88,1.0
0.0037477594916082778,0.004478025876571357,0.0,0.0,0.0,0.88,1.0
0.0038292325240345446,0.002993005329469061,0.0,0.0,0.0030379023592004275,0.88,1.0
0.005703112269838683,0.003455234167484645,0.0,0.0,0.0,0.88,1.0
0.005703112269838683,0.0027898601713603013,0.0,0.0,0.002831709891381394,0.88,1.0
0.005703112269838683,0.0017282059102875652,0.0,0.0,0.0,0.88,1.0
0.00578458530226495,0.0016151512136009512,0.0,0.0,0.0016393795339930697,0.88,1.0
0.0,9.538990032933069e-05,0.0,0.0,0.0,0.88,1.0
0.005214274075281082,0.0003468188351479986,0.033887172205706174,0.0,0.0,0.88,1.0
0.005214274075281082,0.0004404422558416009,0.03997721080889204,0.0,0.0004470491766047452,0.88,1.0
0.0,0.0,0.0031772818032568665,0.0,0.0,0.88,1.0
0.04277334202379013,0.03567287859044346,3.081155433287483e-05,0.0,0.0,0.88,1.0
0.04285481505621639,0.03056775244318854,0.0002887340817322625,0.0,0.031026288643157936,0.88,1.0
0.005947531367117484,0.00627983510501427,0.0,0.0,0.0,0.88,1.0
0.005947531367117484,0.004521599040919323,0.0,0.0,0.004589425972122778,0.88,1.0
0.5808212481668568,0.4829649536328537,0.5554381150996139,0.21685355640002446,0.0,0.92,0.0
0.5819618706208245,0.49105071975212755,0.3315277099880197,0.28808267788798175,0.49841680044274606,0.92,0.0
0.0,0.0024171329682216203,0.18427531614678086,0.00076308114832666,0.0,0.92,0.0
0.006599315626527619,0.0030354008407265415,0.0,0.0,0.0,0.92,0.0
0.0061104774319700175,0.002493091592557939,0.002566162310866575,0.0,0.0025304895905675015,0.92,0.0
0.0,0.0011234810483232282,0.001454248569019834,0.00012236490574503233,0.0,0.92,0.0
0.021182988430829396,0.008416686637700326,4.075076540799574e-05,0.0,0.0,0.92,0.0
0.020938569333550594,0.008871260730627753,4.2170652704441586e-05,0.0,0.009004335420758142,0.92,0.0
0.0,8.714632869593174e-05,0.0,0.0,0.0,0.92,0.0
0.002607137037640541,0.00041158975512470465,0.0,0.0,0.0,0.92,0.0
0.002607137037640541,0.00031619985479537394,0.0,0.0,0.0003209430586052783,0.92,0.0
0.0,0.00014190719740351046,0.0,0.0,0.0,0.92,0.0
0.048069089131497475,0.03552684960722325,0.0,0.0,0.0,0.92,0.0
0.047824670034218676,0.0361027219684707,0.0,0.0,0.036644286317067835,0.92,0.0
0.00684373472380642,0.008592745774727918,0.0,0.0,0.0,0.92,0.0
0.007006680788658954,0.007642379730706068,0.0,0.0,0.007757020405284743,0.92,0.0
0.0,5.1816735981364814e-05,0.0,0.0,0.0,0.92,0.0
0.006273423496822552,0.002649719453592519,0.0,0.0,0.0,0.92,0.0
0.006273423496822552,0.0029853505843809047,0.0,0.0,0.0030301327879492753,0.92,0.0
8.147303242626691e-05,1.0598877814370076e-05,0.0,0.0,0.0,0.92,0.0
8.147303242626691e-05,0.0,0.0,0.0,0.0,0.92,0.0
0.0038292325240345446,0.0010068933923651573,0.0,0.0,0.0,0.92,0.0
0.0038292325240345446,0.0010675425265251638,0.0,0.0,0.0010835563598721966,0.92,0.0
0.0,0.00018135857593477687,0.0,0.0,0.0,0.92,0.0
0.00554016620498615,0.0003373976104241141,0.03543761813906021,0.0,0.0,0.92,0.0
0.00554016620498615,0.00016310495303225063,0.041530780494298265,0.0,0.00016555163358223851,0.92,0.0
0.0,0.0,0.003654860895416426,0.0,0.0,0.92,0.0
0.05898647547661724,0.04492157713657184,0.00021582286905976838,0.0,0.0,0.92,0.0
0.058905002444190974,0.044444038808379945,0.00041332919199538534,0.0,0.045110728343515455,0.92,0.0
0.009369398729020694,0.011242465228320437,0.0,0.0,0.0,0.92,0.0
0.009369398729020694,0.010322129338105968,0.0,0.0,0.01047696800251495,0.92,0.0
0.5187387974580414,0.46955207375876834,0.5134164085725695,0.194710606997913,0.0,0.92,0.09090909090909091
0.519227635652599,0.46641892771153154,0.36200232506544794,0.25093643143146543,0.47341551547519295,0.92,0.09090909090909091
0.0,0.0023223318944375322,0.15919918356480453,0.000412131800599588,0.0,0.92,0.09090909090909091
0.007821411112921624,0.003083095790891207,0.0025983937524958955,0.0,0.0,0.92,0.09090909090909091
0.007576992015642822,0.003377509063512598,0.0004966765762967564,0.0,0.003428173899739062,0.92,0.09090909090909091
0.0,0.0003709607235029527,0.0002792918312108976,0.0,0.0,0.92,0.09090909090909091
0.022568029982075934,0.009816916162287661,0.00011714070195678218,0.0,0.0,0.92,0.09090909090909091
0.022568029982075934,0.009881098255719124,4.685628078271287e-05,0.0,0.010029321166583194,0.92,0.09090909090909091
0.002036825810656673,0.0004163003674866469,0.0,0.0,0.0,0.92,0.09090909090909091
0.002036825810656673,0.0004516299602012138,0.0,0.0,0.0004584047038179673,0.92,0.09090909090909091
0.0,5.88826545242782e-07,0.0,0.0,0.0,0.92,0.09090909090909091
0.045869317255988265,0.03930122776222949,0.0,0.0,0.0,0.92,0.09090909090909091
0.045869317255988265,0.03747939843124832,0.0,0.0,0.03804161382362117,0.92,0.09090909090909091
0.008065830210200424,0.00995823453314593,0.0,0.0,0.0,0.92,0.09090909090909091
0.008065830210200424,0.009579030238009578,0.0,0.0,0.009722721931826196,0.92,0.09090909090909091
0.004969854978002281,0.002825189764074868,0.0,0.0,0.0,0.92,0.09090909090909091
0.004969854978002281,0.002966508134933136,0.0,0.0,0.0030110076894849015,0.92,0.09090909090909091
0.00032589212970506764,0.00017429265739186348,0.0,0.0,0.0,0.92,0.09090909090909091
0.00032589212970506764,0.0002526065879091535,0.0,0.0,0.00025639585128801564,0.92,0.09090909090909091
0.0046439628482972135,0.0014808987612855969,0.0,0.0,0.0,0.92,0.09090909090909091
0.0046439628482972135,0.0014326149845756886,0.0,0.0,0.0014541051426194451,0.92,0.09090909090909091
0.005458693172559883,0.0003103115893429461,0.03812042419132981,0.0,0.0,0.92,0.09090909090909091
0.005295747107707349,0.00038862551986023616,0.04412874828060523,0.0,0.00039445515582771633,0.92,0.09090909090909091
0.0,0.0,0.004372968895593912,0.0,0.0,0.92,0.09090909090909091
0.058905002444190974,0.049705792816669446,0.00015100501397701557,0.0,0.0,0.92,0.09090909090909091
0.058905002444190974,0.04857406819671282,0.0005386342459067311,0.0,0.04930271086317546,0.92,0.09090909090909091
0.010428548150562164,0.011728247128145733,0.0,0.0,0.0,0.92,0.09090909090909091
0.010428548150562164,0.011839535345196618,0.0,0.0,0.012017136088224079,0.92,0.09090909090909091
0.647140296561838,0.5978497232220824,0.6876073301681679,0.2333592225749655,0.0,0.92,0.18181818181818182
0.6492585954049209,0.5991357203968927,0.4404310067888361,0.3222386319603538,0.6081231465090121,0.92,0.18181818181818182
0.0,0.002909391960044586,0.19641741136797267,0.00042402838865813287,0.0,0.92,0.18181818181818182
0.009124979631741893,0.003346890083159973,0.004892718640457914,0.0,0.0,0.92,0.18181818181818182
0.007332572918364022,0.003328047633712204,0.00306929937436216,0.0,0.0033779705162700797,0.92,0.18181818181818182
0.0,0.0008402554800614499,0.0005321027643430803,0.0,0.0,0.92,0.18181818181818182
0.02550105914942154,0.011891940907723225,0.00014915916049163599,0.0,0.0,0.92,0.18181818181818182
0.02550105914942154,0.011906072744809053,0.00016335803345609443,0.0,0.0120846715921764,0.92,0.18181818181818182
0.0029330291673456085,0.0007325002222820208,0.0,0.0,0.0,0.92,0.18181818181818182
0.0029330291673456085,0.0009203358902144683,0.0,0.0,0.0009341415281192737,0.92,0.18181818181818182
0.0,0.0002714490373569225,0.0,0.0,0.0,0.92,0.18181818181818182
0.0462766824181196,0.03880425815804458,0.0,0.0,0.0,0.92,0.18181818181818182
0.04635815545054587,0.042351349266587096,0.0,0.0,0.042986647095315904,0.92,0.18181818181818182
0.0074955189832165555,0.008238861021037006,0.0,0.0,0.0,0.92,0.18181818181818182
0.0074955189832165555,0.009269307475211874,0.0,0.0,0.009408353125818046,0.92,0.18181818181818182
0.005703112269838683,0.0025649284310775584,0.0,0.0,0.0,0.92,0.18181818181818182
0.005703112269838683,0.0030130254320073157,0.0,0.0,0.003058222776318825,0.92,0.18181818181818182
0.00024441909727880074,0.00011246587014137137,0.0,0.0,0.0,0.92,0.18181818181818182
0.00016294606485253382,0.00011776530904855641,0.0,0.0,0.00011953186540233828,0.92,0.18181818181818182
0.005377220140133616,0.0017205511651994091,0.0,0.0,0.0,0.92,0.18181818181818182
0.005458693172559883,0.0017270282571970796,0.0,0.0,0.001752934806125291,0.92,0.18181818181818182
0.00554016620498615,0.0007377996611892058,0.032823960598127526,0.0,0.0,0.92,0.18181818181818182
0.0056216392374124164,0.000983340330555446,0.03936460043484048,0.0,0.0009980910761095247,0.92,0.18181818181818182
0.0,0.0,0.004278617384745086,0.0,0.0,0.92,0.18181818181818182
0.059882678833306176,0.046377156356412,8.4057327949594e-05,0.0,0.0,0.92,0.18181818181818182
0.06004562489815871,0.051031241370010944,0.0007521143009273639,0.0,0.051796743234795245,0.92,0.18181818181818182
0.008799087502036826,0.007419803296604296,0.0,0.0,0.0,0.92,0.18181818181818182
0.008880560534463093,0.009668531872886481,0.0,0.0,0.009813566149531973,0.92,0.18181818181818182
0.0,8.125806324350391e-05,0.0,0.0,0.0,0.92,0.18181818181818182
0.7467003421867362,0.7201401642708296,0.6310943958823269,0.19008368399942896,0.0,0.92,0.2727272727272727
0.7500407365162132,0.7146687880124336,0.3865190930469894,0.25798855888131283,0.725389285402649,0.92,0.2727272727272727
0.0,0.0031042935465199466,0.20213394861782846,0.0005939796466373444,0.0,0.92,0.2727272727272727
0.01368746944761284,0.0062692362271999005,0.0028548963925988376,0.0,0.0,0.92,0.2727272727272727
0.010347075118135898,0.006835687363723457,0.0014404756622443094,0.0,0.006938227127278726,0.92,0.2727272727272727
0.0,0.0005741058816117124,0.001756187602609043,2.2093663537297502e-05,0.0,0.92,0.2727272727272727
0.024116017598175003,0.013714359065249636,0.00020623862980875894,0.0,0.0,0.92,0.2727272727272727
0.02419749063060127,0.0137702975870477,0.00025146204020055907,0.0,0.013976861021495415,0.92,0.2727272727272727
0.004073651621313346,0.0014337926376661741,0.0,0.0,0.0,0.92,0.2727272727272727
0.003992178588887079,0.001485609373647539,0.0,0.0,0.0015078944820504975,0.92,0.2727272727272727
0.0,8.243571633398948e-06,0.0,0.0,0.0,0.92,0.2727272727272727
0.01971647384715659,0.012106273770191599,0.0,0.0,0.0,0.92,0.2727272727272727
0.019879419912009123,0.014319083927213974,0.0,0.0,0.014533879514270312,0.92,0.2727272727272727
0.0031774482646244094,0.0019054427004056426,0.0,0.0,0.0,0.92,0.2727272727272727
0.0028515561349193416,0.003517060954735137,0.0,0.0,0.003569819160240833,0.92,0.2727272727272727
0.0,4.357316434796587e-05,0.0,0.0,0.0,0.92,0.2727272727272727
0.00554016620498615,0.003389874420962696,0.0,0.0,0.0,0.92,0.2727272727272727
0.00554016620498615,0.003605973763066797,0.0,0.0,0.0036600657186195984,0.92,0.2727272727272727
0.0008147303242626691,8.243571633398949e-05,0.0,0.0,0.0,0.92,0.2727272727272727
0.0008962033566889359,0.00016428260612273617,0.0,0.0,0.0001667469522362619,0.92,0.2727272727272727
0.0,4.533964398369422e-05,0.0,0.0,0.0,0.92,0.2727272727272727
0.0046439628482972135,0.0017841444320856295,0.0,0.0,0.0,0.92,0.2727272727272727
0.004562489815870947,0.001629283050686778,0.0,0.0,0.00165372335784135,0.92,0.2727272727272727
0.0056216392374124164,0.002198678319936548,0.02181685228734969,0.0,0.0,0.92,0.2727272727272727
0.0056216392374124164,0.0028917271636873026,0.034803141500643384,0.0,0.0029351049549544163,0.92,0.2727272727272727
0.0,0.0,0.0031671296090872787,0.0,0.0,0.92,0.2727272727272727
0.036255499429688774,0.026876398831061542,0.00020226294537871057,0.0,0.0,0.92,0.2727272727272727
0.036174026397262506,0.02857339693445124,0.0004347694901717176,0.0,0.02900201650256934,0.92,0.2727272727272727
0.0,3.532959271456692e-05,0.0,0.0,0.0,0.92,0.2727272727272727
0.0013850415512465374,0.0008314230818828082,0.0,0.0,0.0,0.92,0.2727272727272727
0.0013035685188202706,0.0011122933439636153,0.0,0.0,0.001128978468725085,0.92,0.2727272727272727
0.8210037477594916,0.7909624546529956,0.6188448151927941,0.1760244661830987,0.0,0.92,0.36363636363636365
0.8212481668567704,0.7850382707813081,0.3805742379198651,0.2352533293451438,0.7968143562551623,0.92,0.36363636363636365
0.0,0.0029700410942045926,0.16345352087678042,0.00015890442621056282,0.0,0.92,0.36363636363636365
0.0118135897018087,0.0054961069732961275,0.002701690553312331,0.000102820511077423,0.0,0.92,0.36363636363636365
0.011243278474824833,0.005292372988642125,0.0,0.0,0.005371762031181082,0.92,0.36363636363636365
0.0,0.0004993249103658791,0.0,0.0,0.0,0.92,0.36363636363636365
0.025664005214274074,0.01540193594391545,0.0002331454940764077,0.0,0.0,0.92,0.36363636363636365
0.025664005214274074,0.015493792884973323,0.0003233793317655411,0.0,0.015726209871658636,0.92,0.36363636363636365
0.0,9.126811451263121e-05,0.0,0.0,0.0,0.92,0.36363636363636365
0.0113247515072511,0.0036295268248765084,0.0011859608643563918,0.0,0.0,0.92,0.36363636363636365
0.011243278474824833,0.0048054134357263445,0.0,0.0,0.004877497767742414,0.92,0.36363636363636365
0.0,5.417204216233595e-05,0.0,0.0,0.0,0.92,0.36363636363636365
0.015398403128564445,0.007460432328226048,0.0,0.0,0.0,0.92,0.36363636363636365
0.015724295258269513,0.007816083561552688,0.0,0.0,0.007933329906753191,0.92,0.36363636363636365
0.0028515561349193416,0.0012012061522952754,0.0,0.0,0.0,0.92,0.36363636363636365
0.002688610070066808,0.0018012204018976702,0.0,0.0,0.001828239881328764,0.92,0.36363636363636365
0.006762261691380153,0.004382047149696784,0.0,0.0,0.0,0.92,0.36363636363636365
0.006762261691380153,0.0042984337802723085,0.0,0.0,0.004362913087185347,0.92,0.36363636363636365
0.0013035685188202706,0.00046988358310374003,0.0,0.0,0.0,0.92,0.36363636363636365
0.0013035685188202706,0.00043690929657014423,0.0,0.0,0.00044346322064267504,0.92,0.36363636363636365
0.0,0.00017134852466564956,0.0,0.0,0.0,0.92,0.36363636363636365
0.0037477594916082778,0.0017028863688421255,0.0,0.0,0.0,0.92,0.36363636363636365
0.0038292325240345446,0.0016239836117795928,0.0,0.0,0.001648344423898245,0.92,0.36363636363636365
0.009613817826299494,0.0048048246091811015,0.023541447397612814,0.0,0.0,0.92,0.36363636363636365
0.009532344793873227,0.005474320391122145,0.042400674446465815,0.0,0.005556438763227695,0.92,0.36363636363636365
0.0,0.00033209817151692904,0.003780804898611173,0.0,0.0,0.92,0.36363636363636365
0.03340394329476943,0.025433773795216726,0.00038990105160402894,0.0,0.0,0.92,0.36363636363636365
0.03340394329476943,0.026561965455901896,0.0003700936238186094,0.0,0.026960412241497398,0.92,0.36363636363636365
0.0,6.594857306719159e-05,0.0,0.0,0.0,0.92,0.36363636363636365
0.004073651621313346,0.0026020245034278537,0.0,0.0,0.0,0.92,0.36363636363636365
0.004073651621313346,0.0025496189409012463,0.0,0.0,0.002587864885960624,0.92,0.36363636363636365
0.0,0.00017370383084662068,0.0,0.0,0.0,0.92,0.36363636363636365
0.8301287273912336,0.8192355500493731,0.613803150374939,0.15446954813359529,0.0,0.92,0.45454545454545453
0.8319211341046113,0.8339597466397141,0.41061891112392956,0.22345701252880673,0.8464696861212746,0.92,0.45454545454545453
0.0,0.0034140163093176502,0.18888498025469228,0.0009568255824229611,0.0,0.92,0.45454545454545453
0.013361577317907773,0.00594538162731637,0.00015498069840706394,0.0,0.0,0.92,0.45454545454545453
0.012302427896366304,0.006515365723111383,0.003615743000399343,0.0,0.006613100453384366,0.92,0.45454545454545453
0.0,0.0011064050785111873,0.00616181390602121,0.0,0.0,0.92,0.45454545454545453
0.02419749063060127,0.015280048849050194,0.00026168522873496917,0.0,0.0,0.92,0.45454545454545453
0.02419749063060127,0.014806632306674996,0.0005040599902382748,0.0,0.015028741437035992,0.92,0.45454545454545453
0.01368746944761284,0.007183095025416698,0.0,0.0,0.0,0.92,0.45454545454545453
0.013361577317907773,0.0073055709468271965,0.003107352353906909,0.0,0.007415159270234056,0.92,0.45454545454545453
0.0,0.00021079990319691595,0.0,0.0,0.0,0.92,0.45454545454545453
0.017516701971647383,0.010786124655757281,0.0,0.0,0.0,0.92,0.45454545454545453
0.017679648036499917,0.010189643365426344,0.0,0.0,0.01034249465393732,0.92,0.45454545454545453
0.004399543751018413,0.002435975417669389,0.0,0.0,0.0,0.92,0.45454545454545453
0.004073651621313346,0.0024548178671171582,0.0,0.0,0.0024916417343117414,0.92,0.45454545454545453
0.0061104774319700175,0.004309621484631922,0.0,0.0,0.0,0.92,0.45454545454545453
0.0061104774319700175,0.00433258571989639,0.0,0.0,0.004397577328152025,0.92,0.45454545454545453
0.0008147303242626691,0.00023199765882565612,0.0,0.0,0.0,0.92,0.45454545454545453
0.0008147303242626691,0.0002255205668279855,0.0,0.0,0.00022890352224547782,0.92,0.45454545454545453
0.003992178588887079,0.0017929768302642713,0.0,0.0,0.0,0.92,0.45454545454545453
0.004073651621313346,0.001718195859018438,0.0,0.0,0.0017439699162201156,0.92,0.45454545454545453
0.0,0.00010363347196272963,0.0,0.0,0.0,0.92,0.45454545454545453
0.010510021182988431,0.006678470676143634,0.02567369215068554,0.0,0.0,0.92,0.45454545454545453
0.010347075118135898,0.006799180117918404,0.04188930203665084,0.0,0.006901172249004001,0.92,0.45454545454545453
0.0,0.0002290535260994422,0.0032055375604561386,0.0,0.0,0.92,0.45454545454545453
0.03649991852696757,0.031452758740688445,0.00034197985534898165,0.0,0.0,0.92,0.45454545454545453
0.03658139155939384,0.029562625530459113,0.0005274881306296312,0.0,0.030006084171948978,0.92,0.45454545454545453
0.0,0.0,0.0,8.497562898960578e-07,0.0,0.92,0.45454545454545453
0.0038292325240345446,0.003035989667271784,0.0,0.0,0.0,0.92,0.45454545454545453
0.0037477594916082778,0.002609090421970767,0.0,0.0,0.0026482284779888047,0.92,0.45454545454545453
0.8723317581880398,0.8941024899708119,0.6208899498602298,0.14572640566685474,0.0,0.92,0.5454545454545454
0.8734723806420075,0.932922646445578,0.42201513954829833,0.21885473246272968,0.9469170938934756,0.92,0.5454545454545454
0.0,0.004092344489437335,0.2214936149443138,0.0014581817934616352,0.0,0.92,0.5454545454545454
0.015235457063711912,0.009601405646728803,0.00284971380396681,2.804195756656991e-05,0.0,0.92,0.5454545454545454
0.013361577317907773,0.009859311673545142,0.0,0.0,0.010007207771483761,0.92,0.5454545454545454
0.0,0.0010298576276296257,0.0,0.0,0.0,0.92,0.5454545454545454
0.022975395144207267,0.014503975462420207,0.00013368238896037626,0.0,0.0,0.92,0.5454545454545454
0.023056868176633535,0.015513812987511578,0.00044279185339663667,0.0,0.015746530288777035,0.92,0.5454545454545454
0.015153984031285645,0.008234150408675063,3.1237520521808584e-05,0.0,0.0,0.92,0.5454545454545454
0.015479876160990712,0.009072639409100785,0.0,0.0,0.009208734910596142,0.92,0.5454545454545454
0.0,0.00013248597267962595,0.0,0.0,0.0,0.92,0.5454545454545454
0.016946390744663517,0.010939808384065648,0.0,0.0,0.0,0.92,0.5454545454545454
0.01710933680951605,0.011345509873737924,0.0,0.0,0.01151569991286127,0.92,0.5454545454545454
0.004318070718592146,0.0024153664885858918,0.0,0.0,0.0,0.92,0.5454545454545454
0.004155124653739612,0.0023588391402425846,0.0,0.0,0.0023942232640088356,0.92,0.5454545454545454
0.006354896529248819,0.004893148590967519,0.0,0.0,0.0,0.92,0.5454545454545454
0.006354896529248819,0.004821311752447899,0.0,0.0,0.004893634569571729,0.92,0.5454545454545454
0.0013850415512465374,0.00027380434353789366,0.0,0.0,0.0,0.92,0.5454545454545454
0.0013850415512465374,0.0002596725064520669,0.0,0.0,0.0002635677632121559,0.92,0.5454545454545454
0.004073651621313346,0.0015115177416382215,0.0,0.0,0.0,0.92,0.5454545454545454
0.004073651621313346,0.0016599020310394026,0.0,0.0,0.001684801642845958,0.92,0.5454545454545454
0.011406224539677367,0.007682419935782577,0.02545715933797755,0.0,0.0,0.92,0.5454545454545454
0.011406224539677367,0.008242982806853705,0.0344547721524604,0.0,0.008366632918836669,0.92,0.5454545454545454
0.0,0.00013189714613438317,0.0034508230909171583,0.0,0.0,0.92,0.5454545454545454
0.03927000162946065,0.03457412825702043,0.0004506012335270888,0.0,0.0,0.92,0.5454545454545454
0.03927000162946065,0.03513704643427253,0.0007288991436304744,0.0,0.03566412502076866,0.92,0.5454545454545454
0.0,0.00013719658504156822,0.0,0.0,0.0,0.92,0.5454545454545454
0.0056216392374124164,0.003601263150704855,0.0,0.0,0.0,0.92,0.5454545454545454
0.0056216392374124164,0.003819717798989927,0.0,0.0,0.003877016054324842,0.92,0.5454545454545454
0.0,3.4151939624081354e-05,0.0,0.0,0.0,0.92,0.5454545454545454
0.8681766335343002,0.9102098401159282,0.612390504503705,0.15284481410731401,0.0,0.92,0.6363636363636364
0.8685025256640052,0.8950410794839289,0.38783518658206506,0.20359990754651566,0.9084672787495054,0.92,0.6363636363636364
0.0,0.0033451236035242447,0.21389033145494077,0.0027583089170026037,0.0,0.92,0.6363636363636364
0.014665145836728044,0.009276962220300031,0.0003055597461951458,5.948294029272405e-06,0.0,0.92,0.6363636363636364
0.014665145836728044,0.008317174951554296,1.3630918045880108e-05,4.248781449480289e-06,0.008441937994040142,0.92,0.6363636363636364
0.0,0.0014661780976545273,0.00039863335847717087,0.0006551620995098606,0.0,0.92,0.6363636363636364
0.02207919178751833,0.013498848549690778,0.00023158361805031725,0.0,0.0,0.92,0.6363636363636364
0.02207919178751833,0.01440093081700272,0.0003086834982473266,0.0,0.014616954160724937,0.92,0.6363636363636364
0.013280104285481506,0.008727587053588516,5.0831965212761234e-05,0.0,0.0,0.92,0.6363636363636364
0.013198631253055239,0.00890659032334232,0.0,0.0,0.009040194980378844,0.92,0.6363636363636364
0.0,7.301449161010498e-05,0.0,0.0,0.0,0.92,0.6363636363636364
0.01605018738797458,0.010525274496214728,0.0,0.0,0.0,0.92,0.6363636363636364
0.015887241323122046,0.011056984866568961,0.0,0.0,0.011222846842625542,0.92,0.6363636363636364
0.0030145021997718753,0.0022781699035443236,0.0,0.0,0.0,0.92,0.6363636363636364
0.0030959752321981426,0.0023882804675047237,0.0,0.0,0.0024241062303594204,0.92,0.6363636363636364
0.006436369561675086,0.004687648126677788,0.0,0.0,0.0,0.92,0.6363636363636364
0.006436369561675086,0.005049776452002099,0.0,0.0,0.005125526388452265,0.92,0.6363636363636364
0.00032589212970506764,6.594857306719159e-05,0.0,0.0,0.0,0.92,0.6363636363636364
0.00032589212970506764,0.00010127816578175851,0.0,0.0,0.00010279740424601092,0.92,0.6363636363636364
0.00448101678344468,0.0017117187670207673,0.0,0.0,0.0,0.92,0.6363636363636364
0.00448101678344468,0.0017800226462689301,0.0,0.0,0.0018067241455563432,0.92,0.6363636363636364
0.0,0.00010068933923651572,0.0,0.0,0.0,0.92,0.6363636363636364
0.0118135897018087,0.008845941189182313,0.02125003327860851,0.0,0.0,0.92,0.6363636363636364
0.0118135897018087,0.009072050582555542,0.04496832763899365,0.0,0.00920813725126913,0.92,0.6363636363636364
0.0,0.0,0.003019248347162444,0.0,0.0,0.92,0.6363636363636364
0.04008473195372332,0.03544559154397975,0.00015753649554066645,0.0,0.0,0.92,0.6363636363636364
0.04000325892129705,0.038148894213189365,0.0008655632959133869,0.0,0.03872115247843346,0.92,0.6363636363636364
0.004155124653739612,0.0036095067223382536,0.0,0.0,0.0,0.92,0.6363636363636364
0.004155124653739612,0.003442279983489304,0.0,0.0,0.003493916425710348,0.92,0.6363636363636364
0.8340394329476943,0.8698605011031665,0.633820934463327,0.16970312914256191,0.0,0.92,0.7272727272727273
0.8346097441746781,0.8330170353407804,0.3945258375116475,0.22026702741653695,0.845512833538729,0.92,0.7272727272727273
0.0,0.002752764099010006,0.2135129964059103,0.020836873984541232,0.0,0.92,0.7272727272727273
0.010347075118135898,0.007451599930047406,0.00016115720814660338,0.0,0.0,0.92,0.7272727272727273
0.009858236923578295,0.005775799582286449,0.0012094599991125704,0.0,0.005862440338657681,0.92,0.7272727272727273
0.0,0.0002679160780854658,0.0008845187913209389,0.0011871095369847928,0.0,0.92,0.7272727272727273
0.02900439954375102,0.018102294480398847,0.0001481652393841239,0.0,0.0,0.92,0.7272727272727273
0.029085872576177285,0.017703658909269483,0.00048780228069396993,0.0,0.017969225325933515,0.92,0.7272727272727273
0.015479876160990712,0.008191754897417584,8.093357589741314e-05,0.0,0.0,0.92,0.7272727272727273
0.015398403128564445,0.007243155333031461,0.0,0.0,0.007351807381570816,0.92,0.7272727272727273
0.0,0.00025496189409012464,0.0,0.0,0.0,0.92,0.7272727272727273
0.017435228939221118,0.011071116703654788,0.0,0.0,0.0,0.92,0.7272727272727273
0.01735375590679485,0.010938630730975162,0.0,0.0,0.011102717317896192,0.92,0.7272727272727273
0.0029330291673456085,0.0022398961781035427,0.0,0.0,0.0,0.92,0.7272727272727273
0.0030959752321981426,0.0019395946400297239,0.0,0.0,0.0019686898231765114,0.92,0.7272727272727273
0.006762261691380153,0.004873128488429264,0.0,0.0,0.0,0.92,0.7272727272727273
0.006762261691380153,0.004867240222976836,0.0,0.0,0.0049402519970786415,0.92,0.7272727272727273
0.000977676389115203,0.00035918419259809705,0.0,0.0,0.0,0.92,0.7272727272727273
0.000977676389115203,0.0002779261293545931,0.0,0.0,0.00028209520234951833,0.92,0.7272727272727273
0.004318070718592146,0.0021892570952126637,0.0,0.0,0.0,0.92,0.7272727272727273
0.004318070718592146,0.0021144761239668304,0.0,0.0,0.0021461946432989837,0.92,0.7272727272727273
0.0,6.300444034097768e-05,0.0,0.0,0.0,0.92,0.7272727272727273
0.012465373961218837,0.008836519964458429,0.025461702977326174,0.0,0.0,0.92,0.7272727272727273
0.012465373961218837,0.007552878095829165,0.03750760083418379,0.0,0.007666176187578966,0.92,0.7272727272727273
0.0,0.0001601608203060367,0.0032955584150508054,0.0,0.0,0.92,0.7272727272727273
0.03804790614306665,0.034714268974788215,0.00027467719749744865,0.0,0.0,0.92,0.7272727272727273
0.03804790614306665,0.03323808082586456,0.0006479655677330612,0.0,0.033736673691155954,0.92,0.7272727272727273
0.0,6.241561379573489e-05,0.0,0.0,0.0,0.92,0.7272727272727273
0.002770083102493075,0.0020561822959877948,0.0,0.0,0.0,0.92,0.7272727272727273
0.002770083102493075,0.0023841586816880245,0.0,0.0,0.0024199226150703385,0.92,0.7272727272727273
0.8225517353755907,0.7874518707902582,0.6760689710254248,0.16490795439867845,0.0,0.92,0.8181818181818182
0.8227146814404432,0.8096058807284726,0.4020902870834627,0.21533164288482062,0.8217504963560711,0.92,0.8181818181818182
0.0,0.0038002865229969152,0.19919534986910414,0.0015380588847118647,0.0,0.92,0.8181818181818182
0.013605996415186573,0.005809362695365287,0.00216987176642854,0.00017165077055900367,0.0,0.92,0.8181818181818182
0.013280104285481506,0.005597973965623128,0.00812636996938368,0.0,0.00568194722190015,0.92,0.8181818181818182
0.0,0.0007313225691915352,0.0001617251630651817,0.0,0.0,0.92,0.8181818181818182
0.031122698386833958,0.017850276719034937,0.00016953454319563384,0.0,0.0,0.92,0.8181818181818182
0.030878279289555156,0.018931951082645927,0.0004922749256777744,0.0,0.019215942682079903,0.92,0.8181818181818182
0.006925207756232687,0.002874651193875262,0.0001505790477880818,0.0,0.0,0.92,0.8181818181818182
0.0070881538210852205,0.0022705151584561673,0.0,0.0,0.002304574364957082,0.92,0.8181818181818182
0.0,3.5329592714566923e-06,0.0,0.0,0.0,0.92,0.8181818181818182
0.01605018738797458,0.008409620719157412,0.0,0.0,0.0,0.92,0.8181818181818182
0.01580576829069578,0.008926021599335332,0.0,0.0,0.00905991773817023,0.92,0.8181818181818182
0.0007332572918364021,0.00040687914276276235,0.0,0.0,0.0,0.92,0.8181818181818182
0.0010591494215414698,0.0001083440843246719,0.0,0.0,0.00010996931617015122,0.92,0.8181818181818182
0.006762261691380153,0.004449762202399704,0.0,0.0,0.0,0.92,0.8181818181818182
0.006762261691380153,0.004476259396935629,0.0,0.0,0.004543406203942878,0.92,0.8181818181818182
0.00016294606485253382,7.18368385196194e-05,0.0,0.0,0.0,0.92,0.8181818181818182
0.00016294606485253382,7.18368385196194e-05,0.0,0.0,7.291443789542635e-05,0.92,0.8181818181818182
0.00448101678344468,0.001804164534623884,0.0,0.0,0.0,0.92,0.8181818181818182
0.00448101678344468,0.00199376668219206,0.0,0.0,0.002023674481261587,0.92,0.8181818181818182
0.006925207756232687,0.0030000712480119742,0.022013009717353683,0.0,0.0,0.92,0.8181818181818182
0.006925207756232687,0.002730977516836023,0.03426124151395483,0.0,0.002771943958680225,0.92,0.8181818181818182
0.0,5.88826545242782e-07,0.003560580378932422,0.0,0.0,0.92,0.8181818181818182
0.036011080332409975,0.028964377760492446,0.00023385543772463062,0.0,0.0,0.92,0.8181818181818182
0.036011080332409975,0.03010140181935626,0.0006801260149975596,0.0,0.030552942456164675,0.92,0.8181818181818182
0.0,1.5309490176312333e-05,0.0,0.0,0.0,0.92,0.8181818181818182
0.000977676389115203,0.0006435874139503608,0.0,0.0,0.0,0.92,0.8181818181818182
0.000977676389115203,0.0003303316918812007,0.0,0.0,0.00033528688245355886,0.92,0.8181818181818182
0.6671826625386997,0.6370926571563329,0.6883877002262946,0.1739094227775474,0.0,0.92,0.9090909090909091
0.6679159198305361,0.5938898647053247,0.39920081643519545,0.26565506012875506,0.602798599564665,0.92,0.9090909090909091
0.0,0.003525893352913779,0.23359801215778497,0.002616399616589962,0.0,0.92,0.9090909090909091
0.009043506599315626,0.004463894039485531,0.002889541642632116,0.0,0.0,0.92,0.9090909090909091
0.008717614469610559,0.002660318331406889,0.0006290810666903314,0.0,0.0027002248394388216,0.92,0.9090909090909091
0.0,0.00041512271439616134,0.0006628743843457426,0.0,0.0,0.92,0.9090909090909091
0.027293465862799415,0.016276932190146223,0.00013581221990504504,0.0,0.0,0.92,0.9090909090909091
0.02737493889522568,0.01624866851597457,0.0004928428805963526,0.0,0.016492409128887626,0.92,0.9090909090909091
0.004236597686165879,0.0020078985192778865,3.265740781825442e-05,0.0,0.0,0.92,0.9090909090909091
0.004318070718592146,0.0015851210597935693,0.0,0.0,0.0016088989083154733,0.92,0.9090909090909091
0.0,9.48010737840879e-05,0.0,0.0,0.0,0.92,0.9090909090909091
0.014339253707022975,0.008367225207899932,0.0,0.0,0.0,0.92,0.9090909090909091
0.014339253707022975,0.008025116985113876,0.0,0.0,0.008145498967842342,0.92,0.9090909090909091
0.00016294606485253382,1.1187704359612858e-05,0.0,0.0,0.0,0.92,0.9090909090909091
0.00024441909727880074,1.1187704359612858e-05,0.0,0.0,1.1355527213222137e-05,0.92,0.9090909090909091
0.003503340394329477,0.0015144618743644354,0.0,0.0,0.0,0.92,0.9090909090909091
0.003503340394329477,0.0015038629965500652,0.0,0.0,0.00152642192118786,0.92,0.9090909090909091
0.00554016620498615,0.00217159229885538,0.0,0.0,0.0,0.92,0.9090909090909091
0.00554016620498615,0.0022104548508414036,0.0,0.0,0.0022436131136018894,0.92,0.9090909090909091
0.007821411112921624,0.0019790460185609903,0.026336992501220215,0.0,0.0,0.92,0.9090909090909091
0.00790288414534789,0.0022952458733563642,0.05377091893330967,0.0,0.002329676056691573,0.92,0.9090909090909091
0.0,3.3563113078838574e-05,0.0034768070284421173,0.0,0.0,0.92,0.9090909090909091
0.027537884960078213,0.022997209551002096,0.0002210054576917957,0.0,0.0,0.92,0.9090909090909091
0.027537884960078213,0.020597152552592514,0.0005710786706305187,0.0,0.020906123258868967,0.92,0.9090909090909091
0.0008147303242626691,0.000529355064173261,0.0,0.0,0.0,0.92,0.9090909090909091
0.0008147303242626691,0.00035918419259809705,0.0,0.0,0.00036457218947713176,0.92,0.9090909090909091
0.6623757536255499,0.6310607180268658,0.6193871411456716,0.2318509051604,0.0,0.92,1.0
0.6605018738797458,0.6441485656479771,0.39719749744864,0.3270125627969898,0.6538112137624209,0.92,1.0
0.0,0.0036318821310574794,0.20908493588321428,0.004540247856914637,0.0,0.92,1.0
0.010347075118135898,0.0044079555176874665,0.002650290633180991,0.0,0.0,0.92,1.0
0.01026560208570963,0.004465071692576016,0.0,0.0,0.004532050676729656,0.92,1.0
0.0,0.0010422229850797242,0.0007577938501131473,0.0,0.0,0.92,1.0
0.0224050839172234,0.013576573653662825,0.0001883480498735413,0.0,0.0,0.92,1.0
0.022568029982075934,0.01328981512612959,0.00017294227270710387,0.0,0.013489171010653875,0.92,1.0
0.003503340394329477,0.0014208384536708331,0.00033154368372010474,0.0,0.0,0.92,1.0
0.003503340394329477,0.0014962082514619092,0.0,0.0,0.001518652349936708,0.92,1.0
0.034870457878442236,0.030083737022998977,0.0,0.0,0.0,0.92,1.0
0.0347075118135897,0.02407417330225114,0.0,0.0,0.024435301584873004,0.92,1.0
0.003503340394329477,0.004247205870836187,0.0,0.0,0.0,0.92,1.0
0.003666286459182011,0.0027592411910076766,0.0,0.0,0.002800631606376786,0.92,1.0
0.003666286459182011,0.0020921007152476046,0.0,0.0,0.0,0.92,1.0
0.003666286459182011,0.001877179026233989,0.0,0.0,0.0019053379345132723,0.92,1.0
0.005295747107707349,0.0024424525096670598,0.0,0.0,0.0,0.92,1.0
0.005377220140133616,0.0017164293793827095,0.0,0.0,0.0017421769382390804,0.92,1.0
0.0,2.94413272621391e-06,0.0,0.0,0.0,0.92,1.0
0.005458693172559883,0.0014632339649283132,0.020621520166836757,0.0,0.0,0.92,1.0
0.005458693172559883,0.00030383449734527554,0.05411950126458712,0.0,0.00030839221273803275,0.92,1.0
0.0,3.9451378531266396e-05,0.002787025779828726,0.0,0.0,0.92,1.0
0.04521753299657813,0.04118076209464445,0.00014262767892798508,0.0,0.0,0.92,1.0
0.04521753299657813,0.03698066234742768,0.0006292940497847983,0.0,0.03753539637364227,0.92,1.0
0.004562489815870947,0.005121024463976475,0.0,0.0,0.0,0.92,1.0
0.0046439628482972135,0.003617750293971653,0.0,0.0,0.003672018905159832,0.92,1.0
0.0,4.475081743845143e-05,0.0,0.0,0.0,0.92,1.0
0.6089294443539188,0.5282775115954668,0.6473177441540577,0.16721504272574625,0.0,0.96,0.0
0.6107218510672967,0.5389134854821871,0.3899143985446155,0.2261583877743863,0.5469975388388914,0.96,0.0
0.0,0.0036589681521386475,0.1835095709278076,0.0014768764318393486,0.0,0.96,0.0
0.008636141437184292,0.0027139015470239824,0.0030428894706482673,0.0,0.0,0.96,0.0
0.008065830210200424,0.002171003472310137,1.8316546124151397e-05,0.0,0.002203569938692106,0.96,0.0
0.0,0.0009680308403791336,0.001761299196876248,6.713074690178856e-05,0.0,0.96,0.0
0.02004236597686166,0.010253236632312564,0.00018955495407552026,0.0,0.0,0.96,0.0
0.019879419912009123,0.011284860739577917,0.00018430137107867064,0.0,0.011454141002179065,0.96,0.0
0.0,8.83239817864173e-05,0.0,0.0,0.0,0.96,0.0
0.0030959752321981426,0.0013013066649865482,0.0,0.0,0.0,0.96,0.0
0.0030959752321981426,0.0010610654345274931,0.0,0.0,0.001076982107275068,0.96,0.0
0.044565748737167996,0.03890023688491915,0.0,0.0,0.0,0.96,0.0
0.044647221769594264,0.03832259804403598,0.0,0.0,0.03889746197990191,0.96,0.0
0.007414045950790289,0.008261236429756232,0.0,0.0,0.0,0.96,0.0
0.007251099885937755,0.0075051831456645,0.0,0.0,0.007617765782091019,0.96,0.0
0.0032589212970506763,0.0013272150329772306,0.0,0.0,0.0,0.96,0.0
0.0032589212970506763,0.0016746226946704721,0.0,0.0,0.0016997431260212504,0.96,0.0
0.0056216392374124164,0.0016669679495823159,0.0,0.0,0.0,0.96,0.0
0.005458693172559883,0.001598664070334153,0.0,0.0,0.001622645072836742,0.96,0.0
0.004806908913149747,0.00010952173741515746,0.02264592447974442,0.0,0.0,0.96,0.0
0.004888381945576014,1.4131837085826769e-05,0.0579015840617651,0.0,1.4343823848280594e-05,0.96,0.0
0.0,0.00021138872974215875,0.0031139548298353818,0.0,0.0,0.96,0.0
0.05140948346097442,0.04508468208960409,0.00021234414518347605,0.0,0.0,0.96,0.0
0.05140948346097442,0.04489566876858116,0.0004853174779251897,0.0,0.04556913304733343,0.96,0.0
0.010510021182988431,0.011783007996853312,0.0,0.0,0.0,0.96,0.0
0.010428548150562164,0.011264840637039662,0.0,0.0,0.011433820585060669,0.96,0.0
0.5823692357829559,0.5503378981129876,0.6251430092736389,0.15290344729131686,0.0,0.96,0.09090909090909091
0.5847319537233175,0.5452839998751687,0.4174827883036784,0.20631572864902345,0.5534636150978308,0.96,0.09090909090909091
0.0,0.0034375693711273616,0.1766557039534987,0.0016085886567732373,0.0,0.96,0.09090909090909091
0.010347075118135898,0.0023882804675047237,0.0027316501752673384,0.0,0.0,0.96,0.09090909090909091
0.008065830210200424,0.0025242993994558064,0.0,0.0,0.002562165534899121,0.96,0.09090909090909091
0.0,0.00012188709486525588,0.0,0.0,0.0,0.96,0.09090909090909091
0.023301287273912334,0.01263798414054583,0.00020439277632337932,0.0,0.0,0.96,0.09090909090909091
0.02321981424148607,0.012975970577515187,0.0001361671917291565,0.0,0.013170618589356644,0.96,0.09090909090909091
0.0031774482646244094,0.0015421367219908462,0.0,0.0,0.0,0.96,0.09090909090909091
0.0031774482646244094,0.0017588248906401898,0.0,0.0,0.0017852084097839222,0.96,0.09090909090909091
0.0,4.710612361942256e-06,0.0,0.0,0.0,0.96,0.09090909090909091
0.049209711585465214,0.04348366271308897,0.0,0.0,0.0,0.96,0.09090909090909091
0.049291184617891476,0.04239080064511836,0.0,0.0,0.04302669027022569,0.96,0.09090909090909091
0.008717614469610559,0.009953523920783988,0.0,0.0,0.0,0.96,0.09090909090909091
0.008636141437184292,0.009811027896835234,0.0,0.0,0.009958199706668803,0.96,0.09090909090909091
0.003340394329476943,0.0016593132044941598,0.0,0.0,0.0,0.96,0.09090909090909091
0.003340394329476943,0.0017441042270091203,0.0,0.0,0.00177026692660863,0.96,0.09090909090909091
0.00016294606485253382,0.00020844459701594483,0.0,0.0,0.0,0.96,0.09090909090909091
0.00016294606485253382,0.00010657760468894355,0.0,0.0,0.00010817633818911615,0.96,0.09090909090909091
0.004806908913149747,0.001577466314705413,0.0,0.0,0.0,0.96,0.09090909090909091
0.004806908913149747,0.0015227054459978342,0.0,0.0,0.001545547019652234,0.96,0.09090909090909091
0.004806908913149747,0.0002196323013755577,0.021173998313883835,0.0,0.0,0.96,0.09090909090909091
0.004806908913149747,0.0002961797522571194,0.05944414962062386,0.0,0.00030062264148688077,0.96,0.09090909090909091
0.0,0.0,0.0033329724453121535,0.0,0.0,0.96,0.09090909090909091
0.0571125957308131,0.050440648345132434,0.00039153392199494166,0.0,0.0,0.96,0.09090909090909091
0.0571125957308131,0.050008449660924235,0.0005741314283178772,0.0,0.05075860898377594,0.96,0.09090909090909091
0.010184129053283364,0.01146327518278648,0.0,0.0,0.0,0.96,0.09090909090909091
0.010184129053283364,0.011394382476993075,0.0,0.0,0.01156530563700324,0.96,0.09090909090909091
0.6604204008473196,0.6429143852091482,0.7394168167901672,0.160415292893998,0.0,0.96,0.18181818181818182
0.663597849111944,0.6445536783111041,0.5125920930026179,0.21008779681987205,0.6542224033794048,0.96,0.18181818181818182
0.0,0.0033533671751576435,0.20383802635665793,0.00240990883814522,0.0,0.96,0.18181818181818182
0.014176307642170441,0.00397281270075305,0.014545822425344988,0.00015040686331160223,0.0,0.96,0.18181818181818182
0.011650643636956167,0.00438322480278727,0.010843892266051381,0.0,0.004448976030275031,0.96,0.18181818181818182
0.0,0.00018076974938953407,0.0011263255979056662,0.0,0.0,0.96,0.18181818181818182
0.02501222095486394,0.0156669078892747,0.00012750587922083685,0.0,0.0,0.96,0.18181818181818182
0.025175167019716473,0.0148837685841018,4.344855127124284e-05,0.0,0.015107034808874523,0.96,0.18181818181818182
0.005214274075281082,0.0023588391402425846,0.0,0.0,0.0,0.96,0.18181818181818182
0.005214274075281082,0.002292890567175393,0.0001288547721524604,0.0,0.0023272854193835263,0.96,0.18181818181818182
0.0,2.355306180971128e-06,0.0,0.0,0.0,0.96,0.18181818181818182
0.05092064526641681,0.044485256666546936,0.0,0.0,0.0,0.96,0.18181818181818182
0.05108359133126935,0.04653731717671803,0.0,0.0,0.04723540725104202,0.96,0.18181818181818182
0.009287925696594427,0.00971269386377969,0.0,0.0,0.0,0.96,0.18181818181818182
0.00920645266416816,0.010780825216850096,0.0,0.0,0.010942544618257059,0.96,0.18181818181818182
0.003340394329476943,0.0016875768786658132,0.0,0.0,0.0,0.96,0.18181818181818182
0.003340394329476943,0.0017947433098999997,0.0,0.0,0.0018216656287316354,0.96,0.18181818181818182
0.005132801042854815,0.0017817891259046584,0.0,0.0,0.0,0.96,0.18181818181818182
0.005295747107707349,0.0015933646314269681,0.0,0.0,0.001617266138893637,0.96,0.18181818181818182
0.005377220140133616,0.0006930488437507544,0.025546896215112927,0.0,0.0,0.96,0.18181818181818182
0.005295747107707349,0.0008396666535162072,0.07249646359320229,0.0,0.0008522622003186719,0.96,0.18181818181818182
0.0,0.0,0.0033058525979500378,0.0,0.0,0.96,0.18181818181818182
0.062326869806094184,0.05273530539194356,0.00033289257665172826,0.0,0.0,0.96,0.18181818181818182
0.06257128890337299,0.056178174201978105,0.0007916581621333807,0.0,0.057020883412204446,0.96,0.18181818181818182
0.008310249307479225,0.006727932105944028,0.0,0.0,0.0,0.96,0.18181818181818182
0.008147303242626691,0.009062040531286415,0.0,0.0,0.00919797704270993,0.96,0.18181818181818182
0.793954700993971,0.7651200352353804,0.7116059102808715,0.15886788669009727,0.0,0.96,0.2727272727272727
0.7945250122209548,0.7545594311464512,0.4571009806096641,0.2077288733591206,0.7658783141703831,0.96,0.2727272727272727
0.0,0.0034104833500461936,0.21368551271242844,0.003277510010129095,0.0,0.96,0.2727272727272727
0.013361577317907773,0.005943615147680641,0.0009538092913874961,4.248781449480289e-06,0.0,0.96,0.2727272727272727
0.012546846993645104,0.006133217295248817,0.0,0.0,0.006225219550153778,0.96,0.2727272727272727
0.0,0.0017711902480902883,0.002828770466344234,0.00021498834134370262,0.0,0.96,0.2727272727272727
0.026723154635815545,0.01531950022758146,6.815459022940054e-05,0.0,0.0,0.96,0.2727272727272727
0.026641681603389276,0.016180364636726407,0.0,0.0,0.016423080646954268,0.96,0.2727272727272727
0.005214274075281082,0.002719200985931167,0.0,0.0,0.0,0.96,0.2727272727272727
0.005214274075281082,0.0028640523160608916,0.0,0.0,0.002907014966584867,0.96,0.2727272727272727
0.0,2.9441327262139102e-05,0.0,0.0,0.0,0.96,0.2727272727272727
0.011650643636956167,0.007180739719235727,0.0,0.0,0.0,0.96,0.2727272727272727
0.011650643636956167,0.010145481374533135,0.0,0.0,0.010297670204411443,0.96,0.2727272727272727
0.0018738797458041389,0.0005499639932567584,0.0,0.0,0.0,0.96,0.2727272727272727
0.0017924067133778718,0.0020273297952708986,0.0,0.0,0.0020577410629012537,0.96,0.2727272727272727
0.006925207756232687,0.0036006743241596122,0.0,0.0,0.0,0.96,0.2727272727272727
0.00684373472380642,0.00418007964467851,0.0,0.0,0.0042427835624559975,0.96,0.2727272727272727
0.00016294606485253382,0.00011069939050564302,0.0,0.0,0.0,0.96,0.2727272727272727
0.00016294606485253382,0.00021904347483031492,0.0,0.0,0.0002223292696483492,0.96,0.2727272727272727
0.0007332572918364021,9.244576760311677e-05,0.0,0.0,0.0,0.96,0.2727272727272727
0.0007332572918364021,0.00011069939050564302,0.0,0.0,0.00011235995347819798,0.96,0.2727272727272727
0.006762261691380153,0.001515639527454921,0.027929112126724942,0.0,0.0,0.96,0.2727272727272727
0.006762261691380153,0.0018683466280553474,0.06423200958423925,0.0,0.0018963730446080968,0.96,0.2727272727272727
0.0,0.00012070944177477032,0.0036055908062297554,0.0,0.0,0.96,0.2727272727272727
0.03609255336483624,0.028406759022147534,0.0002275369392554466,0.0,0.0,0.96,0.2727272727272727
0.036011080332409975,0.030343409529451044,0.0006422150241824555,0.0,0.030798580439566483,0.96,0.2727272727272727
0.0,2.5319541445439627e-05,0.0,0.0,0.0,0.96,0.2727272727272727
0.0007332572918364021,0.0003150222017048884,0.0,0.0,0.0,0.96,0.2727272727272727
0.0007332572918364021,0.0007065918542913384,0.0,0.0,0.0007171911924140296,0.96,0.2727272727272727
0.8694802020531204,0.8272294592275891,0.7364655810445045,0.1396761408827948,0.0,0.96,0.36363636363636365
0.8702134593449569,0.8314042394333604,0.4412201091538359,0.1953343281146967,0.8438758446420439,0.96,0.36363636363636365
0.0,0.003098405281067519,0.24311693659315792,0.0029936914093038115,0.0,0.96,0.36363636363636365
0.014991037966433111,0.006043715660371915,0.02271684785020189,0.0,0.0,0.96,0.36363636363636365
0.014013361577317907,0.005847636420806069,0.0026114567156231973,0.0,0.005935354776553108,0.96,0.36363636363636365
0.0,0.001439680903118602,0.022732040644273862,0.0,0.0,0.96,0.36363636363636365
0.028026723154635814,0.015716369319075094,1.8316546124151397e-05,0.0,0.0,0.96,0.36363636363636365
0.028189669219488348,0.015780551412506557,0.0,0.0,0.01601726996391333,0.96,0.36363636363636365
0.0,0.0002461294959114829,0.0,0.0,0.0,0.96,0.36363636363636365
0.011650643636956167,0.005558522587091862,0.0,0.0,0.0,0.96,0.36363636363636365
0.0115691706045299,0.0067138002688582,0.0,0.0,0.006814511646587305,0.96,0.36363636363636365
0.0,0.0001872468413872047,0.0,0.0,0.0,0.96,0.36363636363636365
0.008228776275052958,0.0053129819177256225,0.0,0.0,0.0,0.96,0.36363636363636365
0.008228776275052958,0.005917706779689959,0.0,0.0,0.0060064762364674985,0.96,0.36363636363636365
0.0031774482646244094,0.001204739111566732,0.0,0.0,0.0,0.96,0.36363636363636365
0.0031774482646244094,0.0016304607037772635,0.0,0.0,0.0016549186764953736,0.96,0.36363636363636365
0.007251099885937755,0.004243084085019487,0.0,0.0,0.0,0.96,0.36363636363636365
0.007251099885937755,0.004202455053397735,0.0,0.0,0.004265494616882442,0.96,0.36363636363636365
0.00024441909727880074,0.000216099342104101,0.0,0.0,0.0,0.96,0.36363636363636365
0.00024441909727880074,0.0001342524523153543,0.0,0.0,0.00013626632655866565,0.96,0.36363636363636365
0.0006517842594101353,4.416199089320865e-05,0.0,0.0,0.0,0.96,0.36363636363636365
0.0006517842594101353,4.5928470528937e-05,0.0,0.0,4.661742750691193e-05,0.96,0.36363636363636365
0.010754440280267232,0.004526309653281265,0.023031920841283225,0.0,0.0,0.96,0.36363636363636365
0.010672967247840965,0.005917117953144716,0.06154245906731153,0.0,0.006005878577140487,0.96,0.36363636363636365
0.0,0.00011305469668661415,0.005510795580600789,0.0,0.0,0.96,0.36363636363636365
0.03910705556460811,0.033209817151692904,0.0002969694280516484,0.0,0.0,0.96,0.36363636363636365
0.03927000162946065,0.03440631269162624,0.0005795979944091938,0.0,0.03492242979594715,0.96,0.36363636363636365
0.0,7.301449161010498e-05,0.0,0.0,0.0,0.96,0.36363636363636365
0.0028515561349193416,0.0021574604617695535,0.0,0.0,0.0,0.96,0.36363636363636365
0.0028515561349193416,0.002032040407632841,0.0,0.0,0.002062522337517347,0.96,0.36363636363636365
0.0,0.00014308485049399603,0.0,0.0,0.0,0.96,0.36363636363636365
0.8769757210363369,0.8771955133772559,0.7727248169676532,0.15777425034500106,0.0,0.96,0.45454545454545453
0.8781163434903048,0.8848166953523332,0.46268099569596666,0.19883447427277856,0.8980895221952744,0.96,0.45454545454545453
0.0,0.004320809188991534,0.2462808714558282,0.004006600906859913,0.0,0.96,0.45454545454545453
0.013850415512465374,0.005458422074400589,0.03572791409681857,0.0,0.0,0.96,0.45454545454545453
0.013198631253055239,0.0060024978022049195,0.0028383547055952432,0.0,0.006092539179557183,0.96,0.45454545454545453
0.0,0.0009621425749267058,0.0,0.0,0.0,0.96,0.45454545454545453
0.02631578947368421,0.01687694643974862,4.316457381195368e-05,0.0,0.0,0.96,0.45454545454545453
0.026234316441257944,0.016726206844166466,0.0,0.0,0.016977110843094105,0.96,0.45454545454545453
0.0,6.830387924816271e-05,0.0,0.0,0.0,0.96,0.45454545454545453
0.01613166042040085,0.008292444236654099,0.0,0.0,0.0,0.96,0.45454545454545453
0.01580576829069578,0.008397844188252557,0.0,0.0,0.008523817321840743,0.96,0.45454545454545453
0.0,3.0030153807381882e-05,0.0,0.0,0.0,0.96,0.45454545454545453
0.009043506599315626,0.0074910513085786725,0.0,0.0,0.0,0.96,0.45454545454545453
0.009043506599315626,0.007558766361281593,0.0,0.0,0.007672152780849082,0.96,0.45454545454545453
0.004888381945576014,0.0023623720995140413,0.0,0.0,0.0,0.96,0.45454545454545453
0.004888381945576014,0.002128607961052657,0.0,0.0,0.0021605384671472645,0.96,0.45454545454545453
0.00684373472380642,0.004340240464984546,0.0,0.0,0.0,0.96,0.45454545454545453
0.006925207756232687,0.004372037098427656,0.0,0.0,0.004437620503061809,0.96,0.45454545454545453
0.0005703112269838683,0.00019254628029438973,0.0,0.0,0.0,0.96,0.45454545454545453
0.0005703112269838683,0.00017193735121089234,0.0,0.0,0.0001745165234874139,0.96,0.45454545454545453
0.0006517842594101353,0.000124242401046227,0.0,0.0,0.0,0.96,0.45454545454545453
0.0006517842594101353,7.301449161010498e-05,0.0,0.0,7.410975654944973e-05,0.96,0.45454545454545453
0.011976535766661234,0.006911645988059776,0.025236366863380218,0.0,0.0,0.96,0.45454545454545453
0.011895062734234968,0.006674348890326934,0.07302629453787106,0.0,0.006774468471677522,0.96,0.45454545454545453
0.0,2.7674847626410755e-05,0.004204357279140968,0.0,0.0,0.96,0.45454545454545453
0.04041062408342839,0.037129046636828866,0.0003003771575631184,0.0,0.0,0.96,0.45454545454545453
0.04024767801857585,0.03496157612379018,0.0006839597106979633,0.0,0.035486022541319176,0.96,0.45454545454545453
0.00472543588072348,0.0037584798382846777,0.0,0.0,0.0,0.96,0.45454545454545453
0.00472543588072348,0.0032008610999397632,0.0,0.0,0.0032488761016355545,0.96,0.45454545454545453
0.9161642496333714,0.9491224423582975,0.8014331632426677,0.15287795460261996,0.0,0.96,0.5454545454545454
0.9170604529900603,0.9852210425409514,0.47909737764564936,0.19955421785032051,1.0,0.96,0.5454545454545454
0.0,0.005073918340357053,0.19043755601899098,0.0042385843740015364,0.0,0.96,0.5454545454545454
0.01393188854489164,0.007940325962598915,0.006315374717131827,0.0,0.0,0.96,0.5454545454545454
0.012791266090923905,0.008513254191120142,0.004988490038603186,0.0,0.008640958549935034,0.96,0.5454545454545454
0.0,0.001444980342025787,0.001889798997204597,0.00017250052684889973,0.0,0.96,0.5454545454545454
0.027293465862799415,0.015407824209367878,4.266761325819763e-05,0.0,0.0,0.96,0.5454545454545454
0.027293465862799415,0.016908743073191727,0.0,0.0,0.017162385234467732,0.96,0.5454545454545454
0.0,6.0060307614763764e-05,0.0,0.0,0.0,0.96,0.5454545454545454
0.015968714355548315,0.009780997743027852,0.0,0.0,0.0,0.96,0.5454545454545454
0.016294606485253382,0.010975726803325456,0.0,0.0,0.011140369855497928,0.96,0.5454545454545454
0.0,1.177653090485564e-06,0.0,0.0,0.0,0.96,0.5454545454545454
0.009613817826299494,0.008029238770930576,0.0,0.0,0.0,0.96,0.5454545454545454
0.009613817826299494,0.008280078879204001,0.0,0.0,0.008404285456438405,0.96,0.5454545454545454
0.0050513280104285485,0.001973746579653805,0.0,0.0,0.0,0.96,0.5454545454545454
0.004969854978002281,0.0019195745374914694,0.0,0.0,0.001948369406058114,0.96,0.5454545454545454
0.006925207756232687,0.004446229243128247,0.0,0.0,0.0,0.96,0.5454545454545454
0.00684373472380642,0.004487447101295242,0.0,0.0,0.0045547617311561,0.96,0.5454545454545454
0.0005703112269838683,0.0001507395955821522,0.0,0.0,0.0,0.96,0.5454545454545454
0.0005703112269838683,0.00012070944177477032,0.0,0.0,0.00012252016203739675,0.96,0.5454545454545454
0.0008962033566889359,0.0001542725548536089,0.0,0.0,0.0,0.96,0.5454545454545454
0.0008962033566889359,7.772510397204723e-05,0.0,0.0,7.889103116554326e-05,0.96,0.5454545454545454
0.0,0.00011541000286758527,0.0,0.0,0.0,0.96,0.5454545454545454
0.013605996415186573,0.007357976509353804,0.026335075653370014,0.0,0.0,0.96,0.5454545454545454
0.01368746944761284,0.007773688050295208,0.07833326529706705,0.0,0.00789029843520835,0.96,0.5454545454545454
0.0,0.0,0.004899960065669787,0.0,0.0,0.96,0.5454545454545454
0.04146977350496985,0.038811324076587495,0.00024244575586812798,0.0,0.0,0.96,0.5454545454545454
0.04146977350496985,0.03994775930890606,0.0006557749478635133,0.0,0.04054700172245418,0.96,0.5454545454545454
0.0,0.00010068933923651572,0.0,0.0,0.0,0.96,0.5454545454545454
0.005458693172559883,0.0037019524899413706,0.0,0.0,0.0,0.96,0.5454545454545454
0.005458693172559883,0.004164770154502197,0.0,0.0,0.004227244419953693,0.96,0.5454545454545454
0.9138015316930096,0.9789977347842804,0.7495417491236633,0.15835463389100007,0.0,0.96,0.6363636363636364
0.9143718429199935,0.9589046177544157,0.45739219949416515,0.19702364361901006,0.9732888116978665,0.96,0.6363636363636364
0.0,0.004403244905325524,0.20609003860318587,0.005033106505054351,0.0,0.96,0.6363636363636364
0.014339253707022975,0.009669709525976967,0.00270722811376847,0.0,0.0,0.96,0.6363636363636364
0.013850415512465374,0.008713455216502687,9.676531925278431e-05,0.0,0.00884416272111901,0.96,0.6363636363636364
0.0,0.0008956051753142714,0.00912270488529973,0.0007766772489649969,0.0,0.96,0.6363636363636364
0.027293465862799415,0.015388981759920107,5.139992013133958e-05,0.0,0.0,0.96,0.6363636363636364
0.02745641192765195,0.015743455340156264,3.7627013355814884e-06,0.0,0.01597961742631159,0.96,0.6363636363636364
0.0,9.83340330555446e-05,0.0,0.0,0.0,0.96,0.6363636363636364
0.016457552550105916,0.010975137976780213,0.0,0.0,0.0,0.96,0.6363636363636364
0.016294606485253382,0.01062066439654406,0.0,0.0,0.010779981281309877,0.96,0.6363636363636364
0.0,6.477091997670602e-06,0.0,0.0,0.0,0.96,0.6363636363636364
0.009532344793873227,0.007963290197863383,0.0,0.0,0.0,0.96,0.6363636363636364
0.009532344793873227,0.008566248580191992,0.0,0.0,0.008694747889366087,0.96,0.6363636363636364
0.00448101678344468,0.0017835556055403867,0.0,0.0,0.0,0.96,0.6363636363636364
0.004399543751018413,0.002142150971593241,0.0,0.0,0.0021742846316685333,0.96,0.6363636363636364
0.006925207756232687,0.0045663498583577745,0.0,0.0,0.0,0.96,0.6363636363636364
0.007006680788658954,0.00464996322778225,0.0,0.0,0.004719715705411327,0.96,0.6363636363636364
0.0005703112269838683,0.00011599882941282806,0.0,0.0,0.0,0.96,0.6363636363636364
0.0005703112269838683,0.00016899321848467844,0.0,0.0,0.00017152822685235542,0.96,0.6363636363636364
0.0012220954863940035,8.302454287923226e-05,0.0,0.0,0.0,0.96,0.6363636363636364
0.0012220954863940035,9.774520651030181e-05,0.0,0.0,9.921144828394078e-05,0.96,0.6363636363636364
0.0,0.0004516299602012138,0.0,0.0,0.0,0.96,0.6363636363636364
0.012709793058497638,0.008411387198793141,0.024779731108843236,0.0,0.0,0.96,0.6363636363636364
0.012709793058497638,0.008460848628593535,0.05417970448595643,0.0,0.008587766869830994,0.96,0.6363636363636364
0.0,0.00011069939050564302,0.0025420952211918178,0.0,0.0,0.96,0.6363636363636364
0.04285481505621639,0.04270287871409704,0.0003414119004304033,0.0,0.0,0.96,0.6363636363636364
0.04285481505621639,0.04433392824441954,0.0007206637973110884,0.0,0.04499896604936427,0.96,0.6363636363636364
0.0,0.00012895301340816925,0.0,0.0,0.0,0.96,0.6363636363636364
0.005377220140133616,0.004610511849250983,0.0,0.0,0.0,0.96,0.6363636363636364
0.005377220140133616,0.004491568887111941,0.0,0.0,0.0045589453464451824,0.96,0.6363636363636364
0.8872413231220466,0.9149675586014898,0.807087509428939,0.16338774039605442,0.0,0.96,0.7272727272727273
0.8874042691868992,0.8823506897808564,0.47725166614899944,0.20444966383641172,0.8955865249337495,0.96,0.7272727272727273
0.0,0.004185967910130937,0.1664868971025425,0.0053560138952148525,0.0,0.96,0.7272727272727273
0.011243278474824833,0.0056839426412285746,0.0001917557793850113,0.0,0.0,0.96,0.7272727272727273
0.010591494215414698,0.004717089453939927,4.4726449838044105e-05,0.0,0.00478784886869066,0.96,0.7272727272727273
0.0,0.0005570299117996718,3.705905843723654e-05,0.0008625026342444986,0.0,0.96,0.7272727272727273
0.02843408831676715,0.01799453922261942,4.0963748502462614e-05,0.0,0.0,0.96,0.7272727272727273
0.028352615284340882,0.017642420948564237,0.0,0.0,0.017907068755924297,0.96,0.7272727272727273
0.01605018738797458,0.009143887421075162,0.0,0.0,0.0,0.96,0.7272727272727273
0.016213133452827114,0.008147592906524375,0.0,0.0,0.008269812107860774,0.96,0.7272727272727273
0.0,1.5309490176312333e-05,0.0,0.0,0.0,0.96,0.7272727272727273
0.008717614469610559,0.007060030277460956,0.0,0.0,0.0,0.96,0.7272727272727273
0.008717614469610559,0.007376818958801573,0.0,0.0,0.00748747604880247,0.96,0.7272727272727273
0.004806908913149747,0.0022705151584561673,0.0,0.0,0.0,0.96,0.7272727272727273
0.004888381945576014,0.0020561822959877948,0.0,0.0,0.0020870263699248265,0.96,0.7272727272727273
0.007006680788658954,0.004450939855490189,0.0,0.0,0.0,0.96,0.7272727272727273
0.006925207756232687,0.004626998992517781,0.0,0.0,0.0046964069916578715,0.96,0.7272727272727273
0.00032589212970506764,0.00016487143266797897,0.0,0.0,0.0,0.96,0.7272727272727273
0.00032589212970506764,0.0001472066363106955,0.0,0.0,0.00014941483175292286,0.96,0.7272727272727273
0.0006517842594101353,9.244576760311677e-05,0.0,0.0,0.0,0.96,0.7272727272727273
0.0006517842594101353,0.00010010051269127295,0.0,0.0,0.00010160208559198754,0.96,0.7272727272727273
0.011487697572103633,0.007479274777673817,0.02502828238008608,0.0,0.0,0.96,0.7272727272727273
0.011487697572103633,0.0062945557686453395,0.056766455162621465,0.0,0.006388978205754981,0.96,0.7272727272727273
0.0,0.0,0.004564156720060345,0.0,0.0,0.96,0.7272727272727273
0.04179566563467492,0.03927590822078405,0.00033367351466477346,0.0,0.0,0.96,0.7272727272727273
0.04179566563467492,0.03781090777622,0.0008224697164662555,0.0,0.038378096024728754,0.96,0.7272727272727273
0.0,0.00032974286533595795,0.0,0.0,0.0,0.96,0.7272727272727273
0.00342186736190321,0.002136851532686056,0.0,0.0,0.0,0.96,0.7272727272727273
0.0032589212970506763,0.002337052558068602,0.0,0.0,0.002372109868909403,0.96,0.7272727272727273
0.0,5.9471481069520984e-05,0.0,0.0,0.0,0.96,0.7272727272727273
0.8768942480039107,0.8519042356059879,0.8907580600789813,0.17351598561532552,0.0,0.96,0.8181818181818182
0.8775460322633208,0.8719484800325974,0.5441245241158983,0.2151863345592484,0.885028275262761,0.96,0.8181818181818182
0.0,0.004390290721330183,0.20990236499977813,0.0039853569996125115,0.0,0.96,0.8181818181818182
0.012139481831513768,0.005347133857349704,0.003746301637307539,0.0,0.0,0.96,0.8181818181818182
0.011487697572103633,0.004731221291025754,3.145050361627546e-05,0.0,0.0048021926925389405,0.96,0.8181818181818182
0.0,0.0012282921733764434,0.0007572968895593912,0.0,0.0,0.96,0.8181818181818182
0.02786377708978328,0.016061421674587364,5.963526645072547e-06,0.0,0.0,0.96,0.8181818181818182
0.02786377708978328,0.01697292516662319,0.0,0.0,0.017227530101112006,0.96,0.8181818181818182
0.00790288414534789,0.004046416018908398,0.0,0.0,0.0,0.96,0.8181818181818182
0.00790288414534789,0.003593019579071456,0.0,0.0,0.003646917213425341,0.96,0.8181818181818182
0.0,0.00010657760468894355,0.0,0.0,0.0,0.96,0.8181818181818182
0.008147303242626691,0.005421914828595537,0.0,0.0,0.0,0.96,0.8181818181818182
0.008147303242626691,0.005379519317338056,0.0,0.0,0.005460215611578813,0.96,0.8181818181818182
0.0007332572918364021,0.00034858531478372697,0.0,0.0,0.0,0.96,0.8181818181818182
0.0008147303242626691,2.5319541445439627e-05,0.0,0.0,2.569935106150273e-05,0.96,0.8181818181818182
0.006762261691380153,0.0038079412680850715,0.0,0.0,0.0,0.96,0.8181818181818182
0.006762261691380153,0.004017563518191502,0.0,0.0,0.004077829588200771,0.96,0.8181818181818182
0.0004888381945576015,0.00040982327548897627,0.0,0.0,0.0,0.96,0.8181818181818182
0.0004888381945576015,0.0002938244460761482,0.0,0.0,0.00029823200417883404,0.96,0.8181818181818182
0.001710933680951605,0.00029323561953090545,0.0,0.0,0.0,0.96,0.8181818181818182
0.001710933680951605,0.00035565123332664036,0.0,0.0,0.0003609862335150616,0.96,0.8181818181818182
0.00790288414534789,0.002882305938963418,0.02789475085415095,0.0,0.0,0.96,0.8181818181818182
0.007821411112921624,0.0027886825182698157,0.054053902471491326,0.0,0.0028305145727273704,0.96,0.8181818181818182
0.0,0.0,0.004593761370191241,0.0,0.0,0.96,0.8181818181818182
0.037477594916082775,0.03352719465957876,0.00018607623019922792,0.0,0.0,0.96,0.8181818181818182
0.037477594916082775,0.034196101614974564,0.0007262723521320496,0.0,0.03470906541620398,0.96,0.8181818181818182
0.0,2.7086021081167974e-05,4.8276168079158715e-05,0.0,0.0,0.96,0.8181818181818182
0.001955352778230406,0.0011140598235993436,1.2140036384611972e-05,0.0,0.0,0.96,0.8181818181818182
0.0021182988430829396,0.000869696807323589,0.0,0.0,0.0008827428259962682,0.96,0.8181818181818182
0.6938243441420889,0.6819600622507423,0.7842754581355105,0.1808264389773013,0.0,0.96,0.9090909090909091
0.6930910868502526,0.6375843273216106,0.5135177885255358,0.23110651865045104,0.6471485075848945,0.96,0.9090909090909091
0.0,0.0031296130879653866,0.19344629720015974,0.0025084805677731627,0.0,0.96,0.9090909090909091
0.0110803324099723,0.005788164939736547,0.0026223898478058305,0.0,0.0,0.96,0.9090909090909091
0.010754440280267232,0.004463305212940288,0.002762390735235391,0.0,0.004530257698748621,0.96,0.9090909090909091
0.0,0.0007289672630105641,0.00043789324222389845,0.0004690654720226239,0.0,0.96,0.9090909090909091
0.024686328825158872,0.015109877977475029,2.2434219283844344e-05,0.0,0.0,0.96,0.9090909090909091
0.02476780185758514,0.014842550725934807,0.0,0.0,0.015065198655983705,0.96,0.9090909090909091
0.005947531367117484,0.0027297998637455375,2.392510094511248e-05,0.0,0.0,0.96,0.9090909090909091
0.005947531367117484,0.0021674705130386804,0.0,0.0,0.002199983982730036,0.96,0.9090909090909091
0.0,0.00011187704359612858,0.0,0.0,0.0,0.96,0.9090909090909091
0.011243278474824833,0.006394656281336612,0.0,0.0,0.0,0.96,0.9090909090909091
0.011243278474824833,0.006130861989067846,0.0,0.0,0.006222828912845731,0.96,0.9090909090909091
8.147303242626691e-05,1.7075969812040677e-05,0.0,0.0,0.0,0.96,0.9090909090909091
8.147303242626691e-05,0.0,0.0,0.0,0.0,0.96,0.9090909090909091
0.0050513280104285485,0.0018283064229788382,0.0,0.0,0.0,0.96,0.9090909090909091
0.005132801042854815,0.0020438169385376963,0.0,0.0,0.002074475524057581,0.96,0.9090909090909091
0.00016294606485253382,8.420219596971783e-05,0.0,0.0,0.0,0.96,0.9090909090909091
0.00016294606485253382,8.243571633398949e-05,0.0,0.0,8.36723057816368e-05,0.96,0.9090909090909091
0.0,2.1786582173982936e-05,0.0,0.0,0.0,0.96,0.9090909090909091
0.00790288414534789,0.0023900469471404523,0.0,0.0,0.0,0.96,0.9090909090909091
0.007984357177774157,0.002496624551829396,0.0,0.0,0.0025340755465295714,0.96,0.9090909090909091
0.0061104774319700175,0.0017605913702759182,0.027981009007410036,0.0,0.0,0.96,0.9090909090909091
0.0061104774319700175,0.0010086598720008856,0.05539789679194214,0.0,0.0010237904271710274,0.96,0.9090909090909091
0.0,0.0,0.003603531969649909,0.0,0.0,0.96,0.9090909090909091
0.02900439954375102,0.025951352328485132,0.00019523450326130364,0.0,0.0,0.96,0.9090909090909091
0.02892292651132475,0.023737953344917514,0.0009457159337977548,0.0,0.024094038109149327,0.96,0.9090909090909091
0.0013035685188202706,0.0007048253746556101,0.0,0.0,0.0,0.96,0.9090909090909091
0.0013850415512465374,0.0007071806808365812,0.0,0.0,0.0007177888517410414,0.96,0.9090909090909091
0.71125957308131,0.6814731026978266,0.7212941562763455,0.20976488942971155,0.0,0.96,1.0
0.7106892618543262,0.7077683297287335,0.48714948750942894,0.27176140882794814,0.718385315749399,0.96,1.0
0.0,0.0034528788613036737,0.18640919377024448,0.002692877682680607,0.0,0.96,1.0
0.008880560534463093,0.004327286280989205,0.0,0.0,0.0,0.96,1.0
0.008554668404758025,0.003991655150200819,0.0026598038780671785,0.0,0.004051532577812256,0.96,1.0
0.0,0.0008008041015301836,0.0,0.0,0.0,0.96,1.0
0.021508880560534464,0.01249195515732562,1.1359098371566758e-05,0.0,0.0,0.96,1.0
0.02159035359296073,0.011901362132447111,1.4198872964458446e-07,0.0,0.012079890317560307,0.96,1.0
0.004236597686165879,0.0015686339165267712,0.0,0.0,0.0,0.96,1.0
0.004236597686165879,0.0019731577531085626,0.0,0.0,0.002002756404816178,0.96,1.0
0.0,1.177653090485564e-06,0.0,0.0,0.0,0.96,1.0
0.033892781489327034,0.03051416922757145,0.0,0.0,0.0,0.96,1.0
0.033811308456900765,0.024177806774213873,0.0,0.0,0.02454048962642706,0.96,1.0
0.0032589212970506763,0.003965746782210137,0.0,0.0,0.0,0.96,1.0
0.003340394329476943,0.0022357743922868435,0.0,0.0,0.0022693124646633923,0.96,1.0
0.004562489815870947,0.0023382302111590873,0.0,0.0,0.0,0.96,1.0
0.004562489815870947,0.001956081783296522,0.0,0.0,0.001985424284332839,0.96,1.0
0.0074955189832165555,0.002150983369771883,0.0,0.0,0.0,0.96,1.0
0.007414045950790289,0.002074435918890321,0.0,0.0,0.002105553809062189,0.96,1.0
0.0,2.0608929083497372e-05,0.0,0.0,0.0,0.96,1.0
0.00448101678344468,0.00035506240678139753,0.02138996317167325,0.0,0.0,0.96,1.0
0.004562489815870947,0.0003468188351479986,0.050281119936105075,0.0,0.00035202134360988625,0.96,1.0
0.0,0.0,0.003814101255712828,0.0,0.0,0.96,1.0
0.045461952093856936,0.04439457737857955,0.0001360961973643342,0.0,0.0,0.96,1.0
0.0455434251262832,0.04041823171855504,0.0005877623463637574,0.0,0.04102453152473652,0.96,1.0
0.00554016620498615,0.005818783920089172,0.0,0.0,0.0,0.96,1.0
0.00554016620498615,0.003916874178954986,0.0,0.0,0.003975629843281771,0.96,1.0
0.0,9.715637996505904e-05,0.0,0.0,0.0,0.96,1.0
0.6334528271142252,0.5477447060077384,0.6294948928428806,0.16387465075016486,0.0,1.0,0.0
0.6350008147303242,0.5545044347471255,0.3943401162532724,0.1944505815732048,0.5628223624995069,1.0,0.0
0.0,0.003871534534971292,0.12332970670453033,0.0032741109849695107,0.0,1.0,0.0
0.008636141437184292,0.0033127381435358915,0.00028362248746505744,0.0004248781449480289,0.0,1.0,0.0
0.008391722339905492,0.0032144041104803472,0.005377042197275591,0.0,0.0032626222661568233,1.0,0.0
0.0,0.000294413272621391,0.0,0.0,0.0,1.0,0.0
0.020123839009287926,0.009803373151747077,3.1947464170031503e-06,0.0,0.0,1.0,0.0
0.019879419912009123,0.01049171138313589,0.0,0.0,0.010649093888694318,1.0,0.0
0.004318070718592146,0.0017823779524499012,0.0,0.0,0.0,1.0,0.0
0.004318070718592146,0.0014002295245873356,0.0,0.0,0.0014212338796338023,1.0,0.0
0.0,1.7664796357283461e-06,0.0,0.0,0.0,1.0,0.0
0.04969854978002281,0.04290249091293434,0.0,0.0,0.0,1.0,0.0
0.04953560371517028,0.04191620644965268,0.0,0.0,0.042544976852654265,1.0,0.0
0.0070881538210852205,0.0079456254015061,0.0,0.0,0.0,1.0,0.0
0.007251099885937755,0.007211358699588351,0.0,0.0,0.007319533777912185,1.0,0.0
0.003503340394329477,0.0014891423329189957,0.0,0.0,0.0,1.0,0.0
0.003503340394329477,0.0018253622902526243,0.0,0.0,0.0018527439137362434,1.0,0.0
8.147303242626691e-05,5.770500143379264e-05,0.0,0.0,0.0,1.0,0.0
8.147303242626691e-05,5.7116174888549856e-05,0.0,0.0,5.7972954720134065e-05,1.0,0.0
0.007984357177774157,0.0018436159131551505,0.0,0.0,0.0,1.0,0.0
0.007984357177774157,0.0020732582657998354,0.0,0.0,0.0021043584904081656,1.0,0.0
0.0,0.00010245581887224407,0.0,0.0,0.0,1.0,0.0
0.004073651621313346,0.0001112882170508858,0.024413826152549143,0.0,0.0,1.0,0.0
0.004073651621313346,2.0608929083497372e-05,0.04374232595287749,0.0,2.09180764454092e-05,1.0,0.0
0.0,0.0,0.0033442605493188976,0.0,0.0,1.0,0.0
0.051653902558253216,0.046808177387529716,0.0001671917291564982,0.0,0.0,1.0,0.0
0.05206126772038455,0.04671632044647184,0.0007993255535341882,0.0,0.047417095686453574,1.0,0.0
0.01002118298843083,0.010608887865639204,0.0,0.0,0.0,1.0,0.0
0.009695290858725761,0.009913483715707478,0.0,0.0,0.010062192429568836,1.0,0.0
0.6024116017598174,0.5556979861543326,0.5715475174158051,0.15376679968185125,0.0,1.0,0.09090909090909091
0.6035522242137852,0.5531542554788837,0.48718810844389226,0.17625305062508073,0.5614519296626691,1.0,0.09090909090909091
0.0,0.0036095067223382536,0.08496790167280473,0.002480438610206593,0.0,1.0,0.09090909090909091
0.007984357177774157,0.0030819181378007213,0.00012949372143586103,0.0,0.0,1.0,0.09090909090909091
0.007006680788658954,0.003219703549387532,0.005265865021963882,0.0,0.003268001200099929,1.0,0.09090909090909091
0.0,0.0006341661892264762,0.004997648311665262,0.0012567895527562695,0.0,1.0,0.09090909090909091
0.021020042365976863,0.011364352323185693,0.0,0.0,0.0,1.0,0.09090909090909091
0.021020042365976863,0.01145267630497211,0.0,0.0,0.011624473910377398,1.0,0.09090909090909091
0.0038292325240345446,0.0017499924924615482,0.0,0.0,0.0,1.0,0.09090909090909091
0.0038292325240345446,0.0018648136687838906,2.7545813551049385e-05,0.0,0.0018927870886460267,1.0,0.09090909090909091
0.0,0.00011011056396040023,0.0,0.0,0.0,1.0,0.09090909090909091
0.04749877790451361,0.04421851824155196,0.0,0.0,0.0,1.0,0.09090909090909091
0.04749877790451361,0.043893485988577945,0.0,0.0,0.04455191687275952,1.0,0.09090909090909091
0.008473195372331759,0.009692673761241435,0.0,0.0,0.0,1.0,0.09090909090909091
0.008473195372331759,0.009666765393250752,0.0,0.0,0.009811773171550938,1.0,0.09090909090909091
0.003992178588887079,0.0021221308690549862,0.0,0.0,0.0,1.0,0.09090909090909091
0.003992178588887079,0.0022711039850014103,0.0,0.0,0.0023051720242840937,1.0,0.09090909090909091
8.147303242626691e-05,0.0,0.0,0.0,0.0,1.0,0.09090909090909091
8.147303242626691e-05,0.00010716643123418632,0.0,0.0,0.00010877399751612784,1.0,0.09090909090909091
0.007006680788658954,0.0023924022533214234,0.0,0.0,0.0,1.0,0.09090909090909091
0.007169626853511487,0.002425965366400262,0.0,0.0,0.0024623564272881686,1.0,0.09090909090909091
0.005132801042854815,0.0003951026118579067,0.02131875582375649,0.0,0.0,1.0,0.09090909090909091
0.004969854978002281,0.00045928470528937,0.05711993610507166,0.0,0.0004661742750691193,1.0,0.09090909090909091
0.0,0.0,0.0027324311132803833,0.0,0.0,1.0,0.09090909090909091
0.05271305197979469,0.048893212184234404,0.0001323334960287527,0.0,0.0,1.0,0.09090909090909091
0.05312041714192602,0.04786041042387856,0.0005488574344411412,0.0,0.04857834775883729,1.0,0.09090909090909091
0.009939709956004562,0.010123694792359151,0.0,0.0,0.0,1.0,0.09090909090909091
0.009532344793873227,0.010045969688387104,0.0,0.0,0.010196665778146468,1.0,0.09090909090909091
0.7158220628971811,0.6600574812473466,0.7969947375427076,0.16766881258455074,0.0,1.0,0.18181818181818182
0.718266253869969,0.6411108095010696,0.5487761458934197,0.1943477610621274,0.6507278892943675,1.0,0.18181818181818182
0.0,0.002634409963416207,0.11497111416781293,0.001834623829885589,0.0,1.0,0.18181818181818182
0.010835913312693499,0.003514705648554166,5.068997648311665e-05,0.0,0.0,1.0,0.18181818181818182
0.008473195372331759,0.0032721091119141395,5.033500465900519e-05,0.0,0.0033211928802039693,1.0,0.18181818181818182
0.0,0.0007489873655488188,0.0027292363668633803,0.0,0.0,1.0,0.18181818181818182
0.025256640052142742,0.01345056477298087,0.0,0.0,0.0,1.0,0.18181818181818182
0.025338113084569007,0.013605426154379721,0.0,0.0,0.013809516409932141,1.0,0.18181818181818182
0.00448101678344468,0.0019625588752941923,0.0,0.0,0.0,1.0,0.18181818181818182
0.004562489815870947,0.001823595810616896,0.0,0.0,0.0018509509357552082,1.0,0.18181818181818182
0.0,5.88826545242782e-07,0.0,0.0,0.0,1.0,0.18181818181818182
0.04888381945576014,0.04215350354738552,0.0,0.0,0.0,1.0,0.18181818181818182
0.04896529248818641,0.04636361334587141,0.0,0.0,0.04705909774957357,1.0,0.18181818181818182
0.008554668404758025,0.00825240403157759,0.0,0.0,0.0,1.0,0.18181818181818182
0.008473195372331759,0.00961318217763366,0.0,0.0,0.009757386172792874,1.0,0.18181818181818182
0.005866058334691217,0.0022787587300895666,0.0,0.0,0.0,1.0,0.18181818181818182
0.00578458530226495,0.0025973138910659116,0.0,0.0,0.002636275291448571,1.0,0.18181818181818182
0.0074955189832165555,0.002636765269597178,0.0,0.0,0.0,1.0,0.18181818181818182
0.007414045950790289,0.0025926032787039694,0.0,0.0,0.002631494016832477,1.0,0.18181818181818182
0.0050513280104285485,0.0004127674082151902,0.027862377423791985,0.0,0.0,1.0,0.18181818181818182
0.005132801042854815,0.0004687059300132545,0.06667045303279052,0.0,0.00047573682430130634,1.0,0.18181818181818182
0.0,3.0618980352624666e-05,0.004055553090473444,0.0,0.0,1.0,0.18181818181818182
0.05833469121720711,0.047027220862360025,0.00011501087101211341,0.0,0.0,1.0,0.18181818181818182
0.05841616424963337,0.05213470231579592,0.0006706837644761947,0.0,0.05291675681361516,1.0,0.18181818181818182
0.007658465048069089,0.005353022122802131,0.0,0.0,0.0,1.0,0.18181818181818182
0.007576992015642822,0.0073597429889895325,0.0,0.0,0.007470143928319131,1.0,0.18181818181818182
0.8227146814404432,0.8125888760066726,0.7824382659626392,0.1514240215906078,0.0,1.0,0.2727272727272727
0.824181196024116,0.8214089088278642,0.49942384523228467,0.18711973406027152,0.8337305775660204,1.0,0.2727272727272727
0.0,0.0030018377276477028,0.11153448994986023,0.009799389535081339,0.0,1.0,0.2727272727272727
0.01450219977187551,0.0037643681037371054,5.977725518037006e-05,0.0,0.0,1.0,0.2727272727272727
0.013361577317907773,0.004077034999261023,0.005429294049784798,0.0,0.004138193180228952,1.0,0.2727272727272727
0.0,0.00903554333675049,0.009752140923814172,0.0046269229984840345,0.0,1.0,0.2727272727272727
0.028597034381619684,0.015264739358873881,1.9807427785419533e-05,0.0,0.0,1.0,0.2727272727272727
0.028597034381619684,0.015429021964996617,0.0,0.0,0.01566046734568735,1.0,0.2727272727272727
0.006029004399543751,0.003296251000269094,0.0,0.0,0.0,1.0,0.2727272727272727
0.005866058334691217,0.003787332339001574,0.0,0.0,0.0038441447913391993,1.0,0.2727272727272727
0.0,7.949158360777558e-05,0.0,0.0,0.0,1.0,0.2727272727272727
0.010510021182988431,0.00790970698224629,0.0,0.0,0.0,1.0,0.2727272727272727
0.010510021182988431,0.009845179836459316,0.0,0.0,0.00999286394763548,1.0,0.2727272727272727
0.0021182988430829396,0.0013495904416964564,0.0,0.0,0.0,1.0,0.2727272727272727
0.0021182988430829396,0.002355895007516371,0.0,0.0,0.0023912349673737773,1.0,0.2727272727272727
0.0,5.0639082890879254e-05,0.0,0.0,0.0,1.0,0.2727272727272727
0.007169626853511487,0.004234251686840845,0.0,0.0,0.0,1.0,0.2727272727272727
0.007169626853511487,0.004622288380155839,0.0,0.0,0.004691625717041778,1.0,0.2727272727272727
8.147303242626691e-05,0.0,0.0,0.0,0.0,1.0,0.2727272727272727
8.147303242626691e-05,5.417204216233595e-05,0.0,0.0,5.498465808507561e-05,1.0,0.2727272727272727
0.0,4.2395511257480304e-05,0.0,0.0,0.0,1.0,0.2727272727272727
0.00920645266416816,0.0042183533701192905,0.0,0.0,0.0,1.0,0.2727272727272727
0.009287925696594427,0.004394412507146882,0.0,0.0,0.004460331557488253,1.0,0.2727272727272727
0.0,0.00016251612648700783,0.0,0.0,0.0,1.0,0.2727272727272727
0.005295747107707349,0.0007248454771938646,0.02790213426809247,0.0,0.0,1.0,0.2727272727272727
0.0050513280104285485,0.001002182780003215,0.0590538226028309,0.0,0.0010172161745738988,1.0,0.2727272727272727
0.0,0.0,0.0034427297333274173,0.0,0.0,1.0,0.2727272727272727
0.036418445494541304,0.02747641308066394,0.00011998047654967387,0.0,0.0,1.0,0.2727272727272727
0.03633697246211504,0.029042102864464493,0.0008059990238274837,0.0,0.029477753326870644,1.0,0.2727272727272727
0.0010591494215414698,0.0005234667987208332,0.0,0.0,0.0,1.0,0.2727272727272727
0.0010591494215414698,0.0008785292055022308,0.0,0.0,0.0008917077159014435,1.0,0.2727272727272727
0.8623920482320352,0.8329275337059036,0.763964680303501,0.15014258910544456,0.0,1.0,0.36363636363636365
0.8637770897832817,0.833098293404024,0.5360626170297733,0.17663034241779457,0.8455953105258566,1.0,0.36363636363636365
0.0,0.002849920478975065,0.14783646448063184,0.0034797520071243567,0.0,1.0,0.36363636363636365
0.026804627668241814,0.005711617488854986,0.00012033544837378533,0.0,0.0,1.0,0.36363636363636365
0.025419586116995276,0.005613283455799441,0.005985037937613702,0.0,0.005697486364402454,1.0,0.36363636363636365
0.0,0.027971027378667874,0.05343511558770023,0.014852040434803298,0.0,1.0,0.36363636363636365
0.028597034381619684,0.0169028548077393,7.099436482229223e-08,0.0,0.0,1.0,0.36363636363636365
0.02867850741404595,0.016753292865247633,0.0,0.0,0.017004603172136645,1.0,0.36363636363636365
0.0,0.0002060892908349737,0.0,0.0,0.0,1.0,0.36363636363636365
0.0113247515072511,0.005189328343224638,0.0,0.0,0.0,1.0,0.36363636363636365
0.0113247515072511,0.006272180359926114,0.0,0.0,0.006366267151328537,1.0,0.36363636363636365
0.0,2.8263674171653538e-05,0.0,0.0,0.0,1.0,0.36363636363636365
0.008799087502036826,0.005957158158221226,0.0,0.0,0.0,1.0,0.36363636363636365
0.008799087502036826,0.006838042669904428,0.0,0.0,0.006940617764586772,1.0,0.36363636363636365
0.0030145021997718753,0.0010386900258082675,0.0,0.0,0.0,1.0,0.36363636363636365
0.0029330291673456085,0.0014814875878308396,0.0,0.0,0.0015037108667614156,1.0,0.36363636363636365
0.008228776275052958,0.005906519075330347,0.0,0.0,0.0,1.0,0.36363636363636365
0.008310249307479225,0.005587963914354001,0.0,0.0,0.005671787013340952,1.0,0.36363636363636365
0.0011406224539677367,0.0003709607235029527,0.0,0.0,0.0,1.0,0.36363636363636365
0.0011406224539677367,0.0003432858758765419,0.0,0.0,0.0003484353876478161,1.0,0.36363636363636365
0.0,5.88826545242782e-07,0.0,0.0,0.0,1.0,0.36363636363636365
0.010184129053283364,0.004581659348534087,0.0,0.0,0.0,1.0,0.36363636363636365
0.010184129053283364,0.0045645833787220464,0.0,0.0,0.0046330551029946316,1.0,0.36363636363636365
0.0,0.0004245439391200458,0.0,0.0,0.0,1.0,0.36363636363636365
0.010510021182988431,0.003801464176087401,0.027773208501575188,0.0,0.0,1.0,0.36363636363636365
0.010754440280267232,0.004479203529661843,0.06594354173137507,0.0,0.004546394500577936,1.0,0.36363636363636365
0.0,0.0002849920478975065,0.002175480321249501,0.0,0.0,1.0,0.36363636363636365
0.04130682744011732,0.031535194457022436,0.000160092292674269,0.0,0.0,1.0,0.36363636363636365
0.04130682744011732,0.032680462087519645,0.0006498114212184408,0.0,0.033170690308475886,1.0,0.36363636363636365
0.0,0.00015191724867263777,0.0,0.0,0.0,1.0,0.36363636363636365
0.003992178588887079,0.0029488433385758523,0.0,0.0,0.0,1.0,0.36363636363636365
0.003910705556460812,0.0028163573658962263,0.0,0.0,0.00285860456109692,1.0,0.36363636363636365
0.0,0.00011658765595807083,0.0,0.0,0.0,1.0,0.36363636363636365
0.8734723806420075,0.8599917682048975,0.7503459732883703,0.1326529051468039,0.0,1.0,0.45454545454545453
0.8737982727717125,0.879487815117886,0.4714975018857878,0.1565336061617528,0.8926807052858187,1.0,0.45454545454545453
0.0,0.003998721068743732,0.09923528419931668,0.0028245899076144963,0.0,1.0,0.45454545454545453
0.021508880560534464,0.006665516492148292,1.2069042019789679e-05,0.0001147170991359678,0.0,1.0,0.45454545454545453
0.021101515398403128,0.006472970211853903,0.0068750942893907796,0.0,0.006570068981839524,1.0,0.45454545454545453
0.0,0.014880824451375587,0.028246385943115765,0.020518215375830214,0.0,1.0,0.45454545454545453
0.028108196187062083,0.01666555771000646,2.0162399609530993e-05,0.0,0.0,1.0,0.45454545454545453
0.028108196187062083,0.016439448316633232,0.0,0.0,0.016686050750839412,1.0,0.45454545454545453
0.0,0.0001112882170508858,0.0,0.0,0.0,1.0,0.45454545454545453
0.017761121068926185,0.009041431602202919,0.0,0.0,0.0,1.0,0.45454545454545453
0.017516701971647383,0.009348210232274407,0.0,0.0,0.009488439475637612,1.0,0.45454545454545453
0.0,3.5329592714566923e-06,0.0,0.0,0.0,1.0,0.45454545454545453
0.009695290858725761,0.008436706740238581,0.0,0.0,0.0,1.0,0.45454545454545453
0.009695290858725761,0.008278901226113515,0.0,0.0,0.008403090137784381,1.0,0.45454545454545453
0.004318070718592146,0.002020263876727985,0.0,0.0,0.0,1.0,0.45454545454545453
0.004318070718592146,0.0018901332102293303,0.0,0.0,0.0019184864397075293,1.0,0.45454545454545453
0.008065830210200424,0.006036649741829001,0.0,0.0,0.0,1.0,0.45454545454545453
0.007984357177774157,0.005926539177868601,0.0,0.0,0.006015441126372674,1.0,0.45454545454545453
0.0010591494215414698,0.00021197755628740153,0.0,0.0,0.0,1.0,0.45454545454545453
0.0010591494215414698,0.0001960792395658464,0.0,0.0,0.00019902055589489324,1.0,0.45454545454545453
0.008554668404758025,0.004243084085019487,0.0,0.0,0.0,1.0,0.45454545454545453
0.008636141437184292,0.00422659694175269,0.0,0.0,0.004289998649289921,1.0,0.45454545454545453
0.0,0.00011069939050564302,0.0,0.0,0.0,1.0,0.45454545454545453
0.010998859377546032,0.005766967184107807,0.025198952833118873,0.0,0.0,1.0,0.45454545454545453
0.010835913312693499,0.006149115611970373,0.047668456316279896,0.0,0.006241356351983094,1.0,0.45454545454545453
0.0,6.948153233864828e-05,0.0024523583440564404,0.0,0.0,1.0,0.45454545454545453
0.04244744989408506,0.036007332068141364,0.00017883480498735412,0.0,0.0,1.0,0.45454545454545453
0.04244744989408506,0.03529308546876187,0.0007168301016106846,0.0,0.03582250474242676,1.0,0.45454545454545453
0.0,0.00011717648250331362,0.0,0.0,0.0,1.0,0.45454545454545453
0.004969854978002281,0.004551040368181462,0.0,0.0,0.0,1.0,0.45454545454545453
0.0050513280104285485,0.0042448505646552155,0.0,0.0,0.004308526088427284,1.0,0.45454545454545453
0.9146977350496985,0.9327353996041908,0.8248511514398544,0.13531859062820784,0.0,1.0,0.5454545454545454
0.9162457226657976,0.9697996753210429,0.5147367617695345,0.17250137660518963,0.9843473022255638,1.0,0.5454545454545454
0.0,0.004055248417087039,0.07234787238762923,0.0022399575801660084,0.0,1.0,0.5454545454545454
0.019390581717451522,0.008643384857618798,0.00025799352176420994,0.0,0.0,1.0,0.5454545454545454
0.018087013198631253,0.007839047796817157,0.0028075431512623685,0.0,0.007956638620506648,1.0,0.5454545454545454
0.0,0.010485823117683462,0.030721320495185694,0.011712190943637365,0.0,1.0,0.5454545454545454
0.027537884960078213,0.015549731406771388,2.6054931889781248e-05,0.0,0.0,1.0,0.5454545454545454
0.027537884960078213,0.01741277859591955,0.0,0.0,0.017673981618389737,1.0,0.5454545454545454
0.0,0.00015603903448933724,0.0,0.0,0.0,1.0,0.5454545454545454
0.014665145836728044,0.009609649218362203,0.0,0.0,0.0,1.0,0.5454545454545454
0.014828091901580577,0.010376301380268304,0.0,0.0,0.010531952660600027,1.0,0.5454545454545454
0.010510021182988431,0.008684602715785791,0.0,0.0,0.0,1.0,0.5454545454545454
0.010510021182988431,0.009042609255293403,0.0,0.0,0.009178254284918546,1.0,0.5454545454545454
0.004562489815870947,0.00171230759356601,0.0,0.0,0.0,1.0,0.5454545454545454
0.004562489815870947,0.001750581319006791,0.0,0.0,0.0017768411792057587,1.0,0.5454545454545454
0.008799087502036826,0.006255104390114073,0.0,0.0,0.0,1.0,0.5454545454545454
0.008799087502036826,0.006223896583216206,0.0,0.0,0.006317259086513578,1.0,0.5454545454545454
0.00040736516213133454,7.890275706253279e-05,0.0,0.0,0.0,1.0,0.5454545454545454
0.00040736516213133454,5.0639082890879254e-05,0.0,0.0,5.139870212300546e-05,1.0,0.5454545454545454
0.009369398729020694,0.004504523071107282,0.0,0.0,0.0,1.0,0.5454545454545454
0.009369398729020694,0.004605212410343798,0.0,0.0,0.0046742935965584384,1.0,0.5454545454545454
0.0,0.0002002010253825459,0.0,0.0,0.0,1.0,0.5454545454545454
0.012709793058497638,0.006300444034097768,0.029101939033589208,0.0,0.0,1.0,0.5454545454545454
0.012628320026071371,0.006610755623440713,0.06180258242002041,0.0,0.006709921264360259,1.0,0.5454545454545454
0.0,0.0,0.002928304565825088,0.0,0.0,1.0,0.5454545454545454
0.04839498126120254,0.04066730534719274,0.00021639082397834671,0.0,0.0,1.0,0.5454545454545454
0.04839498126120254,0.040854552188579946,0.0006214136752895239,0.0,0.04146739708605218,1.0,0.5454545454545454
0.0,0.00012600888068195536,0.0,0.0,0.0,1.0,0.5454545454545454
0.006273423496822552,0.004710023535397013,0.0,0.0,0.0,1.0,0.5454545454545454
0.006273423496822552,0.00536126569443553,0.0,0.0,0.00544168817244145,1.0,0.5454545454545454
0.9285481505621639,1.0,0.7581919865110707,0.1378865541362737,0.0,1.0,0.6363636363636364
0.9283852044973114,0.9740916320093176,0.4738272529617962,0.166236123479786,0.9887036410601521,1.0,0.6363636363636364
0.0,0.0030565985963552813,0.1561299551848072,0.003765270120529432,0.0,1.0,0.6363636363636364
0.01792406713377872,0.008429051995150424,0.0001242401384390114,0.0,0.0,1.0,0.6363636363636364
0.017516701971647383,0.00798978739239931,0.0009140524470870124,0.0,0.00810963940822164,1.0,0.6363636363636364
0.0,0.012776358378677884,0.02613245773616719,0.02172316979490282,0.0,1.0,0.6363636363636364
0.025256640052142742,0.016300485251955935,5.3813728535297514e-05,0.0,0.0,1.0,0.6363636363636364
0.025256640052142742,0.016125603768018828,1.9878422150241826e-06,0.0,0.01636749832954218,1.0,0.6363636363636364
0.015072510998859378,0.010877981596815155,0.0,0.0,0.0,1.0,0.6363636363636364
0.014991037966433111,0.010875037464088941,0.0,0.0,0.011038170110578928,1.0,0.6363636363636364
0.01026560208570963,0.009013756754576507,0.0,0.0,0.0,1.0,0.6363636363636364
0.010102656020857097,0.009709749731053475,0.0,0.0,0.009855402302422791,1.0,0.6363636363636364
0.004888381945576014,0.0019867007636491466,0.0,0.0,0.0,1.0,0.6363636363636364
0.0050513280104285485,0.0021009331134262464,0.0,0.0,0.002132448478777715,1.0,0.6363636363636364
0.0,2.0608929083497372e-05,0.0,0.0,0.0,1.0,0.6363636363636364
0.008636141437184292,0.006697901952136646,0.0,0.0,0.0,1.0,0.6363636363636364
0.008636141437184292,0.00676443935174908,0.0,0.0,0.006865910348710311,1.0,0.6363636363636364
0.0017924067133778718,0.0004557517460179133,0.0,0.0,0.0,1.0,0.6363636363636364
0.001710933680951605,0.00042218863293907473,0.0,0.0,0.00042852173746738275,1.0,0.6363636363636364
0.009124979631741893,0.0045369085310956354,3.549718241114612e-07,0.0,0.0,1.0,0.6363636363636364
0.009124979631741893,0.004652318533963221,0.0,0.0,0.004722106342719374,1.0,0.6363636363636364
0.012302427896366304,0.007650034475794224,0.023735971957225894,0.0,0.0,1.0,0.6363636363636364
0.012302427896366304,0.0077053841710470455,0.06901362204375028,0.0,0.007820969953274994,1.0,0.6363636363636364
0.0,0.0,0.0025056041176731597,0.0,0.0,1.0,0.6363636363636364
0.04749877790451361,0.04265753907011334,0.00025344988241558325,0.0,0.0,1.0,0.6363636363636364
0.04758025093693987,0.04533081158551557,0.0007500554643475174,0.0,0.046010803289995066,1.0,0.6363636363636364
0.005947531367117484,0.00562152702743284,8.377335049030483e-06,0.0,0.0,1.0,0.6363636363636364
0.005866058334691217,0.00583114927753927,0.0,0.0,0.00591862031539678,1.0,0.6363636363636364
0.9009287925696594,0.9323032009199826,0.7628649775924036,0.1486861068245627,0.0,1.0,0.7272727272727273
0.900765846504807,0.8964230553856136,0.4922811731818787,0.16167463171562396,0.9098699851900018,1.0,0.7272727272727273
0.0,0.0031920287017611214,0.13497377645649378,0.007584074887322316,0.0,1.0,0.7272727272727273
0.014828091901580577,0.007007035888389106,0.0007564449571815237,0.0,0.0,1.0,0.7272727272727273
0.015072510998859378,0.005779921368103148,0.0035213204951856946,0.0,0.005866623953946763,1.0,0.7272727272727273
0.0,0.007123034717801934,0.019770439721347118,0.02871411479187769,0.0,1.0,0.7272727272727273
0.02973765683558742,0.01802515820297204,0.0,0.0,0.0,1.0,0.7272727272727273
0.02973765683558742,0.017385692574838383,1.27789856680126e-06,0.0,0.0176464892893472,1.0,0.7272727272727273
0.01474661886915431,0.009251053852309348,0.0,0.0,0.0,1.0,0.7272727272727273
0.014828091901580577,0.008339550360273522,2.1298309446687668e-06,0.0,0.008464649048466586,1.0,0.7272727272727273
0.0,3.5329592714566923e-06,0.0,0.0,0.0,1.0,0.7272727272727273
0.009858236923578295,0.008099309129814467,0.0,0.0,0.0,1.0,0.7272727272727273
0.009858236923578295,0.008230617449403607,0.0,0.0,0.008354082072969423,1.0,0.7272727272727273
0.0050513280104285485,0.0018606918829671912,0.0,0.0,0.0,1.0,0.7272727272727273
0.004969854978002281,0.0017276170837423224,0.0,0.0,0.0017535324654523027,1.0,0.7272727272727273
0.008310249307479225,0.005726926979031298,0.0,0.0,0.0,1.0,0.7272727272727273
0.008310249307479225,0.005815250960817715,0.0,0.0,0.005902483513567465,1.0,0.7272727272727273
0.000977676389115203,8.83239817864173e-05,0.0,0.0,0.0,1.0,0.7272727272727273
0.000977676389115203,0.0001313083195891404,0.0,0.0,0.00013327802992360718,1.0,0.7272727272727273
0.0,4.710612361942256e-05,0.0,0.0,0.0,1.0,0.7272727272727273
0.00920645266416816,0.004551040368181462,0.0,0.0,0.0,1.0,0.7272727272727273
0.00920645266416816,0.004408544344232709,0.0,0.0,0.0044746753813365335,1.0,0.7272727272727273
0.0,0.00026379429226876635,0.0,0.0,0.0,1.0,0.7272727272727273
0.0115691706045299,0.006678470676143634,0.027697244531215335,0.0,0.0,1.0,0.7272727272727273
0.011650643636956167,0.006094354743262794,0.061379881971868486,0.0,0.0061857740345710064,1.0,0.7272727272727273
0.0,4.475081743845143e-05,0.0029739539424058214,0.0,0.0,1.0,0.7272727272727273
0.044402802672315465,0.038990327346341294,0.00016932156010116697,0.0,0.0,1.0,0.7272727272727273
0.044402802672315465,0.038310232686585885,0.0007658872077028886,0.0,0.038884911134034666,1.0,0.7272727272727273
0.0,0.00042925455148198807,0.0,0.0,0.0,1.0,0.7272727272727273
0.004073651621313346,0.0031855516097634507,0.0,0.0,0.0,1.0,0.7272727272727273
0.004073651621313346,0.0031967393141230636,0.0,0.0,0.0032446924863464726,1.0,0.7272727272727273
0.8932703275215903,0.883426475879015,0.7804413364689178,0.15500064581478032,0.0,1.0,0.8181818181818182
0.8935962196512954,0.9023230973689463,0.5394219993787993,0.18793040156083235,0.915858531646659,1.0,0.8181818181818182
0.0,0.003354544828248129,0.1798231885344101,0.0035502817791857296,0.0,1.0,0.8181818181818182
0.014665145836728044,0.004545152102729035,0.0033959444469095264,0.0,0.0,1.0,0.8181818181818182
0.01450219977187551,0.004543385623093306,0.0023850556862049076,0.0,0.0046115393672222105,1.0,0.8181818181818182
0.0,0.006319875310090779,0.032059351288991435,0.016554102283465103,0.0,1.0,0.8181818181818182
0.030389441094997555,0.017258506041065942,0.00014873319430270222,0.0,0.0,1.0,0.8181818181818182
0.030389441094997555,0.017947433098999994,4.4016506189821186e-06,0.0,0.018216656287316356,1.0,0.8181818181818182
0.01002118298843083,0.005818783920089172,0.0,0.0,0.0,1.0,0.8181818181818182
0.01002118298843083,0.005192272475950852,0.0,0.0,0.005270159945589095,1.0,0.8181818181818182
0.007658465048069089,0.0048042357826358585,0.0,0.0,0.0,1.0,0.8181818181818182
0.007658465048069089,0.004944965326948884,0.0,0.0,0.005019143028244184,1.0,0.8181818181818182
0.001710933680951605,0.0007342667019177492,0.0,0.0,0.0,1.0,0.8181818181818182
0.0018738797458041389,0.00039745791803887787,0.0,0.0,0.0004034200457328917,1.0,0.8181818181818182
0.008147303242626691,0.0051245574232479316,0.0,0.0,0.0,1.0,0.8181818181818182
0.008065830210200424,0.004907869254598588,0.0,0.0,0.0049814904906424476,1.0,0.8181818181818182
0.00032589212970506764,3.709607235029527e-05,0.0,0.0,0.0,1.0,0.8181818181818182
0.00040736516213133454,4.0040205076509176e-05,0.0,0.0,4.064083423679502e-05,1.0,0.8181818181818182
0.0070881538210852205,0.0034122498296819217,0.0,0.0,0.0,1.0,0.8181818181818182
0.0070881538210852205,0.0034340364118559045,0.0,0.0,0.0034855491951321844,1.0,0.8181818181818182
0.008554668404758025,0.002941188593487696,0.03057869281625771,0.0,0.0,1.0,0.8181818181818182
0.008636141437184292,0.0021162426036025585,0.0811955451036074,0.0,0.002147987621280019,1.0,0.8181818181818182
0.0,0.0,0.0029022496339353066,0.0,0.0,1.0,0.8181818181818182
0.04032915105100212,0.03410365584737145,2.158228690597684e-05,0.0,0.0,1.0,0.8181818181818182
0.04032915105100212,0.034582371828653834,0.0010245906731153214,0.0,0.03510112993472365,1.0,0.8181818181818182
0.004073651621313346,0.0018330170353407804,0.0,0.0,0.0,1.0,0.8181818181818182
0.004073651621313346,0.0017900326975380573,0.0,0.0,0.001816884354115542,1.0,0.8181818181818182
0.0,1.8842449447769024e-05,0.0,0.0,0.0,1.0,0.8181818181818182
0.7229916897506925,0.7166760977051663,0.7177898744287172,0.16479323729954248,0.0,1.0,0.9090909090909091
0.7230731627831188,0.6734868482646987,0.5081912943160136,0.1975742856948627,0.6835895897307783,1.0,0.9090909090909091
0.0,0.0031090041588818893,0.12987375427075476,0.0013613095764134847,0.0,1.0,0.9090909090909091
0.014094834609744174,0.005738703509936154,0.0023575808670186806,0.0,0.0,1.0,0.9090909090909091
0.014420726739449241,0.004679404555044389,0.0058377246306074455,0.0,0.0047495986717619116,1.0,0.9090909090909091
0.0,0.007517548503114598,0.0422121134134978,0.036699274648030945,0.0,1.0,0.9090909090909091
0.02631578947368421,0.01615563392182621,5.821537915427963e-05,0.0,0.0,1.0,0.9090909090909091
0.02631578947368421,0.015807637433587728,0.0,0.0,0.01604476229295587,1.0,0.9090909090909091
0.004399543751018413,0.0024165441416763773,0.0,0.0,0.0,1.0,0.9090909090909091
0.004318070718592146,0.0017806114728141729,0.0,0.0,0.0018073218048833548,1.0,0.9090909090909091
0.0,7.654745088156166e-06,0.0,0.0,0.0,1.0,0.9090909090909091
0.008065830210200424,0.00521523671121532,0.0,0.0,0.0,1.0,0.9090909090909091
0.008065830210200424,0.005236434466844061,0.0,0.0,0.005314984395114972,1.0,0.9090909090909091
0.00040736516213133454,7.831393051729e-05,0.0,0.0,0.0,1.0,0.9090909090909091
0.00040736516213133454,3.3563113078838574e-05,0.0,0.0,3.406658163966641e-05,1.0,0.9090909090909091
0.005132801042854815,0.0018642248422386478,0.0,0.0,0.0,1.0,0.9090909090909091
0.005132801042854815,0.0020161420909112857,0.0,0.0,0.0020463855356880312,1.0,0.9090909090909091
0.0014665145836728042,0.0015550909059861874,0.0,0.0,0.0,1.0,0.9090909090909091
0.0014665145836728042,0.0013119055428009183,0.0,0.0,0.0013315849805820485,1.0,0.9090909090909091
0.0050513280104285485,0.00085085435787582,0.027965035275325022,0.0,0.0,1.0,0.9090909090909091
0.004969854978002281,0.0007536979779107609,0.060350108710121135,0.0,0.000765003938574965,1.0,0.9090909090909091
0.0,0.0,0.0023437369658783334,0.0,0.0,1.0,0.9090909090909091
0.028352615284340882,0.026188649426217972,0.0003388561032968008,0.0,0.0,1.0,0.9090909090909091
0.028515561349193416,0.024508138466095074,0.0007320228956826551,0.0,0.02487577650888062,1.0,0.9090909090909091
0.0,0.0001083440843246719,0.0,0.0,0.0,1.0,0.9090909090909091
0.001710933680951605,0.0011729424781236218,0.0,0.0,0.0,1.0,0.9090909090909091
0.0014665145836728042,0.0009762744120125326,0.0,0.0,0.0009909191641853843,1.0,0.9090909090909091
