F-ZLFFLUG,F-ZLFPAX,F-ZLFFRACHT,F-ZLFPOST,F-ZLFPAXEND,Jahr,Monat
6351,316670,3743524,219204,0,2000,1
6376,325509,4000620,365309,325509,2000,1
0,6634,150274,14860,0,2000,1
355,20503,463078,68,0,2000,1
346,20965,412342,61,20965,2000,1
0,2302,136417,472,0,2000,1
464,13887,66281,198,0,2000,1
447,14327,44842,0,14327,2000,1
0,284,25,0,0,2000,1
50,2504,0,0,0,2000,1
64,2421,0,0,2421,2000,1
0,623,0,0,0,2000,1
440,12829,32828,9678,0,2000,1
446,14413,17100,8807,14413,2000,1
0,163,0,0,0,2000,1
210,21020,150,0,0,2000,1
207,18611,0,0,18611,2000,1
0,193,0,0,0,2000,1
248,5698,4932,0,0,2000,1
251,6519,3274,0,6519,2000,1
21,696,0,0,0,2000,1
18,472,0,0,472,2000,1
0,509,0,0,0,2000,1
494,10785,51496,4018,0,2000,1
492,11433,26883,0,11433,2000,1
0,1391,100,0,0,2000,1
94,4674,62289,0,0,2000,1
98,4288,45404,0,4288,2000,1
0,1094,0,0,0,2000,1
667,20662,26968,5917,0,2000,1
662,23726,26974,6017,23726,2000,1
0,2079,831,630,0,2000,1
235,29668,0,0,0,2000,1
240,24970,0,0,24970,2000,1
0,2695,342,0,0,2000,1
6388,340394,4081332,219816,0,2000,2
6385,339228,4579638,362062,339228,2000,2
0,6086,303826,16120,0,2000,2
354,23342,66350,245,0,2000,2
358,24732,48378,1,24732,2000,2
0,2966,23638,840,0,2000,2
465,16723,79539,315,0,2000,2
461,16973,62100,0,16973,2000,2
0,218,0,0,0,2000,2
55,3898,87,0,0,2000,2
58,4180,1060,0,4180,2000,2
0,781,0,0,0,2000,2
429,14438,37957,10772,0,2000,2
432,14361,22657,6470,14361,2000,2
0,91,0,0,0,2000,2
200,20756,0,0,0,2000,2
195,21080,0,235,21080,2000,2
0,263,0,0,0,2000,2
268,7001,5759,0,0,2000,2
272,7077,2180,0,7077,2000,2
21,814,0,0,0,2000,2
17,957,0,0,957,2000,2
0,601,6527,0,0,2000,2
490,13213,61847,4826,0,2000,2
497,13204,22560,194,13204,2000,2
0,1283,231,82,0,2000,2
121,6245,72503,0,0,2000,2
114,6463,45227,0,6463,2000,2
0,1491,0,0,0,2000,2
673,23691,22484,6804,0,2000,2
667,23318,27613,5991,23318,2000,2
0,2537,5980,373,0,2000,2
259,34333,0,0,0,2000,2
265,34128,243,0,34128,2000,2
0,2827,0,0,0,2000,2
7055,412956,4739789,237467,0,2000,3
7064,407828,5335170,383339,407828,2000,3
0,7349,199924,14132,0,2000,3
407,25962,573353,0,0,2000,3
397,27932,424602,0,27932,2000,3
0,2724,25417,1,0,2000,3
535,17958,71395,357,0,2000,3
533,17717,56347,0,17717,2000,3
0,203,0,0,0,2000,3
49,3284,250,0,0,2000,3
50,3529,2150,0,3529,2000,3
0,835,0,0,0,2000,3
498,15475,36206,9257,0,2000,3
494,16267,25949,7391,16267,2000,3
0,29,0,0,0,2000,3
171,15205,0,0,0,2000,3
173,18693,0,0,18693,2000,3
0,224,0,0,0,2000,3
293,7598,5144,0,0,2000,3
295,7592,2627,0,7592,2000,3
13,480,0,0,0,2000,3
11,631,0,0,631,2000,3
0,299,0,0,0,2000,3
559,14399,49623,6046,0,2000,3
566,14110,15249,0,14110,2000,3
0,1511,57,0,0,2000,3
137,7434,79337,0,0,2000,3
127,8544,48170,0,8544,2000,3
0,1744,0,0,0,2000,3
719,23999,23472,7229,0,2000,3
711,24651,28580,7320,24651,2000,3
0,2485,1027,368,0,2000,3
243,24221,0,0,0,2000,3
248,30440,272,0,30440,2000,3
0,3561,0,0,0,2000,3
7065,425364,4371175,236986,0,2000,4
7037,429479,4844474,382019,429479,2000,4
0,7912,268171,13693,0,2000,4
562,51546,25408,66,0,2000,4
602,57456,211476,169,57456,2000,4
0,2371,42722,100,0,2000,4
547,17876,65777,226,0,2000,4
544,18180,26923,1,18180,2000,4
0,300,2475,0,0,2000,4
89,6655,613,0,0,2000,4
92,7888,0,0,7888,2000,4
0,2055,0,0,0,2000,4
547,12517,26436,6961,0,2000,4
552,13506,21439,7242,13506,2000,4
0,127,0,0,0,2000,4
80,4317,0,0,0,2000,4
73,7064,0,0,7064,2000,4
0,257,0,0,0,2000,4
269,7320,3806,0,0,2000,4
271,7249,2088,7,7249,2000,4
16,1088,0,0,0,2000,4
15,1124,0,0,1124,2000,4
0,612,0,0,0,2000,4
546,13033,17081,3029,0,2000,4
539,13612,3999,148,13612,2000,4
0,1496,10,5,0,2000,4
182,14978,61918,0,0,2000,4
190,15921,37018,0,15921,2000,4
0,1983,0,0,0,2000,4
663,21398,14836,6163,0,2000,4
671,22254,6806,6495,22254,2000,4
0,2310,681,61,0,2000,4
192,14902,0,0,0,2000,4
186,20799,119,0,20799,2000,4
0,3101,0,0,0,2000,4
7600,473818,4961600,214646,0,2000,5
7593,467314,5556822,377569,467314,2000,5
0,8538,269554,13248,0,2000,5
665,50307,251201,212,0,2000,5
663,56251,265400,0,56251,2000,5
0,4228,79245,1,0,2000,5
645,21570,69915,227,0,2000,5
641,21023,35730,1,21023,2000,5
0,234,0,0,0,2000,5
166,8391,37418,0,0,2000,5
169,10986,41755,0,10986,2000,5
0,2641,0,0,0,2000,5
610,14761,38002,7543,0,2000,5
615,14440,22943,5904,14440,2000,5
0,136,0,0,0,2000,5
138,9036,0,0,0,2000,5
132,10675,0,0,10675,2000,5
0,1322,0,0,0,2000,5
301,8012,2127,0,0,2000,5
304,7696,2070,0,7696,2000,5
18,272,0,0,0,2000,5
16,703,1400,0,703,2000,5
0,282,0,0,0,2000,5
688,16787,11599,9674,0,2000,5
695,16592,4748,74,16592,2000,5
0,1839,0,0,0,2000,5
241,13261,117779,0,0,2000,5
233,15799,105190,20,15799,2000,5
0,1897,0,0,0,2000,5
709,22445,15653,7020,0,2000,5
709,21772,7198,5981,21772,2000,5
0,2983,180,395,0,2000,5
278,26907,0,0,0,2000,5
278,24777,446,0,24777,2000,5
0,3743,0,0,0,2000,5
7251,458745,4806069,202750,0,2000,6
7271,469870,5143153,358963,469870,2000,6
0,8201,223207,11551,0,2000,6
896,78584,202991,6,0,2000,6
891,95259,171365,20,95259,2000,6
0,4613,93091,170,0,2000,6
617,19651,59610,170,0,2000,6
613,19561,36696,5,19561,2000,6
0,159,0,0,0,2000,6
275,20748,33025,0,0,2000,6
279,21970,42056,0,21970,2000,6
0,3585,0,0,0,2000,6
601,14813,21048,8391,0,2000,6
606,14394,18500,6050,14394,2000,6
0,160,0,0,0,2000,6
227,17735,0,0,0,2000,6
222,17041,0,0,17041,2000,6
0,1678,0,0,0,2000,6
392,8698,2839,0,0,2000,6
376,8087,1959,0,8087,2000,6
0,0,90,0,0,2000,6
57,3280,0,0,0,2000,6
72,3470,4,0,3470,2000,6
0,1122,0,0,0,2000,6
665,14947,16460,2566,0,2000,6
682,14278,3560,0,14278,2000,6
0,1620,245,0,0,2000,6
317,24137,99900,0,0,2000,6
298,26880,73320,0,26880,2000,6
0,2065,0,0,0,2000,6
711,22206,17036,5690,0,2000,6
712,21666,9286,5624,21666,2000,6
0,2596,175,128,0,2000,6
344,39663,0,0,0,2000,6
343,38288,164,0,38288,2000,6
0,4582,0,0,0,2000,6
7509,476557,4718833,250222,0,2000,7
7501,511264,5635047,382623,511264,2000,7
0,7533,329869,6713,0,2000,7
1066,121858,199727,224,0,2000,7
1073,133287,251729,0,133287,2000,7
0,5531,116918,163,0,2000,7
637,19913,65317,0,0,2000,7
638,21200,49464,0,21200,2000,7
0,264,432,0,0,2000,7
289,23394,41360,0,0,2000,7
288,25088,41614,0,25088,2000,7
0,3999,0,0,0,2000,7
589,13289,38927,7532,0,2000,7
596,14466,21649,8118,14466,2000,7
0,132,142,0,0,2000,7
262,19160,36,0,0,2000,7
250,20030,0,0,20030,2000,7
0,1909,0,0,0,2000,7
389,9287,2431,0,0,2000,7
378,9353,2778,0,9353,2000,7
58,3977,0,0,0,2000,7
68,3983,0,0,3983,2000,7
0,799,0,0,0,2000,7
693,13695,16029,5032,0,2000,7
705,15378,5493,0,15378,2000,7
0,2159,257,10,0,2000,7
343,30876,78941,0,0,2000,7
332,33328,43449,0,33328,2000,7
0,2478,51733,0,0,2000,7
705,23164,18510,5953,0,2000,7
711,24156,11033,6897,24156,2000,7
0,2057,281,320,0,2000,7
352,41275,73,0,0,2000,7
346,42692,880,0,42692,2000,7
0,4745,0,0,0,2000,7
7507,492730,4376782,250736,0,2000,8
7490,479928,5067648,376295,479928,2000,8
0,7697,232578,18057,0,2000,8
981,125121,203385,143,0,2000,8
1000,115445,227547,0,115445,2000,8
0,4394,111045,0,0,2000,8
615,18664,70499,0,0,2000,8
617,18710,52563,0,18710,2000,8
0,227,0,0,0,2000,8
259,23156,41948,0,0,2000,8
258,23412,43333,0,23412,2000,8
0,3298,0,0,0,2000,8
566,13545,26409,6472,0,2000,8
573,13323,21836,7751,13323,2000,8
0,66,0,0,0,2000,8
216,19294,325,0,0,2000,8
211,19312,0,0,19312,2000,8
0,1775,0,0,0,2000,8
364,8863,2172,0,0,2000,8
357,9311,2533,0,9311,2000,8
54,3883,0,0,0,2000,8
58,3944,0,0,3944,2000,8
0,759,0,0,0,2000,8
711,14449,19340,8106,0,2000,8
715,13923,4991,264,13923,2000,8
0,2175,58,0,0,2000,8
318,31194,63252,0,0,2000,8
313,30086,46918,0,30086,2000,8
0,2970,60901,0,0,2000,8
706,24585,20246,6206,0,2000,8
711,25837,6059,6564,25837,2000,8
0,1948,83,244,0,2000,8
356,44114,2305,0,0,2000,8
351,45151,220,172,45151,2000,8
0,4743,0,0,0,2000,8
7364,505372,4880702,283199,0,2000,9
7351,493114,5438836,414725,493114,2000,9
0,8882,301568,7726,0,2000,9
909,102502,296909,185,0,2000,9
921,88376,198447,0,88376,2000,9
0,4819,40875,0,0,2000,9
606,22064,69644,0,0,2000,9
609,21790,52038,0,21790,2000,9
0,175,0,0,0,2000,9
263,23465,39949,0,0,2000,9
263,19236,46133,0,19236,2000,9
0,3916,0,0,0,2000,9
608,15552,23673,8985,0,2000,9
612,15030,25797,7991,15030,2000,9
0,488,0,0,0,2000,9
202,16043,0,0,0,2000,9
201,15338,0,98,15338,2000,9
0,1834,0,0,0,2000,9
325,8609,6151,38,0,2000,9
329,8844,2633,0,8844,2000,9
59,4040,0,0,0,2000,9
57,3871,0,0,3871,2000,9
0,765,0,0,0,2000,9
613,16276,15977,4272,0,2000,9
621,15810,6675,181,15810,2000,9
0,1919,86,0,0,2000,9
296,25988,68479,0,0,2000,9
294,21110,44541,0,21110,2000,9
0,2120,93496,0,0,2000,9
706,24416,17787,8470,0,2000,9
703,23312,7927,6757,23312,2000,9
0,2681,20,890,0,2000,9
310,36140,553,0,0,2000,9
311,35165,348,0,35165,2000,9
0,3790,0,0,0,2000,9
7571,469721,5334433,291074,0,2000,10
7589,490721,5831130,461934,490721,2000,10
0,9206,364268,13219,0,2000,10
614,61589,269803,36,0,2000,10
594,47577,222252,0,47577,2000,10
0,3012,69389,42,0,2000,10
633,21486,82050,0,0,2000,10
631,22189,55220,0,22189,2000,10
0,217,0,0,0,2000,10
164,12251,47196,0,0,2000,10
168,9965,47368,0,9965,2000,10
0,2886,0,0,0,2000,10
631,15143,31292,8835,0,2000,10
629,15932,26975,7372,15932,2000,10
0,671,0,0,0,2000,10
96,7945,1046,0,0,2000,10
102,6192,1359,0,6192,2000,10
0,1216,0,0,0,2000,10
324,7919,3183,0,0,2000,10
327,8346,2247,0,8346,2000,10
34,1821,0,0,0,2000,10
31,1021,0,0,1021,2000,10
0,443,0,0,0,2000,10
599,15232,15935,4517,0,2000,10
599,15962,4733,28,15962,2000,10
0,1456,8,0,0,2000,10
211,13813,81374,0,0,2000,10
210,11265,49149,0,11265,2000,10
0,1568,96325,0,0,2000,10
703,20167,19545,7525,0,2000,10
705,21622,9938,6290,21622,2000,10
0,2522,30,334,0,2000,10
154,16001,301,0,0,2000,10
155,15630,270,0,15630,2000,10
0,3132,0,0,0,2000,10
7235,412163,4770868,329128,0,2000,11
7252,403095,5979169,515762,403095,2000,11
0,7434,317159,11825,0,2000,11
319,24484,248020,0,0,2000,11
305,21770,221199,79,21770,2000,11
0,2073,51540,1259,0,2000,11
617,20191,73816,0,0,2000,11
620,19520,69315,0,19520,2000,11
0,331,1491,0,0,2000,11
78,4149,13700,0,0,2000,11
75,3877,48243,0,3877,2000,11
0,521,0,0,0,2000,11
583,14757,24470,7915,0,2000,11
579,14646,22137,7553,14646,2000,11
0,0,0,30,0,2000,11
29,1489,0,0,0,2000,11
33,853,0,0,853,2000,11
0,377,0,0,0,2000,11
318,7512,1789,0,0,2000,11
316,7522,880,0,7522,2000,11
6,152,0,0,0,2000,11
7,157,0,0,157,2000,11
510,15338,15194,4268,0,2000,11
513,15080,3045,0,15080,2000,11
0,1162,105,0,0,2000,11
135,6361,70726,0,0,2000,11
129,5595,49539,0,5595,2000,11
0,498,94134,0,0,2000,11
577,15981,15209,6307,0,2000,11
570,15351,10314,6854,15351,2000,11
0,1608,9,0,0,2000,11
87,9339,896,0,0,2000,11
93,6722,0,0,6722,2000,11
0,1484,0,0,0,2000,11
6747,383374,4621611,330658,0,2000,12
6739,387308,5642335,716132,387308,2000,12
0,8109,290256,15622,0,2000,12
313,21177,251282,0,0,2000,12
307,22257,239535,158,22257,2000,12
0,1096,41549,98,0,2000,12
553,16376,66106,0,0,2000,12
550,16209,52843,0,16209,2000,12
0,143,0,0,0,2000,12
55,2762,30577,0,0,2000,12
58,2965,44602,0,2965,2000,12
0,669,0,0,0,2000,12
560,16137,19294,10802,0,2000,12
557,13791,19827,13217,13791,2000,12
0,18,0,0,0,2000,12
85,8568,0,0,0,2000,12
86,4016,0,0,4016,2000,12
0,193,0,0,0,2000,12
298,7349,1986,0,0,2000,12
298,6492,3181,0,6492,2000,12
9,202,0,0,0,2000,12
11,165,0,0,165,2000,12
475,12028,12713,4132,0,2000,12
472,12075,2031,0,12075,2000,12
0,1031,42149,0,0,2000,12
115,3924,84741,0,0,2000,12
120,3837,34421,0,3837,2000,12
0,339,32307,0,0,2000,12
558,16930,14749,7817,0,2000,12
552,14698,8787,11617,14698,2000,12
0,1078,31,0,0,2000,12
162,21378,2415,0,0,2000,12
167,14518,781,0,14518,2000,12
0,2196,0,0,0,2000,12
7087,356531,4232254,288403,0,2001,1
7112,363657,4345240,455870,363657,2001,1
0,7522,266582,12424,0,2001,1
273,17568,220412,0,0,2001,1
262,16942,208972,0,16942,2001,1
0,1471,25890,0,0,2001,1
596,16371,70896,0,0,2001,1
595,17046,35217,0,17046,2001,1
0,550,0,0,0,2001,1
63,2756,47567,0,0,2001,1
62,2742,52398,0,2742,2001,1
0,630,0,0,0,2001,1
586,16905,19555,8372,0,2001,1
591,18341,21686,7962,18341,2001,1
0,19,0,0,0,2001,1
203,20199,0,0,0,2001,1
197,19155,0,0,19155,2001,1
0,560,0,0,0,2001,1
326,7062,1614,0,0,2001,1
325,8126,1955,0,8126,2001,1
9,308,0,0,0,2001,1
10,330,0,0,330,2001,1
0,1,0,0,0,2001,1
507,12170,14738,3513,0,2001,1
503,12646,2562,131,12646,2001,1
0,1273,26,24,0,2001,1
119,4117,73791,0,0,2001,1
122,3351,38962,0,3351,2001,1
0,284,84859,0,0,2001,1
582,16187,16212,1912,0,2001,1
577,18080,5526,6916,18080,2001,1
0,1352,3177,0,0,2001,1
241,32251,3051,0,0,2001,1
248,32255,54,0,32255,2001,1
0,2738,0,0,0,2001,1
6478,357677,4324954,245500,0,2001,2
6484,358824,4742859,415699,358824,2001,2
0,6614,309637,14016,0,2001,2
298,21628,225689,1,0,2001,2
291,23607,139599,0,23607,2001,2
0,977,30995,1121,0,2001,2
543,17430,64139,0,0,2001,2
540,17577,39793,0,17577,2001,2
0,124,0,0,0,2001,2
74,4009,11229,0,0,2001,2
77,4586,0,0,4586,2001,2
0,591,0,0,0,2001,2
483,16874,19498,8050,0,2001,2
484,16945,20011,7656,16945,2001,2
0,62,0,0,0,2001,2
192,20484,0,0,0,2001,2
191,20128,0,0,20128,2001,2
0,359,0,0,0,2001,2
262,7772,2375,1,0,2001,2
263,7627,1630,0,7627,2001,2
0,11,0,0,0,2001,2
23,375,0,0,0,2001,2
22,363,0,0,363,2001,2
461,12547,13351,2395,0,2001,2
462,12455,2830,108,12455,2001,2
0,1182,1,0,0,2001,2
131,5239,64276,0,0,2001,2
128,5213,40907,0,5213,2001,2
0,402,76682,0,0,2001,2
513,16936,15444,1142,0,2001,2
503,17286,8290,6479,17286,2001,2
0,1386,101,0,0,2001,2
269,35761,5463,0,0,2001,2
279,36324,0,0,36324,2001,2
0,2365,0,0,0,2001,2
7297,439015,4663317,299189,0,2001,3
7303,430485,5161922,475115,430485,2001,3
0,7060,302093,9113,0,2001,3
381,31429,267407,420,0,2001,3
363,29887,203295,0,29887,2001,3
0,1113,39567,0,0,2001,3
622,20393,81285,0,0,2001,3
625,20443,47999,0,20443,2001,3
0,327,0,0,0,2001,3
95,5655,1000,0,0,2001,3
95,5244,0,0,5244,2001,3
0,989,0,0,0,2001,3
511,17523,17166,6793,0,2001,3
508,18491,28426,7741,18491,2001,3
0,19,0,0,0,2001,3
189,17899,0,0,0,2001,3
191,21184,0,0,21184,2001,3
0,398,0,0,0,2001,3
294,8131,3204,0,0,2001,3
291,8221,1890,0,8221,2001,3
17,443,0,0,0,2001,3
18,385,0,0,385,2001,3
0,254,0,0,0,2001,3
507,14654,18198,5965,0,2001,3
508,14975,1726,966,14975,2001,3
0,1232,0,0,0,2001,3
158,7069,73372,50,0,2001,3
159,7422,50142,0,7422,2001,3
0,922,95129,0,0,2001,3
565,18502,17603,785,0,2001,3
561,18877,7227,7692,18877,2001,3
0,1668,70,0,0,2001,3
268,29719,1504,0,0,2001,3
271,35724,898,0,35724,2001,3
0,3079,0,0,0,2001,3
7043,448743,4167305,308928,0,2001,4
7056,447505,4792079,445263,447505,2001,4
0,4244,126910,5989,0,2001,4
560,47016,199960,14,0,2001,4
550,53623,189146,0,53623,2001,4
0,1906,35167,0,0,2001,4
570,19993,56693,0,0,2001,4
568,20135,39740,0,20135,2001,4
0,50,0,0,0,2001,4
106,5829,700,0,0,2001,4
106,6725,0,0,6725,2001,4
0,1459,0,0,0,2001,4
351,12074,19068,3608,0,2001,4
352,13019,18167,5611,13019,2001,4
0,12,0,0,0,2001,4
90,4784,1626,0,0,2001,4
86,7889,0,0,7889,2001,4
0,539,0,0,0,2001,4
263,7493,2405,0,0,2001,4
262,7715,1753,0,7715,2001,4
14,218,0,0,0,2001,4
12,316,4494,0,316,2001,4
0,142,0,0,0,2001,4
474,13562,20460,3329,0,2001,4
474,13541,3090,455,13541,2001,4
0,1208,41,0,0,2001,4
188,13909,72614,0,0,2001,4
188,15205,108841,0,15205,2001,4
0,1481,99196,0,0,2001,4
549,20282,17672,1979,0,2001,4
549,20846,5169,6687,20846,2001,4
0,1001,50,0,0,2001,4
183,14814,1250,0,0,2001,4
183,19536,201,0,19536,2001,4
0,3350,0,0,0,2001,4
7465,480106,4264682,288878,0,2001,5
7470,472668,4930537,437643,472668,2001,5
0,6192,325153,5720,0,2001,5
686,53554,225914,48,0,2001,5
683,60715,203121,0,60715,2001,5
0,2907,28370,0,0,2001,5
621,22933,68510,1,0,2001,5
618,22077,29944,0,22077,2001,5
0,359,0,0,0,2001,5
204,11161,54324,0,0,2001,5
206,13574,55239,0,13574,2001,5
0,3696,0,0,0,2001,5
447,13572,15216,3563,0,2001,5
451,13461,23603,5639,13461,2001,5
0,220,0,0,0,2001,5
172,10143,0,50,0,2001,5
167,12298,2506,0,12298,2001,5
0,974,0,0,0,2001,5
280,8718,2570,0,0,2001,5
279,8300,1117,0,8300,2001,5
0,11,0,0,0,2001,5
20,1045,0,0,0,2001,5
22,1529,16049,0,1529,2001,5
0,173,0,0,0,2001,5
516,15727,17697,4227,0,2001,5
518,15570,3947,0,15570,2001,5
0,1396,157,0,0,2001,5
240,14557,68303,0,0,2001,5
237,16788,71349,0,16788,2001,5
0,2006,112867,0,0,2001,5
604,24557,17193,1430,0,2001,5
603,22790,5837,6098,22790,2001,5
0,1423,44,0,0,2001,5
283,24934,894,0,0,2001,5
284,25504,387,0,25504,2001,5
0,4638,5366,46,0,2001,5
7172,478769,4005268,288969,0,2001,6
7162,494644,4722978,475359,494644,2001,6
0,3906,352483,5469,0,2001,6
935,81067,228964,50,0,2001,6
942,99739,184565,14,99739,2001,6
0,3070,48945,9,0,2001,6
598,21415,51561,0,0,2001,6
597,21042,26935,0,21042,2001,6
0,231,0,0,0,2001,6
278,20186,45055,0,0,2001,6
279,21977,51793,0,21977,2001,6
0,3886,0,0,0,2001,6
453,13680,15860,3508,0,2001,6
453,13355,19647,7599,13355,2001,6
0,132,0,0,0,2001,6
225,19604,200,0,0,2001,6
221,18869,0,341,18869,2001,6
0,1057,0,0,0,2001,6
264,8354,2469,0,0,2001,6
262,7932,1111,0,7932,2001,6
57,4601,0,206,0,2001,6
56,4350,11,206,4350,2001,6
0,500,0,0,0,2001,6
488,14348,15677,3831,0,2001,6
491,13880,2233,349,13880,2001,6
0,1278,9,0,0,2001,6
298,27371,59324,0,0,2001,6
296,29748,65147,0,29748,2001,6
0,1920,106382,0,0,2001,6
587,25424,16520,1567,0,2001,6
582,24532,4886,6833,24532,2001,6
0,1426,10,0,0,2001,6
381,41630,63,0,0,2001,6
385,40114,2026,0,40114,2001,6
0,3557,0,0,0,2001,6
7529,484399,3884457,289548,0,2001,7
7543,513659,4679672,449039,513659,2001,7
0,3871,258145,5004,0,2001,7
992,114773,231389,162,0,2001,7
983,124061,246155,0,124061,2001,7
0,2371,38007,0,0,2001,7
619,20517,59505,0,0,2001,7
617,22115,30358,0,22115,2001,7
0,279,0,0,0,2001,7
220,20981,306,0,0,2001,7
222,22529,5,0,22529,2001,7
0,3775,0,0,0,2001,7
437,12241,18217,3487,0,2001,7
447,13247,20602,7270,13247,2001,7
0,277,0,0,0,2001,7
198,17414,23,0,0,2001,7
190,17911,0,0,17911,2001,7
0,1347,0,0,0,2001,7
282,8973,3082,0,0,2001,7
282,9046,1964,0,9046,2001,7
43,3367,0,0,0,2001,7
42,3405,0,0,3405,2001,7
0,306,0,0,0,2001,7
518,13546,19680,3899,0,2001,7
516,14975,2533,214,14975,2001,7
0,1399,64,0,0,2001,7
296,29395,72094,0,0,2001,7
298,31871,130136,0,31871,2001,7
0,2359,111926,0,0,2001,7
621,26962,17474,1149,0,2001,7
610,27719,5615,8243,27719,2001,7
0,1477,10,0,0,2001,7
333,37676,354,0,0,2001,7
346,38871,906,0,38871,2001,7
0,4088,0,0,0,2001,7
7434,504625,3813411,277825,0,2001,8
7399,492077,4324430,433374,492077,2001,8
0,4730,308704,6162,0,2001,8
1020,126477,217008,26,0,2001,8
1067,119748,149026,0,119748,2001,8
0,2537,92201,0,0,2001,8
620,19737,53490,5,0,2001,8
620,19951,24481,0,19951,2001,8
0,292,0,0,0,2001,8
245,23640,33519,0,0,2001,8
245,23435,47640,0,23435,2001,8
0,4372,0,0,0,2001,8
437,12395,15601,2980,0,2001,8
440,12176,19263,7756,12176,2001,8
0,259,0,0,0,2001,8
204,18155,150,0,0,2001,8
200,18241,1000,0,18241,2001,8
0,1576,0,0,0,2001,8
283,8627,3354,0,0,2001,8
281,9189,1851,0,9189,2001,8
47,4333,0,0,0,2001,8
50,4247,0,0,4247,2001,8
0,298,0,0,0,2001,8
516,13665,20000,3918,0,2001,8
513,12920,4086,0,12920,2001,8
0,1767,96,0,0,2001,8
275,31642,57393,0,0,2001,8
280,30774,40928,0,30774,2001,8
0,2218,87075,0,0,2001,8
601,29517,17110,658,0,2001,8
606,30627,5928,8987,30627,2001,8
0,944,57,0,0,2001,8
350,43209,539,0,0,2001,8
345,43759,83,0,43759,2001,8
0,4050,0,0,0,2001,8
7245,484946,4050208,267967,0,2001,9
7226,472812,4542744,448148,472812,2001,9
0,4388,324323,5304,0,2001,9
925,103649,284851,166,0,2001,9
944,89384,237740,0,89384,2001,9
0,2702,61092,0,0,2001,9
576,22391,59513,0,0,2001,9
574,20639,27596,0,20639,2001,9
0,240,0,0,0,2001,9
251,21514,1490,0,0,2001,9
256,17833,0,0,17833,2001,9
0,3783,0,0,0,2001,9
448,13375,15927,3695,0,2001,9
448,12823,18562,6751,12823,2001,9
0,210,0,0,0,2001,9
209,16049,2669,0,0,2001,9
209,15709,889,0,15709,2001,9
0,1293,0,0,0,2001,9
270,8330,2664,0,0,2001,9
269,8085,791,0,8085,2001,9
42,3322,0,0,0,2001,9
43,3255,0,0,3255,2001,9
0,181,0,0,0,2001,9
481,14686,21040,4533,0,2001,9
487,14036,3860,0,14036,2001,9
0,1421,61,0,0,2001,9
286,28194,53471,0,0,2001,9
277,24284,42828,0,24284,2001,9
0,2684,72378,0,0,2001,9
594,26212,14803,819,0,2001,9
584,25605,6624,7461,25605,2001,9
0,1420,111,0,0,2001,9
353,36732,1130,0,0,2001,9
363,37343,124,0,37343,2001,9
0,4241,0,0,0,2001,9
7334,413549,4499290,270858,0,2001,10
7316,425912,4977081,511246,425912,2001,10
0,4596,439586,8418,0,2001,10
557,53476,257229,280,0,2001,10
564,41132,204512,0,41132,2001,10
0,1253,31559,0,0,2001,10
509,18257,55174,0,0,2001,10
506,18904,28454,0,18904,2001,10
0,285,966,0,0,2001,10
122,8687,5738,0,0,2001,10
127,6794,0,0,6794,2001,10
0,2494,0,0,0,2001,10
392,11899,19460,3951,0,2001,10
388,12291,24121,8066,12291,2001,10
0,39,0,0,0,2001,10
94,6789,0,0,0,2001,10
103,5386,136,0,5386,2001,10
0,1107,0,0,0,2001,10
257,6694,1882,0,0,2001,10
257,7381,1423,0,7381,2001,10
30,1587,0,0,0,2001,10
30,1078,0,0,1078,2001,10
0,577,0,0,0,2001,10
430,12143,12403,5103,0,2001,10
429,12302,3165,688,12302,2001,10
0,1391,0,0,0,2001,10
194,13826,51651,0,0,2001,10
195,11443,46004,0,11443,2001,10
0,931,57973,0,0,2001,10
578,20498,12704,180,0,2001,10
573,22258,4706,3780,22258,2001,10
0,1396,18,0,0,2001,10
159,17779,1315,41,0,2001,10
163,15248,356,0,15248,2001,10
0,2461,0,0,0,2001,10
6929,375124,4274501,302150,0,2001,11
6911,364060,4365263,541316,364060,2001,11
0,2755,419209,3359,0,2001,11
310,22870,280014,395,0,2001,11
335,19145,212463,50,19145,2001,11
0,3378,48776,38,0,2001,11
525,17829,48389,0,0,2001,11
524,17511,23998,0,17511,2001,11
0,0,150,0,0,2001,11
68,3283,42683,0,0,2001,11
68,2717,84015,0,2717,2001,11
0,716,0,0,0,2001,11
366,11243,17990,2798,0,2001,11
370,11462,26312,7359,11462,2001,11
0,4,0,0,0,2001,11
32,1525,0,127,0,2001,11
24,492,0,0,492,2001,11
0,216,0,0,0,2001,11
244,6059,2115,0,0,2001,11
242,5942,738,0,5942,2001,11
2,0,0,0,0,2001,11
4,0,912,0,0,2001,11
420,11335,9582,3083,0,2001,11
425,11404,1845,0,11404,2001,11
0,1015,11,0,0,2001,11
95,4608,54895,0,0,2001,11
92,3269,39948,0,3269,2001,11
0,125,66865,224,0,2001,11
654,21583,11209,392,0,2001,11
648,20780,7807,7960,20780,2001,11
0,2066,35,0,0,2001,11
72,8050,371,0,0,2001,11
80,5666,293,0,5666,2001,11
0,1331,0,0,0,2001,11
6370,354052,3905969,304923,0,2001,12
6343,354999,4111260,697661,354999,2001,12
0,2179,309803,8481,0,2001,12
251,15299,89832,174,0,2001,12
260,16548,287470,1,16548,2001,12
0,2487,36783,329,0,2001,12
443,14758,47986,0,0,2001,12
447,14227,22765,1,14227,2001,12
0,12,0,0,0,2001,12
37,1421,0,0,0,2001,12
35,1526,0,0,1526,2001,12
0,285,0,0,0,2001,12
399,12179,16665,4186,0,2001,12
393,11030,16972,10835,11030,2001,12
0,111,0,0,0,2001,12
105,9919,91,501,0,2001,12
111,5202,0,0,5202,2001,12
0,42,0,0,0,2001,12
231,5939,768,0,0,2001,12
230,5387,418,12,5387,2001,12
4,174,0,0,0,2001,12
5,60,0,0,60,2001,12
379,9174,8730,4904,0,2001,12
390,9041,3897,128,9041,2001,12
0,798,0,0,0,2001,12
78,2042,47706,0,0,2001,12
65,2043,44667,0,2043,2001,12
0,332,57355,0,0,2001,12
638,26362,15164,125,0,2001,12
635,22851,8633,12348,22851,2001,12
0,1511,1123,0,0,2001,12
137,17738,2941,0,0,2001,12
142,10176,278,0,10176,2001,12
0,1038,0,0,0,2001,12
6764,332750,3657699,260313,0,2002,1
6765,341247,3606184,489146,341247,2002,1
0,2697,328521,5018,0,2002,1
262,14949,229097,81,0,2002,1
285,15108,179516,6,15108,2002,1
0,2360,62320,505,0,2002,1
507,15161,53364,0,0,2002,1
502,15906,25407,0,15906,2002,1
27,1612,0,0,0,2002,1
28,1575,0,0,1575,2002,1
0,404,0,0,0,2002,1
453,12904,13817,3275,0,2002,1
469,14643,19344,2697,14643,2002,1
0,327,0,0,0,2002,1
231,23148,180,0,0,2002,1
212,21690,0,0,21690,2002,1
0,143,0,0,0,2002,1
265,5878,2440,0,0,2002,1
261,6703,814,0,6703,2002,1
13,522,0,0,0,2002,1
14,500,0,0,500,2002,1
444,9766,9521,3689,0,2002,1
451,10291,2588,2488,10291,2002,1
0,917,32,66,0,2002,1
37,2029,325,0,0,2002,1
30,1893,70,0,1893,2002,1
0,137,0,0,0,2002,1
696,22065,17337,194,0,2002,1
677,24338,10259,8590,24338,2002,1
0,1896,314,0,0,2002,1
262,34424,2024,0,0,2002,1
280,33855,590,0,33855,2002,1
0,1187,0,0,0,2002,1
6290,343195,3507701,248963,0,2002,2
6274,339652,3854263,438611,339652,2002,2
0,2232,340046,5598,0,2002,2
274,18922,240403,169,0,2002,2
290,21414,220934,0,21414,2002,2
0,1068,45145,9,0,2002,2
484,16253,59409,6,0,2002,2
482,16295,20812,0,16295,2002,2
33,2084,0,0,0,2002,2
35,2252,0,0,2252,2002,2
0,439,0,0,0,2002,2
416,13432,12488,2951,0,2002,2
421,13732,16753,2782,13732,2002,2
0,172,0,0,0,2002,2
224,23892,0,0,0,2002,2
217,23743,0,0,23743,2002,2
0,99,0,0,0,2002,2
234,6347,1587,0,0,2002,2
234,6178,1062,0,6178,2002,2
8,299,0,0,0,2002,2
7,300,0,0,300,2002,2
447,10631,8392,2779,0,2002,2
449,10758,2976,75,10758,2002,2
0,1131,58,0,0,2002,2
54,2874,476,0,0,2002,2
50,3490,11208,0,3490,2002,2
0,284,0,0,0,2002,2
626,23488,17466,505,0,2002,2
619,24013,5795,8283,24013,2002,2
0,2186,56,0,0,2002,2
245,35877,2283,0,0,2002,2
248,36081,156,0,36081,2002,2
0,740,0,0,0,2002,2
6972,426477,4099370,276484,0,2002,3
6953,421309,4519812,507474,421309,2002,3
0,2828,372655,4423,0,2002,3
399,30377,241125,0,0,2002,3
421,32167,243453,23,32167,2002,3
0,2135,46115,0,0,2002,3
517,18850,51256,5,0,2002,3
518,18264,31722,0,18264,2002,3
54,4074,380,0,0,2002,3
52,4001,0,0,4001,2002,3
0,817,0,0,0,2002,3
452,13903,13382,3288,0,2002,3
459,14736,16362,2942,14736,2002,3
0,483,0,0,0,2002,3
234,22646,0,0,0,2002,3
232,26271,0,0,26271,2002,3
0,238,0,0,0,2002,3
268,6863,1853,0,0,2002,3
269,6552,1081,0,6552,2002,3
10,355,0,0,0,2002,3
10,370,0,0,370,2002,3
520,11977,8801,3011,0,2002,3
522,11379,5345,6,11379,2002,3
0,2110,380,83,0,2002,3
72,5819,0,0,0,2002,3
71,6361,623,0,6361,2002,3
0,628,0,0,0,2002,3
641,26109,15765,143,0,2002,3
644,26421,9305,8470,26421,2002,3
0,759,1,0,0,2002,3
268,36177,1752,0,0,2002,3
266,42106,774,0,42106,2002,3
0,998,0,0,0,2002,3
7145,438214,3907829,245559,0,2002,4
7133,436998,4194258,559100,436998,2002,4
0,1443,361420,1265,0,2002,4
429,35650,229730,12,0,2002,4
439,36555,147985,0,36555,2002,4
0,1492,62653,0,0,2002,4
590,23264,43423,0,0,2002,4
588,24018,37724,0,24018,2002,4
77,4895,0,0,0,2002,4
76,5935,240,0,5935,2002,4
0,1307,785,0,0,2002,4
412,11566,14253,2967,0,2002,4
416,12433,17771,2548,12433,2002,4
0,145,0,0,0,2002,4
102,4008,0,0,0,2002,4
91,7213,0,0,7213,2002,4
0,240,0,0,0,2002,4
264,6549,1532,0,0,2002,4
261,6916,682,0,6916,2002,4
12,554,0,0,0,2002,4
13,860,0,0,860,2002,4
545,12343,7146,3478,0,2002,4
545,12727,6398,63,12727,2002,4
0,2400,362,30,0,2002,4
109,8930,0,0,0,2002,4
110,9576,820,0,9576,2002,4
0,1900,0,0,0,2002,4
625,20430,13906,502,0,2002,4
624,22900,8055,7438,22900,2002,4
0,700,101,0,0,2002,4
151,12859,1067,0,0,2002,4
151,16559,127,30,16559,2002,4
0,1581,0,0,0,2002,4
7433,468884,3775111,275846,0,2002,5
7427,467574,4336599,554618,467574,2002,5
0,1563,308302,1415,0,2002,5
690,49548,569530,220,0,2002,5
702,60935,478447,0,60935,2002,5
0,3476,78366,0,0,2002,5
590,25401,56854,0,0,2002,5
587,24459,34499,0,24459,2002,5
0,2,0,0,0,2002,5
191,11668,0,0,0,2002,5
194,13482,8,0,13482,2002,5
0,3255,0,0,0,2002,5
400,10690,15672,1986,0,2002,5
406,10832,16109,2184,10832,2002,5
0,157,0,0,0,2002,5
146,9618,0,0,0,2002,5
138,11664,0,0,11664,2002,5
0,986,0,0,0,2002,5
270,7713,1231,0,0,2002,5
267,7343,902,0,7343,2002,5
41,2184,0,0,0,2002,5
42,3258,0,0,3258,2002,5
0,126,0,0,0,2002,5
546,12317,8786,2686,0,2002,5
544,12302,5984,163,12302,2002,5
0,2237,500,9,0,2002,5
197,14734,0,0,0,2002,5
196,18797,606,0,18797,2002,5
0,2106,0,0,0,2002,5
641,23754,14479,34,0,2002,5
636,23050,6696,7728,23050,2002,5
0,1200,84,0,0,2002,5
287,25205,835,0,0,2002,5
293,26923,160,0,26923,2002,5
0,3138,0,0,0,2002,5
7207,485620,4008593,301053,0,2002,6
7208,497654,4661101,556124,497654,2002,6
0,1339,395461,87,0,2002,6
925,79977,577701,663,0,2002,6
929,98881,463448,8,98881,2002,6
0,3171,91335,0,0,2002,6
578,25676,47334,0,0,2002,6
579,25024,31061,0,25024,2002,6
207,15166,0,0,0,2002,6
206,16579,0,0,16579,2002,6
0,3974,1841,26,0,2002,6
391,12274,13184,1982,0,2002,6
391,11782,19878,2566,11782,2002,6
0,47,0,0,0,2002,6
213,17966,0,0,0,2002,6
219,16817,86,0,16817,2002,6
0,402,0,0,0,2002,6
251,8286,1787,0,0,2002,6
254,8110,1209,0,8110,2002,6
43,2949,0,0,0,2002,6
40,2411,0,0,2411,2002,6
0,581,0,0,0,2002,6
536,12956,6966,3017,0,2002,6
530,12417,9618,552,12417,2002,6
0,2345,510,0,0,2002,6
232,22913,0,0,0,2002,6
237,24068,1388,0,24068,2002,6
0,2636,191,0,0,2002,6
617,24607,15549,21,0,2002,6
615,23936,7161,7264,23936,2002,6
0,1088,16,22,0,2002,6
369,37916,217,0,0,2002,6
371,35435,32,0,35435,2002,6
0,5591,0,0,0,2002,6
7558,479559,4160971,341551,0,2002,7
7547,505854,4748106,577006,505854,2002,7
0,1498,305537,335,0,2002,7
938,108300,626648,175,0,2002,7
946,109051,623856,0,109051,2002,7
0,2699,121339,0,0,2002,7
602,24406,43819,0,0,2002,7
600,25910,29430,0,25910,2002,7
0,194,72,21,0,2002,7
207,19619,350,0,0,2002,7
209,20393,0,0,20393,2002,7
0,3278,0,0,0,2002,7
373,10756,25358,2574,0,2002,7
373,11438,16186,2713,11438,2002,7
0,19,0,0,0,2002,7
185,16592,0,0,0,2002,7
184,17210,192,0,17210,2002,7
0,563,0,0,0,2002,7
289,13179,607,0,0,2002,7
289,12982,1157,0,12982,2002,7
36,2612,0,0,0,2002,7
36,2534,0,0,2534,2002,7
0,352,0,0,0,2002,7
566,11837,5723,1721,0,2002,7
566,12826,20721,128,12826,2002,7
0,2506,229,0,0,2002,7
207,24910,0,0,0,2002,7
207,26253,460,0,26253,2002,7
0,1319,641,0,0,2002,7
652,25451,16341,317,0,2002,7
649,27004,7511,8598,27004,2002,7
0,540,34,0,0,2002,7
355,37992,791,0,0,2002,7
358,38963,82,0,38963,2002,7
0,5127,0,0,0,2002,7
7546,497507,4127373,314597,0,2002,8
7497,480320,4469015,523700,480320,2002,8
0,1880,274658,16,0,2002,8
948,116084,549585,210,0,2002,8
1003,110065,535654,0,110065,2002,8
0,3637,143391,140,0,2002,8
584,22852,41186,0,0,2002,8
588,22925,30102,0,22925,2002,8
0,187,123,0,0,2002,8
227,23326,0,0,0,2002,8
226,23427,1200,0,23427,2002,8
0,3471,0,0,0,2002,8
367,11222,16320,2053,0,2002,8
377,10830,12609,2568,10830,2002,8
0,25,0,0,0,2002,8
208,18892,350,0,0,2002,8
191,18812,0,0,18812,2002,8
0,541,0,0,0,2002,8
285,12610,764,0,0,2002,8
285,13225,649,0,13225,2002,8
0,19,0,0,0,2002,8
42,3487,0,0,0,2002,8
41,3485,0,0,3485,2002,8
0,402,0,0,0,2002,8
544,10716,5875,1840,0,2002,8
545,10837,11135,130,10837,2002,8
0,2723,270,0,0,2002,8
226,28840,0,0,0,2002,8
224,28382,360,0,28382,2002,8
0,1499,0,0,0,2002,8
649,26899,18268,80,0,2002,8
650,29009,7386,8180,29009,2002,8
0,403,474,60,0,2002,8
375,41090,463,0,0,2002,8
373,43480,1055,0,43480,2002,8
0,5293,0,0,0,2002,8
7357,512537,4362053,340155,0,2002,9
7360,500014,4767842,530197,500014,2002,9
0,1832,283876,142,0,2002,9
872,91099,629607,598,0,2002,9
876,81398,621035,0,81398,2002,9
0,3681,91094,0,0,2002,9
587,26954,54264,0,0,2002,9
584,26101,40690,0,26101,2002,9
0,175,0,0,0,2002,9
193,18321,921,0,0,2002,9
194,15585,9760,0,15585,2002,9
0,2836,0,0,0,2002,9
403,12813,15947,437,0,2002,9
403,12540,20690,2533,12540,2002,9
0,238,0,0,0,2002,9
178,13497,0,0,0,2002,9
181,13952,0,85,13952,2002,9
0,994,0,0,0,2002,9
269,12074,1347,0,0,2002,9
268,12398,629,0,12398,2002,9
30,2623,0,0,0,2002,9
31,2516,850,0,2516,2002,9
0,260,0,0,0,2002,9
547,13401,7363,3864,0,2002,9
543,12838,8195,0,12838,2002,9
0,2583,244,30,0,2002,9
203,24203,33660,0,0,2002,9
205,20553,955,0,20553,2002,9
0,913,0,0,0,2002,9
633,26899,15457,0,0,2002,9
631,26298,10953,8064,26298,2002,9
0,587,341,0,0,2002,9
335,33889,768,0,0,2002,9
338,33233,505,0,33233,2002,9
0,3682,0,0,0,2002,9
7659,481557,4604323,388240,0,2002,10
7800,500976,5077175,621529,500976,2002,10
0,3232,415332,1780,0,2002,10
589,53580,679276,351,0,2002,10
594,43622,597832,147,43622,2002,10
0,3193,121024,0,0,2002,10
623,26788,47925,0,0,2002,10
625,27449,35620,0,27449,2002,10
111,9881,192,0,0,2002,10
107,7825,0,0,7825,2002,10
0,1227,0,0,0,2002,10
434,13109,13511,146,0,2002,10
438,13939,25308,2907,13939,2002,10
0,22,0,0,0,2002,10
98,7791,465,0,0,2002,10
91,6371,0,0,6371,2002,10
0,438,0,0,0,2002,10
287,11221,1766,0,0,2002,10
286,11767,767,0,11767,2002,10
17,1325,0,0,0,2002,10
17,1030,0,0,1030,2002,10
0,188,0,0,0,2002,10
573,12994,6441,2487,0,2002,10
575,13520,11249,32,13520,2002,10
0,2582,222,0,0,2002,10
118,11416,0,0,0,2002,10
118,9127,0,0,9127,2002,10
0,1302,0,0,0,2002,10
668,23687,18162,455,0,2002,10
668,25683,11650,9041,25683,2002,10
0,760,61,0,0,2002,10
165,18677,800,0,0,2002,10
165,16076,0,0,16076,2002,10
0,2077,0,0,0,2002,10
7256,413526,4600339,395119,0,2002,11
7241,402160,4988665,641642,402160,2002,11
0,1846,312285,852,0,2002,11
476,36627,703677,269,0,2002,11
476,31854,603581,0,31854,2002,11
0,2176,149565,0,0,2002,11
573,23355,52087,0,0,2002,11
577,23443,42200,0,23443,2002,11
0,66,0,0,0,2002,11
67,3629,5349,0,0,2002,11
67,4278,2562,0,4278,2002,11
0,449,0,0,0,2002,11
425,12576,16635,52,0,2002,11
422,12731,18914,1476,12731,2002,11
0,6,0,0,0,2002,11
52,3291,0,0,0,2002,11
53,2046,0,0,2046,2002,11
0,83,0,0,0,2002,11
272,10189,1888,0,0,2002,11
271,10447,721,0,10447,2002,11
1,186,0,0,0,2002,11
2,0,0,0,0,2002,11
531,12453,8111,3059,0,2002,11
535,12281,14277,0,12281,2002,11
0,2275,302,5,0,2002,11
82,7256,35000,0,0,2002,11
78,6373,6,0,6373,2002,11
0,351,0,0,0,2002,11
634,23050,13318,0,0,2002,11
633,22520,14231,8246,22520,2002,11
0,722,751,0,0,2002,11
105,10783,2349,0,0,2002,11
105,9131,177,0,9131,2002,11
0,1128,0,0,0,2002,11
6899,408636,4110906,403859,0,2002,12
6884,414853,4374619,824375,414853,2002,12
0,1903,308291,847,0,2002,12
377,19222,614269,12,0,2002,12
380,19976,578476,0,19976,2002,12
0,1859,122657,58,0,2002,12
496,20172,50938,0,0,2002,12
501,19476,25220,0,19476,2002,12
37,1737,0,0,0,2002,12
33,2586,28,0,2586,2002,12
0,513,0,0,0,2002,12
407,13106,15016,141,0,2002,12
413,11682,17771,2279,11682,2002,12
0,10,0,0,0,2002,12
126,12756,0,0,0,2002,12
122,6546,60,0,6546,2002,12
240,10489,1169,0,0,2002,12
242,9106,1426,0,9106,2002,12
0,144,0,0,0,2002,12
11,81,0,0,0,2002,12
11,39,0,0,39,2002,12
476,9664,6504,4394,0,2002,12
481,9568,12369,40,9568,2002,12
0,2380,265,5,0,2002,12
61,3924,20603,0,0,2002,12
55,4066,3054,0,4066,2002,12
0,1080,0,0,0,2002,12
613,28011,13192,0,0,2002,12
612,24832,7076,13120,24832,2002,12
0,422,15,0,0,2002,12
148,20147,3205,0,0,2002,12
149,12964,0,0,12964,2002,12
0,460,0,0,0,2002,12
7191,381902,3724865,385644,0,2003,1
7200,390164,3824317,579610,390164,2003,1
0,2285,309711,706,0,2003,1
347,19556,557546,328,0,2003,1
362,20304,501225,0,20304,2003,1
0,2116,171698,120,0,2003,1
560,19595,49521,0,0,2003,1
557,21195,26565,56,21195,2003,1
0,27,0,0,0,2003,1
43,2771,405,0,0,2003,1
43,2945,600,0,2945,2003,1
0,202,0,0,0,2003,1
436,13576,15527,105,0,2003,1
445,14927,17907,919,14927,2003,1
0,43,0,0,0,2003,1
287,27002,23,0,0,2003,1
271,25831,0,0,25831,2003,1
0,19,0,0,0,2003,1
255,8300,1042,0,0,2003,1
255,9640,1072,0,9640,2003,1
14,214,0,0,0,2003,1
12,218,380,0,218,2003,1
0,1,0,0,0,2003,1
492,10092,6215,3072,0,2003,1
492,10577,10453,28,10577,2003,1
0,2512,652,109,0,2003,1
61,4460,0,0,0,2003,1
59,4340,3242,0,4340,2003,1
0,1324,0,0,0,2003,1
624,21917,10816,161,0,2003,1
623,24173,6595,7303,24173,2003,1
0,729,436,0,0,2003,1
315,37159,4004,0,0,2003,1
317,37298,0,0,37298,2003,1
0,1750,0,0,0,2003,1
6753,377021,3706608,347172,0,2003,2
6738,369072,4093116,531267,369072,2003,2
0,2423,294428,1125,0,2003,2
329,19741,569845,389,0,2003,2
341,20044,490677,0,20044,2003,2
0,1772,124144,1301,0,2003,2
538,21008,54736,0,0,2003,2
552,21311,27298,0,21311,2003,2
0,26,0,0,0,2003,2
63,3936,223,0,0,2003,2
50,3994,92,0,3994,2003,2
0,276,0,0,0,2003,2
409,13830,17304,35,0,2003,2
423,14008,17775,1100,14008,2003,2
253,27846,0,0,0,2003,2
240,28114,64,11,28114,2003,2
0,136,0,0,0,2003,2
233,9539,1364,0,0,2003,2
234,9452,796,0,9452,2003,2
12,231,0,0,0,2003,2
9,233,300,0,233,2003,2
508,10880,7032,3021,0,2003,2
506,10729,14139,49,10729,2003,2
0,2399,198,0,0,2003,2
73,5293,6235,0,0,2003,2
75,4906,6538,0,4906,2003,2
0,1137,0,0,0,2003,2
613,24152,13336,340,0,2003,2
618,24165,6816,7936,24165,2003,2
0,644,630,0,0,2003,2
273,37248,4274,0,0,2003,2
267,37822,0,0,37822,2003,2
0,1202,0,0,0,2003,2
7444,433776,4707388,381069,0,2003,3
7441,430516,4597145,619329,430516,2003,3
0,1899,361898,9677,0,2003,3
343,22805,600937,180,0,2003,3
352,20805,642254,2558,20805,2003,3
0,1660,228811,52,0,2003,3
611,22612,59488,0,0,2003,3
619,22842,26980,0,22842,2003,3
0,187,0,0,0,2003,3
106,3838,50,0,0,2003,3
94,3585,0,0,3585,2003,3
0,866,0,0,0,2003,3
471,14534,16984,378,0,2003,3
480,15651,17612,1091,15651,2003,3
0,304,0,0,0,2003,3
268,25443,0,0,0,2003,3
264,30123,0,0,30123,2003,3
0,21,0,0,0,2003,3
255,9098,1833,0,0,2003,3
254,9679,981,0,9679,2003,3
13,3,0,0,0,2003,3
14,3,1804,0,3,2003,3
534,11730,8670,2909,0,2003,3
535,11887,12936,58,11887,2003,3
0,2225,624,0,0,2003,3
75,5864,0,0,0,2003,3
77,6185,183641,0,6185,2003,3
0,1150,0,0,0,2003,3
641,21252,12477,0,0,2003,3
643,23589,8626,9083,23589,2003,3
0,607,185,0,0,2003,3
266,31828,2586,0,0,2003,3
265,38002,2360,0,38002,2003,3
0,1534,0,0,0,2003,3
7266,432819,3994018,365871,0,2003,4
7238,428017,4130455,609981,428017,2003,4
0,1861,392047,1212,0,2003,4
452,34703,548422,270,0,2003,4
463,39527,510023,0,39527,2003,4
0,2121,128068,0,0,2003,4
722,24576,55213,0,0,2003,4
728,24652,24309,0,24652,2003,4
0,118,0,0,0,2003,4
90,2902,3635,0,0,2003,4
84,5754,0,0,5754,2003,4
0,744,0,0,0,2003,4
427,10981,13725,35,0,2003,4
427,11522,15499,792,11522,2003,4
0,461,0,0,0,2003,4
102,5714,0,0,0,2003,4
105,9234,0,0,9234,2003,4
0,807,0,0,0,2003,4
246,9858,924,0,0,2003,4
246,9812,1871,0,9812,2003,4
16,1221,0,0,0,2003,4
16,1667,0,0,1667,2003,4
0,52,0,0,0,2003,4
535,12467,5606,1828,0,2003,4
530,12119,6578,36,12119,2003,4
0,2274,767,20,0,2003,4
130,10814,0,0,0,2003,4
134,11980,110,0,11980,2003,4
0,973,0,0,0,2003,4
541,20780,8281,177,0,2003,4
543,22232,2320,5983,22232,2003,4
0,522,0,0,0,2003,4
125,10539,2255,0,0,2003,4
123,12991,0,0,12991,2003,4
0,1514,0,0,0,2003,4
7615,476180,3820387,370523,0,2003,5
7592,466989,4016849,533310,466989,2003,5
0,1720,465969,1717,0,2003,5
635,41028,578219,123,0,2003,5
665,51021,628901,999,51021,2003,5
0,3753,149231,144,0,2003,5
725,27834,49602,0,0,2003,5
725,26756,20788,0,26756,2003,5
0,56,0,0,0,2003,5
167,6725,5297,0,0,2003,5
167,9564,1849,0,9564,2003,5
0,2236,0,0,0,2003,5
434,11426,18454,0,0,2003,5
433,11388,17587,729,11388,2003,5
0,374,0,0,0,2003,5
160,8938,0,0,0,2003,5
158,10225,131,0,10225,2003,5
0,1240,0,0,0,2003,5
238,10059,1924,0,0,2003,5
238,9386,926,0,9386,2003,5
24,1115,0,0,0,2003,5
25,1505,0,0,1505,2003,5
0,190,0,0,0,2003,5
538,12610,7755,2814,0,2003,5
541,12491,7784,28,12491,2003,5
0,2016,556,5,0,2003,5
175,9386,5850,0,0,2003,5
172,11731,28092,0,11731,2003,5
0,2303,0,0,0,2003,5
557,23335,8042,397,0,2003,5
551,22769,2524,4911,22769,2003,5
0,919,0,0,0,2003,5
244,19224,384,0,0,2003,5
250,20894,229,0,20894,2003,5
0,3397,0,0,0,2003,5
7546,499386,3823568,399784,0,2003,6
7536,515303,4068280,493523,515303,2003,6
0,2170,573230,1364,0,2003,6
911,76040,551364,20,0,2003,6
927,97365,623349,0,97365,2003,6
0,3977,100749,0,0,2003,6
708,26583,56226,0,0,2003,6
706,26922,22966,0,26922,2003,6
0,34,0,0,0,2003,6
258,17368,5984,0,0,2003,6
256,20836,3427,0,20836,2003,6
0,2346,910,0,0,2003,6
433,12219,22163,516,0,2003,6
433,11516,18371,649,11516,2003,6
0,362,0,0,0,2003,6
227,16580,30,0,0,2003,6
233,15991,0,400,15991,2003,6
0,1434,0,0,0,2003,6
246,10872,3599,0,0,2003,6
246,10329,1222,0,10329,2003,6
56,3768,0,0,0,2003,6
56,3647,0,0,3647,2003,6
0,670,0,0,0,2003,6
523,12618,6864,1988,0,2003,6
522,12637,3974,53,12637,2003,6
0,2163,176,0,0,2003,6
239,21615,2970,0,0,2003,6
240,23457,83632,0,23457,2003,6
0,1866,0,0,0,2003,6
526,21847,11866,230,0,2003,6
523,20826,2029,3628,20826,2003,6
0,13,0,0,0,2003,6
367,38963,4952,0,0,2003,6
371,39103,1070,0,39103,2003,6
0,5026,0,0,0,2003,6
7849,511420,3879524,392554,0,2003,7
7836,533385,4256957,519528,533385,2003,7
0,2513,550084,171,0,2003,7
988,111010,658167,141,0,2003,7
1005,116664,683457,184,116664,2003,7
0,5151,108517,422,0,2003,7
730,27406,51377,0,0,2003,7
726,28529,25685,0,28529,2003,7
0,34,0,0,0,2003,7
266,20185,1010,0,0,2003,7
271,22100,0,0,22100,2003,7
0,4659,0,0,0,2003,7
407,11230,21818,89,0,2003,7
405,12136,17172,947,12136,2003,7
0,334,0,0,0,2003,7
189,16525,6410,0,0,2003,7
190,17412,0,0,17412,2003,7
0,1437,0,0,0,2003,7
262,11897,2457,0,0,2003,7
265,11560,1487,0,11560,2003,7
45,3003,0,0,0,2003,7
42,3051,0,0,3051,2003,7
0,660,0,0,0,2003,7
531,12008,5481,3204,0,2003,7
529,13190,10304,294,13190,2003,7
0,2434,112,0,0,2003,7
225,24042,4804,0,0,2003,7
226,25746,49836,0,25746,2003,7
0,1635,0,0,0,2003,7
566,23598,12235,650,0,2003,7
562,23696,3207,5056,23696,2003,7
334,37315,2889,0,0,2003,7
338,39189,6160,0,39189,2003,7
0,4850,0,0,0,2003,7
7753,542663,3726939,372931,0,2003,8
7732,513088,4083970,486723,513088,2003,8
0,3081,508834,70,0,2003,8
1000,130045,559549,1208,0,2003,8
1021,112272,509190,372,112272,2003,8
0,4194,72004,0,0,2003,8
635,24883,50946,30,0,2003,8
632,24840,20334,0,24840,2003,8
0,80,0,0,0,2003,8
317,25492,9495,0,0,2003,8
321,25163,248,0,25163,2003,8
0,5894,0,0,0,2003,8
411,11563,20292,155,0,2003,8
410,10739,12526,901,10739,2003,8
0,229,0,0,0,2003,8
217,20292,436,0,0,2003,8
219,20280,0,0,20280,2003,8
0,1806,0,0,0,2003,8
259,11393,2258,0,0,2003,8
264,11987,1132,0,11987,2003,8
59,4529,0,0,0,2003,8
54,4395,0,0,4395,2003,8
0,762,0,0,0,2003,8
510,11223,5461,1652,0,2003,8
511,10812,8864,0,10812,2003,8
0,2559,704,0,0,2003,8
241,30176,3577,0,0,2003,8
240,29320,24298,0,29320,2003,8
0,2152,0,0,0,2003,8
567,27088,16028,0,0,2003,8
564,27587,2688,4641,27587,2003,8
0,1,0,0,0,2003,8
335,42098,4248,0,0,2003,8
337,43016,169,0,43016,2003,8
0,4452,0,0,0,2003,8
7879,555898,4173828,428146,0,2003,9
7871,551934,4247320,493391,551934,2003,9
0,2467,447102,724,0,2003,9
865,88161,645083,488,0,2003,9
878,79266,650922,452,79266,2003,9
0,3533,79034,0,0,2003,9
663,28523,52476,0,0,2003,9
665,28211,23895,0,28211,2003,9
0,32,0,0,0,2003,9
228,17765,1100,0,0,2003,9
226,14282,0,0,14282,2003,9
0,3625,0,0,0,2003,9
440,12701,16020,99,0,2003,9
439,12758,15730,125,12758,2003,9
0,504,0,0,0,2003,9
161,11761,417,0,0,2003,9
159,12281,0,0,12281,2003,9
0,1502,0,0,0,2003,9
290,13468,2861,0,0,2003,9
294,13803,1159,0,13803,2003,9
38,2795,0,0,0,2003,9
33,2208,0,0,2208,2003,9
0,98,0,0,0,2003,9
526,13761,7891,2932,0,2003,9
524,13022,8380,125,13022,2003,9
0,2366,446,0,0,2003,9
197,20643,3931,0,0,2003,9
200,16377,41031,0,16377,2003,9
0,2047,0,0,0,2003,9
553,23994,12511,0,0,2003,9
558,24064,2459,5429,24064,2003,9
0,309,0,0,0,2003,9
291,29649,282,0,0,2003,9
287,28898,617,0,28898,2003,9
0,5363,0,0,0,2003,9
8100,537741,4615521,430371,0,2003,10
8096,550621,4427140,582570,550621,2003,10
0,1557,798121,397,0,2003,10
635,54193,778046,633,0,2003,10
643,41354,908902,579,41354,2003,10
0,2134,128562,0,0,2003,10
692,28446,55362,0,0,2003,10
691,28914,28876,0,28914,2003,10
0,52,0,0,0,2003,10
124,8331,546,0,0,2003,10
125,5957,300,0,5957,2003,10
0,1758,0,0,0,2003,10
445,13072,23313,0,0,2003,10
447,13588,23590,0,13588,2003,10
0,469,0,0,0,2003,10
109,8897,0,0,0,2003,10
107,6745,0,0,6745,2003,10
0,877,0,0,0,2003,10
297,13305,2797,0,0,2003,10
297,13705,1511,0,13705,2003,10
0,44,0,0,0,2003,10
81,6317,0,0,0,2003,10
80,5861,0,0,5861,2003,10
0,107,0,0,0,2003,10
558,13173,8433,4351,0,2003,10
555,14014,7757,81,14014,2003,10
0,2702,128,127,0,2003,10
106,10561,11850,0,0,2003,10
108,8399,38648,0,8399,2003,10
0,1807,0,0,0,2003,10
573,22080,8955,0,0,2003,10
590,24202,2339,4963,24202,2003,10
0,777,0,0,0,2003,10
158,15655,0,0,0,2003,10
141,12855,255,0,12855,2003,10
0,3480,0,0,0,2003,10
7847,479998,4893332,369802,0,2003,11
7863,476992,4609426,576623,476992,2003,11
0,1768,1364024,557,0,2003,11
489,28630,644933,607,0,2003,11
469,26189,755102,39,26189,2003,11
0,981,154274,0,0,2003,11
664,25015,58563,0,0,2003,11
664,25350,15559,0,25350,2003,11
0,39,0,0,0,2003,11
71,3694,160,0,0,2003,11
72,3840,4518,0,3840,2003,11
0,793,0,0,0,2003,11
425,12946,28965,0,0,2003,11
429,13173,21298,0,13173,2003,11
0,436,0,0,0,2003,11
55,2734,0,0,0,2003,11
49,2165,0,0,2165,2003,11
0,204,0,0,0,2003,11
273,11058,2030,0,0,2003,11
273,11473,3718,0,11473,2003,11
3,257,0,0,0,2003,11
5,197,0,0,197,2003,11
518,13379,7481,3037,0,2003,11
514,13288,8711,30,13288,2003,11
0,2027,269,0,0,2003,11
54,4862,1510,0,0,2003,11
58,4573,1300,0,4573,2003,11
0,538,0,0,0,2003,11
591,22108,11413,0,0,2003,11
589,22436,2652,3768,22436,2003,11
0,318,0,0,0,2003,11
84,7591,1223,0,0,2003,11
85,7115,0,0,7115,2003,11
0,779,0,0,0,2003,11
7499,463264,4551988,408210,0,2003,12
7455,466525,4398650,739536,466525,2003,12
0,2544,1196286,2468,0,2003,12
662,34926,701995,2722,0,2003,12
688,39109,1016650,3654,39109,2003,12
0,1243,114165,5,0,2003,12
575,22044,67509,0,0,2003,12
579,20959,20490,0,20959,2003,12
0,60,0,0,0,2003,12
48,2532,80,0,0,2003,12
47,2885,1001,0,2885,2003,12
0,355,0,0,0,2003,12
416,13600,19256,0,0,2003,12
416,11568,15837,0,11568,2003,12
0,283,0,0,0,2003,12
130,13283,0,0,0,2003,12
130,7008,0,0,7008,2003,12
271,13257,2651,0,0,2003,12
273,11516,1586,0,11516,2003,12
12,7,0,0,0,2003,12
11,15,0,0,15,2003,12
453,10099,7216,6283,0,2003,12
452,10088,6096,40,10088,2003,12
0,2352,110,10,0,2003,12
37,2319,0,0,0,2003,12
39,2822,384,0,2822,2003,12
0,224,0,0,0,2003,12
568,26849,9420,185,0,2003,12
566,22748,3776,8279,22748,2003,12
0,339,0,0,0,2003,12
164,22823,663,0,0,2003,12
167,15862,0,0,15862,2003,12
0,551,0,0,0,2003,12
7502,407706,3903940,424543,0,2004,1
7500,422111,3744273,489750,422111,2004,1
0,2160,972456,1289,0,2004,1
637,34886,620795,3883,0,2004,1
665,36376,640168,1848,36376,2004,1
0,1949,71504,0,0,2004,1
617,18699,53132,0,0,2004,1
619,20673,24565,0,20673,2004,1
0,37,0,0,0,2004,1
85,3484,1417,0,0,2004,1
79,3145,12,0,3145,2004,1
0,1047,0,0,0,2004,1
452,15318,15932,0,0,2004,1
461,16187,15127,0,16187,2004,1
0,297,0,0,0,2004,1
321,31828,79,0,0,2004,1
300,31579,0,0,31579,2004,1
0,90,0,0,0,2004,1
297,12002,2010,0,0,2004,1
297,13671,5421,0,13671,2004,1
11,212,0,0,0,2004,1
9,87,0,0,87,2004,1
486,11323,7605,3766,0,2004,1
485,11834,8957,0,11834,2004,1
0,1969,249,0,0,2004,1
53,3542,0,0,0,2004,1
55,3451,332,0,3451,2004,1
0,461,0,0,0,2004,1
590,22903,9824,254,0,2004,1
590,25684,3494,5173,25684,2004,1
0,453,0,0,0,2004,1
394,48156,2340,0,0,2004,1
392,47791,186,0,47791,2004,1
0,1475,0,0,0,2004,1
7532,429069,4377705,410958,0,2004,2
7511,420201,4390729,458874,420201,2004,2
0,2055,1101291,1175,0,2004,2
442,32516,617185,2009,0,2004,2
455,32210,757435,2271,32210,2004,2
0,1654,78580,23,0,2004,2
643,21920,58357,51,0,2004,2
641,22134,32080,0,22134,2004,2
0,55,0,0,0,2004,2
91,4765,0,0,0,2004,2
90,4712,0,0,4712,2004,2
0,398,0,0,0,2004,2
458,16661,19442,0,0,2004,2
483,18034,15806,0,18034,2004,2
0,314,0,0,0,2004,2
270,28591,0,0,0,2004,2
251,28049,0,0,28049,2004,2
313,16847,2650,0,0,2004,2
315,16626,4151,0,16626,2004,2
21,251,0,0,0,2004,2
17,361,0,0,361,2004,2
0,142,0,0,0,2004,2
499,14922,6575,6167,0,2004,2
498,14968,3746,0,14968,2004,2
0,2081,276,0,0,2004,2
49,4052,0,0,0,2004,2
48,3974,0,0,3974,2004,2
0,496,0,0,0,2004,2
579,25072,9436,256,0,2004,2
577,25465,2004,3436,25465,2004,2
0,444,0,0,0,2004,2
323,41076,602,0,0,2004,2
327,41962,348,0,41962,2004,2
0,1395,0,0,0,2004,2
8324,508557,4947773,417651,0,2004,3
8311,502052,4838630,548849,502052,2004,3
0,1977,1454878,1338,0,2004,3
489,31179,890368,29,0,2004,3
498,31156,934416,1663,31156,2004,3
0,1525,212557,155,0,2004,3
726,25321,58709,0,0,2004,3
725,25391,18652,0,25391,2004,3
0,186,0,0,0,2004,3
119,4080,790,0,0,2004,3
120,4323,259080,0,4323,2004,3
0,411,0,0,0,2004,3
473,16730,23838,0,0,2004,3
484,18089,19538,0,18089,2004,3
0,560,0,0,0,2004,3
216,20601,0,0,0,2004,3
202,23579,0,0,23579,2004,3
0,23,0,0,0,2004,3
337,17226,2084,0,0,2004,3
336,17857,2860,0,17857,2004,3
4,3,0,0,0,2004,3
5,4,0,0,4,2004,3
490,16862,13053,5793,0,2004,3
486,16714,7678,0,16714,2004,3
0,1798,296,0,0,2004,3
56,4309,0,0,0,2004,3
60,4303,113307,0,4303,2004,3
0,299,0,0,0,2004,3
591,24663,9527,214,0,2004,3
595,26145,4035,0,26145,2004,3
0,722,0,0,0,2004,3
248,25589,458,0,0,2004,3
242,31312,0,0,31312,2004,3
0,1578,0,0,0,2004,3
8221,540017,5104249,510407,0,2004,4
8205,533726,4417094,538858,533726,2004,4
0,3687,1346507,2692,0,2004,4
733,60993,936528,2959,0,2004,4
749,64809,782808,2653,64809,2004,4
0,1565,104423,0,0,2004,4
681,25077,49557,0,0,2004,4
684,24934,14739,0,24934,2004,4
0,66,0,0,0,2004,4
165,6532,0,0,0,2004,4
161,7028,0,0,7028,2004,4
0,1144,0,0,0,2004,4
357,11892,26207,0,0,2004,4
356,12766,15193,0,12766,2004,4
0,327,0,0,0,2004,4
133,7529,20,0,0,2004,4
133,11435,0,80,11435,2004,4
0,667,0,0,0,2004,4
326,18381,2790,0,0,2004,4
326,18659,1378,0,18659,2004,4
0,164,0,0,0,2004,4
20,416,0,0,0,2004,4
20,682,0,0,682,2004,4
0,190,0,0,0,2004,4
440,16598,26371,6501,0,2004,4
439,16618,17237,0,16618,2004,4
0,1101,72,0,0,2004,4
134,8327,38861,0,0,2004,4
135,9579,15562,0,9579,2004,4
0,1780,10,0,0,2004,4
537,23026,10066,43,0,2004,4
536,24547,1673,0,24547,2004,4
0,24,0,0,0,2004,4
176,14402,441,0,0,2004,4
178,18624,8845,0,18624,2004,4
0,2683,0,0,0,2004,4
8899,577855,5644067,498291,0,2004,5
8880,578669,5151047,487461,578669,2004,5
0,4112,1821281,3079,0,2004,5
857,64310,777617,3599,0,2004,5
868,70737,790483,1721,70737,2004,5
0,3241,115536,0,0,2004,5
742,26843,43457,0,0,2004,5
738,26677,15095,0,26677,2004,5
0,29,0,0,0,2004,5
221,11559,703,0,0,2004,5
227,15310,64000,0,15310,2004,5
0,4313,0,0,0,2004,5
362,11833,24806,0,0,2004,5
367,11537,17623,0,11537,2004,5
0,391,10,0,0,2004,5
195,10717,494,0,0,2004,5
188,12376,408,0,12376,2004,5
0,572,0,0,0,2004,5
357,20784,3205,0,0,2004,5
356,19646,758,0,19646,2004,5
39,1662,0,0,0,2004,5
39,2020,85,0,2020,2004,5
0,536,311,0,0,2004,5
474,16898,23498,4488,0,2004,5
477,16439,10831,0,16439,2004,5
0,1384,25,0,0,2004,5
271,13270,1836,0,0,2004,5
269,17184,7609,0,17184,2004,5
0,3699,14,0,0,2004,5
583,25941,11746,0,0,2004,5
585,25647,1740,0,25647,2004,5
0,1164,0,0,0,2004,5
283,24412,282,0,0,2004,5
281,27496,3806,0,27496,2004,5
0,3325,0,0,0,2004,5
9061,597917,5249921,407502,0,2004,6
9049,615688,5060928,506979,615688,2004,6
0,3412,1850654,1771,0,2004,6
836,66522,824127,496,0,2004,6
856,79808,1179854,1841,79808,2004,6
0,3721,61296,0,0,2004,6
704,26808,41385,0,0,2004,6
702,26557,14164,0,26557,2004,6
0,14,0,0,0,2004,6
253,16993,6287,0,0,2004,6
255,18374,127,0,18374,2004,6
0,5610,0,0,0,2004,6
375,13245,23376,0,0,2004,6
379,12845,21469,1,12845,2004,6
0,416,0,0,0,2004,6
222,16523,250,0,0,2004,6
217,16248,0,0,16248,2004,6
0,794,0,0,0,2004,6
362,20964,2733,0,0,2004,6
362,20734,850,0,20734,2004,6
53,3018,0,0,0,2004,6
54,2744,0,0,2744,2004,6
0,399,0,0,0,2004,6
470,16817,19412,6210,0,2004,6
464,16834,11873,48,16834,2004,6
0,1407,20,0,0,2004,6
245,20865,0,0,0,2004,6
252,21667,1494,0,21667,2004,6
0,3047,0,0,0,2004,6
665,40605,9594,3,0,2004,6
663,39416,2372,171,39416,2004,6
0,2472,0,0,0,2004,6
284,29700,4104,0,0,2004,6
285,27293,8048,0,27293,2004,6
0,3084,1470,0,0,2004,6
9086,591540,5337531,642487,0,2004,7
9077,627004,5500844,574092,627004,2004,7
0,3097,1951982,1760,0,2004,7
1318,132409,793556,3394,0,2004,7
1334,149701,1009369,1920,149701,2004,7
0,4009,63450,0,0,2004,7
715,25639,53320,0,0,2004,7
713,27515,13189,0,27515,2004,7
0,87,0,0,0,2004,7
287,23591,974,0,0,2004,7
291,25457,2925,0,25457,2004,7
0,5966,0,0,0,2004,7
343,12009,26471,218,0,2004,7
346,12397,23171,0,12397,2004,7
0,337,0,0,0,2004,7
265,20170,0,0,0,2004,7
258,20896,0,0,20896,2004,7
0,2435,0,0,0,2004,7
383,23768,2462,0,0,2004,7
382,23617,779,0,23617,2004,7
48,2746,0,0,0,2004,7
48,3049,0,0,3049,2004,7
0,863,0,0,0,2004,7
467,16078,34779,6240,0,2004,7
464,17033,13850,0,17033,2004,7
0,1482,30,0,0,2004,7
294,29345,50,0,0,2004,7
294,32359,1919,0,32359,2004,7
0,3906,0,0,0,2004,7
677,42168,12837,99,0,2004,7
676,43063,2878,0,43063,2004,7
0,2695,0,0,0,2004,7
280,28205,304,0,0,2004,7
283,28586,264,0,28586,2004,7
0,4478,0,0,0,2004,7
9213,636102,5637846,453233,0,2004,8
9210,619839,5022621,503554,619839,2004,8
0,2606,1407682,427,0,2004,8
976,119372,675788,3881,0,2004,8
975,105141,791114,19415,105141,2004,8
0,4527,22960,0,0,2004,8
725,24565,39888,0,0,2004,8
715,24458,9550,0,24458,2004,8
0,246,0,0,0,2004,8
275,24847,0,0,0,2004,8
283,24756,55,0,24756,2004,8
0,6227,0,0,0,2004,8
343,12003,25346,205,0,2004,8
348,11607,17321,0,11607,2004,8
0,304,0,0,0,2004,8
252,19394,1000,0,0,2004,8
247,19293,0,0,19293,2004,8
0,2707,0,0,0,2004,8
375,23618,3631,0,0,2004,8
375,24866,1586,0,24866,2004,8
60,3309,0,0,0,2004,8
60,3499,0,0,3499,2004,8
0,895,0,0,0,2004,8
463,16343,13666,5796,0,2004,8
451,15660,9534,15,15660,2004,8
0,1597,30,0,0,2004,8
265,30834,115,0,0,2004,8
278,29674,550,0,29674,2004,8
0,3606,0,0,0,2004,8
679,45676,15216,302,0,2004,8
679,47586,2182,5,47586,2004,8
0,2650,0,0,0,2004,8
244,25047,0,0,0,2004,8
244,25691,1481,0,25691,2004,8
0,4593,0,0,0,2004,8
9189,657778,6223691,483996,0,2004,9
9174,639944,5311253,573523,639944,2004,9
0,2277,1772873,1562,0,2004,9
865,89673,877906,1906,0,2004,9
892,78333,1029646,2713,78333,2004,9
0,2706,22115,0,0,2004,9
700,28827,32152,0,0,2004,9
694,27910,11644,0,27910,2004,9
0,39,0,0,0,2004,9
240,19698,2023,0,0,2004,9
245,16410,108927,0,16410,2004,9
0,5081,0,0,0,2004,9
391,14244,23826,1,0,2004,9
394,13781,21310,0,13781,2004,9
0,452,0,0,0,2004,9
206,13059,220,0,0,2004,9
202,14180,0,0,14180,2004,9
0,2013,0,0,0,2004,9
358,20839,4252,0,0,2004,9
357,21646,1387,0,21646,2004,9
45,2590,0,0,0,2004,9
47,2312,0,0,2312,2004,9
0,539,0,0,0,2004,9
465,18630,12648,6970,0,2004,9
460,17945,9763,238,17945,2004,9
0,1544,10,0,0,2004,9
229,23360,0,0,0,2004,9
235,19793,320,0,19793,2004,9
0,3246,0,0,0,2004,9
667,43536,9871,92,0,2004,9
665,41097,3232,0,41097,2004,9
0,2064,0,0,0,2004,9
238,20865,501,0,0,2004,9
239,22025,2371,0,22025,2004,9
0,3702,21,0,0,2004,9
9219,609470,6569062,518810,0,2004,10
9185,617254,5611303,614421,617254,2004,10
0,2299,1874041,1421,0,2004,10
624,57151,751923,1876,0,2004,10
663,45942,908376,4117,45942,2004,10
0,2253,24911,0,0,2004,10
646,27200,50561,0,0,2004,10
639,28155,10207,0,28155,2004,10
0,230,0,0,0,2004,10
122,9700,248,0,0,2004,10
131,6663,270,0,6663,2004,10
0,3343,0,0,0,2004,10
371,12484,27531,0,0,2004,10
381,13090,20712,0,13090,2004,10
0,471,0,0,0,2004,10
139,10290,1794,0,0,2004,10
129,7569,0,0,7569,2004,10
0,320,0,0,0,2004,10
341,17434,2678,0,0,2004,10
341,18285,2257,0,18285,2004,10
41,1822,0,0,0,2004,10
41,1281,0,0,1281,2004,10
0,285,0,0,0,2004,10
465,17182,13554,7933,0,2004,10
462,17486,14362,6,17486,2004,10
0,1519,35,0,0,2004,10
145,13552,5440,0,0,2004,10
150,10259,860,0,10259,2004,10
0,2124,0,0,0,2004,10
616,32711,7186,0,0,2004,10
612,33112,2786,0,33112,2004,10
0,1003,228,0,0,2004,10
115,11108,0,0,0,2004,10
118,8816,0,0,8816,2004,10
0,1513,0,0,0,2004,10
8877,528279,6013203,519553,0,2004,11
8855,525280,5409515,608495,525280,2004,11
0,1486,1499968,1459,0,2004,11
460,28464,1059885,486,0,2004,11
478,27965,1209435,1616,27965,2004,11
0,1177,606463,1964,0,2004,11
637,24283,33811,0,0,2004,11
634,24580,11933,0,24580,2004,11
0,42,0,0,0,2004,11
52,3871,1239,0,0,2004,11
56,4229,0,0,4229,2004,11
0,1023,0,0,0,2004,11
368,11525,33338,1,0,2004,11
367,11808,22830,71,11808,2004,11
0,481,0,0,0,2004,11
81,2953,343,0,0,2004,11
80,2879,343,0,2879,2004,11
0,346,0,0,0,2004,11
312,13957,2413,0,0,2004,11
312,14257,1092,0,14257,2004,11
11,712,0,0,0,2004,11
10,877,0,0,877,2004,11
0,6,0,0,0,2004,11
457,16180,14394,8917,0,2004,11
458,15983,9399,0,15983,2004,11
0,1458,60,0,0,2004,11
61,4991,0,0,0,2004,11
60,5273,0,0,5273,2004,11
0,580,0,0,0,2004,11
603,31095,7148,0,0,2004,11
603,30511,2736,2,30511,2004,11
0,43,186,0,0,2004,11
59,4899,325,0,0,2004,11
59,4292,0,0,4292,2004,11
0,860,0,0,0,2004,11
8474,513619,6233429,546061,0,2004,12
8431,515196,5726087,846531,515196,2004,12
0,1793,2117125,4618,0,2004,12
441,28904,675331,690,0,2004,12
463,28162,582454,1696,28162,2004,12
0,985,49408,0,0,2004,12
575,21993,29010,0,0,2004,12
576,20708,12163,0,20708,2004,12
0,28,0,0,0,2004,12
50,2966,0,0,0,2004,12
50,2995,0,0,2995,2004,12
0,474,0,0,0,2004,12
358,13481,27896,140,0,2004,12
352,11049,17941,0,11049,2004,12
0,357,0,0,0,2004,12
137,11907,0,0,0,2004,12
143,7310,0,0,7310,2004,12
302,17041,2252,0,0,2004,12
303,14831,1163,0,14831,2004,12
7,495,0,0,0,2004,12
6,324,0,0,324,2004,12
431,16451,14267,9839,0,2004,12
429,14532,7904,273,14532,2004,12
0,1591,35,0,0,2004,12
51,4198,0,0,0,2004,12
54,3579,0,0,3579,2004,12
629,37571,6068,0,0,2004,12
635,33066,4397,0,33066,2004,12
0,37,0,0,0,2004,12
145,19081,114,0,0,2004,12
138,12334,235,0,12334,2004,12
0,359,0,0,0,2004,12
8257,459934,5142405,548119,0,2005,1
8237,472742,4813678,531703,472742,2005,1
0,2009,2142091,2740,0,2005,1
392,23645,548659,975,0,2005,1
430,23921,926192,175,23921,2005,1
0,1353,34449,0,0,2005,1
577,19687,30197,0,0,2005,1
572,21061,9811,0,21061,2005,1
0,388,0,0,0,2005,1
49,3246,0,0,0,2005,1
52,3029,86798,0,3029,2005,1
0,602,0,0,0,2005,1
380,14241,22969,504,0,2005,1
390,16132,17629,0,16132,2005,1
0,421,0,0,0,2005,1
332,31549,425,0,0,2005,1
325,28662,425,0,28662,2005,1
0,100,0,0,0,2005,1
309,15359,2393,0,0,2005,1
309,16760,1511,0,16760,2005,1
9,70,0,0,0,2005,1
9,64,0,0,64,2005,1
0,1,0,0,0,2005,1
431,12813,13667,6520,0,2005,1
428,13834,10274,0,13834,2005,1
0,1646,35,0,0,2005,1
35,2705,0,0,0,2005,1
36,2476,0,0,2476,2005,1
0,39,0,0,0,2005,1
709,37052,14257,0,0,2005,1
709,40244,4953,0,40244,2005,1
0,288,1,0,0,2005,1
404,46929,0,0,0,2005,1
406,43477,0,0,43477,2005,1
0,716,0,0,0,2005,1
7775,451255,5398057,448764,0,2005,2
7734,449259,4896725,506843,449259,2005,2
0,1997,2047638,1763,0,2005,2
333,21530,669085,1636,0,2005,2
377,21720,704662,113,21720,2005,2
0,1048,21301,0,0,2005,2
583,21092,33133,0,0,2005,2
580,21306,10566,0,21306,2005,2
0,25,0,0,0,2005,2
55,4223,26,0,0,2005,2
58,4348,40,0,4348,2005,2
0,795,0,0,0,2005,2
392,14647,26999,85,0,2005,2
395,14882,17875,0,14882,2005,2
0,440,0,0,0,2005,2
298,29255,0,0,0,2005,2
293,29420,0,0,29420,2005,2
293,16837,1143,0,0,2005,2
292,17035,808,0,17035,2005,2
15,544,0,0,0,2005,2
16,709,0,0,709,2005,2
429,14304,12614,6973,0,2005,2
426,14066,9197,156,14066,2005,2
0,1565,36,0,0,2005,2
38,3280,0,0,0,2005,2
42,3650,0,0,3650,2005,2
0,47,0,0,0,2005,2
712,40135,11547,0,0,2005,2
713,39821,1999,0,39821,2005,2
0,518,0,0,0,2005,2
330,43023,0,0,0,2005,2
330,43451,0,0,43451,2005,2
0,673,0,0,0,2005,2
8874,564072,5923514,467075,0,2005,3
8845,555501,5327781,552744,555501,2005,3
0,2056,2287514,1777,0,2005,3
437,28750,856112,1741,0,2005,3
465,27522,849795,38,27522,2005,3
0,1212,23647,0,0,2005,3
633,24603,47788,0,0,2005,3
633,23981,14004,0,23981,2005,3
0,124,0,0,0,2005,3
73,4769,169061,0,0,2005,3
73,4548,0,0,4548,2005,3
0,937,0,0,0,2005,3
389,14943,29332,0,0,2005,3
396,15466,20654,4,15466,2005,3
0,361,0,0,0,2005,3
271,24708,692,0,0,2005,3
268,27521,0,0,27521,2005,3
0,433,0,0,0,2005,3
354,20830,3052,0,0,2005,3
355,20565,1260,0,20565,2005,3
14,132,0,0,0,2005,3
13,137,570,0,137,2005,3
0,1,0,0,0,2005,3
477,17047,14931,2915,0,2005,3
475,16594,11951,80,16594,2005,3
0,1782,78,0,0,2005,3
71,5755,0,0,0,2005,3
73,5952,0,0,5952,2005,3
0,781,0,0,0,2005,3
813,47451,10263,80,0,2005,3
811,48411,5729,46,48411,2005,3
0,338,603,0,0,2005,3
303,34374,1275,0,0,2005,3
304,39353,92,0,39353,2005,3
0,1130,0,0,0,2005,3
9080,590465,5998766,539301,0,2005,4
9036,584064,5061714,568893,584064,2005,4
0,1877,2445102,1851,0,2005,4
425,29097,765911,1208,0,2005,4
468,35164,781922,317,35164,2005,4
0,1594,46443,0,0,2005,4
617,25077,36750,0,0,2005,4
618,25043,13148,0,25043,2005,4
93,5430,160269,0,0,2005,4
93,6624,0,0,6624,2005,4
0,1758,0,0,0,2005,4
343,12611,27146,0,0,2005,4
342,13201,20615,0,13201,2005,4
0,549,0,0,0,2005,4
147,6481,0,0,0,2005,4
148,11392,0,0,11392,2005,4
0,820,0,0,0,2005,4
356,17767,1431,0,0,2005,4
356,19299,537,0,19299,2005,4
7,318,0,0,0,2005,4
7,478,0,0,478,2005,4
0,19,0,0,0,2005,4
486,16486,17569,3088,0,2005,4
485,16774,17154,133,16774,2005,4
0,1623,42,0,0,2005,4
109,9715,0,0,0,2005,4
108,11366,110,0,11366,2005,4
0,1189,0,0,0,2005,4
773,38775,14071,98,0,2005,4
773,41928,1557,0,41928,2005,4
0,375,0,0,0,2005,4
152,9338,0,0,0,2005,4
152,15868,132,0,15868,2005,4
0,1575,0,0,0,2005,4
9651,660145,6587773,464959,0,2005,5
9618,661084,5609255,488495,661084,2005,5
0,2920,1745159,1587,0,2005,5
616,45771,576267,1699,0,2005,5
649,48130,734307,831,48130,2005,5
0,2142,49415,50,0,2005,5
646,25875,55601,0,0,2005,5
645,25719,11897,0,25719,2005,5
0,108,0,0,0,2005,5
193,12771,17357,0,0,2005,5
194,13601,830,0,13601,2005,5
0,2994,0,0,0,2005,5
339,11850,26996,0,0,2005,5
345,11690,22115,0,11690,2005,5
0,484,0,0,0,2005,5
208,13033,0,0,0,2005,5
205,14080,0,0,14080,2005,5
0,983,0,0,0,2005,5
354,22649,748,0,0,2005,5
353,21202,577,0,21202,2005,5
0,102,0,0,0,2005,5
41,2000,0,0,0,2005,5
41,2623,0,0,2623,2005,5
0,72,0,0,0,2005,5
478,17022,19518,2283,0,2005,5
480,16438,16876,289,16438,2005,5
0,1420,36,0,0,2005,5
175,14733,0,0,0,2005,5
177,15666,0,0,15666,2005,5
0,1953,68,0,0,2005,5
757,38003,7731,118,0,2005,5
753,36341,3969,0,36341,2005,5
0,374,0,0,0,2005,5
292,23799,400,0,0,2005,5
296,24109,1036,0,24109,2005,5
0,3962,0,0,0,2005,5
9663,675563,6725971,491210,0,2005,6
9630,690871,5905693,583181,690871,2005,6
0,1553,2320630,1576,0,2005,6
686,54097,653387,980,0,2005,6
729,68860,829064,0,68860,2005,6
0,2477,37638,0,0,2005,6
682,27613,48918,0,0,2005,6
679,27226,13641,0,27226,2005,6
0,146,0,0,0,2005,6
231,14004,64470,0,0,2005,6
232,17347,138,0,17347,2005,6
0,4747,0,0,0,2005,6
361,12563,28583,0,0,2005,6
366,12252,21985,0,12252,2005,6
0,439,0,0,0,2005,6
259,17351,250,0,0,2005,6
252,17976,308,0,17976,2005,6
0,895,0,0,0,2005,6
363,22493,1678,0,0,2005,6
362,21623,2676,0,21623,2005,6
44,2482,0,0,0,2005,6
44,2397,0,0,2397,2005,6
0,329,0,0,0,2005,6
499,17223,18462,2109,0,2005,6
496,17562,15985,125,17562,2005,6
0,1619,45,0,0,2005,6
176,16496,0,0,0,2005,6
179,19580,4835,0,19580,2005,6
0,2476,0,0,0,2005,6
767,40344,7524,395,0,2005,6
768,40273,3066,0,40273,2005,6
0,347,0,0,0,2005,6
341,31641,0,0,0,2005,6
340,31980,880,0,31980,2005,6
0,5056,0,0,0,2005,6
9625,694464,6884802,377865,0,2005,7
9605,736146,5968563,564463,736146,2005,7
0,2050,2072177,2618,0,2005,7
925,101987,658736,4862,0,2005,7
948,113521,812345,184,113521,2005,7
0,2673,35363,0,0,2005,7
656,25903,41915,0,0,2005,7
655,26941,9293,0,26941,2005,7
0,282,0,0,0,2005,7
289,24796,113817,0,0,2005,7
294,25917,0,0,25917,2005,7
0,4837,0,0,0,2005,7
325,11558,21101,406,0,2005,7
335,11878,19611,0,11878,2005,7
0,415,0,0,0,2005,7
290,23210,0,0,0,2005,7
281,23241,0,0,23241,2005,7
0,1061,0,0,0,2005,7
372,26439,1395,0,0,2005,7
372,25097,3213,0,25097,2005,7
57,3367,15,0,0,2005,7
58,3282,0,0,3282,2005,7
0,349,0,0,0,2005,7
502,16343,14554,1672,0,2005,7
499,16797,13222,0,16797,2005,7
0,1692,24,0,0,2005,7
248,28461,0,0,0,2005,7
249,30247,78,0,30247,2005,7
0,3421,0,0,0,2005,7
772,42813,12651,262,0,2005,7
773,41642,2982,0,41642,2005,7
0,280,0,0,0,2005,7
357,36573,0,0,0,2005,7
357,37870,0,0,37870,2005,7
0,5504,0,0,0,2005,7
9571,704666,6829380,362054,0,2005,8
9513,682404,5426089,543000,682404,2005,8
0,1645,1835364,1312,0,2005,8
756,95081,545098,3932,0,2005,8
809,84161,667455,0,84161,2005,8
0,2816,31165,0,0,2005,8
622,23480,53047,0,0,2005,8
622,23850,12388,0,23850,2005,8
0,248,0,0,0,2005,8
264,23232,712,0,0,2005,8
263,23677,0,0,23677,2005,8
0,5472,0,0,0,2005,8
330,11429,22210,10,0,2005,8
344,11224,20149,0,11224,2005,8
0,473,0,0,0,2005,8
245,18918,300,0,0,2005,8
232,18975,0,0,18975,2005,8
0,1661,0,0,0,2005,8
379,25461,1890,0,0,2005,8
379,26926,2629,0,26926,2005,8
0,327,0,0,0,2005,8
55,2922,0,0,0,2005,8
56,3196,0,0,3196,2005,8
0,748,0,0,0,2005,8
464,15145,18022,1790,0,2005,8
462,14867,11027,88,14867,2005,8
0,1671,35,0,0,2005,8
238,27346,0,0,0,2005,8
240,27233,7000,0,27233,2005,8
0,3750,0,0,0,2005,8
788,43937,12787,0,0,2005,8
786,46294,4135,0,46294,2005,8
0,469,102,0,0,2005,8
339,36817,1726,0,0,2005,8
340,38078,52,0,38078,2005,8
0,4760,0,0,0,2005,8
9559,727460,7576130,350244,0,2005,9
9505,708566,5897161,607151,708566,2005,9
0,1565,2253190,1766,0,2005,9
687,72491,704110,2359,0,2005,9
742,63040,695483,0,63040,2005,9
0,2138,46027,0,0,2005,9
693,29314,45647,0,0,2005,9
692,28667,15381,0,28667,2005,9
0,126,0,0,0,2005,9
274,22302,7953,0,0,2005,9
276,18484,600,0,18484,2005,9
0,4772,0,0,0,2005,9
351,13168,27399,0,0,2005,9
352,12797,27766,0,12797,2005,9
0,414,0,0,0,2005,9
232,14290,0,0,0,2005,9
229,15059,0,0,15059,2005,9
0,1233,0,0,0,2005,9
387,24277,1837,0,0,2005,9
384,24384,2865,0,24384,2005,9
0,58,0,0,0,2005,9
40,2622,0,0,0,2005,9
43,2465,6000,0,2465,2005,9
0,309,0,0,0,2005,9
478,18198,21430,1880,0,2005,9
476,18160,11390,0,18160,2005,9
0,1850,73,0,0,2005,9
194,23628,0,0,0,2005,9
195,19784,260,0,19784,2005,9
0,2255,0,0,0,2005,9
766,44271,10156,0,0,2005,9
772,43428,3685,0,43428,2005,9
0,594,88,0,0,2005,9
321,31276,0,0,0,2005,9
316,29683,183,0,29683,2005,9
0,5511,0,0,0,2005,9
9534,660976,8482813,502760,0,2005,10
9481,681237,6180076,590651,681237,2005,10
0,1841,2436639,2118,0,2005,10
444,40610,598436,154,0,2005,10
493,29985,867369,70,29985,2005,10
0,1278,32498,0,0,2005,10
681,26994,57468,0,0,2005,10
678,28139,13518,0,28139,2005,10
0,76,0,0,0,2005,10
119,9199,2184,0,0,2005,10
121,6856,3070,0,6856,2005,10
0,1976,0,0,0,2005,10
344,12324,29921,0,0,2005,10
348,12775,24698,0,12775,2005,10
0,433,0,0,0,2005,10
151,10638,0,0,0,2005,10
147,8137,0,0,8137,2005,10
0,954,0,0,0,2005,10
381,21712,1243,0,0,2005,10
382,23108,4478,0,23108,2005,10
0,29,0,0,0,2005,10
30,1589,0,0,0,2005,10
30,1236,0,0,1236,2005,10
459,16863,17505,3232,0,2005,10
460,17301,15813,13,17301,2005,10
0,1540,58,0,0,2005,10
119,12129,0,0,0,2005,10
120,8970,156,0,8970,2005,10
0,1152,0,0,0,2005,10
757,38296,7961,0,0,2005,10
758,40752,5599,0,40752,2005,10
0,704,3868,0,0,2005,10
145,13317,2653,0,0,2005,10
144,10703,0,0,10703,2005,10
0,3076,0,0,0,2005,10
8862,588995,8682822,403865,0,2005,11
8815,576925,6015337,695266,576925,2005,11
0,1471,2258770,486,0,2005,11
262,14356,815329,146,0,2005,11
307,11762,906769,0,11762,2005,11
0,794,29554,2,0,2005,11
669,26637,51126,0,0,2005,11
670,26395,26961,0,26395,2005,11
0,5,0,0,0,2005,11
70,3868,360,0,0,2005,11
70,3715,0,0,3715,2005,11
0,895,0,0,0,2005,11
354,12295,30494,0,0,2005,11
351,12588,27289,0,12588,2005,11
0,460,0,0,0,2005,11
66,2716,0,0,0,2005,11
66,2084,0,0,2084,2005,11
0,265,0,0,0,2005,11
324,13976,1387,0,0,2005,11
323,13804,3542,0,13804,2005,11
10,365,0,0,0,2005,11
11,320,0,0,320,2005,11
395,16378,19510,3135,0,2005,11
394,15870,15642,0,15870,2005,11
0,1552,154,0,0,2005,11
62,5181,0,0,0,2005,11
63,4554,0,0,4554,2005,11
0,118,0,0,0,2005,11
665,34592,8124,0,0,2005,11
661,33487,7039,0,33487,2005,11
0,553,128,0,0,2005,11
75,7149,0,0,0,2005,11
80,5762,0,0,5762,2005,11
0,575,0,0,0,2005,11
8581,566499,8058976,495287,0,2005,12
8527,577168,5887814,861785,577168,2005,12
0,1576,1945077,2406,0,2005,12
351,15461,977504,2670,0,2005,12
378,12312,1066357,585,12312,2005,12
0,1378,92278,0,0,2005,12
617,22824,44431,0,0,2005,12
622,22130,12717,0,22130,2005,12
0,593,0,0,0,2005,12
53,2575,0,0,0,2005,12
49,2646,0,0,2646,2005,12
0,676,0,0,0,2005,12
388,17580,22072,0,0,2005,12
395,14542,17339,1,14542,2005,12
0,312,0,0,0,2005,12
119,10917,0,0,0,2005,12
111,6511,0,0,6511,2005,12
0,87,0,0,0,2005,12
325,15547,1620,0,0,2005,12
326,13844,2959,0,13844,2005,12
12,47,0,0,0,2005,12
11,10,0,0,10,2005,12
0,3,0,0,0,2005,12
366,14823,21186,3012,0,2005,12
365,13569,12685,145,13569,2005,12
0,1866,45,0,0,2005,12
48,2917,55,0,0,2005,12
50,2867,0,0,2867,2005,12
0,354,0,0,0,2005,12
751,47716,9392,52,0,2005,12
755,39985,10591,0,39985,2005,12
0,544,93,0,0,2005,12
174,22118,0,0,0,2005,12
169,14374,3150,0,14374,2005,12
0,453,0,0,0,2005,12
8617,522487,7073588,411197,0,2006,1
8608,534928,4945500,609530,534928,2006,1
0,1040,1999525,1887,0,2006,1
322,11299,611041,80,0,2006,1
351,11049,762807,40,11049,2006,1
0,594,15909,0,0,2006,1
615,21246,52452,0,0,2006,1
612,22377,16277,0,22377,2006,1
0,4,0,0,0,2006,1
51,2862,0,0,0,2006,1
52,2901,0,0,2901,2006,1
0,462,0,0,0,2006,1
442,19397,27489,0,0,2006,1
439,21201,20258,0,21201,2006,1
0,377,0,0,0,2006,1
307,28892,0,0,0,2006,1
314,28577,0,0,28577,2006,1
345,15306,2142,0,0,2006,1
342,16333,1868,0,16333,2006,1
0,0,70,0,0,2006,1
27,217,0,0,0,2006,1
29,228,0,0,228,2006,1
387,13280,20211,2170,0,2006,1
383,13940,13484,37,13940,2006,1
0,1925,176,5,0,2006,1
50,4241,0,0,0,2006,1
53,2956,58,0,2956,2006,1
0,709,0,0,0,2006,1
797,47004,12615,80,0,2006,1
800,50284,8811,0,50284,2006,1
0,594,719,0,0,2006,1
402,46012,425,0,0,2006,1
400,43110,0,0,43110,2006,1
0,1150,0,0,0,2006,1
8117,507598,6988652,456739,0,2006,2
8080,508426,5293570,566670,508426,2006,2
0,1464,1721330,1279,0,2006,2
299,10772,672593,555,0,2006,2
338,10351,830189,29,10351,2006,2
0,1259,11502,147,0,2006,2
616,22692,45018,0,0,2006,2
614,22513,16893,0,22513,2006,2
0,7,0,0,0,2006,2
52,3392,0,0,0,2006,2
54,3555,1200,0,3555,2006,2
0,568,0,0,0,2006,2
433,20459,23778,0,0,2006,2
431,20948,20330,0,20948,2006,2
0,459,0,0,0,2006,2
263,27734,0,0,0,2006,2
265,28268,0,0,28268,2006,2
0,31,0,0,0,2006,2
332,15436,1385,0,0,2006,2
330,15274,905,0,15274,2006,2
14,297,0,0,0,2006,2
14,300,0,0,300,2006,2
0,1,0,0,0,2006,2
373,14645,19065,2444,0,2006,2
369,14763,12267,218,14763,2006,2
0,1724,45,0,0,2006,2
49,3420,0,0,0,2006,2
54,4049,0,0,4049,2006,2
0,173,0,0,0,2006,2
747,48039,7574,115,0,2006,2
746,48461,8130,0,48461,2006,2
0,607,522,0,0,2006,2
355,48342,0,0,0,2006,2
357,48145,0,0,48145,2006,2
0,604,0,0,0,2006,2
9369,614533,9360559,610500,0,2006,3
9308,608632,5930556,616223,608632,2006,3
0,1414,2357359,930,0,2006,3
326,12387,775617,2047,0,2006,3
395,12635,989325,0,12635,2006,3
0,611,72208,3,0,2006,3
670,26299,41558,0,0,2006,3
671,26448,18642,0,26448,2006,3
0,153,0,0,0,2006,3
67,3691,260,0,0,2006,3
68,4024,80,0,4024,2006,3
0,1130,0,0,0,2006,3
447,21528,27694,0,0,2006,3
456,22591,21196,0,22591,2006,3
0,500,0,0,0,2006,3
271,22147,0,0,0,2006,3
260,26720,0,0,26720,2006,3
0,375,0,0,0,2006,3
339,15794,2548,0,0,2006,3
343,16723,1723,0,16723,2006,3
26,713,0,0,0,2006,3
22,809,0,0,809,2006,3
0,149,0,0,0,2006,3
409,16241,20565,1625,0,2006,3
411,16356,17702,8,16356,2006,3
0,1916,109,0,0,2006,3
60,5186,0,0,0,2006,3
59,5695,0,0,5695,2006,3
0,453,0,0,0,2006,3
779,52495,7153,0,0,2006,3
773,53308,5426,0,53308,2006,3
0,522,0,0,0,2006,3
290,32534,60,0,0,2006,3
295,39817,62,0,39817,2006,3
0,660,0,0,0,2006,3
9268,676599,9350814,522418,0,2006,4
9193,674062,5372238,598389,674062,2006,4
0,1339,2595006,69,0,2006,4
368,23017,616617,720,0,2006,4
440,25449,803845,0,25449,2006,4
0,1738,46267,0,0,2006,4
573,26475,47350,0,0,2006,4
574,26932,15259,0,26932,2006,4
94,7084,428,0,0,2006,4
96,7471,0,0,7471,2006,4
0,2020,0,60,0,2006,4
378,15104,26759,0,0,2006,4
383,16608,17662,4,16608,2006,4
0,288,0,0,0,2006,4
139,8230,0,0,0,2006,4
134,12895,0,0,12895,2006,4
0,606,0,0,0,2006,4
274,14212,1701,0,0,2006,4
273,13959,1252,0,13959,2006,4
15,207,0,0,0,2006,4
16,393,0,0,393,2006,4
0,109,0,0,0,2006,4
367,16318,20910,1652,0,2006,4
368,16522,8322,91,16522,2006,4
0,1585,80,0,0,2006,4
111,9928,3450,0,0,2006,4
109,10638,0,0,10638,2006,4
0,1285,0,0,0,2006,4
594,47647,6863,0,0,2006,4
593,49847,4963,0,49847,2006,4
153,11465,1538,0,0,2006,4
154,16376,0,0,16376,2006,4
0,1094,0,0,0,2006,4
10033,717706,8586383,567870,0,2006,5
9960,714678,6052255,572759,714678,2006,5
0,1026,2152396,197,0,2006,5
531,32040,691206,2208,0,2006,5
605,37271,1040963,1625,37271,2006,5
0,2625,58504,198,0,2006,5
641,29960,46562,0,0,2006,5
639,28729,14987,0,28729,2006,5
0,13,0,0,0,2006,5
143,7805,774,0,0,2006,5
144,8993,0,0,8993,2006,5
0,3389,0,0,0,2006,5
408,15557,24202,0,0,2006,5
408,15043,22870,0,15043,2006,5
0,361,8,0,0,2006,5
174,9704,0,0,0,2006,5
173,10845,0,0,10845,2006,5
0,1628,0,0,0,2006,5
292,15085,1279,0,0,2006,5
293,14602,1485,0,14602,2006,5
0,141,0,0,0,2006,5
46,1542,0,0,0,2006,5
44,1778,0,0,1778,2006,5
0,994,0,0,0,2006,5
419,19821,17243,1628,0,2006,5
419,19705,7764,61,19705,2006,5
0,1810,159,0,0,2006,5
152,10512,1600,0,0,2006,5
154,12121,0,0,12121,2006,5
0,2247,0,0,0,2006,5
563,44376,7895,216,0,2006,5
568,42723,5501,0,42723,2006,5
206,17471,63,0,0,2006,5
202,17558,0,0,17558,2006,5
0,3190,0,0,0,2006,5
9808,712504,7780371,598122,0,2006,6
9731,727853,5643842,590179,727853,2006,6
0,1128,3136476,117,0,2006,6
715,56034,794905,997,0,2006,6
799,74560,801111,18,74560,2006,6
0,2363,71549,0,0,2006,6
589,27239,39596,0,0,2006,6
590,27008,12908,0,27008,2006,6
0,41,0,0,0,2006,6
283,18802,162,0,0,2006,6
283,22454,0,0,22454,2006,6
0,7088,0,0,0,2006,6
400,14880,23391,56,0,2006,6
411,14398,19266,0,14398,2006,6
0,444,0,0,0,2006,6
253,17157,3,0,0,2006,6
241,17572,0,0,17572,2006,6
0,2636,0,0,0,2006,6
282,15312,3098,0,0,2006,6
283,14526,643,0,14526,2006,6
59,2122,0,0,0,2006,6
57,2334,0,0,2334,2006,6
0,880,0,0,0,2006,6
408,20527,24451,849,0,2006,6
412,20128,9084,111,20128,2006,6
0,1701,25,0,0,2006,6
239,22205,0,0,0,2006,6
236,26153,243,0,26153,2006,6
0,4246,0,0,0,2006,6
550,46009,9337,126,0,2006,6
552,44335,7431,0,44335,2006,6
363,36265,4534,0,0,2006,6
361,36512,9758,0,36512,2006,6
0,5065,5154,0,0,2006,6
9784,727302,7721346,612641,0,2006,7
9764,759795,6014515,595782,759795,2006,7
0,1306,1605108,0,0,2006,7
946,101765,798829,3017,0,2006,7
963,107716,948940,0,107716,2006,7
0,1686,60194,0,0,2006,7
522,25225,42268,0,0,2006,7
525,26724,10685,0,26724,2006,7
294,24829,6225,0,0,2006,7
290,26108,0,0,26108,2006,7
0,7100,0,0,0,2006,7
388,14731,25832,0,0,2006,7
388,15095,17877,0,15095,2006,7
0,490,0,0,0,2006,7
272,20448,0,0,0,2006,7
271,20576,0,0,20576,2006,7
0,2329,0,0,0,2006,7
302,17710,1616,0,0,2006,7
303,16863,1395,0,16863,2006,7
57,3642,0,0,0,2006,7
56,3741,0,0,3741,2006,7
0,1145,0,0,0,2006,7
428,19166,29086,698,0,2006,7
434,20007,6968,420,20007,2006,7
0,1930,58,0,0,2006,7
252,29200,0,0,0,2006,7
249,29751,57,0,29751,2006,7
0,3266,0,0,0,2006,7
563,48426,9085,287,0,2006,7
566,47749,7571,0,47749,2006,7
369,36340,398,0,0,2006,7
367,37197,0,0,37197,2006,7
0,5230,0,0,0,2006,7
9697,731744,7570382,524533,0,2006,8
9653,716124,5593034,620923,716124,2006,8
0,1338,1707384,50,0,2006,8
855,98549,726002,1345,0,2006,8
895,89239,751670,0,89239,2006,8
0,3141,66905,49,0,2006,8
538,23488,38317,0,0,2006,8
538,23881,12381,0,23881,2006,8
0,37,0,0,0,2006,8
280,24894,19,0,0,2006,8
281,24755,14,0,24755,2006,8
0,7490,0,0,0,2006,8
387,14073,25031,40,0,2006,8
387,14361,13432,0,14361,2006,8
0,392,0,0,0,2006,8
236,17780,0,0,0,2006,8
238,18121,0,0,18121,2006,8
0,3115,0,0,0,2006,8
307,16336,861,0,0,2006,8
308,17180,1927,11,17180,2006,8
60,3174,0,0,0,2006,8
59,3583,0,0,3583,2006,8
0,998,0,0,0,2006,8
427,18533,21677,873,0,2006,8
430,18244,12387,2,18244,2006,8
0,2203,90,5,0,2006,8
222,26539,0,0,0,2006,8
222,26408,0,0,26408,2006,8
0,3680,0,0,0,2006,8
572,49489,8814,215,0,2006,8
572,51547,4994,0,51547,2006,8
342,37654,1400,0,0,2006,8
343,39314,150,0,39314,2006,8
0,5869,0,0,0,2006,8
9782,760837,8860839,569559,0,2006,9
9713,736230,6131657,602509,736230,2006,9
0,1129,2250089,363,0,2006,9
719,72570,895697,2724,0,2006,9
787,62178,748791,177,62178,2006,9
0,2060,55669,0,0,2006,9
558,28961,34236,0,0,2006,9
563,27982,14322,0,27982,2006,9
0,56,0,0,0,2006,9
275,22302,250,0,0,2006,9
273,18373,174,0,18373,2006,9
0,6273,0,0,0,2006,9
407,16390,25587,0,0,2006,9
412,16412,22001,0,16412,2006,9
0,539,0,0,0,2006,9
230,14648,157,0,0,2006,9
221,14131,0,0,14131,2006,9
0,2877,0,0,0,2006,9
289,15756,1679,0,0,2006,9
294,15867,2550,0,15867,2006,9
0,282,0,0,0,2006,9
46,3178,0,0,0,2006,9
42,2026,0,0,2026,2006,9
0,1050,0,0,0,2006,9
411,20914,22840,480,0,2006,9
410,20870,7346,35,20870,2006,9
0,1998,102,0,0,2006,9
226,24199,0,0,0,2006,9
228,19884,234,0,19884,2006,9
0,2839,0,0,0,2006,9
557,48172,8728,132,0,2006,9
556,47632,4522,0,47632,2006,9
0,144,0,0,0,2006,9
339,33249,0,0,0,2006,9
339,31772,0,0,31772,2006,9
0,5643,209,0,0,2006,9
9938,704693,9164205,570060,0,2006,10
9881,729573,6158049,679458,729573,2006,10
0,2074,2006315,119,0,2006,10
460,40385,876725,5381,0,2006,10
513,33229,802370,260,33229,2006,10
0,1095,55820,0,0,2006,10
573,27489,48282,0,0,2006,10
573,28650,19737,0,28650,2006,10
0,2,0,0,0,2006,10
99,7159,0,0,0,2006,10
98,4759,67,0,4759,2006,10
0,1970,0,0,0,2006,10
384,14260,28168,0,0,2006,10
385,14924,23977,1,14924,2006,10
0,541,0,0,0,2006,10
121,7390,150,0,0,2006,10
122,6235,0,0,6235,2006,10
0,1232,0,0,0,2006,10
298,14873,1673,0,0,2006,10
297,15445,1909,0,15445,2006,10
0,255,0,0,0,2006,10
21,386,0,0,0,2006,10
22,85,0,0,85,2006,10
0,345,0,0,0,2006,10
421,19164,18511,1036,0,2006,10
422,19073,10913,44,19073,2006,10
0,1973,20,0,0,2006,10
93,8699,0,0,0,2006,10
91,6593,234,0,6593,2006,10
0,516,334,0,0,2006,10
574,43915,7609,107,0,2006,10
574,45935,5048,0,45935,2006,10
122,11291,4810,0,0,2006,10
122,8857,605,0,8857,2006,10
0,2060,0,0,0,2006,10
9264,626675,9060034,501577,0,2006,11
9215,611077,6037915,704623,611077,2006,11
0,1191,2361056,1,0,2006,11
251,11928,995773,764,0,2006,11
298,8851,912377,0,8851,2006,11
0,446,47675,176,0,2006,11
558,25242,52337,0,0,2006,11
555,24979,10000,0,24979,2006,11
56,2732,665,0,0,2006,11
57,2761,0,0,2761,2006,11
0,961,0,0,0,2006,11
412,14041,27112,75,0,2006,11
385,13593,23508,0,13593,2006,11
0,580,0,0,0,2006,11
54,2138,72,0,0,2006,11
81,1316,0,0,1316,2006,11
0,120,0,0,0,2006,11
266,13256,1462,0,0,2006,11
266,13454,1521,0,13454,2006,11
6,49,0,0,0,2006,11
5,12,0,0,12,2006,11
396,16769,21424,4398,0,2006,11
396,16596,10195,15,16596,2006,11
0,1747,298,0,0,2006,11
47,3445,55,0,0,2006,11
48,3250,11723,0,3250,2006,11
0,696,0,0,0,2006,11
571,44779,9238,220,0,2006,11
569,42723,8313,0,42723,2006,11
0,49,0,0,0,2006,11
46,3733,0,0,0,2006,11
48,2666,0,0,2666,2006,11
0,869,0,0,0,2006,11
8843,601417,8187818,435419,0,2006,12
8773,608963,5631272,883010,608963,2006,12
0,907,2015134,80,0,2006,12
327,15864,701191,445,0,2006,12
367,15641,790515,0,15641,2006,12
0,343,37328,0,0,2006,12
486,23597,44797,0,0,2006,12
488,21958,10223,0,21958,2006,12
47,2620,1306,0,0,2006,12
49,2742,2419,0,2742,2006,12
0,904,0,0,0,2006,12
391,20870,21487,0,0,2006,12
393,16618,17827,0,16618,2006,12
0,362,0,0,0,2006,12
121,13552,0,0,0,2006,12
117,7142,0,0,7142,2006,12
285,17790,2439,0,0,2006,12
286,15356,1995,0,15356,2006,12
9,21,0,0,0,2006,12
10,20,0,0,20,2006,12
357,14405,22917,6073,0,2006,12
354,12976,7424,2,12976,2006,12
0,1475,20,0,0,2006,12
43,2672,350,0,0,2006,12
47,2832,0,0,2832,2006,12
0,458,0,0,0,2006,12
708,66574,8969,28,0,2006,12
710,55835,5108,0,55835,2006,12
0,185,0,0,0,2006,12
192,25171,3240,0,0,2006,12
190,15779,5500,0,15779,2006,12
0,805,0,0,0,2006,12
9062,551538,7395824,546295,0,2007,1
9060,570096,4875941,626443,570096,2007,1
0,1171,1822998,709,0,2007,1
289,11045,696361,253,0,2007,1
318,11475,726295,0,11475,2007,1
0,2115,105355,0,0,2007,1
528,20987,44697,0,0,2007,1
520,22948,11098,0,22948,2007,1
0,8,0,0,0,2007,1
40,2620,1301,0,0,2007,1
45,2611,180,0,2611,2007,1
0,505,0,0,0,2007,1
470,23560,18270,0,0,2007,1
481,26095,20252,0,26095,2007,1
0,401,0,0,0,2007,1
254,27672,450,0,0,2007,1
244,25897,750,0,25897,2007,1
311,16966,1756,0,0,2007,1
310,18831,2412,0,18831,2007,1
11,81,0,0,0,2007,1
10,64,0,0,64,2007,1
381,14476,30956,5661,0,2007,1
375,14776,10153,66,14776,2007,1
0,1828,95,0,0,2007,1
41,2968,0,0,0,2007,1
44,3091,0,110,3091,2007,1
0,447,0,0,0,2007,1
798,60503,9777,169,0,2007,1
786,67871,6778,0,67871,2007,1
0,89,0,0,0,2007,1
416,47284,0,0,0,2007,1
428,47630,356,0,47630,2007,1
0,971,0,0,0,2007,1
8533,554580,7585861,499844,0,2007,2
8502,555513,5044060,543848,555513,2007,2
0,713,1512936,47,0,2007,2
252,8908,636879,738,0,2007,2
287,9675,818750,337,9675,2007,2
0,1011,57963,0,0,2007,2
525,22653,44096,0,0,2007,2
525,23007,10695,0,23007,2007,2
45,3216,1212,0,0,2007,2
45,3453,0,0,3453,2007,2
0,530,0,0,0,2007,2
466,26180,18172,0,0,2007,2
472,26057,20506,0,26057,2007,2
0,450,0,0,0,2007,2
228,28898,0,0,0,2007,2
221,28304,0,0,28304,2007,2
307,18809,1158,0,0,2007,2
307,18086,2255,0,18086,2007,2
10,186,0,0,0,2007,2
11,204,0,0,204,2007,2
381,15468,22476,5904,0,2007,2
382,15181,13122,27,15181,2007,2
0,1678,258,0,0,2007,2
33,2963,25,0,0,2007,2
34,3129,0,0,3129,2007,2
0,110,0,0,0,2007,2
757,68143,9414,1,0,2007,2
754,67917,7682,0,67917,2007,2
0,120,0,0,0,2007,2
356,48607,0,0,0,2007,2
359,48079,0,0,48079,2007,2
0,1096,0,0,0,2007,2
9804,693854,9255777,499048,0,2007,3
9749,690654,6317466,614549,690654,2007,3
0,1178,2092382,49,0,2007,3
277,11787,757382,465,0,2007,3
320,13726,779345,0,13726,2007,3
0,652,10510,0,0,2007,3
590,27614,39399,0,0,2007,3
592,27516,15428,0,27516,2007,3
0,65,0,0,0,2007,3
66,5171,0,0,0,2007,3
66,5366,0,0,5366,2007,3
0,810,0,0,0,2007,3
479,25459,20739,0,0,2007,3
479,26817,30396,0,26817,2007,3
0,445,0,0,0,2007,3
243,25710,0,0,0,2007,3
241,29767,0,0,29767,2007,3
0,170,0,0,0,2007,3
340,19958,755,0,0,2007,3
338,20930,1552,0,20930,2007,3
24,544,0,0,0,2007,3
26,680,0,0,680,2007,3
0,153,0,0,0,2007,3
431,17377,16487,6057,0,2007,3
427,18116,9466,107,18116,2007,3
0,2027,44,0,0,2007,3
63,5010,110,0,0,2007,3
68,5626,0,0,5626,2007,3
0,691,0,0,0,2007,3
808,70236,7603,0,0,2007,3
807,72771,6942,0,72771,2007,3
296,33025,0,0,0,2007,3
296,41822,55,0,41822,2007,3
0,948,0,0,0,2007,3
9900,745246,8971570,525006,0,2007,4
9863,732365,5477110,476169,732365,2007,4
0,1238,1594076,213,0,2007,4
335,22804,756010,998,0,2007,4
382,24904,780728,778,24904,2007,4
0,786,44465,0,0,2007,4
557,27424,27365,0,0,2007,4
555,27227,8629,0,27227,2007,4
0,22,0,0,0,2007,4
85,6449,0,0,0,2007,4
85,7085,0,0,7085,2007,4
0,1724,0,0,0,2007,4
375,14641,19870,15,0,2007,4
376,16323,14574,0,16323,2007,4
0,324,0,0,0,2007,4
105,5547,0,0,0,2007,4
102,10615,0,0,10615,2007,4
0,191,0,0,0,2007,4
315,15850,790,0,0,2007,4
315,16153,2691,0,16153,2007,4
15,371,0,0,0,2007,4
15,314,0,0,314,2007,4
0,73,0,0,0,2007,4
426,18569,12730,4606,0,2007,4
425,18394,10037,43,18394,2007,4
0,1585,25,40,0,2007,4
106,8834,55,0,0,2007,4
104,10468,160,160,10468,2007,4
0,1628,0,0,0,2007,4
644,49538,6233,0,0,2007,4
646,54617,7785,0,54617,2007,4
96,7255,0,0,0,2007,4
95,10188,0,0,10188,2007,4
0,928,0,0,0,2007,4
10613,780098,8966725,513099,0,2007,5
10559,782809,5422402,488212,782809,2007,5
0,917,1984850,142,0,2007,5
447,29079,719063,1058,0,2007,5
502,31480,783255,200,31480,2007,5
0,988,11625,0,0,2007,5
618,30835,21151,0,0,2007,5
616,30413,7002,0,30413,2007,5
0,2,0,0,0,2007,5
143,9197,244,0,0,2007,5
143,10660,28,0,10660,2007,5
0,2029,0,0,0,2007,5
386,13501,24880,20,0,2007,5
388,13327,15960,0,13327,2007,5
0,394,0,0,0,2007,5
150,8742,31,0,0,2007,5
147,10234,0,0,10234,2007,5
0,1073,0,0,0,2007,5
332,18542,1427,0,0,2007,5
333,17227,1232,0,17227,2007,5
35,881,0,0,0,2007,5
34,1253,0,0,1253,2007,5
0,552,0,0,0,2007,5
430,19316,13782,4332,0,2007,5
432,18753,9167,14,18753,2007,5
0,1660,0,0,0,2007,5
148,12163,0,0,0,2007,5
149,14197,255535,110,14197,2007,5
0,902,0,0,0,2007,5
544,41071,6755,0,0,2007,5
546,39311,6630,0,39311,2007,5
219,18917,0,0,0,2007,5
217,21802,0,0,21802,2007,5
0,2740,0,0,0,2007,5
10498,792607,8861767,485819,0,2007,6
10443,817572,6254459,498630,817572,2007,6
0,1195,2006782,682,0,2007,6
559,44040,646419,434,0,2007,6
613,57953,610447,0,57953,2007,6
0,2036,5750,0,0,2007,6
640,29201,24149,0,0,2007,6
643,28884,4668,0,28884,2007,6
0,584,0,0,0,2007,6
259,16483,190,0,0,2007,6
260,19432,0,0,19432,2007,6
0,6106,0,250,0,2007,6
383,14429,24128,0,0,2007,6
389,14051,14310,0,14051,2007,6
0,318,0,0,0,2007,6
248,17576,0,0,0,2007,6
236,17338,0,0,17338,2007,6
0,2557,0,0,0,2007,6
328,18819,393,0,0,2007,6
328,17516,2334,0,17516,2007,6
73,3126,0,0,0,2007,6
72,3313,0,0,3313,2007,6
0,1248,0,0,0,2007,6
476,20716,15083,5079,0,2007,6
472,20180,7185,6,20180,2007,6
0,2125,63,0,0,2007,6
238,20474,0,25,0,2007,6
241,22432,69866,270,22432,2007,6
0,3813,0,0,0,2007,6
598,44048,7074,0,0,2007,6
603,42687,10828,0,42687,2007,6
370,39007,0,0,0,2007,6
365,37231,1222,0,37231,2007,6
0,5396,0,0,0,2007,6
10876,838085,8192017,490770,0,2007,7
10850,879152,6029601,485946,879152,2007,7
0,2670,2080929,915,0,2007,7
623,66056,662634,2813,0,2007,7
650,65632,762176,360,65632,2007,7
0,1877,25146,0,0,2007,7
656,29262,25229,0,0,2007,7
656,31156,3256,0,31156,2007,7
263,22177,48,0,0,2007,7
261,22922,0,0,22922,2007,7
0,4522,0,0,0,2007,7
376,13478,24498,0,0,2007,7
374,13898,16667,0,13898,2007,7
0,359,0,0,0,2007,7
226,17534,0,0,0,2007,7
233,17326,0,0,17326,2007,7
0,2663,0,0,0,2007,7
340,21489,840,0,0,2007,7
340,20176,1633,0,20176,2007,7
0,103,0,0,0,2007,7
73,3590,0,0,0,2007,7
75,3559,0,0,3559,2007,7
0,1324,0,0,0,2007,7
542,20923,12082,4933,0,2007,7
540,21562,11834,58,21562,2007,7
0,1874,0,0,0,2007,7
238,23655,65318,0,0,2007,7
240,25051,171610,160,25051,2007,7
0,2908,0,0,0,2007,7
629,47782,9959,0,0,2007,7
627,47392,6904,0,47392,2007,7
0,46,0,0,0,2007,7
313,33898,0,0,0,2007,7
315,34975,521,0,34975,2007,7
0,5941,0,0,0,2007,7
10730,855004,8513283,624977,0,2007,8
10676,827476,5544523,491785,827476,2007,8
0,2195,1655682,569,0,2007,8
615,68793,623854,1654,0,2007,8
668,58380,626427,0,58380,2007,8
0,2387,28994,0,0,2007,8
610,28422,20841,0,0,2007,8
611,28354,3860,0,28354,2007,8
259,22802,2558,0,0,2007,8
257,22613,148,0,22613,2007,8
0,5683,0,0,0,2007,8
370,13749,23893,0,0,2007,8
374,14090,14924,0,14090,2007,8
0,250,0,0,0,2007,8
218,16372,0,0,0,2007,8
215,16187,0,0,16187,2007,8
0,4231,0,0,0,2007,8
320,19285,1557,0,0,2007,8
320,20420,1803,0,20420,2007,8
64,3950,0,0,0,2007,8
64,3942,77,0,3942,2007,8
0,1039,0,0,0,2007,8
525,20063,15197,4026,0,2007,8
526,19808,7412,26,19808,2007,8
0,2168,5,0,0,2007,8
232,25987,59692,0,0,2007,8
235,25468,70144,0,25468,2007,8
0,3138,160,0,0,2007,8
622,48862,9039,0,0,2007,8
623,50400,8850,0,50400,2007,8
324,37430,0,0,0,2007,8
323,38873,0,0,38873,2007,8
0,5183,0,0,0,2007,8
10584,865140,9495492,598442,0,2007,9
10535,843197,5912126,500173,843197,2007,9
0,2101,1637722,119,0,2007,9
538,52133,644906,1395,0,2007,9
595,43620,611815,0,43620,2007,9
0,2329,1993,0,0,2007,9
655,32623,21552,0,0,2007,9
655,31637,2732,0,31637,2007,9
247,19620,70,0,0,2007,9
248,15833,11866,0,15833,2007,9
0,4641,0,0,0,2007,9
387,16218,26025,0,0,2007,9
390,16502,18154,0,16502,2007,9
0,397,0,0,0,2007,9
204,12706,0,0,0,2007,9
200,12254,0,0,12254,2007,9
0,3460,0,0,0,2007,9
304,18442,903,0,0,2007,9
304,18475,2407,0,18475,2007,9
68,3390,0,0,0,2007,9
68,2711,0,0,2711,2007,9
0,747,0,0,0,2007,9
496,22216,8588,4758,0,2007,9
496,21459,6349,46,21459,2007,9
0,2074,91,0,0,2007,9
207,21065,58508,0,0,2007,9
204,17180,66609,280,17180,2007,9
0,3470,0,0,0,2007,9
581,44741,9409,0,0,2007,9
583,44138,6008,0,44138,2007,9
0,121,0,0,0,2007,9
315,30793,0,0,0,2007,9
313,29677,0,0,29677,2007,9
0,5517,0,0,0,2007,9
11015,823409,10690173,607689,0,2007,10
10950,848887,5896666,556652,848887,2007,10
0,1081,1634825,77,0,2007,10
378,27348,741841,979,0,2007,10
429,22349,710481,0,22349,2007,10
0,1599,2150,0,0,2007,10
677,30410,20798,0,0,2007,10
676,31539,3386,0,31539,2007,10
104,6427,6437,0,0,2007,10
105,4665,0,0,4665,2007,10
0,1535,0,0,0,2007,10
449,21742,22530,0,0,2007,10
454,22841,18968,0,22841,2007,10
0,356,0,0,0,2007,10
90,5929,0,0,0,2007,10
86,4744,0,0,4744,2007,10
0,1385,0,0,0,2007,10
317,16584,1108,0,0,2007,10
317,17593,1169,0,17593,2007,10
0,112,0,0,0,2007,10
37,276,0,0,0,2007,10
36,54,0,0,54,2007,10
0,68,0,0,0,2007,10
529,20596,8737,5971,0,2007,10
533,21614,8724,51,21614,2007,10
0,1961,0,0,0,2007,10
119,7749,65790,25,0,2007,10
111,5413,79074,110,5413,2007,10
0,2109,0,0,0,2007,10
607,39815,8459,0,0,2007,10
608,42260,7560,0,42260,2007,10
0,1,0,0,0,2007,10
141,13859,0,0,0,2007,10
141,11186,0,0,11186,2007,10
0,3046,0,0,0,2007,10
10654,762832,10381448,560391,0,2007,11
10620,739019,5820613,623285,739019,2007,11
0,1242,1555462,269,0,2007,11
286,16672,768009,752,0,2007,11
323,13675,706354,974,13675,2007,11
0,1157,0,0,0,2007,11
668,29803,22548,0,0,2007,11
670,30023,2417,0,30023,2007,11
0,288,0,0,0,2007,11
58,4364,196,0,0,2007,11
56,4056,54,0,4056,2007,11
0,616,0,0,0,2007,11
457,23286,23060,0,0,2007,11
455,23731,18000,0,23731,2007,11
0,325,0,0,0,2007,11
42,1867,0,0,0,2007,11
43,1311,0,0,1311,2007,11
0,125,0,0,0,2007,11
309,14712,1492,0,0,2007,11
311,14534,848,0,14534,2007,11
11,24,0,0,0,2007,11
10,29,0,0,29,2007,11
522,18433,63738,6074,0,2007,11
524,18205,86438,4,18205,2007,11
0,1658,20,0,0,2007,11
67,5404,0,0,0,2007,11
65,6065,933,0,6065,2007,11
0,702,0,0,0,2007,11
609,41247,7101,0,0,2007,11
609,38634,6342,0,38634,2007,11
68,6434,0,0,0,2007,11
65,5698,0,0,5698,2007,11
0,439,0,0,0,2007,11
10161,714523,8504251,612133,0,2007,12
10082,713190,5604092,750433,713190,2007,12
0,1945,1867461,200,0,2007,12
308,15805,591293,541,0,2007,12
354,15090,615273,113,15090,2007,12
0,844,9144,0,0,2007,12
579,26966,21670,0,0,2007,12
581,25663,1742,0,25663,2007,12
55,2989,815,0,0,2007,12
57,3294,0,0,3294,2007,12
0,552,0,0,0,2007,12
496,31996,21469,0,0,2007,12
503,25924,11797,0,25924,2007,12
0,217,0,0,0,2007,12
100,12526,0,0,0,2007,12
91,6788,0,0,6788,2007,12
308,18086,773,0,0,2007,12
307,14631,1540,0,14631,2007,12
19,39,0,0,0,2007,12
20,33,0,0,33,2007,12
454,15995,65647,6397,0,2007,12
452,15210,74920,16,15210,2007,12
0,1480,0,0,0,2007,12
57,4633,0,0,0,2007,12
61,3683,1020,0,3683,2007,12
0,964,0,0,0,2007,12
662,58159,7362,922,0,2007,12
660,48324,5951,0,48324,2007,12
186,24296,2750,0,0,2007,12
190,14926,3500,0,14926,2007,12
0,504,0,0,0,2007,12
10150,634355,8371933,632831,0,2008,1
10138,656519,4839710,605299,656519,2008,1
0,1967,1705042,579,0,2008,1
276,9673,640041,1390,0,2008,1
322,9616,596102,0,9616,2008,1
0,956,0,0,0,2008,1
659,24847,23415,0,0,2008,1
654,27089,3342,0,27089,2008,1
0,137,0,0,0,2008,1
49,3678,0,0,0,2008,1
50,3436,0,0,3436,2008,1
0,171,0,0,0,2008,1
628,39093,18113,0,0,2008,1
640,41356,15200,0,41356,2008,1
0,295,0,0,0,2008,1
241,24627,1,0,0,2008,1
231,23966,0,0,23966,2008,1
325,16435,1138,0,0,2008,1
328,18540,806,0,18540,2008,1
13,23,0,0,0,2008,1
9,28,0,0,28,2008,1
475,14978,10466,5662,0,2008,1
473,15914,6768,43,15914,2008,1
0,1801,85,0,0,2008,1
89,4290,60084,0,0,2008,1
88,4978,83274,0,4978,2008,1
0,2036,0,0,0,2008,1
794,58273,11202,0,0,2008,1
790,62255,3767,0,62255,2008,1
0,1,0,0,0,2008,1
404,45907,787,0,0,2008,1
407,43520,0,0,43520,2008,1
0,803,0,0,0,2008,1
9979,667381,8346141,607819,0,2008,2
9928,670772,5526886,501904,670772,2008,2
0,1555,1195743,681,0,2008,2
232,9048,650168,962,0,2008,2
292,9350,558247,0,9350,2008,2
0,1050,1492,0,0,2008,2
654,27807,22133,0,0,2008,2
653,28213,2887,0,28213,2008,2
52,4152,195,0,0,2008,2
53,4332,1749,0,4332,2008,2
0,110,0,0,0,2008,2
620,42516,19302,60,0,2008,2
630,42141,16084,0,42141,2008,2
0,318,0,0,0,2008,2
236,27688,0,0,0,2008,2
219,27515,0,0,27515,2008,2
317,18262,1189,0,0,2008,2
317,17945,569,0,17945,2008,2
19,211,0,0,0,2008,2
20,332,0,0,332,2008,2
486,17437,7624,4171,0,2008,2
487,18066,11079,241,18066,2008,2
0,1945,9,0,0,2008,2
71,4419,59582,0,0,2008,2
70,5046,364737,0,5046,2008,2
0,1086,0,0,0,2008,2
767,63734,10057,0,0,2008,2
768,64199,4704,0,64199,2008,2
366,49896,480,0,0,2008,2
367,49916,0,0,49916,2008,2
0,740,0,0,0,2008,2
10724,795491,9819756,659356,0,2008,3
10668,790967,5831706,543868,790967,2008,3
0,2289,2035842,1416,0,2008,3
298,15070,663970,403,0,2008,3
349,15362,646890,0,15362,2008,3
0,1350,30626,0,0,2008,3
643,29809,24332,0,0,2008,3
642,29759,1301,0,29759,2008,3
0,452,0,0,0,2008,3
76,7041,631,0,0,2008,3
77,7140,0,0,7140,2008,3
0,861,0,0,0,2008,3
625,43368,21409,0,0,2008,3
633,45348,15314,0,45348,2008,3
0,273,0,0,0,2008,3
253,28951,0,0,0,2008,3
253,32781,0,0,32781,2008,3
0,47,0,0,0,2008,3
333,20926,1133,0,0,2008,3
332,21198,754,0,21198,2008,3
19,257,0,0,0,2008,3
18,272,0,0,272,2008,3
503,19208,8815,5398,0,2008,3
503,19137,9022,87,19137,2008,3
0,1930,0,0,0,2008,3
108,7893,60597,0,0,2008,3
106,7949,308281,0,7949,2008,3
0,1420,0,0,0,2008,3
796,69312,7702,0,0,2008,3
796,70748,3230,0,70748,2008,3
0,1,0,0,0,2008,3
381,46863,0,0,0,2008,3
381,55048,807,0,55048,2008,3
0,1023,0,0,0,2008,3
11037,819393,9370177,620518,0,2008,4
10976,812545,5699757,545874,812545,2008,4
0,2316,1718879,2783,0,2008,4
268,17841,206886,924,0,2008,4
327,22817,99870,0,22817,2008,4
0,1310,0,0,0,2008,4
731,32893,21941,0,0,2008,4
732,33054,3206,0,33054,2008,4
0,23,0,0,0,2008,4
82,6331,120,0,0,2008,4
81,6838,0,0,6838,2008,4
0,1237,0,0,0,2008,4
489,23953,21862,0,0,2008,4
493,27532,18360,0,27532,2008,4
0,377,0,0,0,2008,4
99,5753,0,0,0,2008,4
95,9561,0,0,9561,2008,4
0,46,0,0,0,2008,4
289,14124,1611,0,0,2008,4
289,14178,750,0,14178,2008,4
23,654,0,0,0,2008,4
24,913,0,0,913,2008,4
0,56,0,0,0,2008,4
560,20161,13100,5048,0,2008,4
558,20526,13484,434,20526,2008,4
0,2177,0,0,0,2008,4
129,11439,144153,0,0,2008,4
132,11905,239943,0,11905,2008,4
0,315,0,0,0,2008,4
604,39402,8024,0,0,2008,4
606,44507,6508,0,44507,2008,4
0,44,0,0,0,2008,4
121,10421,1566,0,0,2008,4
118,12868,0,0,12868,2008,4
0,1274,0,0,0,2008,4
11354,888509,9259886,657167,0,2008,5
11280,893696,5578884,511801,893696,2008,5
0,2201,1634643,116,0,2008,5
360,26409,38035,1760,0,2008,5
440,28413,188402,0,28413,2008,5
0,1345,0,0,0,2008,5
707,34801,21077,0,0,2008,5
706,34526,2076,0,34526,2008,5
0,16,0,0,0,2008,5
157,10747,0,0,0,2008,5
158,10971,0,0,10971,2008,5
0,2183,0,0,0,2008,5
428,19445,18580,0,0,2008,5
428,19459,16284,0,19459,2008,5
0,398,0,0,0,2008,5
136,8111,339,0,0,2008,5
128,8857,0,0,8857,2008,5
0,796,0,0,0,2008,5
295,17043,1213,0,0,2008,5
297,15736,791,0,15736,2008,5
35,1009,0,0,0,2008,5
35,1081,0,0,1081,2008,5
0,98,0,0,0,2008,5
547,20468,11138,3458,0,2008,5
551,21033,6236,3,21033,2008,5
0,2200,0,0,0,2008,5
126,9037,138765,0,0,2008,5
123,10201,202278,0,10201,2008,5
0,1432,0,0,0,2008,5
569,39840,9238,0,0,2008,5
572,38041,5053,0,38041,2008,5
258,22393,1334,0,0,2008,5
258,22154,1887,0,22154,2008,5
0,2591,0,0,0,2008,5
11188,855334,9362898,630185,0,2008,6
11141,881786,6104596,506293,881786,2008,6
0,1646,1957306,13,0,2008,6
646,46309,160016,990,0,2008,6
696,56246,185482,0,56246,2008,6
0,2036,2200,0,0,2008,6
739,35078,30533,0,0,2008,6
734,34794,3586,0,34794,2008,6
0,214,0,0,0,2008,6
247,13422,12,0,0,2008,6
253,16188,0,0,16188,2008,6
0,3628,0,0,0,2008,6
404,18621,19255,0,0,2008,6
402,17235,17871,0,17235,2008,6
0,531,0,0,0,2008,6
302,18907,10,0,0,2008,6
310,19175,0,1,19175,2008,6
0,1465,0,0,0,2008,6
307,19823,1444,0,0,2008,6
303,18042,667,0,18042,2008,6
130,2889,0,0,0,2008,6
131,3040,0,0,3040,2008,6
0,171,0,0,0,2008,6
588,24525,13280,4058,0,2008,6
581,24929,11097,4,24929,2008,6
0,2673,0,0,0,2008,6
209,17009,153728,0,0,2008,6
210,20565,527845,0,20565,2008,6
0,2778,0,0,0,2008,6
578,41370,18558,0,0,2008,6
578,40021,10648,0,40021,2008,6
0,239,0,0,0,2008,6
376,35133,0,0,0,2008,6
374,34197,5663,0,34197,2008,6
0,3089,0,0,0,2008,6
11442,886422,8908134,583305,0,2008,7
11388,923899,6126798,505758,923899,2008,7
0,3191,2085084,164,0,2008,7
489,52472,119327,1242,0,2008,7
536,57188,116392,180,57188,2008,7
0,1496,0,0,0,2008,7
725,34318,26230,0,0,2008,7
726,35784,2881,0,35784,2008,7
0,178,0,0,0,2008,7
247,20585,243,0,0,2008,7
247,21282,0,0,21282,2008,7
0,4600,0,0,0,2008,7
420,15826,25411,0,0,2008,7
425,16073,18063,0,16073,2008,7
0,677,0,0,0,2008,7
188,14558,0,0,0,2008,7
183,14514,0,0,14514,2008,7
0,1587,0,0,0,2008,7
309,19025,547,0,0,2008,7
309,17515,1164,0,17515,2008,7
53,1594,0,0,0,2008,7
53,1637,0,0,1637,2008,7
0,119,0,0,0,2008,7
554,23166,10277,4358,0,2008,7
555,24154,9432,279,24154,2008,7
0,2363,0,0,0,2008,7
206,21477,151306,20,0,2008,7
209,22555,232310,410,22555,2008,7
0,3484,0,0,0,2008,7
586,42821,13454,0,0,2008,7
587,42108,5015,0,42108,2008,7
292,32511,7,0,0,2008,7
290,34113,0,0,34113,2008,7
0,4103,0,0,0,2008,7
11169,894274,9446727,513993,0,2008,8
11140,875435,5834876,474864,875435,2008,8
0,3585,1753238,103,0,2008,8
518,63036,40061,2326,0,2008,8
550,52863,63279,0,52863,2008,8
0,1836,0,0,0,2008,8
628,30144,22648,0,0,2008,8
624,30475,2645,0,30475,2008,8
0,20,0,0,0,2008,8
251,22932,0,0,0,2008,8
256,22606,24,0,22606,2008,8
0,5490,0,0,0,2008,8
402,14952,20313,10,0,2008,8
397,14982,13530,0,14982,2008,8
0,724,0,0,0,2008,8
206,16702,0,0,0,2008,8
212,17038,0,0,17038,2008,8
0,2790,0,0,0,2008,8
296,17626,956,0,0,2008,8
295,18236,1831,0,18236,2008,8
53,2263,0,0,0,2008,8
54,2220,0,0,2220,2008,8
0,90,0,0,0,2008,8
525,23046,11344,3179,0,2008,8
525,22687,9158,1,22687,2008,8
0,2544,0,0,0,2008,8
197,23492,133478,0,0,2008,8
197,23462,187191,410,23462,2008,8
0,3287,0,0,0,2008,8
588,43502,13428,0,0,2008,8
588,45899,6066,0,45899,2008,8
304,37708,3448,0,0,2008,8
304,38952,6720,0,38952,2008,8
0,4365,0,0,0,2008,8
11200,889463,10414821,659871,0,2008,9
11133,863944,5758620,508525,863944,2008,9
0,1717,1629308,26,0,2008,9
409,39062,470713,1970,0,2008,9
470,34527,99688,0,34527,2008,9
0,1800,0,0,0,2008,9
740,35898,24074,0,0,2008,9
733,34764,2815,0,34764,2008,9
0,113,0,0,0,2008,9
196,16645,0,0,0,2008,9
202,13736,1472,0,13736,2008,9
0,4056,0,0,0,2008,9
400,16863,18572,0,0,2008,9
402,16806,19058,0,16806,2008,9
0,732,0,0,0,2008,9
147,9986,0,0,0,2008,9
146,9511,0,0,9511,2008,9
0,2111,0,0,0,2008,9
294,16581,796,0,0,2008,9
293,16550,795,0,16550,2008,9
41,1616,0,0,0,2008,9
42,1455,0,0,1455,2008,9
0,47,0,0,0,2008,9
528,24169,11035,3900,0,2008,9
528,23825,9006,238,23825,2008,9
0,2363,0,0,0,2008,9
184,19472,142467,0,0,2008,9
184,15942,242100,0,15942,2008,9
0,2065,69484,0,0,2008,9
576,39968,10103,0,0,2008,9
577,39237,2601,0,39237,2008,9
275,29052,136,0,0,2008,9
273,28292,1312,0,28292,2008,9
0,3458,0,0,0,2008,9
11172,816923,11479247,642746,0,2008,10
11097,826331,6324076,576899,826331,2008,10
0,3083,1770083,5,0,2008,10
252,22739,89929,282,0,2008,10
328,18687,68252,0,18687,2008,10
0,1456,0,0,0,2008,10
741,33418,25122,0,0,2008,10
741,33276,3535,0,33276,2008,10
0,106,0,0,0,2008,10
93,7291,110,0,0,2008,10
94,5288,1330,0,5288,2008,10
0,1531,0,0,0,2008,10
398,16605,18920,0,0,2008,10
398,16991,18304,0,16991,2008,10
0,376,0,0,0,2008,10
58,4755,0,0,0,2008,10
57,3385,0,0,3385,2008,10
0,1411,0,0,0,2008,10
298,15252,895,0,0,2008,10
297,15313,758,0,15313,2008,10
17,786,0,0,0,2008,10
18,428,0,0,428,2008,10
548,22631,9390,4469,0,2008,10
547,21805,12781,17,21805,2008,10
0,2094,1,0,0,2008,10
130,9206,152612,0,0,2008,10
127,6636,241703,390,6636,2008,10
0,1539,132858,0,0,2008,10
565,34865,10240,0,0,2008,10
566,35595,6458,0,35595,2008,10
0,147,0,0,0,2008,10
126,13186,0,0,0,2008,10
126,10500,0,0,10500,2008,10
0,1863,0,0,0,2008,10
10046,687581,10590115,652155,0,2008,11
9962,684666,5589050,558104,684666,2008,11
0,2935,1746714,779,0,2008,11
217,15485,110603,508,0,2008,11
300,13531,58518,0,13531,2008,11
0,646,3000,0,0,2008,11
650,26489,25667,0,0,2008,11
649,27193,3749,0,27193,2008,11
61,4754,235,0,0,2008,11
63,5297,98,0,5297,2008,11
0,254,0,0,0,2008,11
449,18850,16598,0,0,2008,11
448,19474,17830,0,19474,2008,11
0,315,0,0,0,2008,11
22,1097,0,0,0,2008,11
23,947,0,0,947,2008,11
0,79,0,0,0,2008,11
290,12785,1146,0,0,2008,11
291,13193,692,0,13193,2008,11
10,21,0,0,0,2008,11
9,33,0,0,33,2008,11
477,16721,8545,5394,0,2008,11
480,16994,11835,4,16994,2008,11
0,1673,116,0,0,2008,11
96,5347,132543,0,0,2008,11
95,5261,191003,0,5261,2008,11
0,346,124029,0,0,2008,11
478,26656,11188,0,0,2008,11
478,26260,10047,0,26260,2008,11
108,6867,156,0,0,2008,11
108,6603,2170,0,6603,2008,11
0,809,0,0,0,2008,11
9472,654301,7968255,619567,0,2008,12
9356,657517,4716493,728093,657517,2008,12
0,3718,1750602,1036,0,2008,12
207,11581,35594,1133,0,2008,12
284,12800,126219,0,12800,2008,12
0,1522,15718,249,0,2008,12
581,23813,20060,0,0,2008,12
581,22728,2139,0,22728,2008,12
0,180,0,0,0,2008,12
39,3038,82,0,0,2008,12
44,3050,0,0,3050,2008,12
0,846,0,0,0,2008,12
546,33182,12703,0,0,2008,12
548,26171,14243,0,26171,2008,12
0,229,0,0,0,2008,12
90,11783,0,0,0,2008,12
88,6687,0,0,6687,2008,12
308,18195,1777,0,0,2008,12
308,14715,513,0,14715,2008,12
13,33,0,0,0,2008,12
14,21,0,0,21,2008,12
444,14812,8275,6420,0,2008,12
442,13749,7878,543,13749,2008,12
0,1762,42,0,0,2008,12
59,2920,131917,0,0,2008,12
64,2859,270221,120,2859,2008,12
0,349,60293,0,0,2008,12
601,45578,10841,209,0,2008,12
602,36179,9863,0,36179,2008,12
150,17905,0,0,0,2008,12
149,10209,0,0,10209,2008,12
0,572,0,0,0,2008,12
9218,554818,7288244,583427,0,2009,1
9183,573786,3769637,528859,573786,2009,1
0,2901,1654927,50,0,2009,1
233,10594,45694,199,0,2009,1
301,10649,105436,554,10649,2009,1
0,1130,20757,516,0,2009,1
544,19874,12831,0,0,2009,1
542,21617,2761,0,21617,2009,1
0,68,0,0,0,2009,1
51,3718,170,0,0,2009,1
51,3382,0,0,3382,2009,1
0,175,0,0,0,2009,1
685,39359,12900,0,0,2009,1
690,42605,12083,0,42605,2009,1
0,192,0,0,0,2009,1
251,29734,0,0,0,2009,1
241,28862,0,0,28862,2009,1
325,15420,1897,0,0,2009,1
326,17465,1351,0,17465,2009,1
15,397,0,0,0,2009,1
13,422,0,0,422,2009,1
415,11684,7191,1351,0,2009,1
412,12716,11475,5,12716,2009,1
0,1718,0,0,0,2009,1
65,2703,120599,0,0,2009,1
67,2583,152511,0,2583,2009,1
0,253,90620,0,0,2009,1
767,54725,12240,0,0,2009,1
768,58916,4719,0,58916,2009,1
395,45255,0,0,0,2009,1
393,46047,0,0,46047,2009,1
0,222,0,0,0,2009,1
8751,560181,8297443,563585,0,2009,2
8676,554374,4300159,451834,554374,2009,2
0,2266,1326195,4,0,2009,2
175,8451,39665,38,0,2009,2
249,9395,77178,0,9395,2009,2
0,732,108,0,0,2009,2
592,22858,11386,0,0,2009,2
589,22943,4202,0,22943,2009,2
0,115,0,0,0,2009,2
38,3666,230,0,0,2009,2
42,3979,0,0,3979,2009,2
0,182,0,0,0,2009,2
631,39055,11483,0,0,2009,2
645,39551,13941,0,39551,2009,2
0,240,0,0,0,2009,2
222,26071,0,0,0,2009,2
209,26022,0,0,26022,2009,2
0,11,0,0,0,2009,2
311,16324,640,0,0,2009,2
310,15966,891,0,15966,2009,2
10,36,0,0,0,2009,2
10,20,0,0,20,2009,2
436,14135,12755,911,0,2009,2
436,14176,18797,0,14176,2009,2
0,1841,3,0,0,2009,2
85,3544,117940,0,0,2009,2
85,4208,175525,0,4208,2009,2
0,391,100875,0,0,2009,2
696,53530,11798,0,0,2009,2
701,53619,6619,0,53619,2009,2
0,59,0,0,0,2009,2
309,37967,0,0,0,2009,2
304,37952,0,0,37952,2009,2
0,475,0,0,0,2009,2
9800,672708,9845744,526658,0,2009,3
9722,668126,4944397,497961,668126,2009,3
0,2419,1524109,53,0,2009,3
188,11654,5361,556,0,2009,3
266,11755,5341,0,11755,2009,3
0,1009,0,0,0,2009,3
662,26215,12835,0,0,2009,3
660,26449,2461,0,26449,2009,3
0,81,0,0,0,2009,3
54,5241,157,0,0,2009,3
52,5376,717,0,5376,2009,3
0,816,0,0,0,2009,3
657,40742,16021,0,0,2009,3
661,43688,15385,0,43688,2009,3
0,308,0,0,0,2009,3
193,21544,0,0,0,2009,3
191,24303,0,0,24303,2009,3
0,46,0,0,0,2009,3
339,17069,976,0,0,2009,3
338,17679,808,0,17679,2009,3
8,17,0,0,0,2009,3
8,19,0,0,19,2009,3
476,15388,11526,1235,0,2009,3
472,15759,11804,5,15759,2009,3
0,1884,10,40,0,2009,3
118,5918,151951,0,0,2009,3
119,5939,175416,0,5939,2009,3
0,1149,109301,0,0,2009,3
767,57251,11042,0,0,2009,3
767,60126,7346,0,60126,2009,3
0,38,0,0,0,2009,3
211,20008,0,38,0,2009,3
213,25988,0,0,25988,2009,3
0,316,0,0,0,2009,3
9630,740034,9209079,510090,0,2009,4
9564,734890,4535215,496991,734890,2009,4
0,3297,1242530,438,0,2009,4
253,17119,7867,483,0,2009,4
321,20248,1612,0,20248,2009,4
0,1139,0,0,0,2009,4
614,28478,7811,0,0,2009,4
612,28440,2335,0,28440,2009,4
0,58,0,0,0,2009,4
65,6055,0,0,0,2009,4
67,5915,412,0,5915,2009,4
0,177,0,0,0,2009,4
455,22096,12188,0,0,2009,4
455,24746,13582,0,24746,2009,4
0,277,0,0,0,2009,4
78,7431,0,0,0,2009,4
78,11837,0,0,11837,2009,4
0,46,0,0,0,2009,4
271,14573,1415,0,0,2009,4
271,15356,2014,0,15356,2009,4
16,18,0,0,0,2009,4
16,52,0,0,52,2009,4
0,207,0,0,0,2009,4
457,16764,6490,1174,0,2009,4
454,16959,11478,481,16959,2009,4
0,2230,1,0,0,2009,4
128,8645,152241,0,0,2009,4
130,9820,163408,0,9820,2009,4
0,114,92787,0,0,2009,4
576,39086,9790,25,0,2009,4
578,42763,4118,0,42763,2009,4
0,2,0,0,0,2009,4
112,10584,168,0,0,2009,4
109,13060,0,0,13060,2009,4
0,299,0,0,0,2009,4
10286,769269,9656187,529321,0,2009,5
10220,775447,5160316,476463,775447,2009,5
0,3040,1432714,2,0,2009,5
343,25675,361580,318,0,2009,5
412,27218,57292,0,27218,2009,5
0,2170,0,995,0,2009,5
661,31168,11304,0,0,2009,5
661,30786,3585,0,30786,2009,5
0,33,0,0,0,2009,5
111,7121,0,0,0,2009,5
110,8574,0,0,8574,2009,5
0,1214,0,0,0,2009,5
424,18840,14596,0,0,2009,5
429,19229,16190,0,19229,2009,5
0,344,0,0,0,2009,5
90,7171,0,0,0,2009,5
85,7647,0,0,7647,2009,5
0,663,0,0,0,2009,5
285,15955,1140,0,0,2009,5
285,14453,1140,0,14453,2009,5
26,477,0,0,0,2009,5
26,495,0,0,495,2009,5
0,63,0,0,0,2009,5
464,17911,10061,846,0,2009,5
466,18575,12327,85,18575,2009,5
0,2213,0,0,0,2009,5
155,11034,126410,0,0,2009,5
156,12080,147300,0,12080,2009,5
0,318,93083,0,0,2009,5
531,31564,7772,0,0,2009,5
532,31085,2286,0,31085,2009,5
0,0,300,0,0,2009,5
176,15467,0,0,0,2009,5
175,16447,0,0,16447,2009,5
0,2210,0,0,0,2009,5
10308,777149,8494120,468072,0,2009,6
10252,792064,5065740,471187,792064,2009,6
0,3858,1393942,2,0,2009,6
419,34838,7713,800,0,2009,6
474,39402,93853,0,39402,2009,6
0,1632,0,0,0,2009,6
705,34393,10135,0,0,2009,6
705,34232,2918,0,34232,2009,6
0,43,0,0,0,2009,6
175,12935,0,0,0,2009,6
175,14480,0,0,14480,2009,6
0,3538,0,0,0,2009,6
440,21497,15602,0,0,2009,6
437,20745,15801,0,20745,2009,6
0,576,0,0,0,2009,6
137,11224,110,0,0,2009,6
141,11469,0,0,11469,2009,6
0,1663,0,0,0,2009,6
305,15965,1365,0,0,2009,6
302,15165,885,0,15165,2009,6
0,83,0,0,0,2009,6
61,1874,0,0,0,2009,6
62,1795,0,0,1795,2009,6
0,42,0,0,0,2009,6
457,19867,9341,731,0,2009,6
453,19437,10020,2,19437,2009,6
0,2150,0,145,0,2009,6
167,15264,161292,20,0,2009,6
171,16646,167610,0,16646,2009,6
0,2061,107530,0,0,2009,6
530,32628,7396,0,0,2009,6
533,32548,5579,0,32548,2009,6
210,24674,0,0,0,2009,6
206,23950,0,0,23950,2009,6
0,2513,0,0,0,2009,6
10634,832239,8358858,507616,0,2009,7
10572,879075,5588361,501806,879075,2009,7
0,4986,1761123,486,0,2009,7
483,50829,242194,6988,0,2009,7
552,55971,150104,0,55971,2009,7
0,2533,0,0,0,2009,7
716,34368,12369,0,0,2009,7
724,36942,2818,0,36942,2009,7
0,336,0,0,0,2009,7
204,17608,60,0,0,2009,7
196,18776,0,0,18776,2009,7
0,3869,0,0,0,2009,7
428,20405,15929,0,0,2009,7
426,20698,12039,0,20698,2009,7
0,603,0,0,0,2009,7
138,11166,0,0,0,2009,7
139,11107,1,0,11107,2009,7
0,1270,0,0,0,2009,7
328,18901,661,0,0,2009,7
328,17445,2014,0,17445,2009,7
0,141,0,0,0,2009,7
46,1347,0,0,0,2009,7
44,1532,0,0,1532,2009,7
0,94,0,0,0,2009,7
474,20068,10152,1035,0,2009,7
476,20876,12871,92,20876,2009,7
0,2238,15,0,0,2009,7
193,18294,163024,14,0,2009,7
192,19999,175133,900,19999,2009,7
0,2607,106880,0,0,2009,7
556,36073,7670,0,0,2009,7
559,35498,6434,0,35498,2009,7
241,26619,0,0,0,2009,7
238,27236,0,0,27236,2009,7
0,3231,0,0,0,2009,7
10107,836908,9177439,549348,0,2009,8
10040,816118,5499104,455109,816118,2009,8
0,4354,1025069,40,0,2009,8
443,53082,43160,1929,0,2009,8
508,49953,99360,365,49953,2009,8
0,1429,0,0,0,2009,8
663,33044,8904,0,0,2009,8
671,33616,2298,0,33616,2009,8
0,3,0,0,0,2009,8
209,18574,6,0,0,2009,8
201,17771,0,0,17771,2009,8
0,5412,0,0,0,2009,8
392,19455,14509,0,0,2009,8
392,19339,12493,0,19339,2009,8
0,548,0,0,0,2009,8
137,12494,0,0,0,2009,8
138,12357,0,0,12357,2009,8
0,2025,0,0,0,2009,8
315,17578,989,0,0,2009,8
315,18754,1039,0,18754,2009,8
0,138,0,0,0,2009,8
43,1347,0,0,0,2009,8
43,1321,0,0,1321,2009,8
0,154,0,0,0,2009,8
449,19449,13062,970,0,2009,8
449,19411,7798,0,19411,2009,8
0,2782,1,0,0,2009,8
189,19924,148854,30,0,2009,8
188,19587,156420,0,19587,2009,8
0,2583,94823,0,0,2009,8
534,37252,7613,0,0,2009,8
536,39334,5922,0,39334,2009,8
234,29137,0,0,0,2009,8
233,29905,0,0,29905,2009,8
0,3439,0,0,0,2009,8
10156,834472,10194379,568067,0,2009,9
10073,794220,5830009,500150,794220,2009,9
0,3330,1057707,29,0,2009,9
380,40370,143093,1256,0,2009,9
462,36898,163075,50,36898,2009,9
0,1482,29981,0,0,2009,9
718,37293,7857,0,0,2009,9
722,36337,2941,0,36337,2009,9
0,9,0,0,0,2009,9
178,15406,17,0,0,2009,9
174,12701,0,0,12701,2009,9
0,3710,0,0,0,2009,9
444,21542,18966,0,0,2009,9
443,20850,14721,0,20850,2009,9
0,762,0,0,0,2009,9
116,8513,0,0,0,2009,9
116,8860,0,0,8860,2009,9
0,2024,0,0,0,2009,9
318,16551,1430,0,0,2009,9
315,16855,1381,0,16855,2009,9
0,120,0,0,0,2009,9
31,784,0,0,0,2009,9
32,757,0,0,757,2009,9
0,40,0,0,0,2009,9
474,22100,7199,1080,0,2009,9
472,21360,8504,2,21360,2009,9
0,3065,0,0,0,2009,9
163,16480,179552,0,0,2009,9
165,13143,188658,0,13143,2009,9
0,2076,116607,0,0,2009,9
514,35693,10111,0,0,2009,9
518,35398,4156,0,35398,2009,9
203,23070,0,0,0,2009,9
198,21883,0,0,21883,2009,9
0,2676,0,0,0,2009,9
10188,784179,12546703,546676,0,2009,10
10091,797097,6550757,554178,797097,2009,10
0,3400,1547422,0,0,2009,10
308,29364,181021,1221,0,2009,10
387,24423,109713,3879,24423,2009,10
0,1336,30685,0,0,2009,10
682,35291,11645,0,0,2009,10
687,34657,3353,0,34657,2009,10
84,7445,12,0,0,2009,10
83,5669,0,0,5669,2009,10
0,1213,0,0,0,2009,10
419,20084,19148,0,0,2009,10
419,20250,19987,0,20250,2009,10
0,217,0,0,0,2009,10
60,5477,0,0,0,2009,10
60,4210,0,0,4210,2009,10
0,1317,0,0,0,2009,10
305,16312,1339,0,0,2009,10
306,16963,1617,0,16963,2009,10
0,1,0,0,0,2009,10
22,812,0,0,0,2009,10
19,596,0,0,596,2009,10
473,19452,9991,2037,0,2009,10
474,18819,10080,1,18819,2009,10
0,2951,50,0,0,2009,10
113,6351,153806,0,0,2009,10
114,4294,486578,0,4294,2009,10
0,1949,125624,0,0,2009,10
540,32390,9923,0,0,2009,10
541,34164,3468,1,34164,2009,10
96,10511,0,0,0,2009,10
97,9082,0,0,9082,2009,10
0,1700,0,0,0,2009,10
9787,681662,13715397,560905,0,2009,11
9717,679255,6846889,560313,679255,2009,11
0,2448,1634192,490,0,2009,11
165,8228,1195675,643,0,2009,11
241,8507,174177,189,8507,2009,11
0,1394,7853,0,0,2009,11
646,29226,9517,0,0,2009,11
645,29581,3105,0,29581,2009,11
0,74,0,0,0,2009,11
51,4035,0,0,0,2009,11
49,4226,132,0,4226,2009,11
0,390,0,0,0,2009,11
401,19576,15855,0,0,2009,11
401,19920,15797,0,19920,2009,11
0,244,0,0,0,2009,11
12,831,0,0,0,2009,11
12,592,0,0,592,2009,11
320,13738,1304,0,0,2009,11
318,14193,1208,0,14193,2009,11
8,252,0,0,0,2009,11
10,259,0,0,259,2009,11
432,14886,10353,2463,0,2009,11
430,14873,13526,29,14873,2009,11
0,1930,0,0,0,2009,11
86,4736,163704,0,0,2009,11
87,5013,180526,0,5013,2009,11
0,186,141788,0,0,2009,11
629,33919,9546,0,0,2009,11
630,33218,3955,0,33218,2009,11
69,8159,252,0,0,2009,11
67,7866,0,0,7866,2009,11
0,245,0,0,0,2009,11
9144,664223,10707456,515737,0,2009,12
9057,664844,6117710,739344,664844,2009,12
0,2226,1348839,1050,0,2009,12
221,12278,572989,409,0,2009,12
279,11636,141149,0,11636,2009,12
0,1643,2000,500,0,2009,12
576,25339,9554,0,0,2009,12
577,25266,2515,0,25266,2009,12
0,124,0,0,0,2009,12
35,2778,0,0,0,2009,12
36,2719,0,0,2719,2009,12
0,177,0,0,0,2009,12
521,36994,17271,0,0,2009,12
518,29528,12996,0,29528,2009,12
0,137,0,0,0,2009,12
66,9198,0,0,0,2009,12
69,4545,0,0,4545,2009,12
335,19115,615,0,0,2009,12
336,16145,2034,0,16145,2009,12
12,70,0,0,0,2009,12
13,116,0,0,116,2009,12
0,183,0,0,0,2009,12
403,13103,10284,2072,0,2009,12
403,12125,12669,236,12125,2009,12
0,2678,1,0,0,2009,12
68,2681,145118,0,0,2009,12
70,2659,177512,260,2659,2009,12
0,140,138361,0,0,2009,12
677,51369,8476,0,0,2009,12
678,42055,5518,0,42055,2009,12
0,155,0,0,0,2009,12
155,17931,0,0,0,2009,12
154,11206,0,0,11206,2009,12
0,366,0,0,0,2009,12
8962,581403,10291952,557486,0,2010,1
8963,600050,5349236,505658,600050,2010,1
0,1365,1179671,182,0,2010,1
234,8407,230782,951,0,2010,1
274,9340,236464,11,9340,2010,1
0,1021,13908,0,0,2010,1
551,22933,7135,0,0,2010,1
550,24737,2579,0,24737,2010,1
37,3318,0,0,0,2010,1
35,3335,0,0,3335,2010,1
692,47975,13832,0,0,2010,1
701,49889,15465,0,49889,2010,1
0,142,0,0,0,2010,1
237,29015,0,0,0,2010,1
226,27698,0,0,27698,2010,1
341,16279,1109,0,0,2010,1
339,18408,1033,0,18408,2010,1
13,106,0,0,0,2010,1
13,81,0,0,81,2010,1
365,11119,5993,1685,0,2010,1
362,12211,11311,0,12211,2010,1
0,1755,0,0,0,2010,1
73,3505,151798,0,0,2010,1
74,3509,150089,0,3509,2010,1
0,437,117177,0,0,2010,1
776,55217,6815,0,0,2010,1
777,59326,1131,0,59326,2010,1
387,45418,0,0,0,2010,1
386,43447,0,0,43447,2010,1
0,140,0,0,0,2010,1
8741,595029,10487517,508293,0,2010,2
8686,587466,6075374,463994,587466,2010,2
0,1225,1253189,579,0,2010,2
142,5195,76144,474,0,2010,2
195,6380,38214,0,6380,2010,2
0,1177,0,0,0,2010,2
562,24762,6916,0,0,2010,2
557,25192,2281,0,25192,2010,2
0,206,0,0,0,2010,2
37,3979,117,0,0,2010,2
42,4153,67,0,4153,2010,2
0,402,0,0,0,2010,2
650,46705,16987,0,0,2010,2
658,46195,15155,0,46195,2010,2
0,185,0,0,0,2010,2
188,24624,1,0,0,2010,2
180,24280,0,0,24280,2010,2
307,17091,1267,0,0,2010,2
307,16874,1684,0,16874,2010,2
13,803,0,0,0,2010,2
13,883,0,0,883,2010,2
383,12486,6213,1192,0,2010,2
382,12359,9675,1,12359,2010,2
0,1946,10,0,0,2010,2
76,3514,177050,0,0,2010,2
79,3616,173037,0,3616,2010,2
0,344,133650,0,0,2010,2
732,55494,4299,0,0,2010,2
729,54669,897,0,54669,2010,2
0,47,0,0,0,2010,2
294,39490,320,0,0,2010,2
297,38913,0,0,38913,2010,2
0,443,0,0,0,2010,2
10115,730656,13487494,553472,0,2010,3
10033,739378,6611169,519628,739378,2010,3
0,1755,1264100,82,0,2010,3
178,8634,249257,134,0,2010,3
255,10249,104490,0,10249,2010,3
0,1279,900,0,0,2010,3
662,31810,8875,0,0,2010,3
659,32509,3614,0,32509,2010,3
0,37,0,0,0,2010,3
54,5236,0,0,0,2010,3
57,5232,0,0,5232,2010,3
0,298,0,0,0,2010,3
696,49321,15080,0,0,2010,3
699,53027,15367,0,53027,2010,3
0,235,0,0,0,2010,3
159,19664,0,0,0,2010,3
154,22508,0,0,22508,2010,3
0,48,0,0,0,2010,3
338,19894,721,0,0,2010,3
339,20196,1250,0,20196,2010,3
28,1060,0,0,0,2010,3
27,1025,0,0,1025,2010,3
483,16416,8279,1254,0,2010,3
484,16851,10539,13,16851,2010,3
0,2663,0,0,0,2010,3
103,5253,187270,0,0,2010,3
99,5772,194374,0,5772,2010,3
0,450,169332,0,0,2010,3
789,57245,6211,0,0,2010,3
790,61153,2695,0,61153,2010,3
246,27411,233,0,0,2010,3
245,34044,2635,0,34044,2010,3
0,350,0,0,0,2010,3
8897,696554,11902709,432029,0,2010,4
8817,655773,6279392,484141,655773,2010,4
0,1716,1308438,70,0,2010,4
281,21890,427781,0,0,2010,4
367,19139,266675,0,19139,2010,4
0,625,71903,0,0,2010,4
554,25504,11129,0,0,2010,4
550,25126,2779,0,25126,2010,4
0,37,0,0,0,2010,4
78,5076,12779,0,0,2010,4
82,4457,0,0,4457,2010,4
0,808,0,0,0,2010,4
466,23473,13722,0,0,2010,4
466,25187,13567,0,25187,2010,4
0,127,0,0,0,2010,4
69,6041,0,0,0,2010,4
68,9248,0,0,9248,2010,4
0,46,0,0,0,2010,4
254,12437,641,0,0,2010,4
254,13358,1382,0,13358,2010,4
18,358,0,0,0,2010,4
18,483,0,0,483,2010,4
411,13187,7659,1325,0,2010,4
414,13689,9126,0,13689,2010,4
0,2578,0,0,0,2010,4
121,9137,293471,0,0,2010,4
118,8007,250744,0,8007,2010,4
0,750,61891,0,0,2010,4
534,32104,5504,0,0,2010,4
533,32082,7787,0,32082,2010,4
141,13853,90,0,0,2010,4
142,13601,13580,0,13601,2010,4
0,863,0,0,0,2010,4
10589,861402,14085625,537777,0,2010,5
10540,868587,6768014,510594,868587,2010,5
0,3077,1632071,99,0,2010,5
367,26211,686529,0,0,2010,5
426,27514,129273,0,27514,2010,5
0,1499,0,0,0,2010,5
659,35549,11529,0,0,2010,5
664,35568,2519,0,35568,2010,5
0,140,0,0,0,2010,5
141,9828,1006,0,0,2010,5
135,11186,0,0,11186,2010,5
0,1558,0,0,0,2010,5
468,21373,13364,0,0,2010,5
469,22367,11558,0,22367,2010,5
0,216,0,0,0,2010,5
104,8336,0,0,0,2010,5
102,8583,0,0,8583,2010,5
0,906,0,0,0,2010,5
320,18272,1374,0,0,2010,5
320,17172,1646,0,17172,2010,5
44,913,0,0,0,2010,5
43,873,0,0,873,2010,5
0,71,0,0,0,2010,5
503,20223,9229,1014,0,2010,5
499,20150,7037,13,20150,2010,5
0,3025,7,0,0,2010,5
161,9620,131218,0,0,2010,5
163,12560,155755,0,12560,2010,5
0,992,130125,0,0,2010,5
595,35605,7730,0,0,2010,5
596,35754,4507,130,35754,2010,5
189,17818,0,0,0,2010,5
187,20011,0,0,20011,2010,5
0,644,0,0,0,2010,5
10682,870047,12315698,514105,0,2010,6
10609,887165,6058390,502914,887165,2010,6
0,3031,1628348,62,0,2010,6
340,27580,366993,0,0,2010,6
408,32931,1623,0,32931,2010,6
0,1572,40792,0,0,2010,6
674,35170,10458,0,0,2010,6
677,35813,3734,0,35813,2010,6
0,224,0,0,0,2010,6
163,12827,250,0,0,2010,6
162,13652,490,0,13652,2010,6
0,3644,0,0,0,2010,6
497,24542,14271,0,0,2010,6
496,23833,11317,0,23833,2010,6
0,316,0,0,0,2010,6
110,10921,0,0,0,2010,6
110,10551,0,0,10551,2010,6
0,713,0,0,0,2010,6
316,17672,311,0,0,2010,6
316,16866,980,0,16866,2010,6
23,161,0,0,0,2010,6
22,617,0,0,617,2010,6
519,20252,7060,868,0,2010,6
521,20466,6974,641,20466,2010,6
0,3254,0,0,0,2010,6
197,15289,183619,0,0,2010,6
196,15780,189081,0,15780,2010,6
0,3833,140721,0,0,2010,6
598,37407,6808,0,0,2010,6
598,36650,4246,0,36650,2010,6
226,26597,0,0,0,2010,6
227,24723,0,0,24723,2010,6
0,1969,0,0,0,2010,6
10772,950315,10525278,531710,0,2010,7
10691,989542,5368394,489448,989542,2010,7
0,2297,1623444,0,0,2010,7
446,40838,137130,0,0,2010,7
522,46439,188138,0,46439,2010,7
0,2364,58063,0,0,2010,7
658,35039,16252,0,0,2010,7
658,36284,3723,0,36284,2010,7
0,646,0,0,0,2010,7
196,17243,0,0,0,2010,7
200,18490,0,0,18490,2010,7
0,4243,0,0,0,2010,7
479,23341,12695,0,0,2010,7
479,23968,13824,0,23968,2010,7
0,203,0,0,0,2010,7
126,10703,0,0,0,2010,7
121,10472,0,0,10472,2010,7
0,1013,0,0,0,2010,7
327,21877,0,0,0,2010,7
327,19747,0,0,19747,2010,7
38,1782,0,0,0,2010,7
38,1510,0,0,1510,2010,7
0,132,0,0,0,2010,7
494,19021,9618,576,0,2010,7
497,20010,6592,171,20010,2010,7
0,3131,300,50,0,2010,7
219,19660,188397,0,0,2010,7
218,21383,295971,0,21383,2010,7
0,3794,150044,0,0,2010,7
578,40003,7499,0,0,2010,7
581,38715,3695,0,38715,2010,7
0,25,0,0,0,2010,7
243,28526,0,0,0,2010,7
241,29401,0,0,29401,2010,7
0,1920,0,0,0,2010,7
10632,960402,10380933,539464,0,2010,8
10569,944165,5784713,471391,944165,2010,8
0,2047,1886069,0,0,2010,8
385,42458,124522,0,0,2010,8
454,38790,67931,0,38790,2010,8
0,2995,65601,0,0,2010,8
631,33759,13007,0,0,2010,8
624,34184,3027,0,34184,2010,8
0,969,0,0,0,2010,8
165,16835,505,0,0,2010,8
168,16229,0,0,16229,2010,8
0,4297,0,0,0,2010,8
453,23675,13194,0,0,2010,8
455,24493,10600,0,24493,2010,8
0,201,0,0,0,2010,8
108,10046,0,0,0,2010,8
108,10291,0,0,10291,2010,8
0,1060,0,0,0,2010,8
318,19903,0,0,0,2010,8
316,21599,0,0,21599,2010,8
38,921,0,0,0,2010,8
41,949,0,0,949,2010,8
423,18958,9102,388,0,2010,8
423,18798,7241,1,18798,2010,8
0,2432,172,0,0,2010,8
208,19982,174699,0,0,2010,8
205,19271,187021,0,19271,2010,8
0,4284,141225,0,0,2010,8
581,40664,7915,0,0,2010,8
584,43221,2634,0,43221,2010,8
226,29150,200,131,0,2010,8
222,29418,200,131,29418,2010,8
0,1441,52,0,0,2010,8
10592,953328,11280463,595460,0,2010,9
10501,918943,6500106,505738,918943,2010,9
0,1734,2008750,2,0,2010,9
339,34561,22997,0,0,2010,9
433,31720,9056,0,31720,2010,9
0,6806,32215,0,0,2010,9
687,39142,13052,0,0,2010,9
687,37254,3457,0,37254,2010,9
0,138,0,0,0,2010,9
159,14157,2615,0,0,2010,9
159,12395,0,0,12395,2010,9
0,4355,0,0,0,2010,9
499,26546,16337,0,0,2010,9
500,25404,13415,181,25404,2010,9
0,323,0,0,0,2010,9
89,7526,89,0,0,2010,9
87,7917,0,0,7917,2010,9
0,965,0,0,0,2010,9
305,17634,0,0,0,2010,9
304,17986,0,0,17986,2010,9
27,840,0,0,0,2010,9
27,808,0,0,808,2010,9
497,22555,4449,1544,0,2010,9
499,21944,6732,584,21944,2010,9
0,3307,0,0,0,2010,9
178,16659,191267,0,0,2010,9
178,13730,338656,0,13730,2010,9
0,2988,163928,0,0,2010,9
571,40372,3754,0,0,2010,9
574,39351,2541,0,39351,2010,9
0,311,0,0,0,2010,9
233,25832,330,0,0,2010,9
228,25302,0,0,25302,2010,9
0,1663,0,0,0,2010,9
10606,879029,12699045,423027,0,2010,10
10500,890701,6697126,560417,890701,2010,10
0,1955,1950245,798,0,2010,10
280,25976,57002,10,0,2010,10
385,22055,57630,0,22055,2010,10
0,7362,20927,0,0,2010,10
665,36053,11455,0,0,2010,10
665,36061,2698,0,36061,2010,10
0,270,0,0,0,2010,10
94,8542,2880,0,0,2010,10
94,6586,0,0,6586,2010,10
0,1964,0,0,0,2010,10
446,20925,21830,40,0,2010,10
445,21182,19985,0,21182,2010,10
0,302,0,0,0,2010,10
58,5473,0,0,0,2010,10
59,4255,0,0,4255,2010,10
0,845,0,0,0,2010,10
303,16247,45,0,0,2010,10
302,16634,0,0,16634,2010,10
34,1060,0,0,0,2010,10
35,986,0,0,986,2010,10
0,71,0,0,0,2010,10
531,21350,6632,822,0,2010,10
533,21418,18978,62,21418,2010,10
0,2982,134,0,0,2010,10
119,9348,174188,0,0,2010,10
118,7390,181193,0,7390,2010,10
0,1240,172981,0,0,2010,10
583,36977,7294,1,0,2010,10
584,38714,5151,0,38714,2010,10
0,95,0,0,0,2010,10
129,15333,0,0,0,2010,10
130,14464,0,0,14464,2010,10
0,1827,0,0,0,2010,10
9975,766015,12687907,644844,0,2010,11
9884,753856,6842040,561109,753856,2010,11
0,2323,1885022,466,0,2010,11
210,11363,135690,10,0,2010,11
293,11160,115819,105,11160,2010,11
0,4915,25111,0,0,2010,11
606,31211,8790,0,0,2010,11
606,31319,2933,0,31319,2010,11
55,3841,128,0,0,2010,11
55,3818,0,0,3818,2010,11
0,607,0,0,0,2010,11
440,21609,22711,0,0,2010,11
440,22121,16021,0,22121,2010,11
0,292,0,0,0,2010,11
25,1126,0,0,0,2010,11
24,831,0,0,831,2010,11
261,12752,0,0,0,2010,11
258,13290,0,0,13290,2010,11
20,207,0,0,0,2010,11
22,207,0,0,207,2010,11
344,14157,7566,451,0,2010,11
343,14014,6233,3,14014,2010,11
0,1599,34,0,0,2010,11
92,5171,158453,0,0,2010,11
90,4906,213157,0,4906,2010,11
0,363,193105,0,0,2010,11
553,32858,6614,0,0,2010,11
556,31557,11684,0,31557,2010,11
81,9866,0,0,0,2010,11
78,9308,0,0,9308,2010,11
0,248,0,0,0,2010,11
8965,699999,10048527,330639,0,2010,12
8874,706996,6646413,732265,706996,2010,12
0,2256,1292661,27,0,2010,12
258,13211,175392,0,0,2010,12
325,11116,255012,1738,11116,2010,12
0,6236,96435,124,0,2010,12
514,25920,8878,0,0,2010,12
520,26476,2331,0,26476,2010,12
0,187,0,0,0,2010,12
53,3207,125,0,0,2010,12
52,3079,0,0,3079,2010,12
0,853,0,0,0,2010,12
554,40517,15983,0,0,2010,12
557,33303,16470,0,33303,2010,12
0,198,0,0,0,2010,12
67,9187,0,0,0,2010,12
63,4909,6,0,4909,2010,12
247,14727,0,0,0,2010,12
249,12764,0,0,12764,2010,12
23,184,0,0,0,2010,12
24,165,0,0,165,2010,12
276,11173,3566,632,0,2010,12
279,10914,5163,0,10914,2010,12
0,1690,98,0,0,2010,12
69,2563,160616,0,0,2010,12
69,2305,143673,0,2305,2010,12
0,551,147416,0,0,2010,12
646,47638,8178,0,0,2010,12
644,39112,10591,0,39112,2010,12
0,65,0,0,0,2010,12
148,18727,0,0,0,2010,12
151,11040,0,0,11040,2010,12
0,210,0,0,0,2010,12
9051,622231,8911588,373859,0,2011,1
9043,633035,6644434,563735,633035,2011,1
0,2585,1957433,402,0,2011,1
216,10533,34801,0,0,2011,1
243,10108,63496,0,10108,2011,1
0,2836,43185,2,0,2011,1
532,25359,11911,0,0,2011,1
523,26023,4027,0,26023,2011,1
0,515,0,0,0,2011,1
51,3591,0,0,0,2011,1
56,3277,277,0,3277,2011,1
0,328,0,0,0,2011,1
676,49431,16970,0,0,2011,1
690,53143,17365,0,53143,2011,1
0,233,0,0,0,2011,1
220,27380,0,0,0,2011,1
207,24895,80,0,24895,2011,1
281,14874,0,0,0,2011,1
279,16209,0,0,16209,2011,1
12,20,0,0,0,2011,1
12,40,0,0,40,2011,1
247,10850,5173,344,0,2011,1
241,11622,4950,2,11622,2011,1
0,789,0,0,0,2011,1
96,3478,487195,0,0,2011,1
99,3326,492686,0,3326,2011,1
0,489,165372,0,0,2011,1
820,62117,7518,0,0,2011,1
816,64508,4390,0,64508,2011,1
0,28,0,0,0,2011,1
380,46666,0,0,0,2011,1
384,45534,12979,0,45534,2011,1
0,431,0,0,0,2011,1
8889,622083,8537588,591477,0,2011,2
8835,622278,7281052,493947,622278,2011,2
0,2386,1558386,9,0,2011,2
136,4981,101946,0,0,2011,2
188,4552,145520,0,4552,2011,2
0,1569,55557,6,0,2011,2
559,27497,8359,0,0,2011,2
558,28033,1826,0,28033,2011,2
42,3250,0,0,0,2011,2
42,3413,0,0,3413,2011,2
0,160,0,0,0,2011,2
652,50033,15686,0,0,2011,2
651,49607,14247,0,49607,2011,2
0,275,0,0,0,2011,2
217,27010,0,0,0,2011,2
217,26914,152,0,26914,2011,2
261,15720,0,0,0,2011,2
261,15713,27,0,15713,2011,2
11,157,0,0,0,2011,2
11,304,0,0,304,2011,2
255,12262,5510,290,0,2011,2
254,12265,4675,66,12265,2011,2
0,247,0,0,0,2011,2
79,2880,187958,0,0,2011,2
81,3219,210701,0,3219,2011,2
0,203,154985,0,0,2011,2
748,63001,6645,0,0,2011,2
748,62446,10228,0,62446,2011,2
237,33632,117,0,0,2011,2
237,33801,13854,0,33801,2011,2
10197,775702,11941681,554694,0,2011,3
10147,761534,8174391,568011,761534,2011,3
0,3079,1917284,0,0,2011,3
176,9954,86704,0,0,2011,3
229,11563,48194,0,11563,2011,3
0,3153,68368,0,0,2011,3
620,30924,10409,0,0,2011,3
619,30811,4501,0,30811,2011,3
0,2,0,0,0,2011,3
55,4400,0,0,0,2011,3
57,4831,10,0,4831,2011,3
0,172,0,0,0,2011,3
708,51062,16775,0,0,2011,3
710,55195,17392,0,55195,2011,3
0,328,0,0,0,2011,3
168,19471,0,0,0,2011,3
166,23157,0,0,23157,2011,3
0,52,0,0,0,2011,3
287,15721,1,0,0,2011,3
288,17196,23,0,17196,2011,3
23,371,0,0,0,2011,3
22,166,0,0,166,2011,3
297,14132,6322,160,0,2011,3
298,14320,7443,1,14320,2011,3
0,317,0,0,0,2011,3
113,6719,222183,0,0,2011,3
113,8132,208243,0,8132,2011,3
0,382,211106,0,0,2011,3
794,61519,7231,0,0,2011,3
793,67369,9500,0,67369,2011,3
215,23460,248,0,0,2011,3
216,31443,2740,0,31443,2011,3
0,470,0,0,0,2011,3
9920,845702,10883004,531500,0,2011,4
9877,838949,7612602,573071,838949,2011,4
0,1794,1958835,0,0,2011,4
210,18374,158521,0,0,2011,4
252,20472,116931,0,20472,2011,4
0,723,40981,0,0,2011,4
571,31954,9844,0,0,2011,4
577,32335,3831,0,32335,2011,4
0,137,0,0,0,2011,4
67,5603,4139,0,0,2011,4
62,5802,0,0,5802,2011,4
0,223,0,0,0,2011,4
514,30210,15465,0,0,2011,4
517,32484,11496,0,32484,2011,4
0,275,0,0,0,2011,4
72,6674,0,0,0,2011,4
69,10284,0,0,10284,2011,4
0,142,0,0,0,2011,4
256,14263,1,0,0,2011,4
257,13710,46,0,13710,2011,4
24,345,0,0,0,2011,4
21,399,0,0,399,2011,4
0,242,0,0,0,2011,4
293,16479,8074,437,0,2011,4
293,16224,7604,2,16224,2011,4
0,232,0,0,0,2011,4
126,9621,182698,0,0,2011,4
127,9738,176498,0,9738,2011,4
0,213,195897,0,0,2011,4
567,38575,6511,0,0,2011,4
567,39586,3119,0,39586,2011,4
109,12243,5,0,0,2011,4
110,12839,0,0,12839,2011,4
0,260,0,0,0,2011,4
10676,929022,9583566,439522,0,2011,5
10648,933499,7620801,551967,933499,2011,5
0,1262,1705503,9,0,2011,5
255,18843,18325,0,0,2011,5
286,18372,43613,76,18372,2011,5
0,1642,0,0,0,2011,5
632,36600,10794,0,0,2011,5
631,36125,3506,0,36125,2011,5
0,290,0,0,0,2011,5
106,5523,0,0,0,2011,5
106,6668,0,0,6668,2011,5
0,1513,0,0,0,2011,5
419,21272,15533,0,0,2011,5
420,21821,14031,0,21821,2011,5
0,423,0,0,0,2011,5
72,5829,0,0,0,2011,5
71,5593,0,0,5593,2011,5
0,458,0,0,0,2011,5
271,15759,20,0,0,2011,5
269,14840,7,0,14840,2011,5
24,82,0,0,0,2011,5
25,70,0,0,70,2011,5
318,19757,7216,455,0,2011,5
317,20041,7709,1,20041,2011,5
0,240,0,0,0,2011,5
160,9148,220988,0,0,2011,5
160,9655,275079,0,9655,2011,5
0,2174,230583,0,0,2011,5
581,40377,6174,0,0,2011,5
580,40659,4352,0,40659,2011,5
0,53,0,0,0,2011,5
149,15879,35,0,0,2011,5
149,16758,0,0,16758,2011,5
0,739,0,0,0,2011,5
10358,929691,8010840,506918,0,2011,6
10346,946575,6934398,530468,946575,2011,6
0,1805,1658341,0,0,2011,6
301,20804,159458,0,0,2011,6
314,24819,195917,0,24819,2011,6
0,1892,115543,194,0,2011,6
568,35341,7859,0,0,2011,6
569,34911,4379,0,34911,2011,6
0,135,0,0,0,2011,6
203,12744,333,0,0,2011,6
201,13933,333,0,13933,2011,6
0,3712,0,0,0,2011,6
393,22334,15036,0,0,2011,6
397,22446,17743,0,22446,2011,6
0,264,0,0,0,2011,6
115,10076,0,0,0,2011,6
110,9644,0,0,9644,2011,6
0,795,0,0,0,2011,6
251,15856,2,0,0,2011,6
249,14896,1,0,14896,2011,6
41,706,0,0,0,2011,6
42,984,0,0,984,2011,6
302,19924,5799,355,0,2011,6
303,20054,6272,2,20054,2011,6
0,409,0,0,0,2011,6
211,15098,189821,0,0,2011,6
211,17526,213448,0,17526,2011,6
0,2643,181508,0,0,2011,6
540,39397,7161,0,0,2011,6
540,39228,2909,0,39228,2011,6
221,26495,5,0,0,2011,6
221,26182,0,0,26182,2011,6
0,1553,0,0,0,2011,6
10618,1018372,7791978,530529,0,2011,7
10610,1055731,6998442,561500,1055731,2011,7
0,2563,1576992,166,0,2011,7
344,35639,15840,0,0,2011,7
358,40047,96609,0,40047,2011,7
0,1353,0,0,0,2011,7
598,36770,8417,0,0,2011,7
598,38503,3544,0,38503,2011,7
0,82,0,0,0,2011,7
205,14976,284,0,0,2011,7
206,16364,515,0,16364,2011,7
0,3503,0,0,0,2011,7
359,22219,18208,0,0,2011,7
362,22099,12620,0,22099,2011,7
0,5,0,0,0,2011,7
128,12711,107,0,0,2011,7
125,12066,0,0,12066,2011,7
0,745,0,0,0,2011,7
276,18555,3,0,0,2011,7
276,17171,12,0,17171,2011,7
56,1666,0,0,0,2011,7
55,1568,0,0,1568,2011,7
0,10,0,0,0,2011,7
340,20998,10071,476,0,2011,7
339,21848,6842,0,21848,2011,7
0,828,67,0,0,2011,7
236,19207,190551,0,0,2011,7
239,20968,238871,0,20968,2011,7
0,3464,193242,0,0,2011,7
598,44760,6748,0,0,2011,7
595,43593,4355,0,43593,2011,7
0,618,0,0,0,2011,7
257,28440,0,0,0,2011,7
260,28987,0,0,28987,2011,7
0,3541,0,0,0,2011,7
10440,1011306,8127969,508529,0,2011,8
10404,993470,6566717,549078,993470,2011,8
0,1829,1324307,130,0,2011,8
293,34318,47671,10,0,2011,8
321,32270,2255,0,32270,2011,8
0,2794,15055,0,0,2011,8
529,32374,7555,0,0,2011,8
529,33045,3381,0,33045,2011,8
186,15311,0,0,0,2011,8
186,15215,2,0,15215,2011,8
0,4384,0,0,0,2011,8
321,20257,15441,0,0,2011,8
330,21011,14599,0,21011,2011,8
103,10541,0,0,0,2011,8
95,10512,0,0,10512,2011,8
0,828,0,0,0,2011,8
270,16973,1,0,0,2011,8
268,17754,21,0,17754,2011,8
47,1196,0,0,0,2011,8
46,1078,0,0,1078,2011,8
311,20727,7557,385,0,2011,8
310,20850,8814,1,20850,2011,8
0,26,0,0,0,2011,8
215,20165,326211,0,0,2011,8
216,19899,202362,0,19899,2011,8
0,3341,164532,0,0,2011,8
583,45010,8681,0,0,2011,8
583,47620,3145,0,47620,2011,8
220,27639,0,0,0,2011,8
220,29081,2400,0,29081,2011,8
0,3099,0,0,0,2011,8
10654,1036182,9405055,637237,0,2011,9
10631,997812,6663151,565416,997812,2011,9
0,1918,1452683,0,0,2011,9
321,29550,37919,0,0,2011,9
349,26644,51210,149,26644,2011,9
0,4773,35974,0,0,2011,9
541,38482,8610,0,0,2011,9
540,35820,3046,0,35820,2011,9
0,6,0,0,0,2011,9
186,12719,915,0,0,2011,9
187,10295,58801,0,10295,2011,9
0,3709,0,0,0,2011,9
357,22568,16021,0,0,2011,9
356,21192,15065,0,21192,2011,9
91,7290,0,0,0,2011,9
89,7498,0,0,7498,2011,9
0,964,0,0,0,2011,9
254,16099,0,0,0,2011,9
254,16353,0,0,16353,2011,9
37,938,0,0,0,2011,9
35,992,0,0,992,2011,9
312,22957,9893,344,0,2011,9
310,22130,6388,0,22130,2011,9
0,107,0,0,0,2011,9
218,16896,273614,0,0,2011,9
219,13594,281763,0,13594,2011,9
0,2889,225206,0,0,2011,9
546,42919,6939,0,0,2011,9
547,42292,4570,0,42292,2011,9
0,2,0,0,0,2011,9
213,25272,50,0,0,2011,9
212,23993,72,0,23993,2011,9
0,2542,0,0,0,2011,9
10523,923320,10299168,596641,0,2011,10
10485,943337,6972386,619122,943337,2011,10
0,3300,1222260,0,0,2011,10
288,21238,96907,68,0,2011,10
326,18348,55280,515,18348,2011,10
0,3779,55197,0,0,2011,10
532,35028,8209,0,0,2011,10
535,35184,3258,0,35184,2011,10
87,5628,0,0,0,2011,10
83,4532,5904,0,4532,2011,10
0,1859,0,0,0,2011,10
315,15767,18425,0,0,2011,10
314,16374,16559,0,16374,2011,10
48,4930,72,0,0,2011,10
50,3850,0,0,3850,2011,10
0,576,0,0,0,2011,10
265,14060,0,0,0,2011,10
264,14646,0,0,14646,2011,10
24,721,0,0,0,2011,10
25,587,0,0,587,2011,10
0,1,0,0,0,2011,10
314,19892,5124,459,0,2011,10
313,19636,5304,95,19636,2011,10
0,1,0,0,0,2011,10
119,8014,179715,0,0,2011,10
121,6327,203875,0,6327,2011,10
0,715,206058,0,0,2011,10
554,38168,5575,0,0,2011,10
555,40085,1513,0,40085,2011,10
0,1,0,0,0,2011,10
119,13999,259,0,0,2011,10
117,12969,0,0,12969,2011,10
0,1236,0,0,0,2011,10
9703,811508,10412066,631484,0,2011,11
9649,779566,6439263,699587,779566,2011,11
0,3064,1211968,55,0,2011,11
188,14552,12055,123,0,2011,11
233,13707,139720,356,13707,2011,11
0,1134,1744,0,0,2011,11
504,30352,8686,0,0,2011,11
500,30006,2965,0,30006,2011,11
0,6,0,0,0,2011,11
65,4305,32,0,0,2011,11
71,4811,380,0,4811,2011,11
0,518,0,0,0,2011,11
304,15528,17067,0,0,2011,11
305,15647,14871,0,15647,2011,11
9,260,0,0,0,2011,11
7,189,0,0,189,2011,11
0,122,0,0,0,2011,11
228,11034,6,0,0,2011,11
227,10652,27,0,10652,2011,11
8,23,0,0,0,2011,11
10,23,0,0,23,2011,11
300,15612,7055,1823,0,2011,11
301,15484,10368,1,15484,2011,11
0,78,0,0,0,2011,11
112,6615,199226,0,0,2011,11
112,6301,244106,0,6301,2011,11
0,1012,228039,0,0,2011,11
504,31546,5183,0,0,2011,11
503,30169,1816,0,30169,2011,11
0,243,0,0,0,2011,11
107,13266,0,0,0,2011,11
107,11995,0,0,11995,2011,11
0,140,0,0,0,2011,11
9075,770617,9359314,548287,0,2011,12
9022,778741,6724803,812320,778741,2011,12
0,3047,1011592,0,0,2011,12
171,10195,65962,0,0,2011,12
204,10569,117443,553,10569,2011,12
0,1403,39276,0,0,2011,12
448,25302,7503,0,0,2011,12
451,24562,3621,0,24562,2011,12
0,3,0,0,0,2011,12
46,3179,0,0,0,2011,12
46,3020,0,0,3020,2011,12
0,426,0,0,0,2011,12
437,33195,15678,0,0,2011,12
437,25147,8885,0,25147,2011,12
57,8836,0,0,0,2011,12
55,4883,0,0,4883,2011,12
237,13632,6,0,0,2011,12
238,11750,2,0,11750,2011,12
16,41,0,0,0,2011,12
17,32,0,0,32,2011,12
271,13129,8450,3350,0,2011,12
270,12874,7782,2,12874,2011,12
0,373,0,0,0,2011,12
88,3124,170391,0,0,2011,12
89,3157,206471,0,3157,2011,12
0,1174,228913,0,0,2011,12
583,49407,7086,0,0,2011,12
577,40318,4598,0,40318,2011,12
130,18474,0,0,0,2011,12
136,12139,0,0,12139,2011,12
0,172,0,0,0,2011,12
8839,680713,7992138,484700,0,2012,1
8844,694242,5593472,591142,694242,2012,1
0,2838,913353,97,0,2012,1
192,9494,42809,0,0,2012,1
206,9347,51520,0,9347,2012,1
0,1058,34271,0,0,2012,1
447,23100,6787,0,0,2012,1
441,24319,3055,0,24319,2012,1
69,2966,0,0,0,2012,1
72,3039,192096,0,3039,2012,1
0,572,0,0,0,2012,1
557,45324,10990,0,0,2012,1
562,47931,10753,1,47931,2012,1
0,2,0,0,0,2012,1
193,20721,0,0,0,2012,1
188,17483,0,0,17483,2012,1
247,11907,3,0,0,2012,1
244,13519,42,0,13519,2012,1
20,127,0,0,0,2012,1
22,114,0,0,114,2012,1
259,12644,7198,2743,0,2012,1
258,13139,5873,74,13139,2012,1
0,146,0,0,0,2012,1
81,3084,194907,0,0,2012,1
82,2706,211992,0,2706,2012,1
0,1477,165208,0,0,2012,1
713,62266,5187,0,0,2012,1
709,63543,3294,0,63543,2012,1
310,42177,158,0,0,2012,1
315,40253,20428,0,40253,2012,1
0,401,0,0,0,2012,1
8761,682857,8937513,575598,0,2012,2
8754,677775,6466994,534340,677775,2012,2
0,2743,1003414,10,0,2012,2
216,12171,161619,119,0,2012,2
228,11112,140188,119,11112,2012,2
0,847,48878,0,0,2012,2
467,26489,5411,0,0,2012,2
465,26656,2249,0,26656,2012,2
82,4127,29,0,0,2012,2
82,4391,365289,0,4391,2012,2
0,632,0,0,0,2012,2
540,47271,11918,0,0,2012,2
541,45819,11175,0,45819,2012,2
203,27375,0,0,0,2012,2
204,27391,0,0,27391,2012,2
167,12095,0,0,0,2012,2
167,11739,17,0,11739,2012,2
26,174,0,0,0,2012,2
25,178,0,0,178,2012,2
0,2,0,0,0,2012,2
266,13826,4563,1909,0,2012,2
267,13669,9388,0,13669,2012,2
98,3149,186175,0,0,2012,2
97,3387,101716,0,3387,2012,2
0,1224,365732,0,0,2012,2
678,66893,4382,0,0,2012,2
678,65740,4448,0,65740,2012,2
255,37471,144,0,0,2012,2
257,37717,58373,0,37717,2012,2
0,201,0,0,0,2012,2
9885,833199,9872050,644456,0,2012,3
9861,837771,7268918,634020,837771,2012,3
0,3630,863764,0,0,2012,3
215,11748,578920,221,0,2012,3
237,12635,122648,0,12635,2012,3
0,1607,110861,0,0,2012,3
515,30754,6127,0,0,2012,3
517,31165,3101,0,31165,2012,3
0,108,0,0,0,2012,3
137,4505,150,0,0,2012,3
138,4770,570474,0,4770,2012,3
0,1354,0,0,0,2012,3
571,48275,14845,0,0,2012,3
570,51750,9603,260,51750,2012,3
222,27221,0,0,0,2012,3
220,29570,0,0,29570,2012,3
0,48,0,0,0,2012,3
198,12549,0,0,0,2012,3
198,13422,25,0,13422,2012,3
20,276,0,0,0,2012,3
21,299,0,0,299,2012,3
299,14999,6910,2851,0,2012,3
298,15911,8939,1,15911,2012,3
97,4344,205335,0,0,2012,3
98,4691,266481,0,4691,2012,3
0,331,250010,0,0,2012,3
714,66612,3213,0,0,2012,3
714,71368,4238,0,71368,2012,3
236,26247,33,0,0,2012,3
236,33506,16636,0,33506,2012,3
0,456,0,0,0,2012,3
10067,934472,9222375,374496,0,2012,4
10056,916905,6715189,510836,916905,2012,4
0,2645,1858942,1648,0,2012,4
219,17111,24818,0,0,2012,4
230,17556,35755,35,17556,2012,4
0,1177,26003,200,0,2012,4
494,32608,4967,0,0,2012,4
493,31981,2371,0,31981,2012,4
0,119,0,0,0,2012,4
74,4945,0,0,0,2012,4
74,4368,88740,0,4368,2012,4
0,831,0,0,0,2012,4
371,21402,14164,0,0,2012,4
373,24639,7754,0,24639,2012,4
0,4,0,0,0,2012,4
60,3869,0,0,0,2012,4
60,8983,0,0,8983,2012,4
0,46,0,0,0,2012,4
170,9689,0,0,0,2012,4
171,9982,27,0,9982,2012,4
28,184,0,0,0,2012,4
24,592,0,0,592,2012,4
0,228,0,0,0,2012,4
325,15685,3969,2392,0,2012,4
325,15511,4170,130,15511,2012,4
120,7776,146970,0,0,2012,4
120,8504,218226,0,8504,2012,4
0,636,285238,0,0,2012,4
497,38011,4805,0,0,2012,4
497,42313,5151,0,42313,2012,4
91,9388,0,0,0,2012,4
90,10710,0,0,10710,2012,4
0,473,0,0,0,2012,4
10639,966661,8660381,599171,0,2012,5
10606,968582,6751617,556077,968582,2012,5
0,2788,1958142,5791,0,2012,5
279,21283,38196,495,0,2012,5
317,24709,71687,384,24709,2012,5
0,1098,9170,0,0,2012,5
521,35947,3610,0,0,2012,5
521,33845,3035,0,33845,2012,5
124,6582,0,0,0,2012,5
123,6956,113796,0,6956,2012,5
0,1846,0,0,0,2012,5
318,16885,13349,0,0,2012,5
317,16808,8034,0,16808,2012,5
83,6382,0,0,0,2012,5
83,6369,0,0,6369,2012,5
0,988,0,0,0,2012,5
182,11268,0,0,0,2012,5
180,10736,5,0,10736,2012,5
38,1113,0,0,0,2012,5
43,1268,0,0,1268,2012,5
0,607,0,0,0,2012,5
369,18462,3145,1702,0,2012,5
366,19099,5028,1,19099,2012,5
0,363,1897,0,0,2012,5
150,8799,133241,0,0,2012,5
151,11357,242704,0,11357,2012,5
0,946,248917,0,0,2012,5
457,36653,4435,0,0,2012,5
457,36581,6101,0,36581,2012,5
0,246,0,0,0,2012,5
168,15299,0,0,0,2012,5
168,17785,0,0,17785,2012,5
0,1519,0,0,0,2012,5
10615,992004,7456124,542130,0,2012,6
10575,1010505,6959423,501124,1010505,2012,6
0,2430,1699680,520,0,2012,6
284,23254,27625,520,0,2012,6
330,31562,59494,724,31562,2012,6
0,2400,11892,0,0,2012,6
522,34711,2467,0,0,2012,6
525,34310,2737,0,34310,2012,6
0,80,0,0,0,2012,6
179,11666,0,0,0,2012,6
181,13621,0,0,13621,2012,6
0,4347,0,0,0,2012,6
322,19834,11822,0,0,2012,6
322,19079,8151,0,19079,2012,6
0,35,0,0,0,2012,6
119,10436,0,0,0,2012,6
118,10296,0,0,10296,2012,6
0,613,0,0,0,2012,6
177,11593,0,0,0,2012,6
177,10813,0,0,10813,2012,6
55,685,0,0,0,2012,6
55,729,0,0,729,2012,6
0,791,0,0,0,2012,6
371,20478,2971,2192,0,2012,6
371,19993,6069,1,19993,2012,6
0,386,0,0,0,2012,6
219,16933,144267,0,0,2012,6
221,18566,243865,0,18566,2012,6
0,2102,262450,0,0,2012,6
450,38372,2371,0,0,2012,6
451,36432,7740,0,36432,2012,6
0,103,0,0,0,2012,6
229,26955,0,0,0,2012,6
230,25319,0,0,25319,2012,6
0,3001,0,0,0,2012,6
10719,1042578,6441546,444126,0,2012,7
10688,1075897,6708090,497985,1075897,2012,7
0,1905,1263228,595,0,2012,7
314,34018,44083,0,0,2012,7
332,36470,24208,0,36470,2012,7
0,1782,17328,0,0,2012,7
538,35808,4348,0,0,2012,7
536,37371,2734,0,37371,2012,7
0,174,0,0,0,2012,7
189,13929,758,0,0,2012,7
185,14485,0,0,14485,2012,7
0,3164,0,0,0,2012,7
323,19887,13059,0,0,2012,7
322,19586,8517,0,19586,2012,7
0,3,0,0,0,2012,7
116,10298,0,0,0,2012,7
118,10166,0,0,10166,2012,7
0,715,0,0,0,2012,7
176,11752,4,0,0,2012,7
175,11346,0,0,11346,2012,7
51,1018,0,0,0,2012,7
53,1226,0,0,1226,2012,7
0,837,0,0,0,2012,7
368,18526,2942,1672,0,2012,7
368,19586,2970,71,19586,2012,7
216,19475,164682,0,0,2012,7
214,19786,222146,0,19786,2012,7
0,2448,295181,0,0,2012,7
455,39149,3002,0,0,2012,7
453,39015,10874,0,39015,2012,7
219,26075,19,0,0,2012,7
219,27427,0,0,27427,2012,7
0,2462,0,0,0,2012,7
10580,1047174,7009061,360677,0,2012,8
10547,1023707,5937082,552282,1023707,2012,8
0,1197,1903512,0,0,2012,8
275,33555,90461,406,0,2012,8
316,31542,62875,672,31542,2012,8
0,1413,34122,0,0,2012,8
502,32480,5302,0,0,2012,8
504,32583,3294,0,32583,2012,8
0,118,0,0,0,2012,8
157,14380,0,0,0,2012,8
159,14068,17748,0,14068,2012,8
0,2739,0,0,0,2012,8
312,20030,11505,0,0,2012,8
312,20240,8789,80,20240,2012,8
95,8554,0,0,0,2012,8
93,8851,0,0,8851,2012,8
0,737,0,0,0,2012,8
177,10282,0,0,0,2012,8
177,11085,0,0,11085,2012,8
75,1401,0,0,0,2012,8
74,1479,0,0,1479,2012,8
0,762,0,0,0,2012,8
350,18798,4221,370,0,2012,8
349,18491,2342,21,18491,2012,8
187,19319,165282,0,0,2012,8
188,19203,232372,0,19203,2012,8
0,2091,254460,0,0,2012,8
455,40768,2320,0,0,2012,8
458,42804,3017,0,42804,2012,8
209,28016,0,0,0,2012,8
206,28798,0,0,28798,2012,8
0,2079,0,0,0,2012,8
10550,1079158,7762925,467152,0,2012,9
10488,1035029,6095894,529284,1035029,2012,9
0,1263,1851388,1345,0,2012,9
280,28746,56611,45,0,2012,9
344,28925,101291,0,28925,2012,9
0,535,14422,0,0,2012,9
527,37505,5134,0,0,2012,9
528,35267,3570,0,35267,2012,9
146,13009,110,0,0,2012,9
143,10686,0,0,10686,2012,9
0,2600,0,0,0,2012,9
320,20692,15338,0,0,2012,9
318,19156,9822,0,19156,2012,9
0,1,0,0,0,2012,9
105,8825,200,0,0,2012,9
109,8984,0,0,8984,2012,9
0,1183,0,0,0,2012,9
175,10933,0,0,0,2012,9
175,11146,0,0,11146,2012,9
33,857,0,0,0,2012,9
34,1047,0,0,1047,2012,9
0,732,0,0,0,2012,9
359,20969,3601,34,0,2012,9
360,20311,2163,24,20311,2012,9
175,16156,163853,0,0,2012,9
174,12424,219089,0,12424,2012,9
0,2152,300187,0,0,2012,9
456,40753,5412,0,0,2012,9
455,39711,5040,0,39711,2012,9
208,26289,0,0,0,2012,9
209,24158,0,0,24158,2012,9
0,2316,0,59,0,2012,9
10612,963061,8557051,535161,0,2012,10
10529,990484,6537630,589686,990484,2012,10
0,1097,1712805,1319,0,2012,10
189,17874,43563,0,0,2012,10
263,16897,45624,181,16897,2012,10
0,830,0,0,0,2012,10
534,34108,3270,0,0,2012,10
533,33511,5795,0,33511,2012,10
62,5069,100,0,0,2012,10
60,3939,0,0,3939,2012,10
0,414,0,0,0,2012,10
295,15363,17043,0,0,2012,10
294,15721,10046,0,15721,2012,10
31,3139,0,0,0,2012,10
32,2206,0,0,2206,2012,10
0,569,0,0,0,2012,10
182,9706,0,0,0,2012,10
182,10374,1,0,10374,2012,10
29,841,0,0,0,2012,10
29,580,0,0,580,2012,10
0,532,0,0,0,2012,10
363,18463,3420,85,0,2012,10
363,18250,1995,175,18250,2012,10
0,65,0,0,0,2012,10
92,4857,191762,0,0,2012,10
92,3753,342085,0,3753,2012,10
0,281,343515,0,0,2012,10
471,36510,6430,0,0,2012,10
471,38037,4593,0,38037,2012,10
94,12402,0,0,0,2012,10
94,10774,0,0,10774,2012,10
0,314,0,0,0,2012,10
9502,834935,9150955,518867,0,2012,11
9469,801894,6142242,590262,801894,2012,11
0,652,1955891,904,0,2012,11
172,10903,250,0,0,2012,11
201,10151,85634,0,10151,2012,11
0,436,0,0,0,2012,11
494,27043,5038,0,0,2012,11
491,26359,3779,0,26359,2012,11
46,3059,0,0,0,2012,11
51,2932,0,0,2932,2012,11
0,266,0,0,0,2012,11
277,15896,15665,0,0,2012,11
275,15116,10373,0,15116,2012,11
0,272,0,0,0,2012,11
6,35,0,0,0,2012,11
8,209,0,0,209,2012,11
164,8251,0,0,0,2012,11
164,8382,0,0,8382,2012,11
16,41,0,0,0,2012,11
13,47,0,0,47,2012,11
0,78,0,0,0,2012,11
303,12671,975,0,0,2012,11
302,12691,1622,70,12691,2012,11
80,3475,187766,0,0,2012,11
82,2989,232191,0,2989,2012,11
0,1,326844,0,0,2012,11
434,32044,4107,0,0,2012,11
435,30309,6038,0,30309,2012,11
69,8007,0,0,0,2012,11
67,7623,0,0,7623,2012,11
0,143,0,0,0,2012,11
8753,784681,7464132,736668,0,2012,12
8716,787278,6235879,766024,787278,2012,12
0,579,1713398,3794,0,2012,12
174,8552,73873,0,0,2012,12
182,7210,123739,10,7210,2012,12
0,396,0,0,0,2012,12
392,20454,1986,0,0,2012,12
397,19933,2299,0,19933,2012,12
0,62,0,0,0,2012,12
31,2534,0,0,0,2012,12
32,2689,0,0,2689,2012,12
434,38559,12148,0,0,2012,12
438,29891,9542,0,29891,2012,12
67,8483,85,0,0,2012,12
60,4634,0,0,4634,2012,12
157,10200,0,0,0,2012,12
158,8524,10,0,8524,2012,12
15,155,0,0,0,2012,12
18,141,0,0,141,2012,12
238,9701,1650,21,0,2012,12
242,8941,1956,100,8941,2012,12
0,210,440,0,0,2012,12
61,1480,162291,0,0,2012,12
60,1417,193756,0,1417,2012,12
0,80,304312,0,0,2012,12
535,50139,5261,0,0,2012,12
531,40771,6527,0,40771,2012,12
0,71,0,0,0,2012,12
157,22999,0,0,0,2012,12
162,12513,558,0,12513,2012,12
8405,670271,7139402,378530,0,2013,1
8433,691093,5484023,572362,691093,2013,1
0,955,1414905,3011,0,2013,1
149,5584,80751,0,0,2013,1
150,5710,29552,552,5710,2013,1
0,543,12750,0,0,2013,1
482,20500,5247,0,0,2013,1
473,21788,3179,0,21788,2013,1
0,81,0,0,0,2013,1
29,1898,0,0,0,2013,1
32,1930,0,0,1930,2013,1
569,49939,11977,0,0,2013,1
568,51617,9204,0,51617,2013,1
185,22337,0,0,0,2013,1
189,20860,0,0,20860,2013,1
173,8729,0,0,0,2013,1
171,10015,0,0,10015,2013,1
16,28,0,0,0,2013,1
17,54,0,0,54,2013,1
280,10298,1241,119,0,2013,1
273,10785,1033,15,10785,2013,1
66,1200,170894,0,0,2013,1
70,1140,248310,0,1140,2013,1
0,0,274835,0,0,2013,1
654,58635,2147,0,0,2013,1
652,61571,4259,0,61571,2013,1
0,113,0,0,0,2013,1
283,37140,0,0,0,2013,1
283,38711,3121,0,38711,2013,1
0,101,0,0,0,2013,1
7949,657390,6822411,504130,0,2013,2
7967,657694,5811928,468568,657694,2013,2
0,701,1783329,5581,0,2013,2
168,7487,29797,1045,0,2013,2
147,8109,57451,471,8109,2013,2
0,236,14413,0,0,2013,2
486,22730,5501,0,0,2013,2
491,23420,3029,0,23420,2013,2
37,2110,0,0,0,2013,2
31,2189,0,0,2189,2013,2
535,52540,11367,0,0,2013,2
535,51231,9713,0,51231,2013,2
195,26328,0,0,0,2013,2
194,26147,0,260,26147,2013,2
161,10028,0,0,0,2013,2
161,10044,0,0,10044,2013,2
20,34,0,0,0,2013,2
20,41,0,0,41,2013,2
274,11103,3378,0,0,2013,2
277,11151,1706,7,11151,2013,2
72,2013,157097,0,0,2013,2
68,2396,240537,0,2396,2013,2
0,0,280941,0,0,2013,2
608,60947,4698,0,0,2013,2
611,60254,3639,0,60254,2013,2
245,36169,96,0,0,2013,2
243,34791,6623,0,34791,2013,2
0,28,0,0,0,2013,2
9212,841169,9319483,445472,0,2013,3
9220,838154,7342978,570172,838154,2013,3
0,467,1567469,3789,0,2013,3
214,12098,171746,0,0,2013,3
210,12472,313871,0,12472,2013,3
0,1087,45210,0,0,2013,3
517,29172,7766,0,0,2013,3
521,28402,2879,0,28402,2013,3
0,121,0,0,0,2013,3
54,4207,0,0,0,2013,3
51,4401,57490,0,4401,2013,3
0,204,0,0,0,2013,3
587,55378,14866,0,0,2013,3
588,59221,9855,0,59221,2013,3
0,76,0,0,0,2013,3
208,26880,0,0,0,2013,3
208,29200,0,0,29200,2013,3
0,45,0,0,0,2013,3
185,10719,0,0,0,2013,3
186,10593,0,0,10593,2013,3
19,111,0,0,0,2013,3
15,149,0,0,149,2013,3
0,222,0,0,0,2013,3
297,13107,3137,0,0,2013,3
302,13329,1572,2,13329,2013,3
87,3524,183654,0,0,2013,3
84,3959,244356,0,3959,2013,3
0,260,330763,0,0,2013,3
680,66933,2923,0,0,2013,3
683,70092,4329,0,70092,2013,3
236,29454,90,0,0,2013,3
234,36266,8366,0,36266,2013,3
0,75,0,0,0,2013,3
9471,892409,8649212,466647,0,2013,4
9446,876577,6235180,540321,876577,2013,4
0,1479,1436048,1747,0,2013,4
168,12365,88707,0,0,2013,4
198,13388,72811,0,13388,2013,4
0,427,3657,0,0,2013,4
552,30193,3869,0,0,2013,4
551,30756,5327,0,30756,2013,4
0,5,0,0,0,2013,4
56,3935,1214,0,0,2013,4
56,4285,0,0,4285,2013,4
0,87,0,0,0,2013,4
330,21091,15245,0,0,2013,4
331,25485,8607,0,25485,2013,4
0,146,0,0,0,2013,4
45,2328,0,0,0,2013,4
43,6687,0,0,6687,2013,4
177,8747,0,0,0,2013,4
176,9554,0,0,9554,2013,4
22,205,0,0,0,2013,4
24,315,0,0,315,2013,4
0,601,0,0,0,2013,4
303,13219,906,0,0,2013,4
300,13616,1487,34,13616,2013,4
0,368,0,0,0,2013,4
106,5429,189651,0,0,2013,4
107,6690,266971,0,6690,2013,4
0,488,358124,0,0,2013,4
560,37103,5008,0,0,2013,4
558,42039,4005,0,42039,2013,4
0,391,0,0,0,2013,4
84,8409,0,0,0,2013,4
84,10381,0,0,10381,2013,4
0,238,0,0,0,2013,4
10094,953853,7854448,522573,0,2013,5
10104,969845,6681438,522324,969845,2013,5
0,1178,1559706,891,0,2013,5
270,21629,51677,125,0,2013,5
265,22428,4559,0,22428,2013,5
0,867,29873,0,0,2013,5
545,31793,4565,0,0,2013,5
548,30592,3639,0,30592,2013,5
0,48,0,0,0,2013,5
108,7363,980,0,0,2013,5
107,8991,0,0,8991,2013,5
0,1518,0,0,0,2013,5
294,16707,13136,0,0,2013,5
297,17191,9671,0,17191,2013,5
81,7059,0,0,0,2013,5
78,7114,0,0,7114,2013,5
0,859,0,0,0,2013,5
182,10393,0,0,0,2013,5
180,9898,0,36,9898,2013,5
34,686,0,0,0,2013,5
37,655,0,0,655,2013,5
0,1024,0,0,0,2013,5
326,15973,1057,0,0,2013,5
327,16943,1561,0,16943,2013,5
164,11020,152249,0,0,2013,5
163,12478,264261,0,12478,2013,5
0,793,357845,0,0,2013,5
545,37366,5684,0,0,2013,5
545,37532,3771,0,37532,2013,5
0,89,0,0,0,2013,5
144,16135,0,0,0,2013,5
146,17205,60,0,17205,2013,5
0,616,0,0,0,2013,5
9991,998787,7600731,313437,0,2013,6
9975,1011538,6641566,549901,1011538,2013,6
0,1628,1795069,1223,0,2013,6
288,24009,32812,211,0,2013,6
310,26913,363334,0,26913,2013,6
0,1188,17374,0,0,2013,6
565,34016,3609,0,0,2013,6
565,33188,4538,0,33188,2013,6
170,12834,0,0,0,2013,6
167,13764,0,0,13764,2013,6
0,2507,0,0,0,2013,6
305,21412,14652,0,0,2013,6
306,20994,12345,0,20994,2013,6
0,231,0,0,0,2013,6
141,13192,0,0,0,2013,6
140,12480,0,0,12480,2013,6
0,1040,0,0,0,2013,6
175,11185,0,0,0,2013,6
174,10276,0,0,10276,2013,6
32,758,0,0,0,2013,6
32,787,0,0,787,2013,6
0,1076,0,0,0,2013,6
327,18263,1361,0,0,2013,6
327,17915,2603,62,17915,2013,6
201,16725,194391,0,0,2013,6
202,18049,274786,0,18049,2013,6
0,1438,335084,0,0,2013,6
560,43047,5336,0,0,2013,6
560,41940,4135,0,41940,2013,6
0,284,0,0,0,2013,6
232,27028,170,0,0,2013,6
230,26227,0,0,26227,2013,6
0,782,0,0,0,2013,6
10261,1029658,6982208,317621,0,2013,7
10271,1071935,6295466,503703,1071935,2013,7
0,1528,1525735,319,0,2013,7
305,30859,179214,17,0,2013,7
292,30105,266881,330,30105,2013,7
0,930,36635,0,0,2013,7
567,33422,7474,0,0,2013,7
567,34788,5390,0,34788,2013,7
186,13847,1268,0,0,2013,7
188,14054,0,0,14054,2013,7
0,1728,0,0,0,2013,7
310,20592,12099,0,0,2013,7
309,20188,11240,0,20188,2013,7
0,121,0,0,0,2013,7
111,10342,0,0,0,2013,7
114,9857,0,0,9857,2013,7
0,606,0,0,0,2013,7
186,12495,0,0,0,2013,7
186,12240,0,0,12240,2013,7
55,1340,0,0,0,2013,7
56,1429,0,0,1429,2013,7
0,889,0,0,0,2013,7
323,15259,1397,0,0,2013,7
323,15955,1425,0,15955,2013,7
199,17151,198314,0,0,2013,7
198,16993,301074,0,16993,2013,7
0,1413,342155,0,0,2013,7
595,44617,8380,0,0,2013,7
593,45426,4387,0,45426,2013,7
0,427,0,0,0,2013,7
203,25175,0,0,0,2013,7
206,25778,0,0,25778,2013,7
0,771,0,0,0,2013,7
10069,1070335,7552898,343402,0,2013,8
10049,1051546,5884661,555079,1051546,2013,8
0,1711,1648469,2036,0,2013,8
291,31903,59423,727,0,2013,8
314,28212,49924,0,28212,2013,8
0,1765,43687,0,0,2013,8
508,30204,5788,0,0,2013,8
508,30444,5357,0,30444,2013,8
152,14163,8161,0,0,2013,8
156,13556,26036,0,13556,2013,8
0,1998,0,0,0,2013,8
291,20297,12595,0,0,2013,8
291,20694,7611,0,20694,2013,8
0,280,0,0,0,2013,8
106,9474,0,0,0,2013,8
104,9454,0,0,9454,2013,8
0,716,0,0,0,2013,8
164,11491,0,0,0,2013,8
164,12136,0,0,12136,2013,8
45,1406,0,0,0,2013,8
44,1233,0,0,1233,2013,8
0,603,0,0,0,2013,8
308,14582,771,0,0,2013,8
311,15033,1135,84,15033,2013,8
191,18338,144114,0,0,2013,8
189,18655,234658,0,18655,2013,8
0,1746,282042,0,0,2013,8
545,45222,6776,0,0,2013,8
545,47633,13901,0,47633,2013,8
0,337,0,0,0,2013,8
217,27784,5586,0,0,2013,8
218,28394,12587,0,28394,2013,8
0,760,0,0,0,2013,8
10100,1070573,8490458,335504,0,2013,9
10069,1032950,6795874,553428,1032950,2013,9
0,1682,1887314,2944,0,2013,9
245,21710,320101,0,0,2013,9
269,18451,106640,0,18451,2013,9
0,698,110917,0,0,2013,9
574,37911,4247,0,0,2013,9
572,35173,4051,0,35173,2013,9
124,10002,0,0,0,2013,9
122,8229,0,0,8229,2013,9
0,1807,0,0,0,2013,9
302,21162,8130,0,0,2013,9
298,19343,7406,0,19343,2013,9
86,6806,0,0,0,2013,9
91,7743,0,0,7743,2013,9
0,713,0,0,0,2013,9
179,11412,0,0,0,2013,9
177,11789,0,0,11789,2013,9
22,714,0,0,0,2013,9
22,728,0,0,728,2013,9
327,18778,1352,0,0,2013,9
324,18257,2295,48,18257,2013,9
152,13449,186892,0,0,2013,9
154,10565,287767,0,10565,2013,9
0,1184,359441,0,0,2013,9
539,43956,8227,0,0,2013,9
539,42035,10025,0,42035,2013,9
168,20167,0,0,0,2013,9
167,19030,0,0,19030,2013,9
0,921,0,0,0,2013,9
10062,981551,9467681,178296,0,2013,10
10013,996932,6817497,631864,996932,2013,10
0,918,2363012,5377,0,2013,10
197,16801,363634,0,0,2013,10
240,12672,128864,0,12672,2013,10
0,1316,63649,0,0,2013,10
597,35156,4333,0,0,2013,10
597,34388,5146,0,34388,2013,10
51,4471,0,0,0,2013,10
51,3527,90404,0,3527,2013,10
0,173,0,0,0,2013,10
278,16410,4407,0,0,2013,10
278,17005,9690,0,17005,2013,10
31,2924,0,0,0,2013,10
31,1757,0,0,1757,2013,10
0,292,0,0,0,2013,10
178,10449,0,0,0,2013,10
178,10736,0,0,10736,2013,10
22,683,0,0,0,2013,10
22,469,0,0,469,2013,10
327,15686,781,0,0,2013,10
326,15517,1961,1,15517,2013,10
103,5930,199687,0,0,2013,10
105,4987,435088,0,4987,2013,10
0,73,355150,0,0,2013,10
553,39453,8129,0,0,2013,10
554,40570,6506,0,40570,2013,10
0,90,0,0,0,2013,10
67,7878,0,0,0,2013,10
67,6963,0,0,6963,2013,10
0,305,0,0,0,2013,10
8927,825876,9898614,400232,0,2013,11
8893,799979,6830497,651797,799979,2013,11
0,1127,2029958,835,0,2013,11
146,9619,523067,0,0,2013,11
169,8658,140758,906,8658,2013,11
0,1628,152695,94,0,2013,11
540,29722,10305,0,0,2013,11
540,29517,6341,0,29517,2013,11
0,145,0,0,0,2013,11
24,2209,322,0,0,2013,11
25,2112,0,0,2112,2013,11
0,114,0,0,0,2013,11
262,15277,4968,0,0,2013,11
262,14981,8347,0,14981,2013,11
6,83,0,0,0,2013,11
6,84,0,0,84,2013,11
132,6553,0,0,0,2013,11
132,6801,0,0,6801,2013,11
6,3,0,0,0,2013,11
8,10,0,0,10,2013,11
303,13470,1545,0,0,2013,11
303,13634,1269,3,13634,2013,11
67,2516,198386,0,0,2013,11
68,1746,393586,0,1746,2013,11
0,130,323421,0,0,2013,11
516,35651,6067,0,0,2013,11
516,33228,11901,0,33228,2013,11
57,6247,0,0,0,2013,11
56,6174,0,0,6174,2013,11
0,89,0,0,0,2013,11
8466,789063,7888951,523953,0,2013,12
8416,797838,6518057,836184,797838,2013,12
0,972,1719217,1830,0,2013,12
139,7738,223694,0,0,2013,12
170,6993,161086,1293,6993,2013,12
0,1860,117911,968,0,2013,12
444,23686,7186,0,0,2013,12
448,22900,4919,0,22900,2013,12
21,1525,1248,0,0,2013,12
22,1565,800,0,1565,2013,12
0,1,0,0,0,2013,12
431,39706,5132,0,0,2013,12
430,30310,5984,0,30310,2013,12
77,11569,0,0,0,2013,12
78,6517,0,0,6517,2013,12
144,8413,0,0,0,2013,12
146,7421,0,0,7421,2013,12
20,680,0,0,0,2013,12
19,286,0,0,286,2013,12
258,12062,1590,0,0,2013,12
257,10888,372,0,10888,2013,12
53,1177,181585,0,0,2013,12
55,1115,228857,0,1115,2013,12
0,0,317203,0,0,2013,12
616,54379,5565,0,0,2013,12
620,46684,5791,0,46684,2013,12
0,108,0,0,0,2013,12
128,17383,0,0,0,2013,12
123,11107,0,0,11107,2013,12
8301,690033,8073227,410172,0,2014,1
8314,705248,5629969,646018,705248,2014,1
0,1509,1909246,1155,0,2014,1
137,4986,175201,0,0,2014,1
164,3981,71193,0,3981,2014,1
0,594,76316,0,0,2014,1
433,21082,9250,0,0,2014,1
428,22598,5006,0,22598,2014,1
24,1578,0,0,0,2014,1
24,1587,0,0,1587,2014,1
581,52270,9783,0,0,2014,1
577,53484,11476,0,53484,2014,1
191,21830,0,0,0,2014,1
191,20396,0,0,20396,2014,1
150,7369,0,0,0,2014,1
147,8046,0,0,8046,2014,1
27,88,0,0,0,2014,1
26,228,0,0,228,2014,1
281,11107,3347,0,0,2014,1
276,11382,334,8,11382,2014,1
53,1411,188955,0,0,2014,1
54,1278,384484,0,1278,2014,1
0,0,309083,0,0,2014,1
798,69475,9227,0,0,2014,1
796,71543,6873,0,71543,2014,1
244,31578,29,0,0,2014,1
245,33444,557,0,33444,2014,1
7767,670971,7515853,308953,0,2014,2
7730,668951,5837358,475671,668951,2014,2
0,950,1743865,630,0,2014,2
157,6474,326681,87,0,2014,2
194,6935,285911,160,6935,2014,2
0,657,105648,0,0,2014,2
455,24306,4586,0,0,2014,2
454,24988,5001,0,24988,2014,2
33,2106,0,0,0,2014,2
34,2302,0,0,2302,2014,2
0,264,0,0,0,2014,2
553,56908,7154,0,0,2014,2
557,55436,10820,0,55436,2014,2
195,24782,0,0,0,2014,2
188,24336,0,0,24336,2014,2
0,11,0,0,0,2014,2
138,7771,0,0,0,2014,2
138,7712,0,0,7712,2014,2
12,231,0,0,0,2014,2
14,266,0,0,266,2014,2
283,11949,283,0,0,2014,2
283,12008,2604,22,12008,2014,2
61,1963,174353,0,0,2014,2
62,2347,394652,0,2347,2014,2
0,71,301992,0,0,2014,2
727,71186,14818,0,0,2014,2
725,69686,11258,0,69686,2014,2
0,73,0,0,0,2014,2
231,34198,150,0,0,2014,2
234,33175,399,0,33175,2014,2
0,80,0,0,0,2014,2
9109,830253,10522013,406196,0,2014,3
9063,819464,6865235,607831,819464,2014,3
0,1257,2008030,672,0,2014,3
124,5219,376270,0,0,2014,3
160,4776,163164,0,4776,2014,3
0,386,181622,0,0,2014,3
544,28917,5649,0,0,2014,3
546,28910,6372,0,28910,2014,3
54,3370,64086,0,0,2014,3
52,3264,0,0,3264,2014,3
0,501,0,0,0,2014,3
593,55591,7547,0,0,2014,3
601,62770,9055,0,62770,2014,3
208,24597,3732,0,0,2014,3
206,27565,0,0,27565,2014,3
0,42,0,0,0,2014,3
156,8531,0,0,0,2014,3
157,9182,0,0,9182,2014,3
12,18,0,0,0,2014,3
12,19,0,0,19,2014,3
315,13209,1899,0,0,2014,3
314,13151,2493,0,13151,2014,3
71,2850,187986,0,0,2014,3
73,2738,508707,0,2738,2014,3
0,327,361717,0,0,2014,3
832,72641,8473,0,0,2014,3
833,80576,8835,0,80576,2014,3
225,25213,0,0,0,2014,3
224,31867,2,0,31867,2014,3
0,68,0,0,0,2014,3
9575,963091,9881434,369734,0,2014,4
9543,953118,6260059,615155,953118,2014,4
0,1259,2432574,940,0,2014,4
170,8343,557883,179,0,2014,4
206,10330,475147,555,10330,2014,4
0,825,77312,0,0,2014,4
508,30468,2791,0,0,2014,4
507,30643,3174,0,30643,2014,4
0,79,0,0,0,2014,4
48,3698,0,0,0,2014,4
47,4407,96783,0,4407,2014,4
0,218,0,0,0,2014,4
356,25249,4120,0,0,2014,4
357,27580,7897,0,27580,2014,4
0,153,0,0,0,2014,4
65,5166,0,0,0,2014,4
64,9104,0,0,9104,2014,4
0,248,0,0,0,2014,4
160,8333,0,0,0,2014,4
159,8270,0,0,8270,2014,4
15,204,0,0,0,2014,4
15,254,0,0,254,2014,4
299,12950,792,0,0,2014,4
298,13164,1229,62,13164,2014,4
89,3657,178808,0,0,2014,4
89,4550,446020,0,4550,2014,4
0,201,378922,0,0,2014,4
595,45646,4801,0,0,2014,4
594,47930,10078,0,47930,2014,4
71,6550,300,0,0,2014,4
74,7799,0,0,7799,2014,4
0,135,0,0,0,2014,4
10204,994985,9436298,412593,0,2014,5
10177,1008923,6195474,609839,1008923,2014,5
0,3659,2603665,303,0,2014,5
237,18061,188375,0,0,2014,5
268,21732,52922,141,21732,2014,5
0,690,25334,0,0,2014,5
508,34892,4768,0,0,2014,5
510,33799,5241,0,33799,2014,5
97,6458,4867,0,0,2014,5
99,7787,0,0,7787,2014,5
0,858,0,0,0,2014,5
308,19295,5053,0,0,2014,5
307,19816,9036,0,19816,2014,5
0,578,0,0,0,2014,5
85,5706,4,0,0,2014,5
83,5686,0,0,5686,2014,5
0,985,0,0,0,2014,5
163,9028,0,0,0,2014,5
164,8876,0,0,8876,2014,5
35,586,0,0,0,2014,5
34,553,0,0,553,2014,5
0,264,0,0,0,2014,5
309,15380,1014,0,0,2014,5
310,16703,2059,0,16703,2014,5
0,155,0,0,0,2014,5
156,9002,182873,0,0,2014,5
158,11575,433781,0,11575,2014,5
0,1589,382787,0,0,2014,5
562,46530,8226,0,0,2014,5
563,46236,4907,0,46236,2014,5
0,266,0,0,0,2014,5
144,14609,0,0,0,2014,5
144,16048,0,0,16048,2014,5
0,949,0,0,0,2014,5
10160,1029183,8270258,347501,0,2014,6
10141,1056967,6271024,591098,1056967,2014,6
0,8101,2836608,300,0,2014,6
270,19826,282625,0,0,2014,6
288,20674,151611,426,20674,2014,6
0,724,159834,0,0,2014,6
523,34895,8612,0,0,2014,6
520,34288,4300,0,34288,2014,6
189,12578,0,0,0,2014,6
186,13880,1260,0,13880,2014,6
0,2534,0,0,0,2014,6
311,21454,4088,0,0,2014,6
314,21123,9531,0,21123,2014,6
0,510,0,0,0,2014,6
119,9950,0,0,0,2014,6
119,9357,0,0,9357,2014,6
0,837,0,0,0,2014,6
164,9732,0,0,0,2014,6
163,9038,3,0,9038,2014,6
32,503,0,0,0,2014,6
32,703,0,0,703,2014,6
0,373,0,0,0,2014,6
339,17926,627,20,0,2014,6
337,18009,2896,2,18009,2014,6
204,17350,193533,0,0,2014,6
204,18372,487619,0,18372,2014,6
0,1575,297629,0,0,2014,6
568,48899,6770,0,0,2014,6
567,47494,6054,0,47494,2014,6
0,332,0,0,0,2014,6
209,26139,3,0,0,2014,6
209,25678,0,0,25678,2014,6
0,471,0,0,0,2014,6
10397,1058849,8247707,425142,0,2014,7
10383,1097330,6549973,559326,1097330,2014,7
0,8581,2443655,890,0,2014,7
290,24308,484496,152,0,2014,7
297,25137,364380,493,25137,2014,7
0,313,226009,0,0,2014,7
544,33477,5903,0,0,2014,7
545,34891,5148,0,34891,2014,7
185,14560,256,0,0,2014,7
186,15378,1,0,15378,2014,7
0,1821,0,0,0,2014,7
318,21854,3830,0,0,2014,7
318,21421,9414,0,21421,2014,7
0,152,0,0,0,2014,7
107,8195,0,0,0,2014,7
107,8038,0,0,8038,2014,7
0,576,0,0,0,2014,7
171,10679,0,0,0,2014,7
171,10278,0,0,10278,2014,7
62,1289,0,0,0,2014,7
63,1288,0,0,1288,2014,7
0,227,0,0,0,2014,7
358,17873,1513,0,0,2014,7
357,18592,2350,0,18592,2014,7
0,234,0,0,0,2014,7
192,15096,196701,0,0,2014,7
193,15644,333509,0,15644,2014,7
0,2215,332035,0,0,2014,7
602,50490,10532,0,0,2014,7
601,51064,8462,0,51064,2014,7
0,645,0,0,0,2014,7
210,24301,17,0,0,2014,7
211,24584,0,0,24584,2014,7
0,417,0,0,0,2014,7
10250,1114971,8495209,387232,0,2014,8
10225,1096145,6465295,508751,1096145,2014,8
0,11619,2256230,196,0,2014,8
259,26507,465700,0,0,2014,8
291,25899,192030,439,25899,2014,8
0,792,164197,3,0,2014,8
488,30320,3306,0,0,2014,8
489,29905,4171,0,29905,2014,8
175,16104,60,0,0,2014,8
174,15484,1930,0,15484,2014,8
0,2479,0,0,0,2014,8
292,22213,3762,0,0,2014,8
293,22566,8149,0,22566,2014,8
0,621,0,0,0,2014,8
108,8807,0,0,0,2014,8
105,8874,0,0,8874,2014,8
0,1279,0,0,0,2014,8
171,9764,0,0,0,2014,8
171,10479,0,0,10479,2014,8
52,1492,0,0,0,2014,8
52,1601,0,0,1601,2014,8
0,253,0,0,0,2014,8
344,17360,406,0,0,2014,8
347,17678,1951,0,17678,2014,8
0,74,0,0,0,2014,8
178,17030,152370,0,0,2014,8
175,16212,262183,0,16212,2014,8
0,1998,261573,0,0,2014,8
593,52522,4981,0,0,2014,8
592,55534,7027,0,55534,2014,8
0,471,0,0,0,2014,8
216,28334,1705,0,0,2014,8
216,30037,80,0,30037,2014,8
0,648,0,0,0,2014,8
10194,1087139,9401277,450507,0,2014,9
10151,1051708,7039258,592647,1051708,2014,9
0,9405,2266871,500,0,2014,9
225,20194,469348,0,0,2014,9
261,17920,145292,0,17920,2014,9
0,435,261290,0,0,2014,9
575,37969,2554,0,0,2014,9
574,35820,5039,0,35820,2014,9
0,103,0,0,0,2014,9
136,11853,0,0,0,2014,9
137,9845,4381,0,9845,2014,9
0,2616,0,0,0,2014,9
315,22830,3230,0,0,2014,9
313,21532,11247,0,21532,2014,9
84,5211,0,0,0,2014,9
85,5994,0,0,5994,2014,9
0,1270,0,0,0,2014,9
159,9981,0,0,0,2014,9
159,10401,0,0,10401,2014,9
39,1279,0,0,0,2014,9
39,1348,0,0,1348,2014,9
0,109,0,0,0,2014,9
354,19720,590,4,0,2014,9
353,19319,2746,0,19319,2014,9
0,144,0,0,0,2014,9
164,14877,164732,0,0,2014,9
165,12522,395499,0,12522,2014,9
0,1497,325873,0,0,2014,9
577,51855,7535,0,0,2014,9
577,49686,8750,0,49686,2014,9
0,726,0,0,0,2014,9
181,23183,0,0,0,2014,9
182,21141,0,0,21141,2014,9
0,867,0,0,0,2014,9
10137,1002601,10585106,483768,0,2014,10
10094,1003539,7724532,678815,1003539,2014,10
0,8041,2634748,229,0,2014,10
188,12985,544953,1,0,2014,10
235,10926,322545,0,10926,2014,10
0,832,100307,0,0,2014,10
579,34894,2908,0,0,2014,10
577,33794,7411,0,33794,2014,10
63,4946,89451,0,0,2014,10
66,3751,0,0,3751,2014,10
0,180,0,0,0,2014,10
277,16017,5534,0,0,2014,10
276,15202,9951,0,15202,2014,10
29,1779,0,0,0,2014,10
30,1131,0,0,1131,2014,10
0,700,0,0,0,2014,10
162,8951,0,0,0,2014,10
161,8980,0,0,8980,2014,10
26,612,0,0,0,2014,10
24,566,0,0,566,2014,10
0,3,0,0,0,2014,10
354,17009,1359,1,0,2014,10
354,16705,2872,0,16705,2014,10
109,6067,185234,0,0,2014,10
109,4493,445548,0,4493,2014,10
0,792,372882,0,0,2014,10
585,46108,11015,0,0,2014,10
585,46655,8920,0,46655,2014,10
0,567,0,0,0,2014,10
82,8992,0,0,0,2014,10
80,8071,0,0,8071,2014,10
0,257,0,0,0,2014,10
8784,805661,11437006,497730,0,2014,11
8749,795268,7354078,710148,795268,2014,11
0,7141,2424589,2847,0,2014,11
129,7091,817002,0,0,2014,11
167,6334,238169,5458,6334,2014,11
0,1073,225828,0,0,2014,11
513,29082,4856,0,0,2014,11
512,29334,4727,0,29334,2014,11
36,2506,1064,0,0,2014,11
36,2420,14,0,2420,2014,11
262,14581,5454,0,0,2014,11
264,14434,7130,0,14434,2014,11
0,341,0,0,0,2014,11
6,21,0,0,0,2014,11
8,60,0,0,60,2014,11
144,7016,0,0,0,2014,11
144,7248,0,0,7248,2014,11
16,51,0,0,0,2014,11
19,37,0,0,37,2014,11
324,14927,890,0,0,2014,11
323,15038,5423,0,15038,2014,11
78,2820,173560,0,0,2014,11
77,2416,390637,0,2416,2014,11
0,328,332382,0,0,2014,11
576,41068,7147,0,0,2014,11
577,39161,11274,0,39161,2014,11
0,493,0,0,0,2014,11
56,7014,0,0,0,2014,11
57,6355,0,0,6355,2014,11
8191,782732,8822746,580261,0,2014,12
8134,793796,7016225,900839,793796,2014,12
0,8261,2041151,14691,0,2014,12
133,7505,435183,0,0,2014,12
158,7515,278481,185,7515,2014,12
0,1196,120916,0,0,2014,12
395,22001,1726,0,0,2014,12
400,21541,5479,0,21541,2014,12
24,1320,0,0,0,2014,12
24,1392,309,0,1392,2014,12
0,130,0,0,0,2014,12
403,36839,6591,0,0,2014,12
402,28462,10787,0,28462,2014,12
79,11315,0,0,0,2014,12
77,6226,0,0,6226,2014,12
136,8335,0,0,0,2014,12
137,7263,0,0,7263,2014,12
17,81,0,0,0,2014,12
18,53,0,0,53,2014,12
242,11869,11057,0,0,2014,12
245,11308,2885,0,11308,2014,12
59,689,168873,0,0,2014,12
61,800,321331,0,800,2014,12
0,0,325790,0,0,2014,12
667,62464,5934,0,0,2014,12
667,53261,5635,0,53261,2014,12
0,531,0,0,0,2014,12
115,15689,80,0,0,2014,12
116,9466,0,0,9466,2014,12
0,349,0,0,0,2014,12
7923,641536,7862682,442267,0,2015,1
7903,658106,5471408,692189,658106,2015,1
0,9518,2648023,10678,0,2015,1
144,6234,405190,0,0,2015,1
185,7062,185118,4589,7062,2015,1
0,1226,152268,0,0,2015,1
435,21095,2274,0,0,2015,1
434,22657,4967,0,22657,2015,1
30,1734,0,0,0,2015,1
30,1938,0,0,1938,2015,1
0,192,0,0,0,2015,1
575,52855,5377,0,0,2015,1
565,53277,8166,0,53277,2015,1
225,26742,7,0,0,2015,1
229,25491,0,0,25491,2015,1
143,7245,0,0,0,2015,1
142,7919,0,0,7919,2015,1
29,156,0,0,0,2015,1
27,248,0,0,248,2015,1
281,11881,1597,0,0,2015,1
279,12580,2270,71,12580,2015,1
51,1043,150677,0,0,2015,1
50,912,250329,0,912,2015,1
0,95,207795,0,0,2015,1
811,74468,6138,0,0,2015,1
812,75768,7245,0,75768,2015,1
0,483,0,0,0,2015,1
268,35995,5,0,0,2015,1
264,36195,0,0,36195,2015,1
0,168,0,0,0,2015,1
7430,641002,7754958,327083,0,2015,2
7413,634938,5887898,548724,634938,2015,2
0,8455,1964676,12875,0,2015,2
158,7290,295365,0,0,2015,2
178,6591,143611,1808,6591,2015,2
0,183,167905,0,0,2015,2
463,24569,3269,0,0,2015,2
462,25030,6668,0,25030,2015,2
0,106,0,0,0,2015,2
22,1450,0,0,0,2015,2
23,1516,34747,0,1516,2015,2
548,56291,5324,0,0,2015,2
544,54978,6815,0,54978,2015,2
182,24514,9,0,0,2015,2
188,24132,1830,0,24132,2015,2
132,7591,0,0,0,2015,2
132,7454,0,0,7454,2015,2
9,18,0,0,0,2015,2
10,18,0,0,18,2015,2
250,12525,1604,0,0,2015,2
250,12421,1302,0,12421,2015,2
0,46,0,0,0,2015,2
55,1308,160846,0,0,2015,2
55,1314,288543,0,1314,2015,2
0,585,229624,0,0,2015,2
730,73612,7431,0,0,2015,2
733,72555,9787,0,72555,2015,2
0,761,0,0,0,2015,2
227,31346,307,0,0,2015,2
224,30849,0,0,30849,2015,2
0,88,0,0,0,2015,2
8956,822871,9245588,422436,0,2015,3
8945,833194,7265298,664840,833194,2015,3
0,7742,1887155,4701,0,2015,3
202,6970,427438,0,0,2015,3
221,6808,419983,827,6808,2015,3
0,866,130494,28,0,2015,3
547,29622,3233,0,0,2015,3
543,30906,5927,0,30906,2015,3
36,2459,0,0,0,2015,3
36,2494,16,0,2494,2015,3
0,276,0,0,0,2015,3
589,56586,5049,0,0,2015,3
588,61880,6387,0,61880,2015,3
180,21757,1,0,0,2015,3
187,23717,311,0,23717,2015,3
151,8691,0,0,0,2015,3
150,8979,0,0,8979,2015,3
14,294,0,0,0,2015,3
15,299,0,0,299,2015,3
0,1,0,0,0,2015,3
300,13945,1036,0,0,2015,3
298,14990,2229,11,14990,2015,3
54,1691,176934,0,0,2015,3
57,1970,311778,0,1970,2015,3
0,122,121701,0,0,2015,3
798,72621,3997,0,0,2015,3
798,79478,11085,0,79478,2015,3
0,913,0,0,0,2015,3
167,17977,5,0,0,2015,3
170,23026,0,0,23026,2015,3
0,236,0,0,0,2015,3
9427,953873,8786536,365986,0,2015,4
9407,922655,7331374,630695,922655,2015,4
0,6334,2083432,6349,0,2015,4
233,14793,454162,0,0,2015,4
248,16424,292021,60,16424,2015,4
0,1154,64657,0,0,2015,4
568,33936,2556,0,0,2015,4
568,33280,5264,0,33280,2015,4
0,80,0,0,0,2015,4
40,3592,0,0,0,2015,4
41,4371,0,0,4371,2015,4
0,13,0,0,0,2015,4
348,23350,5597,0,0,2015,4
350,27568,5512,0,27568,2015,4
0,265,0,0,0,2015,4
78,5147,4,0,0,2015,4
77,9796,0,0,9796,2015,4
0,93,0,0,0,2015,4
154,8079,0,0,0,2015,4
154,8404,0,0,8404,2015,4
27,263,0,0,0,2015,4
28,461,0,0,461,2015,4
0,74,0,0,0,2015,4
201,13348,595,62,0,2015,4
201,13319,3043,0,13319,2015,4
113,4787,176899,0,0,2015,4
112,6181,434843,0,6181,2015,4
0,379,326232,0,0,2015,4
632,46116,7903,0,0,2015,4
630,49728,9462,0,49728,2015,4
0,645,0,0,0,2015,4
73,7573,0,0,0,2015,4
74,9050,0,0,9050,2015,4
0,161,0,0,0,2015,4
9895,1010016,8523939,346455,0,2015,5
9889,1016938,7310283,603655,1016938,2015,5
0,5375,2207449,6002,0,2015,5
259,18917,366117,0,0,2015,5
274,17415,108060,895,17415,2015,5
0,1070,136073,0,0,2015,5
572,36223,2270,0,0,2015,5
571,35578,4187,0,35578,2015,5
126,7668,103703,0,0,2015,5
126,8709,0,0,8709,2015,5
0,789,0,0,0,2015,5
308,18232,5638,0,0,2015,5
311,19294,6516,0,19294,2015,5
0,147,0,0,0,2015,5
72,4655,0,0,0,2015,5
68,5119,0,0,5119,2015,5
0,382,0,0,0,2015,5
160,9639,0,0,0,2015,5
158,9286,0,0,9286,2015,5
38,678,0,0,0,2015,5
38,652,0,0,652,2015,5
214,15504,1383,0,0,2015,5
216,15911,2225,0,15911,2015,5
0,0,145,0,0,2015,5
151,8973,141579,0,0,2015,5
150,10874,440221,0,10874,2015,5
0,960,283897,0,0,2015,5
612,48935,5807,0,0,2015,5
611,50340,9144,0,50340,2015,5
0,570,0,0,0,2015,5
140,13444,0,0,0,2015,5
139,15861,0,0,15861,2015,5
0,637,0,0,0,2015,5
10083,1056589,7947183,327343,0,2015,6
10068,1072478,6966685,575434,1072478,2015,6
0,8765,2331644,11653,0,2015,6
267,16114,287258,0,0,2015,6
272,15854,406634,61,15854,2015,6
0,1098,297306,0,0,2015,6
610,37905,2110,0,0,2015,6
609,38100,6185,0,38100,2015,6
0,3,0,0,0,2015,6
186,12488,0,0,0,2015,6
188,13515,3166,0,13515,2015,6
0,2801,0,0,0,2015,6
336,24532,3452,0,0,2015,6
337,23181,7296,0,23181,2015,6
0,157,0,0,0,2015,6
119,7655,0,0,0,2015,6
119,7005,607,0,7005,2015,6
0,577,0,0,0,2015,6
160,9960,0,0,0,2015,6
161,9308,0,0,9308,2015,6
33,179,0,0,0,2015,6
34,426,0,0,426,2015,6
0,33,0,0,0,2015,6
245,17559,1864,0,0,2015,6
245,17858,2018,0,17858,2015,6
0,197,0,0,0,2015,6
199,14153,157155,0,0,2015,6
199,14721,476686,0,14721,2015,6
0,1445,271339,0,0,2015,6
625,52438,5426,0,0,2015,6
625,49359,11289,0,49359,2015,6
0,655,0,0,0,2015,6
205,22609,0,0,0,2015,6
207,20820,0,0,20820,2015,6
0,1274,0,0,0,2015,6
10371,1130786,7774810,360601,0,2015,7
10361,1188129,7702880,593396,1188129,2015,7
0,8480,2169660,14127,0,2015,7
246,17220,311841,0,0,2015,7
262,18721,302321,1581,18721,2015,7
0,449,270876,0,0,2015,7
618,38212,6091,0,0,2015,7
614,40456,8714,0,40456,2015,7
0,79,0,0,0,2015,7
185,13181,0,0,0,2015,7
186,14216,295,0,14216,2015,7
0,1411,0,0,0,2015,7
351,24811,4109,0,0,2015,7
348,24955,6766,0,24955,2015,7
0,139,0,0,0,2015,7
96,6393,0,0,0,2015,7
97,6407,201,0,6407,2015,7
0,543,0,0,0,2015,7
168,11895,0,0,0,2015,7
166,10903,0,0,10903,2015,7
59,992,0,0,0,2015,7
58,1121,0,0,1121,2015,7
0,49,0,0,0,2015,7
253,16890,1452,0,0,2015,7
254,17929,3058,0,17929,2015,7
174,13276,193211,0,0,2015,7
173,13900,536607,0,13900,2015,7
0,1281,322926,0,0,2015,7
657,54722,13658,0,0,2015,7
658,54953,13388,0,54953,2015,7
0,833,0,0,0,2015,7
219,22977,0,0,0,2015,7
218,24328,0,0,24328,2015,7
0,287,0,0,0,2015,7
10220,1171265,8004219,349175,0,2015,8
10210,1168061,7213132,592034,1168061,2015,8
0,7809,1851297,0,0,2015,8
232,19053,688969,0,0,2015,8
242,19074,215578,0,19074,2015,8
0,994,178507,0,0,2015,8
566,35363,2653,0,0,2015,8
564,35643,5525,0,35643,2015,8
192,15824,0,0,0,2015,8
194,15579,50,0,15579,2015,8
0,1707,0,0,0,2015,8
324,25285,4254,0,0,2015,8
324,26293,5679,0,26293,2015,8
0,446,0,0,0,2015,8
81,5855,0,0,0,2015,8
83,6272,20,0,6272,2015,8
0,719,0,0,0,2015,8
171,10140,0,0,0,2015,8
170,11466,0,0,11466,2015,8
71,1499,0,0,0,2015,8
74,1543,0,0,1543,2015,8
0,98,0,0,0,2015,8
246,17455,1903,168,0,2015,8
246,17876,966,150,17876,2015,8
0,212,0,0,0,2015,8
180,17047,172206,0,0,2015,8
180,16884,478339,0,16884,2015,8
0,1840,279918,0,0,2015,8
642,55124,7721,0,0,2015,8
642,58098,14110,0,58098,2015,8
0,806,0,0,0,2015,8
191,25124,0,0,0,2015,8
191,25277,0,0,25277,2015,8
0,320,0,0,0,2015,8
10229,1148291,9164568,385544,0,2015,9
10201,1097996,7458885,658661,1097996,2015,9
0,7237,2214631,9342,0,2015,9
201,13247,515377,0,0,2015,9
226,12131,201006,1206,12131,2015,9
0,898,83347,0,0,2015,9
644,42646,2244,0,0,2015,9
642,40508,6682,0,40508,2015,9
140,12044,0,0,0,2015,9
143,9721,128215,0,9721,2015,9
0,1869,0,0,0,2015,9
342,26496,3624,0,0,2015,9
341,25083,8231,0,25083,2015,9
0,151,0,0,0,2015,9
89,4670,0,0,0,2015,9
89,4941,0,0,4941,2015,9
0,744,0,0,0,2015,9
159,9981,0,0,0,2015,9
159,10153,0,0,10153,2015,9
34,971,0,0,0,2015,9
33,698,0,0,698,2015,9
0,36,0,0,0,2015,9
240,19400,1429,0,0,2015,9
240,18921,1574,6,18921,2015,9
162,12622,187900,0,0,2015,9
162,9831,532129,0,9831,2015,9
0,915,319822,0,0,2015,9
619,54958,9183,0,0,2015,9
617,53463,11710,0,53463,2015,9
0,707,0,0,0,2015,9
153,19399,0,0,0,2015,9
155,17309,0,0,17309,2015,9
0,213,0,0,0,2015,9
9843,998603,9695319,454056,0,2015,10
9802,1007881,8011348,742791,1007881,2015,10
0,7771,2050141,2725,0,2015,10
167,9621,481426,0,0,2015,10
196,8993,160421,0,8993,2015,10
0,933,66253,260,0,2015,10
644,40343,3451,0,0,2015,10
646,39122,6545,0,39122,2015,10
62,4651,85,0,0,2015,10
62,3701,0,0,3701,2015,10
0,1174,0,0,0,2015,10
286,17990,6159,0,0,2015,10
283,17158,6063,0,17158,2015,10
0,58,0,0,0,2015,10
22,1008,0,0,0,2015,10
24,756,0,0,756,2015,10
0,418,0,0,0,2015,10
159,9188,0,0,0,2015,10
160,9481,0,0,9481,2015,10
33,702,0,0,0,2015,10
33,615,0,0,615,2015,10
0,6,0,0,0,2015,10
234,15866,2335,0,0,2015,10
237,15966,4540,0,15966,2015,10
0,108,0,0,0,2015,10
104,5353,187807,0,0,2015,10
102,3962,520153,0,3962,2015,10
0,608,316325,0,0,2015,10
627,50045,10703,0,0,2015,10
627,51506,9593,0,51506,2015,10
0,786,0,0,0,2015,10
58,6684,155,0,0,2015,10
58,5423,0,0,5423,2015,10
0,832,0,0,0,2015,10
8552,829970,10161754,458574,0,2015,11
8548,817366,8074911,784257,817366,2015,11
0,6910,1928927,12212,0,2015,11
117,6569,7675,0,0,2015,11
124,6599,916,0,6599,2015,11
0,1397,7050,0,0,2015,11
517,30714,3925,0,0,2015,11
516,31804,6991,0,31804,2015,11
0,189,0,0,0,2015,11
24,1706,0,0,0,2015,11
25,1482,194,0,1482,2015,11
0,373,0,0,0,2015,11
260,14970,3897,0,0,2015,11
260,14679,6192,0,14679,2015,11
0,144,0,0,0,2015,11
14,163,0,0,0,2015,11
15,70,0,0,70,2015,11
153,7579,0,0,0,2015,11
151,7885,0,0,7885,2015,11
26,90,0,0,0,2015,11
27,72,0,0,72,2015,11
208,12031,2861,0,0,2015,11
206,12538,2317,0,12538,2015,11
0,58,0,0,0,2015,11
62,1144,169152,0,0,2015,11
63,892,362481,0,892,2015,11
0,366,289812,0,0,2015,11
524,40921,8871,0,0,2015,11
524,39625,5698,0,39625,2015,11
0,159,0,0,0,2015,11
35,4278,328,0,0,2015,11
34,4126,0,0,4126,2015,11
0,383,0,0,0,2015,11
8108,776422,7929716,546568,0,2015,12
8084,790239,7425971,967867,790239,2015,12
0,6826,1858598,13233,0,2015,12
141,5427,340927,39,0,2015,12
148,5516,285644,326,5516,2015,12
0,1540,42687,0,0,2015,12
427,26427,5427,0,0,2015,12
432,25892,6145,0,25892,2015,12
0,30,0,0,0,2015,12
22,889,0,0,0,2015,12
21,953,0,0,953,2015,12
0,183,0,0,0,2015,12
443,42262,2878,0,0,2015,12
439,32459,6561,0,32459,2015,12
59,6358,0,0,0,2015,12
63,3184,0,0,3184,2015,12
139,8052,0,0,0,2015,12
141,7291,0,0,7291,2015,12
11,32,0,0,0,2015,12
11,29,0,0,29,2015,12
170,10544,1279,0,0,2015,12
172,10275,1663,63,10275,2015,12
33,131,176532,0,0,2015,12
34,128,321949,0,128,2015,12
0,0,88968,0,0,2015,12
658,62861,5631,0,0,2015,12
657,53141,7615,0,53141,2015,12
107,13066,5,0,0,2015,12
110,8452,0,0,8452,2015,12
0,369,0,0,0,2015,12
7648,653790,7486068,388942,0,2016,1
7682,669932,6514391,674046,669932,2016,1
0,8307,1241989,8503,0,2016,1
146,3769,574753,103,0,2016,1
140,3768,159771,0,3768,2016,1
0,80,216212,0,0,2016,1
435,24406,3643,0,0,2016,1
428,25317,6132,0,25317,2016,1
20,1205,0,0,0,2016,1
23,1248,80,0,1248,2016,1
0,294,0,0,0,2016,1
637,62425,3939,0,0,2016,1
627,62985,5900,0,62985,2016,1
166,18480,107,0,0,2016,1
177,17533,0,0,17533,2016,1
138,6946,0,0,0,2016,1
134,7553,0,0,7553,2016,1
25,49,0,0,0,2016,1
27,65,0,0,65,2016,1
0,137,0,0,0,2016,1
193,10103,726,0,0,2016,1
188,10775,1146,2,10775,2016,1
0,100,24,0,0,2016,1
35,0,140094,0,0,2016,1
37,0,274203,0,0,2016,1
0,304,228443,0,0,2016,1
799,77240,6862,0,0,2016,1
796,78736,9229,0,78736,2016,1
250,32749,0,0,0,2016,1
250,31351,0,0,31351,2016,1
0,207,0,0,0,2016,1
7561,669216,7279004,362968,0,2016,2
7546,659561,6706984,576541,659561,2016,2
0,8208,1390800,5525,0,2016,2
148,5236,156604,7,0,2016,2
147,5100,63015,816,5100,2016,2
0,1480,126737,68,0,2016,2
485,28947,4362,0,0,2016,2
485,29400,8462,0,29400,2016,2
20,950,180,0,0,2016,2
20,873,0,0,873,2016,2
0,6,0,0,0,2016,2
613,64730,3879,0,0,2016,2
608,62248,7565,0,62248,2016,2
165,18646,0,0,0,2016,2
170,18233,85,0,18233,2016,2
135,7703,0,0,0,2016,2
136,7680,0,0,7680,2016,2
15,38,0,0,0,2016,2
15,41,0,0,41,2016,2
197,11028,1780,95,0,2016,2
198,11450,24848,81,11450,2016,2
39,504,147381,0,0,2016,2
38,643,328945,0,643,2016,2
0,404,95172,0,0,2016,2
759,77985,5656,0,0,2016,2
758,76413,12742,0,76413,2016,2
226,29590,0,0,0,2016,2
228,28613,648,0,28613,2016,2
0,184,0,0,0,2016,2
8775,857839,9005451,426066,0,2016,3
8784,839628,7776543,679320,839628,2016,3
0,6710,1569931,16840,0,2016,3
127,3064,196653,214,0,2016,3
126,3099,59476,536,3099,2016,3
0,589,19617,707,0,2016,3
524,33745,5254,0,0,2016,3
524,33548,6655,0,33548,2016,3
24,1218,33475,0,0,2016,3
24,1177,0,0,1177,2016,3
0,192,0,0,0,2016,3
618,65183,3187,0,0,2016,3
616,67327,5085,0,67327,2016,3
152,16303,0,0,0,2016,3
153,17843,0,0,17843,2016,3
0,13,0,0,0,2016,3
149,8936,0,0,0,2016,3
148,8820,0,0,8820,2016,3
22,287,0,0,0,2016,3
22,263,0,0,263,2016,3
203,11893,2583,0,0,2016,3
204,11755,1469,113,11755,2016,3
46,1007,190381,0,0,2016,3
45,1236,371473,0,1236,2016,3
0,131,141788,0,0,2016,3
798,78677,5030,0,0,2016,3
799,82331,13233,0,82331,2016,3
178,20091,0,0,0,2016,3
178,24451,0,0,24451,2016,3
9279,915174,9428255,443293,0,2016,4
9278,909154,7611879,665985,909154,2016,4
0,5920,1490791,15884,0,2016,4
205,8471,783133,291,0,2016,4
197,10677,246547,165,10677,2016,4
0,895,81287,0,0,2016,4
529,34139,5367,0,0,2016,4
529,34928,4494,0,34928,2016,4
0,35,182,0,0,2016,4
56,1998,0,0,0,2016,4
58,2790,0,0,2790,2016,4
0,247,0,0,0,2016,4
344,22767,3459,0,0,2016,4
349,29957,3655,0,29957,2016,4
0,12,0,0,0,2016,4
63,3259,0,0,0,2016,4
59,6996,0,0,6996,2016,4
0,31,0,0,0,2016,4
147,7254,0,0,0,2016,4
149,7614,0,0,7614,2016,4
32,218,0,0,0,2016,4
31,346,0,0,346,2016,4
0,8,0,0,0,2016,4
209,11832,852,0,0,2016,4
209,12473,2091,0,12473,2016,4
111,4961,173965,0,0,2016,4
112,6091,344326,0,6091,2016,4
0,559,295910,0,0,2016,4
592,44028,5729,0,0,2016,4
592,49912,18975,0,49912,2016,4
0,4,0,0,0,2016,4
66,4767,0,0,0,2016,4
66,5925,0,0,5925,2016,4
0,125,0,0,0,2016,4
10090,1036262,9730289,408324,0,2016,5
10097,1035608,7290676,584532,1035608,2016,5
0,5773,1401306,16430,0,2016,5
220,12066,710345,26,0,2016,5
222,11746,173044,2763,11746,2016,5
0,833,183527,0,0,2016,5
534,38170,6097,0,0,2016,5
527,37397,4293,0,37397,2016,5
116,6168,0,0,0,2016,5
119,6215,92136,0,6215,2016,5
0,284,0,0,0,2016,5
308,19685,3131,0,0,2016,5
309,20221,4602,0,20221,2016,5
0,44,0,0,0,2016,5
60,3033,0,0,0,2016,5
58,3043,0,0,3043,2016,5
0,402,0,0,0,2016,5
165,9305,0,0,0,2016,5
163,8864,0,0,8864,2016,5
33,451,0,0,0,2016,5
33,326,0,0,326,2016,5
0,337,0,0,0,2016,5
209,12979,2218,0,0,2016,5
207,13183,1572,0,13183,2016,5
0,120,0,0,0,2016,5
147,8386,207707,0,0,2016,5
148,9019,344700,0,9019,2016,5
0,413,271903,0,0,2016,5
538,47832,6483,0,0,2016,5
538,47936,11895,0,47936,2016,5
0,195,0,0,0,2016,5
108,9960,0,0,0,2016,5
107,11176,0,0,11176,2016,5
0,658,0,0,0,2016,5
9958,1046911,9503206,363877,0,2016,6
9965,1072456,7089659,591129,1072456,2016,6
0,5184,933469,12217,0,2016,6
238,11089,695819,20,0,2016,6
230,12048,148229,0,12048,2016,6
0,859,110737,0,0,2016,6
562,41877,8680,0,0,2016,6
560,41767,8233,0,41767,2016,6
0,146,0,0,0,2016,6
132,7806,0,0,0,2016,6
134,8553,0,0,8553,2016,6
0,849,0,0,0,2016,6
322,22601,4324,0,0,2016,6
322,22920,4200,0,22920,2016,6
92,5217,0,0,0,2016,6
95,4858,0,0,4858,2016,6
0,88,0,0,0,2016,6
137,9579,0,0,0,2016,6
138,9139,0,0,9139,2016,6
45,167,0,0,0,2016,6
45,250,0,0,250,2016,6
0,17,0,0,0,2016,6
228,14837,1313,83,0,2016,6
227,15196,2067,118,15196,2016,6
0,253,0,0,0,2016,6
139,6767,187736,0,0,2016,6
141,8008,396038,0,8008,2016,6
0,992,335571,0,0,2016,6
516,48871,7967,0,0,2016,6
516,48442,18480,0,48442,2016,6
0,12,0,0,0,2016,6
138,15168,0,0,0,2016,6
136,14279,0,0,14279,2016,6
0,145,0,0,0,2016,6
10233,1169822,8815024,422821,0,2016,7
10236,1220042,7370976,589170,1220042,2016,7
0,8552,1733579,2936,0,2016,7
237,14370,501110,5,0,2016,7
238,16748,242244,100,16748,2016,7
0,1785,142781,0,0,2016,7
535,39224,10865,0,0,2016,7
538,42009,9279,0,42009,2016,7
168,10434,710,0,0,2016,7
167,12197,0,0,12197,2016,7
0,410,0,0,0,2016,7
339,25974,3611,0,0,2016,7
337,25783,4013,0,25783,2016,7
0,1,0,0,0,2016,7
109,6468,0,0,0,2016,7
108,6635,165,0,6635,2016,7
0,74,0,0,0,2016,7
142,10927,0,0,0,2016,7
142,10251,0,0,10251,2016,7
52,461,0,0,0,2016,7
51,427,0,0,427,2016,7
0,4,0,0,0,2016,7
234,14515,721,0,0,2016,7
233,15041,1533,0,15041,2016,7
0,571,0,0,0,2016,7
158,10662,177076,0,0,2016,7
158,11126,353588,0,11126,2016,7
0,429,289166,0,0,2016,7
546,51826,5973,0,0,2016,7
546,52630,16529,0,52630,2016,7
160,18215,0,0,0,2016,7
163,18271,0,0,18271,2016,7
0,432,0,0,0,2016,7
10217,1181422,8105997,451615,0,2016,8
10221,1177088,6835160,572570,1177088,2016,8
0,8246,1393243,19656,0,2016,8
192,11570,638757,265,0,2016,8
186,11957,331330,0,11957,2016,8
0,1273,117737,0,0,2016,8
523,37899,5359,0,0,2016,8
524,38239,9634,0,38239,2016,8
0,30,0,0,0,2016,8
123,10766,0,0,0,2016,8
120,10385,0,0,10385,2016,8
0,310,0,0,0,2016,8
302,24054,2890,0,0,2016,8
303,24757,4515,0,24757,2016,8
70,4649,0,0,0,2016,8
70,4831,0,0,4831,2016,8
0,90,0,0,0,2016,8
141,9682,0,0,0,2016,8
139,10700,0,0,10700,2016,8
49,392,0,0,0,2016,8
52,462,0,0,462,2016,8
0,8,0,0,0,2016,8
229,13689,829,0,0,2016,8
229,14279,1985,61,14279,2016,8
0,161,0,0,0,2016,8
147,11279,168236,0,0,2016,8
147,11313,365848,0,11313,2016,8
0,380,302426,0,0,2016,8
542,51371,10302,0,0,2016,8
541,54380,12215,0,54380,2016,8
148,16469,153,0,0,2016,8
148,17006,0,0,17006,2016,8
0,411,0,0,0,2016,8
10287,1185473,9295072,493140,0,2016,9
10287,1138506,7652908,594939,1138506,2016,9
0,7946,2009385,11945,0,2016,9
179,10033,609479,0,0,2016,9
180,9291,241885,0,9291,2016,9
0,778,185611,0,0,2016,9
583,46542,7412,0,0,2016,9
582,42663,9124,0,42663,2016,9
120,9058,0,0,0,2016,9
121,7553,0,0,7553,2016,9
0,46,0,0,0,2016,9
333,24963,2868,0,0,2016,9
331,25090,6356,0,25090,2016,9
78,4423,0,0,0,2016,9
79,4637,0,0,4637,2016,9
0,302,0,0,0,2016,9
50,3538,0,0,0,2016,9
51,3556,0,0,3556,2016,9
10,141,0,0,0,2016,9
10,101,0,0,101,2016,9
0,13,0,0,0,2016,9
235,17057,558,136,0,2016,9
236,16832,1799,1612,16832,2016,9
135,9219,186787,0,0,2016,9
134,7490,365827,0,7490,2016,9
0,165,376123,0,0,2016,9
530,54259,7916,0,0,2016,9
530,52903,15663,0,52903,2016,9
124,14079,0,0,0,2016,9
125,14381,0,0,14381,2016,9
0,130,0,0,0,2016,9
9994,1052140,10297627,538695,0,2016,10
9984,1084123,7850603,640837,1084123,2016,10
0,8284,1626008,21312,0,2016,10
184,10945,733843,24,0,2016,10
187,10752,275262,2801,10752,2016,10
0,566,206309,0,0,2016,10
576,41678,5990,0,0,2016,10
575,41815,10004,0,41815,2016,10
0,1,0,0,0,2016,10
57,3955,0,0,0,2016,10
58,3229,0,0,3229,2016,10
0,188,0,0,0,2016,10
281,17544,3672,0,0,2016,10
278,17125,2388,0,17125,2016,10
18,703,0,0,0,2016,10
21,210,0,0,210,2016,10
0,29,0,0,0,2016,10
135,6859,0,0,0,2016,10
133,7335,0,0,7335,2016,10
19,47,0,0,0,2016,10
19,56,0,0,56,2016,10
0,3,0,0,0,2016,10
221,14508,1914,70,0,2016,10
219,14298,2222,83,14298,2016,10
89,3138,148956,0,0,2016,10
91,2127,333765,0,2127,2016,10
0,189,342237,0,0,2016,10
533,48126,7097,0,0,2016,10
534,50496,16545,0,50496,2016,10
0,1,0,0,0,2016,10
33,3924,0,0,0,2016,10
32,2472,0,0,2472,2016,10
0,177,0,0,0,2016,10
8635,891979,9555035,521408,0,2016,11
8652,855007,7161871,765782,855007,2016,11
0,7589,1579347,29474,0,2016,11
147,6280,846261,279,0,2016,11
133,5206,415702,170,5206,2016,11
0,852,154609,0,0,2016,11
531,36023,7214,0,0,2016,11
530,35505,10872,0,35505,2016,11
29,1530,5,0,0,2016,11
31,1186,0,0,1186,2016,11
258,14808,2224,0,0,2016,11
258,14737,3817,0,14737,2016,11
19,17,0,0,0,2016,11
21,20,0,0,20,2016,11
151,6477,0,0,0,2016,11
150,6721,0,0,6721,2016,11
23,31,0,0,0,2016,11
24,27,0,0,27,2016,11
0,6,0,0,0,2016,11
212,12666,895,62,0,2016,11
211,12674,1251,130,12674,2016,11
71,1575,178265,0,0,2016,11
72,1405,423819,0,1405,2016,11
0,143,355644,0,0,2016,11
485,40421,3968,0,0,2016,11
486,38098,12340,0,38098,2016,11
0,71,0,0,0,2016,11
35,2727,104,0,0,2016,11
33,3548,100,0,3548,2016,11
0,3,0,0,0,2016,11
8341,854491,7691152,630271,0,2016,12
8335,863852,7209150,951009,863852,2016,12
0,8851,1272625,13181,0,2016,12
159,6560,651105,6282,0,2016,12
142,6457,315280,2081,6457,2016,12
0,1114,214163,0,0,2016,12
459,30444,6757,0,0,2016,12
465,29792,8232,0,29792,2016,12
24,1192,0,0,0,2016,12
25,1200,0,0,1200,2016,12
0,308,0,0,0,2016,12
495,50968,3937,0,0,2016,12
493,39796,4103,0,39796,2016,12
0,0,87,0,0,2016,12
65,6816,2,0,0,2016,12
64,4109,0,0,4109,2016,12
0,0,491,0,0,2016,12
144,7563,0,0,0,2016,12
146,6590,0,0,6590,2016,12
0,166,0,0,0,2016,12
18,34,0,0,0,2016,12
17,18,0,0,18,2016,12
153,9575,486,0,0,2016,12
154,9106,2120,0,9106,2016,12
0,99,0,0,0,2016,12
55,980,181147,0,0,2016,12
57,976,479230,0,976,2016,12
0,399,80887,0,0,2016,12
646,65110,6060,0,0,2016,12
648,56520,14809,0,56520,2016,12
0,1,0,0,0,2016,12
105,13475,0,0,0,2016,12
106,9302,367,0,9302,2016,12
7678,705438,7166769,495689,0,2017,1
7705,718143,5946051,686845,718143,2017,1
0,11176,1213211,23902,0,2017,1
182,4909,663473,373,0,2017,1
178,4489,290448,4,4489,2017,1
0,957,212204,0,0,2017,1
481,27594,6182,0,0,2017,1
471,28394,6952,0,28394,2017,1
0,65,0,0,0,2017,1
28,1068,0,0,0,2017,1
31,1098,0,0,1098,2017,1
0,200,0,0,0,2017,1
694,71318,4732,0,0,2017,1
687,72135,4183,0,72135,2017,1
157,17677,17,0,0,2017,1
168,15894,0,0,15894,2017,1
145,6779,0,0,0,2017,1
144,7629,0,0,7629,2017,1
19,28,0,0,0,2017,1
19,30,0,0,30,2017,1
0,2,0,0,0,2017,1
167,9470,654,15,0,2017,1
163,9818,934,0,9818,2017,1
0,120,0,0,0,2017,1
63,836,158135,0,0,2017,1
65,819,308692,0,819,2017,1
0,351,294570,0,0,2017,1
855,86606,4510,0,0,2017,1
853,87370,10333,0,87370,2017,1
167,21913,0,0,0,2017,1
164,20333,0,0,20333,2017,1
7145,688636,7037856,442023,0,2017,2
7160,686876,6691894,556897,686876,2017,2
0,9235,901092,24535,0,2017,2
164,3688,694971,8,0,2017,2
147,3434,297614,0,3434,2017,2
0,540,269241,0,0,2017,2
477,29658,4455,0,0,2017,2
475,29895,10658,0,29895,2017,2
0,44,0,0,0,2017,2
27,1097,0,0,0,2017,2
29,1038,0,0,1038,2017,2
0,315,0,0,0,2017,2
655,73993,2480,0,0,2017,2
652,73421,4796,0,73421,2017,2
157,19981,6,0,0,2017,2
157,19490,0,0,19490,2017,2
135,7522,0,0,0,2017,2
134,7618,0,0,7618,2017,2
30,138,0,0,0,2017,2
31,75,0,0,75,2017,2
0,15,0,0,0,2017,2
169,10297,2760,1,0,2017,2
170,10545,2391,82,10545,2017,2
0,159,0,0,0,2017,2
69,1500,172155,0,0,2017,2
67,1156,323440,0,1156,2017,2
0,609,363871,0,0,2017,2
852,93239,3514,0,0,2017,2
852,91550,15975,0,91550,2017,2
0,126,0,0,0,2017,2
190,24942,0,0,0,2017,2
192,24862,0,0,24862,2017,2
0,55,0,0,0,2017,2
8562,860855,9663124,528822,0,2017,3
8598,843947,8256592,617834,843947,2017,3
0,7909,1380312,25629,0,2017,3
183,5737,609509,373,0,2017,3
162,5259,368918,0,5259,2017,3
0,1596,92030,0,0,2017,3
575,36681,5045,0,0,2017,3
575,36877,9039,0,36877,2017,3
39,1384,0,0,0,2017,3
39,1651,0,0,1651,2017,3
0,298,0,0,0,2017,3
704,76618,3245,0,0,2017,3
704,79097,4373,0,79097,2017,3
163,17540,4,0,0,2017,3
160,19843,10,0,19843,2017,3
0,43,0,0,0,2017,3
153,8559,0,0,0,2017,3
153,8958,0,0,8958,2017,3
18,39,0,0,0,2017,3
18,50,0,0,50,2017,3
0,10,0,0,0,2017,3
200,12444,1515,0,0,2017,3
200,12459,1724,0,12459,2017,3
78,1071,209459,0,0,2017,3
78,1214,383592,0,1214,2017,3
0,382,440327,0,0,2017,3
903,89671,8495,0,0,2017,3
905,97967,10844,0,97967,2017,3
113,11432,0,0,0,2017,3
111,15561,43,0,15561,2017,3
9103,1045942,8541639,464839,0,2017,4
9150,1049548,7841917,573020,1049548,2017,4
0,4652,2103848,26164,0,2017,4
211,11021,806539,650,0,2017,4
167,9589,341132,0,9589,2017,4
0,46,39732,0,0,2017,4
532,35486,5781,0,0,2017,4
532,36249,9253,0,36249,2017,4
54,3216,0,0,0,2017,4
54,2924,79,0,2924,2017,4
0,554,0,0,0,2017,4
420,35783,2052,0,0,2017,4
421,42592,3267,0,42592,2017,4
66,4870,58,0,0,2017,4
69,7847,121,0,7847,2017,4
0,43,0,0,0,2017,4
139,7630,0,0,0,2017,4
136,7774,0,0,7774,2017,4
30,316,0,0,0,2017,4
33,413,0,0,413,2017,4
0,167,0,0,0,2017,4
177,10777,615,0,0,2017,4
178,11304,2076,0,11304,2017,4
91,3512,168188,0,0,2017,4
90,4993,314563,0,4993,2017,4
0,175,360585,0,0,2017,4
705,63098,5812,0,0,2017,4
704,67139,11353,0,67139,2017,4
0,215,0,0,0,2017,4
32,2031,0,0,0,2017,4
35,3042,0,0,3042,2017,4
10046,1102539,7668391,508064,0,2017,5
10037,1094272,7891957,563788,1094272,2017,5
0,4868,813036,10534,0,2017,5
208,12241,716313,294,0,2017,5
209,11825,306122,0,11825,2017,5
0,1994,19852,0,0,2017,5
574,41826,5520,0,0,2017,5
574,41253,8476,0,41253,2017,5
75,3521,0,0,0,2017,5
74,4500,0,0,4500,2017,5
0,380,0,0,0,2017,5
292,19292,2445,0,0,2017,5
293,19817,4043,0,19817,2017,5
70,3692,0,0,0,2017,5
68,4055,0,0,4055,2017,5
0,99,0,0,0,2017,5
151,9051,0,0,0,2017,5
151,8935,0,0,8935,2017,5
34,216,0,0,0,2017,5
33,112,0,0,112,2017,5
0,75,0,0,0,2017,5
198,12665,525,152,0,2017,5
196,12794,1354,10,12794,2017,5
0,224,0,0,0,2017,5
125,5791,178152,0,0,2017,5
126,5690,351917,0,5690,2017,5
0,785,422080,0,0,2017,5
666,58557,5851,0,0,2017,5
662,58762,9746,0,58762,2017,5
0,423,0,0,0,2017,5
70,5950,0,0,0,2017,5
73,5783,0,0,5783,2017,5
0,288,0,0,0,2017,5
9990,1121904,8149390,541905,0,2017,6
9996,1151592,8168100,566863,1151592,2017,6
0,7603,1607970,10240,0,2017,6
221,14007,761351,59,0,2017,6
219,15814,399942,5622,15814,2017,6
0,1332,82351,0,0,2017,6
522,37374,3612,0,0,2017,6
525,38076,7596,0,38076,2017,6
0,42,0,0,0,2017,6
118,7037,25,0,0,2017,6
117,7249,0,0,7249,2017,6
0,1271,0,0,0,2017,6
283,20976,2695,0,0,2017,6
280,20073,5994,0,20073,2017,6
99,6882,0,0,0,2017,6
102,6791,0,0,6791,2017,6
0,517,0,0,0,2017,6
146,9670,0,0,0,2017,6
146,8991,0,0,8991,2017,6
64,500,0,0,0,2017,6
62,477,0,0,477,2017,6
191,13134,225,0,0,2017,6
191,13411,2766,0,13411,2017,6
0,39,20202,0,0,2017,6
136,6895,187091,0,0,2017,6
138,7319,341161,0,7319,2017,6
0,1084,386425,0,0,2017,6
705,64742,4718,0,0,2017,6
706,65154,13365,0,65154,2017,6
0,330,0,0,0,2017,6
101,9936,0,0,0,2017,6
100,8251,0,0,8251,2017,6
0,181,0,0,0,2017,6
10280,1214203,7710339,553847,0,2017,7
10286,1265850,8354079,572101,1265850,2017,7
0,8997,1994524,28188,0,2017,7
289,25117,948281,40,0,2017,7
282,26894,501314,2679,26894,2017,7
0,1066,46475,2311,0,2017,7
528,37347,4095,0,0,2017,7
529,40159,6638,0,40159,2017,7
0,583,0,0,0,2017,7
153,7925,1463,0,0,2017,7
153,8431,0,0,8431,2017,7
0,1078,0,0,0,2017,7
297,22485,1929,0,0,2017,7
296,22688,5831,0,22688,2017,7
123,8577,0,0,0,2017,7
125,8413,0,0,8413,2017,7
0,370,0,0,0,2017,7
150,10556,0,0,0,2017,7
151,10230,0,0,10230,2017,7
0,57,0,0,0,2017,7
64,573,0,0,0,2017,7
66,692,0,0,692,2017,7
0,5,0,0,0,2017,7
210,13081,672,0,0,2017,7
209,13918,1451,0,13918,2017,7
0,1245,0,0,0,2017,7
142,7362,168940,0,0,2017,7
142,7445,362819,0,7445,2017,7
0,1134,409869,0,0,2017,7
727,67117,6258,0,0,2017,7
728,67606,12035,0,67606,2017,7
0,303,0,0,0,2017,7
108,10515,0,0,0,2017,7
106,10410,0,0,10410,2017,7
10151,1223721,7958470,530984,0,2017,8
10168,1212636,7992585,595072,1212636,2017,8
0,5331,1181924,16613,0,2017,8
286,22995,1102285,104,0,2017,8
272,21637,421076,0,21637,2017,8
0,1165,118108,7295,0,2017,8
502,35210,4978,0,0,2017,8
501,35350,7222,0,35350,2017,8
0,286,0,0,0,2017,8
109,7448,0,0,0,2017,8
107,7778,0,0,7778,2017,8
0,876,0,0,0,2017,8
270,21151,2286,0,0,2017,8
271,21545,5935,0,21545,2017,8
94,6492,0,0,0,2017,8
94,6547,0,0,6547,2017,8
0,437,0,0,0,2017,8
154,10112,0,0,0,2017,8
154,10873,0,0,10873,2017,8
42,343,0,0,0,2017,8
40,297,0,0,297,2017,8
217,13161,798,68,0,2017,8
210,12913,1680,77,12913,2017,8
0,1022,0,0,0,2017,8
145,7462,189630,0,0,2017,8
152,7686,343904,0,7686,2017,8
0,1125,397574,0,0,2017,8
721,65652,9384,0,0,2017,8
722,69728,12783,0,69728,2017,8
0,467,0,0,0,2017,8
97,9604,0,0,0,2017,8
96,10234,0,0,10234,2017,8
10177,1213146,8895461,612717,0,2017,9
10186,1170479,8140069,657883,1170479,2017,9
0,9163,1450509,33233,0,2017,9
248,20366,926948,22,0,2017,9
234,15268,432333,0,15268,2017,9
0,1714,35547,50,0,2017,9
563,43887,4362,0,0,2017,9
564,41031,8761,0,41031,2017,9
109,6349,0,0,0,2017,9
109,4893,0,0,4893,2017,9
0,1053,0,0,0,2017,9
301,22376,2132,0,0,2017,9
301,22013,4554,0,22013,2017,9
92,6275,80,0,0,2017,9
91,6259,0,0,6259,2017,9
0,649,0,0,0,2017,9
150,9908,0,0,0,2017,9
152,9973,0,0,9973,2017,9
38,813,0,0,0,2017,9
38,741,0,0,741,2017,9
0,1,0,0,0,2017,9
206,15304,644,0,0,2017,9
205,15323,751,0,15323,2017,9
121,6721,196758,0,0,2017,9
125,5594,351750,0,5594,2017,9
0,970,429766,0,0,2017,9
716,68039,8208,0,0,2017,9
716,64832,12041,0,64832,2017,9
0,222,0,0,0,2017,9
69,5788,153,0,0,2017,9
70,7175,0,0,7175,2017,9
9940,1063417,8920609,390042,0,2017,10
9943,1090813,8234315,647584,1090813,2017,10
0,8250,1201359,12614,0,2017,10
214,10992,782382,4,0,2017,10
194,10993,270949,0,10993,2017,10
0,1113,24782,0,0,2017,10
573,39899,6703,0,0,2017,10
569,40099,7307,0,40099,2017,10
40,1788,800,0,0,2017,10
44,1606,0,0,1606,2017,10
0,407,0,0,0,2017,10
296,19667,2604,0,0,2017,10
296,19993,4708,0,19993,2017,10
17,1155,0,0,0,2017,10
19,633,0,0,633,2017,10
0,410,0,0,0,2017,10
155,8754,0,0,0,2017,10
154,9302,0,0,9302,2017,10
57,1884,0,0,0,2017,10
56,1952,0,0,1952,2017,10
0,5,0,0,0,2017,10
204,13904,664,0,0,2017,10
197,13738,1791,0,13738,2017,10
0,69,0,0,0,2017,10
70,2784,179776,0,0,2017,10
74,2908,389693,0,2908,2017,10
0,461,70365,0,0,2017,10
679,54579,7822,0,0,2017,10
681,55541,14771,0,55541,2017,10
0,249,0,0,0,2017,10
45,3661,0,0,0,2017,10
43,3489,0,0,3489,2017,10
8579,886307,9195084,594874,0,2017,11
8599,855123,8061993,671221,855123,2017,11
0,6933,1479330,27561,0,2017,11
170,9102,1003902,409,0,2017,11
159,6815,312049,0,6815,2017,11
0,1299,86861,0,0,2017,11
559,35728,4782,0,0,2017,11
560,35752,7339,0,35752,2017,11
0,42,0,0,0,2017,11
25,1707,0,0,0,2017,11
25,1920,0,0,1920,2017,11
0,325,0,0,0,2017,11
289,18435,2251,0,0,2017,11
288,17935,4616,0,17935,2017,11
6,27,0,0,0,2017,11
7,27,0,0,27,2017,11
133,6809,0,0,0,2017,11
133,7006,0,0,7006,2017,11
19,14,0,0,0,2017,11
20,18,0,0,18,2017,11
0,6,0,0,0,2017,11
195,12769,1203,0,0,2017,11
196,12618,1350,0,12618,2017,11
0,146,0,0,0,2017,11
58,1773,218342,0,0,2017,11
57,1619,407659,0,1619,2017,11
0,459,61703,0,0,2017,11
451,40793,6119,0,0,2017,11
451,38415,9839,0,38415,2017,11
0,29,0,0,0,2017,11
32,1742,0,0,0,2017,11
32,1586,42,0,1586,2017,11
0,46,0,0,0,2017,11
8096,861049,8636711,676448,0,2017,12
8088,874066,7780390,813236,874066,2017,12
0,7641,1174438,30281,0,2017,12
163,7157,736760,201,0,2017,12
143,5976,319759,0,5976,2017,12
0,1722,83742,0,0,2017,12
438,28895,3778,0,0,2017,12
444,28709,6965,0,28709,2017,12
35,1457,0,0,0,2017,12
34,1478,0,0,1478,2017,12
0,1037,0,0,0,2017,12
419,42778,1711,0,0,2017,12
423,34140,5602,0,34140,2017,12
53,6469,0,0,0,2017,12
51,4222,0,0,4222,2017,12
130,8210,0,0,0,2017,12
131,7321,0,0,7321,2017,12
13,29,0,0,0,2017,12
13,18,0,0,18,2017,12
157,10069,371,0,0,2017,12
158,9511,1168,0,9511,2017,12
0,308,0,0,0,2017,12
56,1240,195423,0,0,2017,12
58,1226,358065,0,1226,2017,12
0,1097,98177,0,0,2017,12
660,74794,11638,0,0,2017,12
650,60893,11919,0,60893,2017,12
0,55,0,0,0,2017,12
76,10434,0,0,0,2017,12
87,6657,0,0,6657,2017,12
7686,714543,7877141,642796,0,2018,1
7723,737243,6623104,683298,737243,2018,1
0,6946,1200689,31945,0,2018,1
181,6202,849021,474,0,2018,1
168,5753,421505,0,5753,2018,1
0,1515,85750,8412,0,2018,1
479,27494,4433,0,0,2018,1
472,28665,7891,0,28665,2018,1
27,733,7500,0,0,2018,1
26,754,305,0,754,2018,1
0,590,0,0,0,2018,1
636,65424,1949,0,0,2018,1
635,66047,4764,0,66047,2018,1
147,17264,0,0,0,2018,1
144,15596,0,0,15596,2018,1
125,6954,0,0,0,2018,1
124,7745,0,0,7745,2018,1
10,1244,0,0,0,2018,1
10,1090,0,0,1090,2018,1
175,10324,796,0,0,2018,1
172,10568,881,0,10568,2018,1
58,833,195057,0,0,2018,1
57,776,356070,0,776,2018,1
0,719,110393,0,0,2018,1
821,87504,7792,0,0,2018,1
822,90134,7865,0,90134,2018,1
138,17552,0,0,0,2018,1
136,16830,0,0,16830,2018,1
7281,738266,7207298,508956,0,2018,2
7299,727350,6825945,509998,727350,2018,2
0,6808,1207470,12911,0,2018,2
158,4706,700945,368,0,2018,2
144,5275,264849,20,5275,2018,2
0,955,197560,0,0,2018,2
471,29309,7700,0,0,2018,2
472,29344,9131,0,29344,2018,2
28,1054,0,0,0,2018,2
28,1102,200,0,1102,2018,2
0,265,0,0,0,2018,2
613,69432,1754,0,0,2018,2
606,67151,4922,0,67151,2018,2
150,19641,0,0,0,2018,2
158,19318,0,0,19318,2018,2
115,7795,0,0,0,2018,2
115,7830,0,0,7830,2018,2
1,77,0,0,0,2018,2
1,144,0,0,144,2018,2
174,10780,1030,68,0,2018,2
174,10761,1876,0,10761,2018,2
54,1533,194039,0,0,2018,2
56,1311,411085,0,1311,2018,2
0,615,64274,0,0,2018,2
791,89403,3150,0,0,2018,2
791,89109,8932,0,89109,2018,2
160,21276,0,0,0,2018,2
162,20808,0,0,20808,2018,2
0,31,0,0,0,2018,2
8828,939206,9136111,617823,0,2018,3
8842,944112,8667660,629675,944112,2018,3
0,7451,1744328,22261,0,2018,3
188,7707,836258,0,0,2018,3
174,8516,276046,0,8516,2018,3
0,1623,123667,0,0,2018,3
549,36099,5264,0,0,2018,3
551,35823,13407,0,35823,2018,3
38,1950,82,0,0,2018,3
39,2046,0,0,2046,2018,3
0,212,0,0,0,2018,3
664,75529,1564,0,0,2018,3
661,77753,4932,0,77753,2018,3
176,20811,5,0,0,2018,3
176,22606,0,0,22606,2018,3
0,35,0,0,0,2018,3
131,9282,0,0,0,2018,3
131,9181,0,0,9181,2018,3
1,0,0,0,0,2018,3
1,42,0,0,42,2018,3
0,50,0,0,0,2018,3
197,12407,1546,0,0,2018,3
197,12593,3196,0,12593,2018,3
79,3100,324906,0,0,2018,3
80,3397,438074,0,3397,2018,3
0,76,45564,0,0,2018,3
880,92836,4117,0,0,2018,3
879,100015,11842,0,100015,2018,3
0,15,0,0,0,2018,3
142,14294,0,0,0,2018,3
142,18856,0,0,18856,2018,3
9578,1074730,8936873,624518,0,2018,4
9598,1061486,8063003,606875,1061486,2018,4
0,4847,1818224,11417,0,2018,4
201,11415,820692,0,0,2018,4
188,12694,172147,0,12694,2018,4
0,2445,29756,60,0,2018,4
534,36474,2941,0,0,2018,4
534,37702,7706,0,37702,2018,4
53,3083,0,0,0,2018,4
52,3538,0,0,3538,2018,4
0,503,0,0,0,2018,4
383,29594,1623,0,0,2018,4
383,36561,4075,0,36561,2018,4
38,2041,0,0,0,2018,4
40,5221,0,0,5221,2018,4
0,35,0,0,0,2018,4
142,8253,0,0,0,2018,4
142,9039,0,0,9039,2018,4
4,452,0,0,0,2018,4
4,618,0,0,618,2018,4
183,11956,1299,77,0,2018,4
181,12149,1604,0,12149,2018,4
91,5769,208431,0,0,2018,4
92,6329,452253,0,6329,2018,4
0,227,38977,0,0,2018,4
616,50989,10104,0,0,2018,4
615,57281,9372,0,57281,2018,4
39,2461,0,0,0,2018,4
38,3905,0,0,3905,2018,4
0,112,0,0,0,2018,4
10264,1131544,8466010,545506,0,2018,5
10266,1138728,7406842,543504,1138728,2018,5
0,3921,2191652,16653,0,2018,5
260,18051,1068318,0,0,2018,5
260,19097,210097,0,19097,2018,5
0,1933,243808,0,0,2018,5
564,38628,3324,0,0,2018,5
565,39360,8514,0,39360,2018,5
112,4947,317,0,0,2018,5
111,6081,502,0,6081,2018,5
0,595,0,0,0,2018,5
287,19449,1105,0,0,2018,5
288,19545,4138,0,19545,2018,5
62,3642,0,0,0,2018,5
62,4560,0,0,4560,2018,5
0,139,0,0,0,2018,5
145,9590,0,0,0,2018,5
144,9222,0,0,9222,2018,5
8,211,0,0,0,2018,5
8,144,0,0,144,2018,5
196,13312,674,0,0,2018,5
195,13951,3280,0,13951,2018,5
0,177,0,0,0,2018,5
121,7130,188581,0,0,2018,5
121,8060,431992,0,8060,2018,5
0,632,44349,0,0,2018,5
596,52677,4776,0,0,2018,5
597,54669,9451,0,54669,2018,5
0,319,0,0,0,2018,5
91,7487,0,0,0,2018,5
92,7083,0,0,7083,2018,5
0,319,0,0,0,2018,5
10458,1210262,9628067,464275,0,2018,6
10466,1225135,8329891,515889,1225135,2018,6
0,6502,1746175,6630,0,2018,6
317,24390,683668,802,0,2018,6
307,27170,98730,1667,27170,2018,6
0,1354,153434,0,0,2018,6
577,42100,4011,0,0,2018,6
576,42157,8707,0,42157,2018,6
0,79,0,0,0,2018,6
162,9746,3247,0,0,2018,6
161,9939,0,0,9939,2018,6
0,1517,0,0,0,2018,6
298,23199,3039,0,0,2018,6
297,22034,6036,0,22034,2018,6
132,10305,0,0,0,2018,6
132,10259,0,0,10259,2018,6
0,69,0,0,0,2018,6
145,9874,0,0,0,2018,6
146,9345,0,0,9345,2018,6
8,331,0,0,0,2018,6
8,387,0,0,387,2018,6
209,15848,867,0,0,2018,6
211,16345,2595,0,16345,2018,6
0,458,0,0,0,2018,6
152,10484,209649,0,0,2018,6
152,10697,404590,0,10697,2018,6
0,804,33774,0,0,2018,6
591,56778,7978,0,0,2018,6
591,56004,10065,0,56004,2018,6
0,267,99,0,0,2018,6
113,11263,0,0,0,2018,6
113,10604,0,0,10604,2018,6
0,529,7092,791,0,2018,6
10861,1297852,8893281,513025,0,2018,7
10884,1353989,8900005,522874,1353989,2018,7
0,9756,1639945,3378,0,2018,7
342,33870,1035989,186,0,2018,7
318,34288,229450,0,34288,2018,7
0,804,277310,0,0,2018,7
559,39566,7845,0,0,2018,7
557,42945,5217,0,42945,2018,7
153,11782,0,0,0,2018,7
156,12975,0,0,12975,2018,7
0,1086,0,0,0,2018,7
301,24651,2313,0,0,2018,7
302,25147,5546,0,25147,2018,7
119,9132,0,0,0,2018,7
119,8909,0,0,8909,2018,7
154,11418,0,0,0,2018,7
153,11297,0,0,11297,2018,7
21,611,0,0,0,2018,7
21,510,0,0,510,2018,7
212,15341,702,0,0,2018,7
207,16178,2108,0,16178,2018,7
0,77,0,0,0,2018,7
158,12364,203553,0,0,2018,7
161,12902,446336,0,12902,2018,7
0,755,40209,0,0,2018,7
639,62667,5806,0,0,2018,7
639,64190,6657,0,64190,2018,7
0,312,0,0,0,2018,7
111,10886,361,0,0,2018,7
111,10483,0,0,10483,2018,7
0,152,0,0,0,2018,7
11056,1360378,8713943,475909,0,2018,8
11072,1350572,7904935,524456,1350572,2018,8
0,8895,1305001,5487,0,2018,8
304,32081,879849,0,0,2018,8
293,30781,342467,0,30781,2018,8
0,755,263019,0,0,2018,8
525,38494,4933,0,0,2018,8
528,39679,5946,0,39679,2018,8
152,11860,0,0,0,2018,8
152,12109,0,0,12109,2018,8
0,1522,0,0,0,2018,8
269,23266,1226,0,0,2018,8
271,24184,5265,0,24184,2018,8
112,7833,0,0,0,2018,8
108,8306,0,0,8306,2018,8
0,18,0,0,0,2018,8
158,10942,0,0,0,2018,8
158,11534,0,0,11534,2018,8
15,365,0,0,0,2018,8
15,577,0,0,577,2018,8
205,15153,980,0,0,2018,8
204,15498,2418,0,15498,2018,8
150,12388,194423,0,0,2018,8
151,12172,412678,0,12172,2018,8
0,877,49504,0,0,2018,8
650,63866,8736,0,0,2018,8
650,67687,7142,0,67687,2018,8
0,480,0,0,0,2018,8
115,11653,0,0,0,2018,8
115,12608,0,0,12608,2018,8
0,395,0,0,0,2018,8
10940,1343301,9746858,504933,0,2018,9
10952,1297122,7873887,536168,1297122,2018,9
0,7159,1665483,9955,0,2018,9
274,25680,864004,0,0,2018,9
262,21958,231911,0,21958,2018,9
0,1175,161012,0,0,2018,9
578,45163,3723,0,0,2018,9
577,43066,7503,0,43066,2018,9
0,91,0,0,0,2018,9
139,10299,789,0,0,2018,9
136,8535,49849,0,8535,2018,9
0,1285,0,0,0,2018,9
303,25141,896,0,0,2018,9
301,23732,3632,0,23732,2018,9
108,8213,0,0,0,2018,9
112,7915,0,0,7915,2018,9
0,85,0,0,0,2018,9
151,9954,0,0,0,2018,9
151,10132,0,0,10132,2018,9
12,530,0,0,0,2018,9
12,346,0,0,346,2018,9
218,17005,1432,0,0,2018,9
215,16635,2423,53,16635,2018,9
0,453,0,0,0,2018,9
133,10501,309770,0,0,2018,9
136,8853,542025,0,8853,2018,9
0,441,56724,0,0,2018,9
611,62352,10700,0,0,2018,9
611,60826,6148,0,60826,2018,9
0,118,0,0,0,2018,9
108,7989,0,0,0,2018,9
108,8568,0,0,8568,2018,9
0,116,0,0,0,2018,9
11155,1252454,10380247,574741,0,2018,10
11143,1294841,8615605,569975,1294841,2018,10
0,5762,1723846,7043,0,2018,10
191,15264,1007194,0,0,2018,10
195,14341,232275,45,14341,2018,10
0,1279,144938,0,0,2018,10
592,42577,4177,0,0,2018,10
592,43637,9248,0,43637,2018,10
59,3473,2350,0,0,2018,10
58,2591,162,0,2591,2018,10
0,392,0,0,0,2018,10
300,20960,1437,0,0,2018,10
301,22588,4216,0,22588,2018,10
19,1034,0,0,0,2018,10
19,359,0,0,359,2018,10
0,36,0,0,0,2018,10
156,9098,0,0,0,2018,10
156,9567,0,0,9567,2018,10
202,14108,1517,0,0,2018,10
206,14499,1371,0,14499,2018,10
0,188,0,0,0,2018,10
85,4171,200608,0,0,2018,10
82,3130,426982,0,3130,2018,10
0,300,40246,0,0,2018,10
614,55433,8424,0,0,2018,10
614,56419,7293,0,56419,2018,10
0,57,0,0,0,2018,10
39,4135,0,0,0,2018,10
39,4524,0,0,4524,2018,10
9989,1113774,9749620,554669,0,2018,11
9982,1055581,8192199,612061,1055581,2018,11
0,6281,2390635,14773,0,2018,11
142,8389,1086486,0,0,2018,11
143,8045,320096,0,8045,2018,11
0,588,106616,11784,0,2018,11
548,38219,4561,0,0,2018,11
549,37636,14234,0,37636,2018,11
0,153,0,0,0,2018,11
35,1963,0,0,0,2018,11
37,1929,0,0,1929,2018,11
0,505,0,0,0,2018,11
309,21488,1979,0,0,2018,11
309,20567,3264,0,20567,2018,11
3,216,0,0,0,2018,11
3,106,0,0,106,2018,11
146,7832,0,0,0,2018,11
147,8203,0,0,8203,2018,11
166,10716,1901,0,0,2018,11
165,10509,825,2,10509,2018,11
56,2283,213594,0,0,2018,11
57,1991,384509,0,1991,2018,11
0,560,39598,0,0,2018,11
537,43376,6582,0,0,2018,11
537,41234,8845,0,41234,2018,11
23,2907,0,0,0,2018,11
23,1761,0,0,1761,2018,11
9669,1081136,8212522,650289,0,2018,12
9651,1102506,8234582,755054,1102506,2018,12
0,4802,1971541,19755,0,2018,12
181,10402,518398,15,0,2018,12
170,10506,184896,125,10506,2018,12
0,1069,99067,0,0,2018,12
472,31151,2904,0,0,2018,12
477,30849,7393,0,30849,2018,12
38,1456,249,0,0,2018,12
38,1456,0,0,1456,2018,12
0,596,0,0,0,2018,12
534,56211,1834,0,0,2018,12
531,44895,1682,0,44895,2018,12
49,7153,0,0,0,2018,12
53,3942,0,0,3942,2018,12
134,8746,0,0,0,2018,12
136,7667,0,0,7667,2018,12
1,143,0,0,0,2018,12
134,8400,545,0,0,2018,12
135,7945,521,1,7945,2018,12
0,205,0,0,0,2018,12
49,1766,180793,0,0,2018,12
50,1501,335592,0,1501,2018,12
0,600,29094,0,0,2018,12
705,72734,4730,0,0,2018,12
706,61851,7772,0,61851,2018,12
0,3,0,0,0,2018,12
98,13279,0,0,0,2018,12
98,9881,0,0,9881,2018,12
0,116,0,0,0,2018,12
8877,891789,7887051,691200,0,2019,1
8923,914699,6455182,609031,914699,2019,1
0,4027,2388143,7213,0,2019,1
194,9697,714407,2662,0,2019,1
177,8497,248584,0,8497,2019,1
0,2201,97957,0,0,2019,1
481,28003,6022,0,0,2019,1
475,29375,6558,0,29375,2019,1
32,1199,2066,0,0,2019,1
30,1110,1445,0,1110,2019,1
0,434,0,0,0,2019,1
665,70546,2961,0,0,2019,1
665,71634,1950,0,71634,2019,1
122,13502,0,0,0,2019,1
121,12145,0,0,12145,2019,1
126,7179,0,0,0,2019,1
125,8406,0,0,8406,2019,1
12,1300,0,0,0,2019,1
12,1035,0,0,1035,2019,1
146,8147,933,0,0,2019,1
144,8362,1000,0,8362,2019,1
0,451,0,0,0,2019,1
64,2524,198568,0,0,2019,1
64,2459,411148,0,2459,2019,1
0,478,36366,0,0,2019,1
869,89516,4445,0,0,2019,1
873,92000,5503,0,92000,2019,1
0,0,200,0,0,2019,1
156,21907,0,0,0,2019,1
151,20344,0,0,20344,2019,1
8444,926656,6642346,646159,0,2019,2
8449,914966,7051391,467516,914966,2019,2
0,4318,1915132,5895,0,2019,2
190,7315,632950,156,0,2019,2
180,7469,153975,0,7469,2019,2
0,2863,149020,48,0,2019,2
463,30180,5051,0,0,2019,2
463,30424,7062,0,30424,2019,2
23,1121,100,0,0,2019,2
25,1092,0,0,1092,2019,2
0,229,0,0,0,2019,2
652,75343,0,0,0,2019,2
650,73876,0,0,73876,2019,2
152,18806,0,0,0,2019,2
154,16882,0,0,16882,2019,2
116,7949,0,0,0,2019,2
116,8103,0,0,8103,2019,2
2,106,0,0,0,2019,2
2,191,0,0,191,2019,2
146,9034,627,0,0,2019,2
143,9014,940,0,9014,2019,2
49,1211,176033,0,0,2019,2
52,1215,400330,0,1215,2019,2
0,519,38826,0,0,2019,2
841,95950,5946,0,0,2019,2
847,95378,6081,0,95378,2019,2
185,26222,0,0,0,2019,2
178,24424,0,0,24424,2019,2
10195,1169769,9013821,759554,0,2019,3
10224,1156607,8030881,546499,1156607,2019,3
0,4349,2751745,11369,0,2019,3
260,8945,1061712,4790,0,2019,3
230,8162,204288,0,8162,2019,3
0,17427,399207,43485,0,2019,3
549,35570,2964,0,0,2019,3
549,35679,7509,0,35679,2019,3
45,1836,1813,0,0,2019,3
45,2059,390,0,2059,2019,3
0,425,0,0,0,2019,3
739,82086,0,0,0,2019,3
735,87611,0,0,87611,2019,3
162,17774,0,0,0,2019,3
166,20333,0,0,20333,2019,3
0,12,0,0,0,2019,3
127,8906,0,0,0,2019,3
126,9429,0,0,9429,2019,3
172,10406,3014,0,0,2019,3
171,10502,1228,0,10502,2019,3
56,1854,230449,0,0,2019,3
57,2179,375603,0,2179,2019,3
0,270,40203,0,0,2019,3
936,95709,3164,0,0,2019,3
938,107463,4723,0,107463,2019,3
150,15919,0,0,0,2019,3
150,21061,0,0,21061,2019,3
11182,1346224,8505864,738531,0,2019,4
11186,1351002,7231243,593895,1351002,2019,4
0,4950,3486600,17047,0,2019,4
239,10106,875090,0,0,2019,4
235,11306,127324,4300,11306,2019,4
0,20545,520683,51859,0,2019,4
541,38964,1312,0,0,2019,4
542,39410,3316,0,39410,2019,4
54,2644,1193,0,0,2019,4
53,3165,450,0,3165,2019,4
0,515,0,0,0,2019,4
389,32699,0,0,0,2019,4
390,37849,0,0,37849,2019,4
33,2901,0,0,0,2019,4
31,4841,0,0,4841,2019,4
0,100,0,0,0,2019,4
116,7163,0,0,0,2019,4
117,6812,0,0,6812,2019,4
4,255,0,0,0,2019,4
4,390,0,0,390,2019,4
178,11663,2,0,0,2019,4
179,11977,1012,0,11977,2019,4
87,4641,210477,0,0,2019,4
86,5364,379066,0,5364,2019,4
0,496,61491,0,0,2019,4
423,38894,2172,0,0,2019,4
427,40117,468,0,40117,2019,4
22,1295,0,0,0,2019,4
20,1712,0,0,1712,2019,4
11886,1408502,8174218,652815,0,2019,5
11896,1408863,7444045,554401,1408863,2019,5
0,4149,2734336,14868,0,2019,5
302,16800,1169208,417,0,2019,5
293,17623,192282,0,17623,2019,5
0,21090,382483,38788,0,2019,5
578,43170,2051,0,0,2019,5
580,42442,5864,0,42442,2019,5
99,4372,85,0,0,2019,5
98,6267,0,0,6267,2019,5
0,576,0,0,0,2019,5
298,21530,0,0,0,2019,5
298,21594,0,0,21594,2019,5
61,3617,0,0,0,2019,5
58,5091,0,0,5091,2019,5
0,3,0,0,0,2019,5
120,7858,0,0,0,2019,5
120,7429,0,0,7429,2019,5
7,414,0,0,0,2019,5
7,850,0,0,850,2019,5
0,62,0,0,0,2019,5
196,14021,3454,0,0,2019,5
195,14229,1015,0,14229,2019,5
141,9258,214073,0,0,2019,5
142,10283,351900,0,10283,2019,5
0,799,59534,0,0,2019,5
53,3558,795,0,0,2019,5
50,4562,283,0,4562,2019,5
3,233,0,0,0,2019,5
3,137,0,0,137,2019,5
11834,1448088,7811936,517332,0,2019,6
11853,1474200,6996205,489484,1474200,2019,6
0,5420,2981672,11315,0,2019,6
319,21677,1080010,4,0,2019,6
315,24796,150490,0,24796,2019,6
0,10729,282446,48844,0,2019,6
553,40498,2788,0,0,2019,6
552,40334,8101,0,40334,2019,6
0,104,0,0,0,2019,6
165,12484,2050,0,0,2019,6
164,12144,0,0,12144,2019,6
0,1161,0,0,0,2019,6
295,23625,0,0,0,2019,6
294,22799,0,0,22799,2019,6
128,10641,0,0,0,2019,6
132,10451,0,0,10451,2019,6
0,120,0,0,0,2019,6
141,9208,0,0,0,2019,6
140,8610,0,0,8610,2019,6
18,1256,0,0,0,2019,6
18,895,0,0,895,2019,6
0,179,0,0,0,2019,6
172,11762,231,0,0,2019,6
172,11797,633,0,11797,2019,6
0,1205,0,0,0,2019,6
151,13264,197410,0,0,2019,6
150,13973,323485,0,13973,2019,6
0,1005,45509,0,0,2019,6
585,58208,4125,0,0,2019,6
585,59791,3444,0,59791,2019,6
0,441,0,0,0,2019,6
101,10623,0,0,0,2019,6
101,10649,79,0,10649,2019,6
12273,1518124,7643018,539123,0,2019,7
12274,1570072,8183439,578251,1570072,2019,7
0,7628,2583775,24246,0,2019,7
316,27933,896735,0,0,2019,7
306,29839,231327,422,29839,2019,7
0,7804,224021,23333,0,2019,7
565,38627,4196,0,0,2019,7
566,41607,5527,0,41607,2019,7
0,165,0,0,0,2019,7
151,12739,0,0,0,2019,7
152,13549,0,0,13549,2019,7
0,776,0,0,0,2019,7
300,24237,0,0,0,2019,7
299,25174,0,0,25174,2019,7
116,8884,0,0,0,2019,7
118,8351,0,0,8351,2019,7
0,7,0,0,0,2019,7
144,10169,0,0,0,2019,7
144,9693,0,0,9693,2019,7
17,638,0,0,0,2019,7
17,696,0,0,696,2019,7
0,84,0,0,0,2019,7
175,11429,0,0,0,2019,7
176,11805,739,0,11805,2019,7
0,149,0,0,0,2019,7
184,15929,223459,0,0,2019,7
183,15826,410840,0,15826,2019,7
0,834,62511,0,0,2019,7
602,60834,2131,0,0,2019,7
602,61996,5999,0,61996,2019,7
112,11869,0,0,0,2019,7
111,11393,0,0,11393,2019,7
12056,1544075,8204596,719311,0,2019,8
12056,1532867,7974607,532274,1532867,2019,8
0,7802,2424923,10962,0,2019,8
291,32924,910123,190,0,2019,8
293,31594,207663,0,31594,2019,8
0,1748,44326,0,0,2019,8
517,36171,1664,0,0,2019,8
518,36923,5117,0,36923,2019,8
133,13001,4230,0,0,2019,8
132,13135,0,0,13135,2019,8
0,1147,0,0,0,2019,8
275,22907,0,0,0,2019,8
275,23571,0,0,23571,2019,8
110,8303,0,0,0,2019,8
108,8525,0,0,8525,2019,8
145,9640,0,0,0,2019,8
146,10202,0,0,10202,2019,8
11,641,0,0,0,2019,8
11,807,0,0,807,2019,8
0,153,0,0,0,2019,8
163,10802,98,0,0,2019,8
163,10638,757,0,10638,2019,8
161,16189,203666,0,0,2019,8
162,15834,319504,0,15834,2019,8
0,741,43440,0,0,2019,8
625,62897,4787,0,0,2019,8
625,65936,4906,0,65936,2019,8
107,11935,0,0,0,2019,8
107,13114,0,0,13114,2019,8
11857,1485046,8498296,798294,0,2019,9
11867,1442771,8601904,555608,1442771,2019,9
0,5699,2165261,15549,0,2019,9
256,22298,804775,0,0,2019,9
251,19211,121746,0,19211,2019,9
0,2386,65867,157,0,2019,9
578,45109,3955,0,0,2019,9
580,43006,5081,0,43006,2019,9
124,10707,1030,0,0,2019,9
121,8945,0,0,8945,2019,9
0,867,0,0,0,2019,9
297,23284,0,0,0,2019,9
297,22943,0,0,22943,2019,9
92,7356,0,0,0,2019,9
93,6843,0,0,6843,2019,9
142,9408,0,0,0,2019,9
141,9339,0,0,9339,2019,9
12,954,0,0,0,2019,9
12,701,0,0,701,2019,9
0,169,0,0,0,2019,9
179,12664,110,0,0,2019,9
179,12490,753,0,12490,2019,9
0,154,0,0,0,2019,9
137,12359,217399,0,0,2019,9
136,10254,435929,0,10254,2019,9
0,425,57588,0,0,2019,9
599,62123,3309,0,0,2019,9
600,59424,6680,0,59424,2019,9
68,6117,0,0,0,2019,9
68,7437,0,0,7437,2019,9
11572,1393664,9465985,955215,0,2019,10
11566,1419263,8624257,682789,1419263,2019,10
0,5667,2819588,16603,0,2019,10
214,13734,988574,0,0,2019,10
205,14679,113869,0,14679,2019,10
0,1050,13715,0,0,2019,10
594,42214,3258,0,0,2019,10
593,42969,6075,0,42969,2019,10
64,3259,6305,0,0,2019,10
65,2407,72,0,2407,2019,10
0,506,0,0,0,2019,10
288,19696,0,0,0,2019,10
287,20661,0,0,20661,2019,10
21,1178,0,0,0,2019,10
23,495,0,0,495,2019,10
0,47,0,0,0,2019,10
117,7857,0,0,0,2019,10
118,8049,0,0,8049,2019,10
7,468,0,0,0,2019,10
7,362,0,0,362,2019,10
179,10546,144,0,0,2019,10
179,10786,861,0,10786,2019,10
92,4841,257568,0,0,2019,10
93,4209,439997,0,4209,2019,10
0,290,56310,0,0,2019,10
569,51907,3508,0,0,2019,10
572,52008,7329,0,52008,2019,10
0,34,0,0,0,2019,10
31,3742,0,0,0,2019,10
28,2945,0,0,2945,2019,10
10155,1212089,9630201,923467,0,2019,11
10151,1158230,7853564,618802,1158230,2019,11
0,4545,3001554,21621,0,2019,11
154,8406,1221195,0,0,2019,11
140,7104,299814,0,7104,2019,11
0,834,119262,0,0,2019,11
531,37813,3053,0,0,2019,11
533,37272,7628,0,37272,2019,11
32,2254,0,0,0,2019,11
32,2163,0,0,2163,2019,11
0,85,0,0,0,2019,11
297,21461,0,0,0,2019,11
297,20775,0,0,20775,2019,11
2,0,0,0,0,2019,11
2,0,0,0,0,2019,11
101,5761,0,0,0,2019,11
101,5859,0,0,5859,2019,11
168,9802,200,0,0,2019,11
167,9673,298,17,9673,2019,11
58,2868,223043,0,0,2019,11
59,2196,435790,0,2196,2019,11
0,199,50725,0,0,2019,11
483,38836,6796,0,0,2019,11
484,37346,4140,0,37346,2019,11
0,72,0,0,0,2019,11
33,2947,0,0,0,2019,11
33,2639,0,0,2639,2019,11
0,37,0,0,0,2019,11
10175,1212974,7893263,1176808,0,2019,12
10168,1229780,7565403,764398,1229780,2019,12
0,5484,2474918,26107,0,2019,12
164,8403,661489,0,0,2019,12
159,8879,282911,7994,8879,2019,12
0,1295,76695,0,0,2019,12
456,29896,3669,0,0,2019,12
460,29168,6474,0,29168,2019,12
32,1822,0,0,0,2019,12
33,1635,1938,0,1635,2019,12
0,2,0,0,0,2019,12
504,54856,0,0,0,2019,12
506,43611,0,0,43611,2019,12
55,8232,0,0,0,2019,12
54,4733,0,0,4733,2019,12
112,7216,0,0,0,2019,12
113,6220,0,0,6220,2019,12
2,183,0,0,0,2019,12
2,180,0,0,180,2019,12
130,7232,158,0,0,2019,12
131,6941,444,0,6941,2019,12
62,1710,197315,0,0,2019,12
63,1847,332516,0,1847,2019,12
0,0,382465,0,0,2019,12
681,72771,4785,0,0,2019,12
680,60818,6460,0,60818,2019,12
79,12098,0,0,0,2019,12
80,8603,0,0,8603,2019,12
9547,1026778,7944890,856136,0,2020,1
9574,1043561,5696001,604208,1043561,2020,1
0,2976,2249536,19412,0,2020,1
196,10014,640196,0,0,2020,1
190,10029,192957,21670,10029,2020,1
0,377,87626,0,0,2020,1
496,29241,3288,0,0,2020,1
491,30136,3093,0,30136,2020,1
28,1348,0,0,0,2020,1
28,1388,0,0,1388,2020,1
0,1,0,0,0,2020,1
664,71926,0,0,0,2020,1
662,72787,0,0,72787,2020,1
133,16015,0,0,0,2020,1
128,14983,0,0,14983,2020,1
121,6783,0,0,0,2020,1
120,7715,0,0,7715,2020,1
6,540,0,0,0,2020,1
6,423,0,0,423,2020,1
144,7346,1709,0,0,2020,1
143,7509,418,0,7509,2020,1
0,46,0,0,0,2020,1
53,1722,213781,0,0,2020,1
52,1563,361711,0,1563,2020,1
0,0,126329,0,0,2020,1
867,91809,3874,0,0,2020,1
867,93970,6115,0,93970,2020,1
128,18586,0,0,0,2020,1
128,18016,0,0,18016,2020,1
9106,1003691,7082345,563876,0,2020,2
9105,992637,6780725,428172,992637,2020,2
0,502,1788525,15961,0,2020,2
213,10161,894416,0,0,2020,2
203,10262,306352,0,10262,2020,2
0,518,142314,0,0,2020,2
476,29138,3650,0,0,2020,2
477,29058,2813,0,29058,2020,2
0,145,0,0,0,2020,2
16,1323,220,0,0,2020,2
16,1322,0,0,1322,2020,2
650,74110,0,0,0,2020,2
650,73767,0,0,73767,2020,2
187,24707,0,0,0,2020,2
187,24062,0,0,24062,2020,2
110,7222,0,0,0,2020,2
110,7443,0,0,7443,2020,2
158,8985,322,0,0,2020,2
157,8166,594,0,8166,2020,2
53,1781,182938,0,0,2020,2
54,1805,464071,0,1805,2020,2
0,98,56055,0,0,2020,2
902,105693,5807,0,0,2020,2
902,103726,8985,0,103726,2020,2
171,24777,0,0,0,2020,2
170,24636,3907,0,24636,2020,2
0,20,0,0,0,2020,2
5012,407093,7963224,412758,0,2020,3
4976,384914,5551537,242310,384914,2020,3
0,1090,2372664,8848,0,2020,3
245,10594,1304218,921,0,2020,3
245,4663,436528,0,4663,2020,3
0,312,120470,28,0,2020,3
230,11629,579,0,0,2020,3
232,10547,1001,0,10547,2020,3
11,799,0,0,0,2020,3
11,617,0,0,617,2020,3
0,6,0,0,0,2020,3
350,27898,0,0,0,2020,3
358,37090,0,0,37090,2020,3
65,3949,0,0,0,2020,3
65,8156,0,0,8156,2020,3
58,2600,0,0,0,2020,3
59,2956,0,0,2956,2020,3
69,3010,789,0,0,2020,3
69,2731,269,0,2731,2020,3
48,682,190761,0,0,2020,3
50,499,348242,0,499,2020,3
0,0,80956,0,0,2020,3
480,34691,5199,0,0,2020,3
483,47121,5202,0,47121,2020,3
63,4775,0,0,0,2020,3
63,9050,0,0,9050,2020,3
334,5562,5327953,48417,0,2020,4
334,3857,2197145,35995,3857,2020,4
0,16,1596480,7782,0,2020,4
147,2359,2133844,3178,0,2020,4
145,809,490293,264,809,2020,4
0,29,120704,1544,0,2020,4
1,0,0,0,0,2020,4
5,2,0,0,0,2020,4
5,3,0,0,3,2020,4
0,9,0,0,0,2020,4
1,143,0,0,0,2020,4
1,0,0,0,0,2020,4
63,0,227984,0,0,2020,4
63,0,540368,0,0,2020,4
0,0,94299,0,0,2020,4
2,6,0,0,0,2020,4
2,5,0,0,5,2020,4
407,10199,5761728,59743,0,2020,5
376,8415,1966516,42011,8415,2020,5
0,106,2486649,16458,0,2020,5
119,250,2295762,25217,0,2020,5
165,1139,821914,5065,1139,2020,5
0,93,221026,1601,0,2020,5
7,18,0,0,0,2020,5
7,14,0,0,14,2020,5
46,723,232391,0,0,2020,5
46,0,562617,0,0,2020,5
0,0,63270,0,0,2020,5
10,133,0,0,0,2020,5
10,104,0,0,104,2020,5
1,5,0,0,0,2020,5
1,5,0,0,5,2020,5
1146,67105,5414885,91471,0,2020,6
1143,70065,2715975,113067,70065,2020,6
0,26,2282280,13850,0,2020,6
81,347,725750,6373,0,2020,6
83,581,381627,0,581,2020,6
0,0,212314,570,0,2020,6
9,294,0,0,0,2020,6
10,326,0,0,326,2020,6
26,358,0,0,0,2020,6
25,78,0,0,78,2020,6
0,34,0,0,0,2020,6
9,220,0,0,0,2020,6
9,272,0,0,272,2020,6
44,0,216536,0,0,2020,6
44,30,640485,0,30,2020,6
0,0,53364,0,0,2020,6
14,851,0,0,0,2020,6
14,782,0,0,782,2020,6
3733,272221,6386558,169940,0,2020,7
3755,301380,3531987,168571,301380,2020,7
0,412,2878076,2114,0,2020,7
78,758,642106,0,0,2020,7
82,1509,152011,0,1509,2020,7
0,144,184597,1366,0,2020,7
89,3903,278,0,0,2020,7
87,4298,96,0,4298,2020,7
43,711,270,0,0,2020,7
44,1096,0,0,1096,2020,7
0,104,0,0,0,2020,7
68,2837,0,0,0,2020,7
65,2799,0,0,2799,2020,7
0,14,0,0,0,2020,7
26,1225,0,0,0,2020,7
26,1863,0,0,1863,2020,7
14,1461,0,0,0,2020,7
14,1255,0,0,1255,2020,7
3,1,0,0,0,2020,7
3,0,0,0,0,2020,7
0,128,0,0,0,2020,7
59,242,232884,0,0,2020,7
59,310,648403,0,310,2020,7
0,234,54643,0,0,2020,7
143,7901,1967,0,0,2020,7
142,10307,251,0,10307,2020,7
0,26,0,0,0,2020,7
3,94,0,0,0,2020,7
2,49,0,0,49,2020,7
5190,402928,6075201,187350,0,2020,8
5180,391192,3202288,226883,391192,2020,8
0,842,1986552,934,0,2020,8
61,713,1132228,3019,0,2020,8
63,1733,275130,0,1733,2020,8
0,462,322320,2033,0,2020,8
93,4833,453,0,0,2020,8
94,5280,58,0,5280,2020,8
45,1236,0,0,0,2020,8
43,1527,0,0,1527,2020,8
0,187,0,0,0,2020,8
69,3832,0,0,0,2020,8
69,3949,0,0,3949,2020,8
0,76,0,0,0,2020,8
27,1911,0,0,0,2020,8
28,2065,0,0,2065,2020,8
18,1448,0,0,0,2020,8
18,1732,0,0,1732,2020,8
1,0,0,0,0,2020,8
1,45,0,0,45,2020,8
62,516,181352,0,0,2020,8
62,604,658996,0,604,2020,8
0,560,44339,0,0,2020,8
179,14693,1010,0,0,2020,8
179,14804,500,0,14804,2020,8
0,131,0,0,0,2020,8
11,345,0,0,0,2020,8
12,480,0,0,480,2020,8
0,251,0,0,0,2020,8
4596,291003,6842790,245183,0,2020,9
4598,268512,3384534,308037,268512,2020,9
0,1043,2294285,575,0,2020,9
71,587,1439987,1554,0,2020,9
70,474,457181,3757,474,2020,9
0,628,351901,1173,0,2020,9
105,5294,1070,0,0,2020,9
105,5621,188,0,5621,2020,9
39,1143,0,0,0,2020,9
41,852,716,0,852,2020,9
0,170,0,0,0,2020,9
70,3130,0,0,0,2020,9
69,2941,0,0,2941,2020,9
0,27,0,0,0,2020,9
19,1738,0,0,0,2020,9
19,1543,0,0,1543,2020,9
33,1697,0,0,0,2020,9
33,1807,0,0,1807,2020,9
5,129,0,0,0,2020,9
5,96,0,0,96,2020,9
57,528,266612,0,0,2020,9
57,505,758620,0,505,2020,9
0,231,56214,0,0,2020,9
150,10862,784,0,0,2020,9
150,10007,625,0,10007,2020,9
0,29,0,0,0,2020,9
17,1549,0,0,0,2020,9
17,1191,0,0,1191,2020,9
0,73,0,0,0,2020,9
3424,189490,7435798,254037,0,2020,10
3435,185938,3805296,322655,185938,2020,10
0,1914,2362149,1966,0,2020,10
61,362,1537885,9422,0,2020,10
66,268,346464,946,268,2020,10
0,135,287608,6,0,2020,10
140,4782,232,0,0,2020,10
140,4982,267,0,4982,2020,10
27,114,0,0,0,2020,10
27,66,0,0,66,2020,10
0,62,0,0,0,2020,10
60,1690,0,0,0,2020,10
61,1771,0,0,1771,2020,10
4,414,0,0,0,2020,10
6,90,0,0,90,2020,10
0,33,0,0,0,2020,10
45,1403,0,0,0,2020,10
45,1557,0,0,1557,2020,10
9,144,0,0,0,2020,10
9,288,0,0,288,2020,10
52,206,271957,0,0,2020,10
52,95,823597,0,95,2020,10
0,0,74979,0,0,2020,10
127,6700,6,0,0,2020,10
127,6702,191,0,6702,2020,10
12,877,0,0,0,2020,10
12,820,0,0,820,2020,10
2047,88794,7815390,217338,0,2020,11
2040,89375,3799743,271294,89375,2020,11
0,1349,2123285,1151,0,2020,11
77,472,1675345,9322,0,2020,11
83,641,268672,1403,641,2020,11
0,484,225372,11002,0,2020,11
53,1181,46,0,0,2020,11
54,1474,17,0,1474,2020,11
14,77,0,0,0,2020,11
14,159,0,0,159,2020,11
0,1,0,0,0,2020,11
32,623,0,0,0,2020,11
32,676,0,0,676,2020,11
11,144,0,0,0,2020,11
11,204,0,0,204,2020,11
52,125,253795,0,0,2020,11
52,128,844093,0,128,2020,11
0,0,79525,0,0,2020,11
12,353,0,0,0,2020,11
13,324,0,0,324,2020,11
1,0,0,0,0,2020,11
1,47,0,0,47,2020,11
1981,106501,7884137,260698,0,2020,12
1982,116921,4147543,248573,116921,2020,12
0,2638,2104557,1113,0,2020,12
59,295,540330,21871,0,2020,12
55,424,371907,0,424,2020,12
0,71,135475,2852,0,2020,12
44,1303,125,0,0,2020,12
44,1201,79,0,1201,2020,12
5,10,0,0,0,2020,12
5,9,0,0,9,2020,12
49,1157,0,0,0,2020,12
54,948,0,0,948,2020,12
5,0,0,0,0,2020,12
5,88,0,0,0,2020,12
5,38,0,0,38,2020,12
3,71,0,0,0,2020,12
3,106,0,0,106,2020,12
48,100,240878,0,0,2020,12
48,97,917984,0,97,2020,12
0,0,75312,0,0,2020,12
35,1025,0,0,0,2020,12
35,814,2,0,814,2020,12
6,495,0,0,0,2020,12
6,80,0,0,80,2020,12
1806,100353,8670390,210738,0,2021,1
1845,94825,3626700,234234,94825,2021,1
0,2611,1997858,1292,0,2021,1
56,317,220628,0,0,2021,1
26,181,51043,0,181,2021,1
0,8,6263,3709,0,2021,1
46,1110,43,0,0,2021,1
45,1410,0,0,1410,2021,1
12,84,0,0,0,2021,1
12,110,0,0,110,2021,1
31,567,0,0,0,2021,1
38,731,0,0,731,2021,1
8,0,0,0,0,2021,1
2,6,0,0,0,2021,1
2,42,0,0,42,2021,1
43,0,293772,0,0,2021,1
42,0,666813,0,0,2021,1
0,0,66493,0,0,2021,1
15,251,0,0,0,2021,1
15,398,0,0,398,2021,1
4,177,0,0,0,2021,1
4,171,0,0,171,2021,1
1350,79499,7540726,169623,0,2021,2
1353,77047,3728351,154424,77047,2021,2
0,1587,1715635,2337,0,2021,2
55,365,608089,0,0,2021,2
48,288,108791,0,288,2021,2
41,959,2,0,0,2021,2
41,1105,0,0,1105,2021,2
9,20,45677,0,0,2021,2
9,81,0,0,81,2021,2
23,451,0,0,0,2021,2
23,499,0,0,499,2021,2
1,0,0,0,0,2021,2
1,47,0,0,47,2021,2
40,0,273894,0,0,2021,2
40,0,641931,1655,0,2021,2
0,0,59622,0,0,2021,2
9,112,0,0,0,2021,2
9,120,0,0,120,2021,2
3,113,0,0,0,2021,2
3,115,0,0,115,2021,2
1868,103216,8751272,248283,0,2021,3
1868,108900,4590884,228723,108900,2021,3
0,2462,2412605,4447,0,2021,3
72,465,446539,1166,0,2021,3
71,348,127197,0,348,2021,3
0,246,241900,4118,0,2021,3
43,1335,332,0,0,2021,3
43,1389,9,0,1389,2021,3
17,15,473424,0,0,2021,3
17,42,0,0,42,2021,3
0,3,0,0,0,2021,3
23,585,0,0,0,2021,3
24,590,0,0,590,2021,3
63,0,789866,0,0,2021,3
64,0,1211853,1483,0,2021,3
0,0,78112,0,0,2021,3
9,232,0,0,0,2021,3
9,218,0,0,218,2021,3
2444,136732,8551608,260314,0,2021,4
2446,129728,4629069,328645,129728,2021,4
0,1873,2989199,6886,0,2021,4
56,302,687095,22,0,2021,4
63,532,382191,0,532,2021,4
0,0,257740,6517,0,2021,4
61,1599,260,0,0,2021,4
60,1749,277,0,1749,2021,4
57,158,1112602,0,0,2021,4
52,100,0,0,100,2021,4
27,556,0,0,0,2021,4
27,616,0,0,616,2021,4
3,0,0,0,0,2021,4
3,0,0,0,0,2021,4
60,0,743563,0,0,2021,4
59,0,794258,1416,0,2021,4
0,0,146624,0,0,2021,4
12,553,862,0,0,2021,4
12,463,1385,0,463,2021,4
2849,197924,8917937,240444,0,2021,5
2849,197202,4734098,298548,197202,2021,5
0,2202,2826995,7419,0,2021,5
56,921,701436,12172,0,2021,5
52,1305,714,0,1305,2021,5
67,2285,433,0,0,2021,5
68,2492,783,0,2492,2021,5
55,84,646033,0,0,2021,5
59,117,0,0,117,2021,5
0,5,0,0,0,2021,5
27,860,0,0,0,2021,5
27,872,0,0,872,2021,5
5,102,0,0,0,2021,5
5,214,0,0,214,2021,5
1,49,0,0,0,2021,5
1,0,0,0,0,2021,5
0,39,0,0,0,2021,5
1,0,0,0,0,2021,5
1,0,0,0,0,2021,5
52,64,830783,0,0,2021,5
52,0,632017,0,0,2021,5
0,0,47384,0,0,2021,5
6,251,0,0,0,2021,5
6,218,0,0,218,2021,5
4037,349390,8343339,219345,0,2021,6
4046,368232,4750842,291480,368232,2021,6
0,3253,2851661,4223,0,2021,6
74,1771,216109,102,0,2021,6
65,2172,38649,0,2172,2021,6
0,509,2491,0,0,2021,6
105,4620,247,0,0,2021,6
105,4725,465,0,4725,2021,6
91,1577,0,0,0,2021,6
91,1540,0,0,1540,2021,6
0,677,0,0,0,2021,6
39,1641,0,0,0,2021,6
38,1726,0,0,1726,2021,6
40,1779,0,0,0,2021,6
40,2792,0,0,2792,2021,6
0,28,0,0,0,2021,6
5,228,0,0,0,2021,6
5,138,0,0,138,2021,6
9,344,0,0,0,2021,6
9,346,0,0,346,2021,6
0,2,0,0,0,2021,6
3,28,0,0,0,2021,6
3,73,0,0,73,2021,6
62,450,494077,0,0,2021,6
62,1022,745141,0,1022,2021,6
0,17,56064,0,0,2021,6
41,3265,0,0,0,2021,6
39,4459,0,0,4459,2021,6
0,109,0,0,0,2021,6
23,880,0,0,0,2021,6
23,953,0,0,953,2021,6
0,117,0,0,0,2021,6
6683,693663,8302025,193447,0,2021,7
6713,766421,5051101,289967,766421,2021,7
0,5085,3155459,4078,0,2021,7
95,3528,317611,0,0,2021,7
87,5233,121332,0,5233,2021,7
0,704,105,0,0,2021,7
176,10169,848,0,0,2021,7
176,10764,531,0,10764,2021,7
127,5503,0,0,0,2021,7
127,7898,508,0,7898,2021,7
0,179,0,0,0,2021,7
80,4922,0,0,0,2021,7
80,4999,0,0,4999,2021,7
58,4361,0,0,0,2021,7
57,4800,0,0,4800,2021,7
33,2743,0,0,0,2021,7
33,2306,0,0,2306,2021,7
10,285,0,0,0,2021,7
10,445,0,0,445,2021,7
0,1,0,0,0,2021,7
33,1145,0,0,0,2021,7
33,1407,0,0,1407,2021,7
0,239,0,0,0,2021,7
98,4341,766343,0,0,2021,7
97,5798,1065220,0,5798,2021,7
0,370,60156,0,0,2021,7
213,17945,1541,0,0,2021,7
212,19818,429,0,19818,2021,7
0,93,0,0,0,2021,7
32,1677,0,0,0,2021,7
33,1958,0,0,1958,2021,7
7550,906210,7937110,172841,0,2021,8
7533,857669,4926505,256612,857669,2021,8
0,4763,2967554,12558,0,2021,8
92,5233,107956,0,0,2021,8
95,4281,24440,0,4281,2021,8
0,123,0,0,0,2021,8
184,11514,260,0,0,2021,8
184,12512,458,0,12512,2021,8
0,226,0,0,0,2021,8
106,7139,180,0,0,2021,8
106,7019,25016,0,7019,2021,8
103,7437,0,0,0,2021,8
103,7785,0,0,7785,2021,8
50,4425,0,0,0,2021,8
51,4758,0,0,4758,2021,8
36,2696,0,0,0,2021,8
36,2901,0,0,2901,2021,8
10,417,0,0,0,2021,8
10,430,0,0,430,2021,8
32,1924,0,0,0,2021,8
31,2023,0,0,2023,2021,8
0,397,0,0,0,2021,8
97,6324,293785,0,0,2021,8
99,6142,743745,0,6142,2021,8
0,134,56630,0,0,2021,8
249,27287,5116,0,0,2021,8
250,27359,3840,0,27359,2021,8
29,2110,0,0,0,2021,8
28,2206,0,0,2206,2021,8
0,108,0,0,0,2021,8
7228,812518,8913554,204591,0,2021,9
7240,751928,4963612,317374,751928,2021,9
0,3819,2919265,2093,0,2021,9
103,3498,224154,0,0,2021,9
103,3205,108841,0,3205,2021,9
0,347,28933,0,0,2021,9
196,15232,2030,0,0,2021,9
194,14103,407,0,14103,2021,9
121,6833,0,0,0,2021,9
118,5669,0,0,5669,2021,9
0,537,0,0,0,2021,9
63,5466,0,0,0,2021,9
63,5083,0,0,5083,2021,9
33,3641,0,0,0,2021,9
34,2205,0,0,2205,2021,9
37,2417,0,0,0,2021,9
36,2492,0,0,2492,2021,9
6,335,0,0,0,2021,9
6,289,0,0,289,2021,9
48,2330,0,0,0,2021,9
48,2173,0,0,2173,2021,9
0,117,0,0,0,2021,9
96,5429,432493,0,0,2021,9
96,4870,762149,0,4870,2021,9
0,303,70199,0,0,2021,9
278,29525,2007,0,0,2021,9
277,27194,2716,0,27194,2021,9
0,42,0,0,0,2021,9
28,2131,0,0,0,2021,9
28,1635,0,0,1635,2021,9
7164,781730,10051399,234366,0,2021,10
7154,780060,5763264,360162,780060,2021,10
0,3090,2628973,3774,0,2021,10
103,3944,447358,0,0,2021,10
112,4294,29161,0,4294,2021,10
0,37,243786,0,0,2021,10
251,15300,503,0,0,2021,10
250,15997,333,0,15997,2021,10
68,2500,240,0,0,2021,10
70,2223,0,0,2223,2021,10
0,35,0,0,0,2021,10
45,2329,0,0,0,2021,10
44,2695,0,0,2695,2021,10
54,2393,0,0,0,2021,10
54,2545,0,0,2545,2021,10
2,56,0,0,0,2021,10
2,0,0,0,0,2021,10
81,2532,0,0,0,2021,10
80,2872,0,0,2872,2021,10
79,3484,527148,0,0,2021,10
79,2912,709459,0,2912,2021,10
0,0,45430,0,0,2021,10
267,24018,1176,0,0,2021,10
263,23711,5096,0,23711,2021,10
0,50,0,0,0,2021,10
7,186,0,0,0,2021,10
9,874,0,0,874,2021,10
6104,554224,9584247,241704,0,2021,11
6097,551788,5225748,378026,551788,2021,11
0,2850,2426835,6022,0,2021,11
107,3593,973008,544,0,2021,11
100,3245,435503,1,3245,2021,11
0,364,11518,0,0,2021,11
246,11871,368,0,0,2021,11
248,12790,1448,0,12790,2021,11
0,143,0,0,0,2021,11
39,1457,0,0,0,2021,11
39,1436,0,0,1436,2021,11
0,9,0,0,0,2021,11
78,4471,0,0,0,2021,11
78,4549,0,0,4549,2021,11
2,30,0,0,0,2021,11
3,50,0,0,50,2021,11
36,1316,0,0,0,2021,11
37,1480,0,0,1480,2021,11
0,176,0,0,0,2021,11
8,201,0,0,0,2021,11
8,220,0,0,220,2021,11
71,2071,0,0,0,2021,11
71,2122,0,0,2122,2021,11
66,1272,348681,0,0,2021,11
68,1224,611511,0,1224,2021,11
0,0,52320,0,0,2021,11
227,14551,485,0,0,2021,11
228,14383,3234,0,14383,2021,11
10,369,0,0,0,2021,11
12,345,0,0,345,2021,11
5735,442208,8978121,295839,0,2021,12
5731,470418,5885587,487997,470418,2021,12
0,3883,2495331,5607,0,2021,12
91,2057,943714,79,0,2021,12
92,2691,83651,0,2691,2021,12
0,345,0,430,0,2021,12
180,8300,449,0,0,2021,12
181,7644,750,0,7644,2021,12
30,1015,0,0,0,2021,12
30,1141,0,0,1141,2021,12
0,12,0,0,0,2021,12
237,19619,0,0,0,2021,12
234,13222,0,0,13222,2021,12
0,23,0,0,0,2021,12
33,2221,0,0,0,2021,12
36,1795,0,0,1795,2021,12
20,1246,0,0,0,2021,12
20,876,0,0,876,2021,12
2,35,0,0,0,2021,12
2,35,0,0,35,2021,12
30,633,0,0,0,2021,12
30,549,0,0,549,2021,12
62,813,1334682,0,0,2021,12
62,905,553805,0,905,2021,12
0,0,50387,0,0,2021,12
348,24214,53122,0,0,2021,12
347,18274,4158,0,18274,2021,12
0,43,0,0,0,2021,12
30,3006,0,0,0,2021,12
30,1558,0,0,1558,2021,12
4811,421383,8111780,205366,0,2022,1
4820,389961,4620394,310609,389961,2022,1
0,3984,2948598,7791,0,2022,1
88,2252,1106239,67,0,2022,1
82,1888,238801,0,1888,2022,1
0,206,1546,0,0,2022,1
135,6029,308,0,0,2022,1
135,6643,706,0,6643,2022,1
32,831,4030,0,0,2022,1
32,646,317,0,646,2022,1
0,4,0,0,0,2022,1
360,29939,0,0,0,2022,1
356,30814,0,0,30814,2022,1
0,16,0,0,0,2022,1
92,11974,0,0,0,2022,1
96,9095,0,0,9095,2022,1
0,48,0,0,0,2022,1
14,578,0,0,0,2022,1
14,936,0,0,936,2022,1
26,544,0,0,0,2022,1
26,468,0,0,468,2022,1
61,1281,879076,0,0,2022,1
60,853,487986,0,853,2022,1
0,289,44197,0,0,2022,1
487,35514,3653,0,0,2022,1
487,34812,413,0,34812,2022,1
0,82,0,0,0,2022,1
114,13293,0,0,0,2022,1
114,11210,0,0,11210,2022,1
4306,431792,7102700,185555,0,2022,2
4314,432733,4389785,270120,432733,2022,2
0,3267,1921469,4959,0,2022,2
65,2904,339735,0,0,2022,2
50,3300,62577,0,3300,2022,2
0,61,1477,0,0,2022,2
115,6682,261,0,0,2022,2
113,6638,289,0,6638,2022,2
20,680,1200,0,0,2022,2
20,866,0,0,866,2022,2
404,48283,0,0,0,2022,2
397,44492,0,0,44492,2022,2
0,4,0,0,0,2022,2
95,15412,0,0,0,2022,2
102,14348,0,0,14348,2022,2
10,759,0,0,0,2022,2
10,586,0,0,586,2022,2
23,407,0,0,0,2022,2
23,461,0,0,461,2022,2
57,799,932031,0,0,2022,2
58,1013,530148,0,1013,2022,2
0,10,50313,0,0,2022,2
515,54930,2559,0,0,2022,2
514,51185,1209,0,51185,2022,2
0,20,0,0,0,2022,2
115,16459,0,0,0,2022,2
116,16499,0,0,16499,2022,2
5752,614679,8593346,203497,0,2022,3
5808,611194,5656533,318577,611194,2022,3
0,3664,3083370,8052,0,2022,3
137,4553,121062,0,0,2022,3
96,4006,182044,4416,4006,2022,3
0,1645,82916,4311,0,2022,3
211,11460,1065,0,0,2022,3
212,11971,980,0,11971,2022,3
45,1494,0,0,0,2022,3
45,1360,0,0,1360,2022,3
0,10,0,0,0,2022,3
450,54379,0,0,0,2022,3
442,57879,0,0,57879,2022,3
99,13388,0,0,0,2022,3
106,15364,0,0,15364,2022,3
34,1556,0,0,0,2022,3
34,1812,0,0,1812,2022,3
41,1205,0,0,0,2022,3
41,1156,0,0,1156,2022,3
56,1612,407033,0,0,2022,3
56,1863,423631,0,1863,2022,3
0,0,71224,0,0,2022,3
581,58738,3128,0,0,2022,3
581,63259,3080,0,63259,2022,3
92,9571,0,0,0,2022,3
92,12814,0,0,12814,2022,3
7425,879955,9013089,179898,0,2022,4
7441,885279,5296620,283611,885279,2022,4
0,5700,2443883,9278,0,2022,4
161,6712,242988,0,0,2022,4
147,7892,127180,1,7892,2022,4
0,4737,460564,0,0,2022,4
283,18992,1874,0,0,2022,4
284,19408,1783,0,19408,2022,4
45,1880,900,0,0,2022,4
45,2053,0,0,2053,2022,4
0,11,0,0,0,2022,4
199,19279,0,0,0,2022,4
201,23852,0,0,23852,2022,4
31,2768,0,0,0,2022,4
30,4944,0,0,4944,2022,4
46,2338,0,0,0,2022,4
46,2502,0,0,2502,2022,4
5,133,0,0,0,2022,4
5,409,0,0,409,2022,4
0,219,0,0,0,2022,4
69,3070,0,0,0,2022,4
68,3319,0,0,3319,2022,4
69,4032,376924,0,0,2022,4
68,4450,411953,0,4450,2022,4
0,0,41659,0,0,2022,4
356,34124,832,0,0,2022,4
356,35554,3394,0,35554,2022,4
19,1413,0,0,0,2022,4
19,1741,0,0,1741,2022,4
8553,1044189,8378973,172883,0,2022,5
8560,1046076,5307593,259493,1046076,2022,5
0,4716,2385749,8626,0,2022,5
133,8392,96906,88,0,2022,5
128,8084,43138,0,8084,2022,5
0,1825,137031,0,0,2022,5
348,25303,668,0,0,2022,5
346,25577,2830,0,25577,2022,5
97,4620,0,0,0,2022,5
97,6113,0,0,6113,2022,5
0,11,0,0,0,2022,5
157,10684,0,0,0,2022,5
156,10174,0,0,10174,2022,5
37,2539,0,0,0,2022,5
37,3720,0,0,3720,2022,5
63,3807,0,0,0,2022,5
63,3864,0,0,3864,2022,5
6,311,0,0,0,2022,5
6,287,0,0,287,2022,5
0,80,0,0,0,2022,5
87,5172,0,0,0,2022,5
87,5277,0,0,5277,2022,5
0,315,0,0,0,2022,5
103,5984,343369,0,0,2022,5
103,7369,519343,0,7369,2022,5
0,0,58254,0,0,2022,5
381,36810,4024,0,0,2022,5
380,37292,7300,0,37292,2022,5
0,453,485,0,0,2022,5
49,4623,0,0,0,2022,5
50,3955,0,0,3955,2022,5
0,319,0,0,0,2022,5
8939,1175041,8332812,181144,0,2022,6
8964,1200472,5023411,282835,1200472,2022,6
0,6425,2583685,5613,0,2022,6
129,8371,24197,0,0,2022,6
108,9397,45267,0,9397,2022,6
0,809,1832,0,0,2022,6
320,24420,298,0,0,2022,6
322,24699,2547,0,24699,2022,6
0,45,0,0,0,2022,6
151,9233,569,0,0,2022,6
152,9764,0,0,9764,2022,6
0,45,0,0,0,2022,6
190,13808,0,0,0,2022,6
191,13531,0,0,13531,2022,6
67,6183,0,0,0,2022,6
65,6620,0,0,6620,2022,6
67,4697,0,0,0,2022,6
66,4448,0,0,4448,2022,6
11,643,0,0,0,2022,6
11,523,0,0,523,2022,6
91,5515,0,0,0,2022,6
94,5528,0,0,5528,2022,6
0,72,0,0,0,2022,6
123,10516,310140,0,0,2022,6
120,10834,398325,0,10834,2022,6
0,55,55132,0,0,2022,6
407,44186,4215,0,0,2022,6
408,42830,6326,0,42830,2022,6
0,135,3853,0,0,2022,6
60,6347,0,0,0,2022,6
60,6223,0,0,6223,2022,6
9474,1335744,8076702,176393,0,2022,7
9504,1399596,5637014,354588,1399596,2022,7
0,6635,2512589,4654,0,2022,7
186,13704,159607,0,0,2022,7
155,16675,173567,0,16675,2022,7
0,1275,60760,0,0,2022,7
278,19053,71,0,0,2022,7
277,21088,1549,0,21088,2022,7
185,11628,0,0,0,2022,7
186,12751,0,0,12751,2022,7
0,425,0,0,0,2022,7
146,13401,0,0,0,2022,7
185,14701,0,0,14701,2022,7
112,7124,0,0,0,2022,7
74,6993,0,0,6993,2022,7
57,4178,0,0,0,2022,7
58,4264,0,0,4264,2022,7
15,606,0,0,0,2022,7
15,657,0,0,657,2022,7
58,3966,0,0,0,2022,7
81,4401,0,0,4401,2022,7
0,16,0,0,0,2022,7
151,10772,356360,0,0,2022,7
127,11447,394151,0,11447,2022,7
0,442,53479,0,0,2022,7
460,47680,4749,0,0,2022,7
457,48805,5614,0,48805,2022,7
87,7033,0,0,0,2022,7
88,7175,0,0,7175,2022,7
0,236,0,0,0,2022,7
9754,1381428,8161780,177091,0,2022,8
9764,1346604,5466941,357383,1346604,2022,8
0,4016,2512664,6435,0,2022,8
168,18431,23520,0,0,2022,8
160,16264,758,0,16264,2022,8
0,1266,0,0,0,2022,8
313,19696,90,0,0,2022,8
313,20098,536,0,20098,2022,8
148,11505,0,0,0,2022,8
148,10813,0,0,10813,2022,8
0,786,0,0,0,2022,8
170,14807,0,0,0,2022,8
177,15277,0,0,15277,2022,8
66,6230,0,0,0,2022,8
58,6536,0,0,6536,2022,8
57,3741,0,0,0,2022,8
56,4170,0,0,4170,2022,8
17,657,0,0,0,2022,8
17,587,0,0,587,2022,8
0,30,0,0,0,2022,8
75,4344,0,0,0,2022,8
82,4486,0,0,4486,2022,8
139,10345,413502,0,0,2022,8
133,10260,523714,0,10260,2022,8
0,902,56388,0,0,2022,8
448,50561,7298,0,0,2022,8
449,52512,5318,0,52512,2022,8
48,5114,0,0,0,2022,8
47,5070,0,0,5070,2022,8
0,304,0,0,0,2022,8
9597,1336592,8991535,194567,0,2022,9
9613,1286171,5751709,424988,1286171,2022,9
0,4751,2515538,1782,0,2022,9
149,11141,31436,0,0,2022,9
136,8745,34904,996,8745,2022,9
0,3192,31178,1242,0,2022,9
340,25013,524,0,0,2022,9
340,24007,1606,0,24007,2022,9
143,9775,600,0,0,2022,9
143,7624,0,0,7624,2022,9
0,1453,0,0,0,2022,9
187,14380,0,0,0,2022,9
186,14122,0,0,14122,2022,9
58,6178,0,0,0,2022,9
58,5423,0,0,5423,2022,9
63,4042,0,0,0,2022,9
63,3987,0,0,3987,2022,9
11,596,0,0,0,2022,9
10,479,0,0,479,2022,9
90,5432,0,0,0,2022,9
90,5076,0,0,5076,2022,9
0,183,0,0,0,2022,9
144,9528,501396,0,0,2022,9
143,8077,410567,0,8077,2022,9
0,1208,58942,0,0,2022,9
411,46090,3232,0,0,2022,9
412,43384,5203,0,43384,2022,9
0,747,66,0,0,2022,9
50,4003,0,0,0,2022,9
51,4469,0,0,4469,2022,9
0,540,0,0,0,2022,9
9181,1206336,9655033,254239,0,2022,10
9180,1218838,6446668,363598,1218838,2022,10
0,4578,2658697,457,0,2022,10
129,6993,97330,10,0,2022,10
118,7563,2574,0,7563,2022,10
0,1545,0,8,0,2022,10
333,22260,810,0,0,2022,10
332,22856,2305,0,22856,2022,10
72,3866,0,0,0,2022,10
74,3534,3300,0,3534,2022,10
0,720,0,0,0,2022,10
184,10708,0,0,0,2022,10
183,11276,0,0,11276,2022,10
9,1067,0,0,0,2022,10
11,255,0,0,255,2022,10
56,2765,0,0,0,2022,10
57,3054,0,0,3054,2022,10
4,257,0,0,0,2022,10
5,206,0,0,206,2022,10
83,3760,0,0,0,2022,10
84,3664,0,0,3664,2022,10
0,309,0,0,0,2022,10
100,3963,476927,0,0,2022,10
100,3426,639165,0,3426,2022,10
0,423,57704,0,0,2022,10
389,38536,3263,0,0,2022,10
389,38450,7587,0,38450,2022,10
0,503,112,0,0,2022,10
17,1096,0,0,0,2022,10
16,817,0,0,817,2022,10
0,98,0,0,0,2022,10
7409,956840,8562685,248209,0,2022,11
7413,909431,5924592,369530,909431,2022,11
0,4590,2826816,537,0,2022,11
101,6971,170371,627,0,2022,11
102,5284,147874,0,5284,2022,11
0,1033,164906,152,0,2022,11
331,22120,416,0,0,2022,11
331,22312,4011,0,22312,2022,11
51,2111,0,0,0,2022,11
50,1312,0,0,1312,2022,11
0,263,0,0,0,2022,11
165,11182,0,0,0,2022,11
166,10361,0,0,10361,2022,11
57,3592,0,0,0,2022,11
57,3733,0,0,3733,2022,11
1,32,0,0,0,2022,11
1,33,0,0,33,2022,11
82,3991,0,0,0,2022,11
82,3745,0,0,3745,2022,11
80,1721,523623,0,0,2022,11
81,1176,693962,0,1176,2022,11
0,57,62306,0,0,2022,11
317,30474,734,0,0,2022,11
316,27941,6065,0,27941,2022,11
14,1221,0,0,0,2022,11
15,1347,0,0,1347,2022,11
0,58,0,0,0,2022,11
7437,937933,7501757,299096,0,2022,12
7415,962097,5726963,513452,962097,2022,12
0,5659,3221673,1771,0,2022,12
125,7500,36946,0,0,2022,12
125,7129,248567,0,7129,2022,12
0,2039,9408,0,0,2022,12
281,17826,1197,0,0,2022,12
284,17503,3082,0,17503,2022,12
22,522,0,0,0,2022,12
23,656,470,0,656,2022,12
0,311,0,0,0,2022,12
401,42344,0,0,0,2022,12
401,32822,0,0,32822,2022,12
46,7605,0,0,0,2022,12
47,5083,0,0,5083,2022,12
70,5868,0,0,0,2022,12
70,4738,0,0,4738,2022,12
70,2935,0,0,0,2022,12
71,2743,0,0,2743,2022,12
0,162,0,0,0,2022,12
64,589,477322,0,0,2022,12
64,748,563104,0,748,2022,12
0,0,44754,0,0,2022,12
525,60583,434,0,0,2022,12
526,51913,4067,0,51913,2022,12
73,10665,0,0,0,2022,12
73,7679,0,0,7679,2022,12
7129,820216,7823693,255195,0,2023,1
7143,833948,4669775,339018,833948,2023,1
0,4105,2595633,898,0,2023,1
81,5155,0,0,0,2023,1
75,4234,36146,0,4234,2023,1
0,1908,20484,144,0,2023,1
260,14294,574,0,0,2023,1
257,15066,594,0,15066,2023,1
0,148,0,0,0,2023,1
32,699,0,0,0,2023,1
32,537,0,0,537,2023,1
0,241,0,0,0,2023,1
590,60335,0,0,0,2023,1
587,61313,0,0,61313,2023,1
84,14593,0,0,0,2023,1
86,12979,0,0,12979,2023,1
0,88,0,0,0,2023,1
77,4500,0,0,0,2023,1
77,5070,0,0,5070,2023,1
1,18,0,0,0,2023,1
1,0,0,0,0,2023,1
47,1710,0,0,0,2023,1
47,1813,0,0,1813,2023,1
0,308,0,0,0,2023,1
68,573,499161,0,0,2023,1
68,277,584987,0,277,2023,1
0,0,51481,0,0,2023,1
724,76290,3040,0,0,2023,1
723,75479,5822,0,75479,2023,1
115,19093,0,0,0,2023,1
115,17530,0,0,17530,2023,1
6367,797437,7231791,229137,0,2023,2
6373,792116,5099029,295304,792116,2023,2
0,3944,2242420,485,0,2023,2
96,5236,36600,0,0,2023,2
93,5736,6996,0,5736,2023,2
0,630,3934,0,0,2023,2
277,16672,1650,0,0,2023,2
277,16781,660,0,16781,2023,2
25,707,0,0,0,2023,2
25,767,0,0,767,2023,2
0,1,0,0,0,2023,2
563,66745,0,0,0,2023,2
563,63651,0,0,63651,2023,2
99,16912,0,0,0,2023,2
99,16268,0,0,16268,2023,2
61,4798,0,0,0,2023,2
61,5038,0,0,5038,2023,2
4,296,0,0,0,2023,2
4,429,0,0,429,2023,2
57,2515,0,0,0,2023,2
57,2433,0,0,2433,2023,2
67,527,536950,0,0,2023,2
65,660,621581,0,660,2023,2
0,0,61596,0,0,2023,2
723,84415,2127,0,0,2023,2
723,82493,7587,0,82493,2023,2
128,19918,0,0,0,2023,2
128,20107,0,0,20107,2023,2
7943,1015324,9685379,274619,0,2023,3
7969,1017508,6203746,379213,1017508,2023,3
0,4941,2766662,499,0,2023,3
112,5684,68917,0,0,2023,3
90,5652,43233,0,5652,2023,3
0,1427,7495,0,0,2023,3
313,20196,2101,0,0,2023,3
313,20220,2301,0,20220,2023,3
36,1244,0,0,0,2023,3
36,1563,0,0,1563,2023,3
0,461,0,0,0,2023,3
568,65901,0,0,0,2023,3
569,71925,0,0,71925,2023,3
92,13992,0,0,0,2023,3
92,15742,0,0,15742,2023,3
70,4356,0,0,0,2023,3
70,5117,0,0,5117,2023,3
3,191,0,0,0,2023,3
2,200,0,0,200,2023,3
66,2922,0,0,0,2023,3
67,2933,0,0,2933,2023,3
68,1253,462346,0,0,2023,3
69,1670,554475,0,1670,2023,3
0,0,60267,0,0,2023,3
735,78762,1184,0,0,2023,3
737,86666,10594,0,86666,2023,3
108,12601,0,0,0,2023,3
109,16420,0,0,16420,2023,3
0,138,0,0,0,2023,3
9165,1223009,8889359,223692,0,2023,4
9206,1213717,5444363,303603,1213717,2023,4
0,5272,2847183,699,0,2023,4
168,10647,40213,0,0,2023,4
127,11609,20290,0,11609,2023,4
0,975,24737,26,0,2023,4
296,23291,2905,0,0,2023,4
297,23386,3542,0,23386,2023,4
50,2435,0,0,0,2023,4
49,2523,0,0,2523,2023,4
0,14,0,0,0,2023,4
242,20560,0,0,0,2023,4
244,24318,0,0,24318,2023,4
39,3236,0,0,0,2023,4
35,5973,0,0,5973,2023,4
0,74,0,0,0,2023,4
68,5757,0,0,0,2023,4
68,6124,0,0,6124,2023,4
10,140,0,0,0,2023,4
11,279,0,0,279,2023,4
0,77,0,0,0,2023,4
57,3030,0,0,0,2023,4
56,2767,0,0,2767,2023,4
69,3734,307304,0,0,2023,4
69,4911,490224,0,4911,2023,4
0,0,44611,0,0,2023,4
445,45644,2849,0,0,2023,4
444,48526,6124,0,48526,2023,4
0,60,0,0,0,2023,4
17,1412,0,0,0,2023,4
16,1889,0,0,1889,2023,4
10077,1343286,8716816,207147,0,2023,5
10080,1333225,5360626,276848,1333225,2023,5
0,5044,2302345,187,0,2023,5
145,9334,38055,121,0,2023,5
138,8988,0,0,8988,2023,5
0,848,0,0,0,2023,5
315,26157,3284,0,0,2023,5
315,26313,4555,0,26313,2023,5
0,155,0,0,0,2023,5
139,6164,16705,0,0,2023,5
138,8161,0,0,8161,2023,5
0,92,0,0,0,2023,5
189,12670,0,0,0,2023,5
193,13274,0,0,13274,2023,5
35,2040,0,0,0,2023,5
33,3059,0,0,3059,2023,5
83,7442,0,0,0,2023,5
83,7300,0,0,7300,2023,5
16,798,0,0,0,2023,5
16,742,0,0,742,2023,5
0,291,0,0,0,2023,5
46,2892,0,0,0,2023,5
47,2758,0,0,2758,2023,5
118,8160,331596,0,0,2023,5
117,9297,597240,0,9297,2023,5
0,564,53255,0,0,2023,5
410,43194,5492,0,0,2023,5
410,45110,5213,0,45110,2023,5
0,112,0,0,0,2023,5
50,4419,0,0,0,2023,5
50,4330,0,0,4330,2023,5
0,295,0,0,0,2023,5
10189,1391302,8645801,181781,0,2023,6
10211,1416308,5783824,262966,1416308,2023,6
0,5798,2660563,1126,0,2023,6
164,10097,2183,0,0,2023,6
151,11065,50930,0,11065,2023,6
0,1879,86793,0,0,2023,6
297,25950,3686,0,0,2023,6
297,25146,7100,0,25146,2023,6
168,12199,0,0,0,2023,6
164,12407,43769,0,12407,2023,6
0,358,0,0,0,2023,6
215,18318,0,0,0,2023,6
217,17305,0,0,17305,2023,6
54,4137,0,0,0,2023,6
50,4169,0,0,4169,2023,6
75,7319,0,0,0,2023,6
75,7358,0,0,7358,2023,6
10,394,0,0,0,2023,6
10,383,0,0,383,2023,6
49,3045,0,0,0,2023,6
50,2918,0,0,2918,2023,6
0,176,0,0,0,2023,6
129,11342,361630,0,0,2023,6
127,11547,590037,0,11547,2023,6
0,389,45152,0,0,2023,6
448,53416,4817,0,0,2023,6
449,50206,7430,0,50206,2023,6
0,0,0,1,0,2023,6
47,5156,0,0,0,2023,6
46,4431,0,0,4431,2023,6
10707,1518448,8745623,171492,0,2023,7
10721,1584376,5944347,257550,1584376,2023,7
0,6950,3119876,1716,0,2023,7
187,16306,40140,33,0,2023,7
164,16744,0,0,16744,2023,7
0,1749,0,0,0,2023,7
282,24632,1883,0,0,2023,7
283,26347,6237,0,26347,2023,7
186,13984,440,0,0,2023,7
190,15408,0,0,15408,2023,7
0,225,0,0,0,2023,7
208,18579,0,0,0,2023,7
210,19268,0,0,19268,2023,7
53,4102,0,0,0,2023,7
51,4006,0,0,4006,2023,7
78,8310,0,0,0,2023,7
78,8188,0,0,8188,2023,7
17,465,0,0,0,2023,7
17,441,0,0,441,2023,7
50,2567,0,0,0,2023,7
50,2819,0,0,2819,2023,7
140,13047,358580,0,0,2023,7
140,13999,485317,0,13999,2023,7
0,224,48607,0,0,2023,7
482,58717,6347,0,0,2023,7
482,59673,10267,0,59673,2023,7
0,233,0,0,0,2023,7
69,6116,0,0,0,2023,7
69,6487,0,0,6487,2023,7
0,58,0,0,0,2023,7
10656,1545803,8625903,179869,0,2023,8
10660,1520042,5462901,239598,1520042,2023,8
0,5681,3012779,3246,0,2023,8
180,15755,4304,7,0,2023,8
180,14125,192,5,14125,2023,8
0,2490,5615,771,0,2023,8
271,22925,3262,0,0,2023,8
271,24457,4348,0,24457,2023,8
163,14822,716,0,0,2023,8
162,15126,0,0,15126,2023,8
0,124,0,0,0,2023,8
197,17875,0,0,0,2023,8
195,18778,0,0,18778,2023,8
37,3869,0,0,0,2023,8
38,4056,0,0,4056,2023,8
79,7961,0,0,0,2023,8
79,8576,0,0,8576,2023,8
4,112,0,0,0,2023,8
4,172,0,0,172,2023,8
55,2907,0,0,0,2023,8
55,3023,0,0,3023,2023,8
0,171,0,0,0,2023,8
145,15023,299320,0,0,2023,8
145,15407,633407,0,15407,2023,8
0,0,42528,0,0,2023,8
492,60197,2219,0,0,2023,8
491,64788,12192,0,64788,2023,8
51,6130,0,0,0,2023,8
51,5846,0,0,5846,2023,8
10237,1477278,8927764,199708,0,2023,9
10244,1414707,5557143,259212,1414707,2023,9
0,4675,3007464,24521,0,2023,9
127,12655,2270,0,0,2023,9
121,9809,17036,0,9809,2023,9
0,455,12459,1397,0,2023,9
356,30743,2087,0,0,2023,9
357,30066,6871,0,30066,2023,9
190,13912,1140,0,0,2023,9
189,12301,0,0,12301,2023,9
0,433,0,0,0,2023,9
214,18802,0,0,0,2023,9
213,18577,0,0,18577,2023,9
36,3804,0,0,0,2023,9
38,3294,0,0,3294,2023,9
83,8276,0,0,0,2023,9
83,8266,0,0,8266,2023,9
12,610,0,0,0,2023,9
12,472,0,0,472,2023,9
53,3718,0,0,0,2023,9
53,3591,0,0,3591,2023,9
0,107,0,0,0,2023,9
153,15007,358644,0,0,2023,9
153,12827,528318,0,12827,2023,9
0,272,46420,0,0,2023,9
467,58955,3869,0,0,2023,9
467,56448,9127,0,56448,2023,9
0,106,0,0,0,2023,9
34,3492,0,0,0,2023,9
34,4049,0,0,4049,2023,9
10096,1337324,9522854,194065,0,2023,10
10098,1374948,5663693,253404,1374948,2023,10
0,6454,2805791,1810,0,2023,10
167,9866,30564,202,0,2023,10
163,9507,114465,0,9507,2023,10
0,1242,2278,0,0,2023,10
382,30315,2388,0,0,2023,10
379,32152,6934,0,32152,2023,10
85,4882,2121,0,0,2023,10
87,3856,0,0,3856,2023,10
0,6,0,0,0,2023,10
197,14282,0,0,0,2023,10
194,15159,0,0,15159,2023,10
9,691,0,0,0,2023,10
13,184,0,0,184,2023,10
83,7557,0,0,0,2023,10
83,7602,0,0,7602,2023,10
2,122,0,0,0,2023,10
2,122,0,0,122,2023,10
55,3064,0,0,0,2023,10
55,3386,0,0,3386,2023,10
85,5095,310067,0,0,2023,10
85,4638,482591,0,4638,2023,10
0,1,50153,0,0,2023,10
442,49190,3294,0,0,2023,10
442,51121,9580,0,51121,2023,10
0,26,0,0,0,2023,10
12,1093,0,0,0,2023,10
12,561,0,0,561,2023,10
8189,1081970,9696371,204658,0,2023,11
8198,1008599,5622993,312625,1008599,2023,11
0,5988,3290374,3079,0,2023,11
111,7581,40701,0,0,2023,11
107,4518,8861,0,4518,2023,11
0,705,9337,0,0,2023,11
335,27643,1913,0,0,2023,11
336,27595,6942,0,27595,2023,11
52,3410,460,0,0,2023,11
53,2692,0,0,2692,2023,11
0,161,0,0,0,2023,11
176,14210,0,0,0,2023,11
176,13629,0,0,13629,2023,11
2,19,0,0,0,2023,11
3,19,0,0,19,2023,11
43,2572,0,0,0,2023,11
43,2554,0,0,2554,2023,11
68,3688,0,0,0,2023,11
68,3754,0,0,3754,2023,11
96,3361,370973,0,0,2023,11
97,3898,757397,0,3898,2023,11
0,57,48973,0,0,2023,11
338,39056,3113,0,0,2023,11
338,34980,8044,0,34980,2023,11
10,899,0,0,0,2023,11
10,610,0,0,610,2023,11
8130,1071726,8724455,272844,0,2023,12
8107,1093953,5594775,384831,1093953,2023,12
0,6168,2945092,5343,0,2023,12
127,7486,37331,0,0,2023,12
126,7583,0,0,7583,2023,12
0,1770,10674,0,0,2023,12
275,23057,2653,0,0,2023,12
277,22570,2436,0,22570,2023,12
43,2413,4670,0,0,2023,12
43,2541,0,0,2541,2023,12
428,51091,0,0,0,2023,12
426,40885,0,0,40885,2023,12
43,7213,0,0,0,2023,12
45,4686,0,0,4686,2023,12
45,3553,0,0,0,2023,12
45,3188,0,0,3188,2023,12
65,4148,0,0,0,2023,12
66,2915,0,0,2915,2023,12
0,5,0,0,0,2023,12
67,2485,290467,0,0,2023,12
67,516,762307,0,516,2023,12
0,67,39257,0,0,2023,12
555,69937,2009,0,0,2023,12
555,62804,8864,0,62804,2023,12
56,8697,0,0,0,2023,12
57,6144,0,0,6144,2023,12
0,76,0,0,0,2023,12
7474,897170,9117875,196780,0,2024,1
7496,915233,5492188,266145,915233,2024,1
0,6214,2584847,1738,0,2024,1
106,4609,42861,0,0,2024,1
99,3687,258,0,3687,2024,1
0,1644,24809,79,0,2024,1
246,17413,2670,0,0,2024,1
244,19165,2596,0,19165,2024,1
0,150,0,0,0,2024,1
38,2210,0,0,0,2024,1
38,1802,0,0,1802,2024,1
547,66064,0,0,0,2024,1
548,65083,0,0,65083,2024,1
91,14030,0,0,0,2024,1
89,12746,0,0,12746,2024,1
40,2254,0,0,0,2024,1
40,2844,0,0,2844,2024,1
69,2831,0,0,0,2024,1
67,2715,0,0,2715,2024,1
59,186,318982,0,0,2024,1
60,24,815580,0,24,2024,1
0,359,43862,0,0,2024,1
631,76567,2991,0,0,2024,1
631,76246,6836,0,76246,2024,1
129,20011,0,0,0,2024,1
128,19131,0,0,19131,2024,1
7148,934635,8805530,179938,0,2024,2
7177,926052,5880506,242794,926052,2024,2
0,5838,2488306,1893,0,2024,2
127,4056,38477,0,0,2024,2
99,4287,0,0,4287,2024,2
0,207,0,0,0,2024,2
286,21463,2879,0,0,2024,2
285,22037,1918,0,22037,2024,2
39,2619,0,0,0,2024,2
39,2987,0,0,2987,2024,2
0,8,0,0,0,2024,2
604,73848,0,0,0,2024,2
605,71992,0,0,71992,2024,2
107,16904,0,0,0,2024,2
106,16662,0,0,16662,2024,2
41,2818,0,0,0,2024,2
41,2962,0,0,2962,2024,2
2,354,0,0,0,2024,2
2,181,0,0,181,2024,2
59,2679,0,0,0,2024,2
59,2586,0,0,2586,2024,2
59,373,298249,0,0,2024,2
59,503,837308,0,503,2024,2
0,0,46947,0,0,2024,2
701,85663,5515,0,0,2024,2
701,84929,8087,0,84929,2024,2
125,19468,0,0,0,2024,2
125,19351,0,0,19351,2024,2
8106,1091857,10415148,188778,0,2024,3
8145,1094641,7220180,247233,1094641,2024,3
0,5695,2871186,2836,0,2024,3
174,6747,204887,177,0,2024,3
143,7444,152743,0,7444,2024,3
0,307,15865,0,0,2024,3
307,26607,1796,0,0,2024,3
309,25277,612,0,25277,2024,3
64,4006,0,0,0,2024,3
64,3894,1815,0,3894,2024,3
0,4,0,0,0,2024,3
625,75549,0,0,0,2024,3
627,79034,0,0,79034,2024,3
114,16495,0,0,0,2024,3
113,18309,0,0,18309,2024,3
41,2866,0,0,0,2024,3
41,3048,0,0,3048,2024,3
63,3026,0,0,0,2024,3
65,2706,0,0,2706,2024,3
66,1177,359844,0,0,2024,3
65,1426,1021158,0,1426,2024,3
0,0,46565,0,0,2024,3
765,89560,4689,0,0,2024,3
768,95407,11151,0,95407,2024,3
102,11426,0,0,0,2024,3
100,15390,0,0,15390,2024,3
9745,1299398,10023414,186957,0,2024,4
9752,1281463,6438553,244457,1281463,2024,4
0,5792,3009894,3857,0,2024,4
164,10094,13435,5,0,2024,4
154,10416,0,0,10416,2024,4
0,3008,39845,253,0,2024,4
328,26017,960,0,0,2024,4
327,27479,0,0,27479,2024,4
64,4618,0,0,0,2024,4
64,4864,0,0,4864,2024,4
0,50,0,0,0,2024,4
143,12195,0,0,0,2024,4
143,17230,0,0,17230,2024,4
23,934,0,0,0,2024,4
22,3443,0,0,3443,2024,4
85,6115,0,0,0,2024,4
84,7099,0,0,7099,2024,4
2,188,0,0,0,2024,4
2,372,0,0,372,2024,4
9,157,0,0,0,2024,4
9,188,0,0,188,2024,4
83,2574,393399,0,0,2024,4
83,3173,904748,0,3173,2024,4
0,205,50787,0,0,2024,4
443,48243,3205,0,0,2024,4
442,51532,9046,0,51532,2024,4
0,43,0,0,0,2024,4
9,535,0,0,0,2024,4
9,1200,0,0,1200,2024,4
10672,1404878,10373578,164372,0,2024,5
10681,1411968,6214861,229871,1411968,2024,5
0,5262,3424454,3523,0,2024,5
184,10264,319981,0,0,2024,5
172,9931,36784,0,9931,2024,5
0,2445,320195,0,0,2024,5
344,26691,258,0,0,2024,5
346,26800,0,0,26800,2024,5
0,418,0,0,0,2024,5
143,9440,0,0,0,2024,5
142,11402,0,0,11402,2024,5
0,318,0,0,0,2024,5
101,9023,0,0,0,2024,5
101,10050,0,0,10050,2024,5
39,2046,0,0,0,2024,5
39,2769,0,0,2769,2024,5
89,7206,0,0,0,2024,5
89,7137,0,0,7137,2024,5
3,367,0,0,0,2024,5
3,228,0,0,228,2024,5
8,75,0,0,0,2024,5
8,78,0,0,78,2024,5
132,7687,324419,0,0,2024,5
131,10049,866864,0,10049,2024,5
0,192,77623,0,0,2024,5
480,56400,4183,0,0,2024,5
482,58432,8164,0,58432,2024,5
0,124,0,0,0,2024,5
35,3664,0,0,0,2024,5
35,3451,0,0,3451,2024,5
0,243,0,0,0,2024,5
10764,1489735,10884312,185670,0,2024,6
10778,1502678,6517151,233990,1502678,2024,6
0,7338,3469020,4715,0,2024,6
170,9270,503250,0,0,2024,6
162,10194,39980,0,10194,2024,6
0,1634,0,0,0,2024,6
323,28662,608,0,0,2024,6
322,28406,0,0,28406,2024,6
0,116,0,0,0,2024,6
198,14083,0,0,0,2024,6
194,14262,0,0,14262,2024,6
0,51,0,0,0,2024,6
111,12722,0,0,0,2024,6
111,12837,0,0,12837,2024,6
60,4012,0,0,0,2024,6
60,3615,0,0,3615,2024,6
84,7371,0,0,0,2024,6
85,7425,0,0,7425,2024,6
7,327,0,0,0,2024,6
7,292,0,0,292,2024,6
8,211,0,0,0,2024,6
8,124,0,0,124,2024,6
147,11738,355470,0,0,2024,6
146,11335,1028621,0,11335,2024,6
0,47,59221,0,0,2024,6
496,63056,4231,0,0,2024,6
494,59375,9634,0,59375,2024,6
58,6383,0,0,0,2024,6
58,5436,0,0,5436,2024,6
11245,1611888,11288687,179908,0,2024,7
11256,1673194,6748386,234837,1673194,2024,7
0,8617,2682432,4988,0,2024,7
171,13485,88956,0,0,2024,7
157,14458,70266,0,14458,2024,7
0,2454,26619,203,0,2024,7
335,26167,601,0,0,2024,7
335,28716,0,0,28716,2024,7
0,102,0,0,0,2024,7
196,16611,0,0,0,2024,7
200,18640,0,0,18640,2024,7
0,2,0,0,0,2024,7
118,13636,0,0,0,2024,7
118,14062,0,0,14062,2024,7
62,3352,0,0,0,2024,7
61,3260,0,0,3260,2024,7
85,7551,0,0,0,2024,7
84,7621,0,0,7621,2024,7
7,256,0,0,0,2024,7
7,205,0,0,205,2024,7
11,262,0,0,0,2024,7
11,132,0,0,132,2024,7
0,196,0,0,0,2024,7
167,12496,370946,0,0,2024,7
168,13202,1103373,0,13202,2024,7
0,0,69019,0,0,2024,7
509,65913,3415,0,0,2024,7
509,67843,9237,0,67843,2024,7
0,171,0,0,0,2024,7
67,6287,0,0,0,2024,7
67,7073,0,0,7073,2024,7
11216,1662625,10557764,186353,0,2024,8
11223,1628501,6442655,231859,1628501,2024,8
0,7478,2902907,5923,0,2024,8
176,16422,38133,0,0,2024,8
170,14798,1363,0,14798,2024,8
0,1521,128499,914,0,2024,8
335,26135,724,0,0,2024,8
337,26737,53,0,26737,2024,8
0,167,0,0,0,2024,8
202,18639,0,0,0,2024,8
200,18037,0,0,18037,2024,8
0,11,0,0,0,2024,8
117,13524,0,0,0,2024,8
117,14548,0,0,14548,2024,8
55,3029,0,0,0,2024,8
54,3638,0,0,3638,2024,8
85,7755,0,0,0,2024,8
86,7897,0,0,7897,2024,8
7,197,0,0,0,2024,8
7,287,0,0,287,2024,8
15,141,0,0,0,2024,8
15,166,0,0,166,2024,8
0,767,0,0,0,2024,8
156,14285,349038,0,0,2024,8
156,14369,763155,0,14369,2024,8
0,188,35807,0,0,2024,8
526,72522,4809,0,0,2024,8
526,75292,10151,0,75292,2024,8
0,219,0,0,0,2024,8
66,7830,0,0,0,2024,8
66,7628,0,0,7628,2024,8
10890,1553883,11368332,192276,0,2024,9
10892,1498490,6722388,240598,1498490,2024,9
0,7109,2345072,6303,0,2024,9
138,9653,2701,0,0,2024,9
130,8011,630,0,8011,2024,9
0,946,522,1015,0,2024,9
349,30560,577,0,0,2024,9
348,29962,0,0,29962,2024,9
197,15529,0,0,0,2024,9
199,13837,0,0,13837,2024,9
0,26,0,0,0,2024,9
107,11990,0,0,0,2024,9
107,12528,0,0,12528,2024,9
59,3856,0,0,0,2024,9
60,3492,0,0,3492,2024,9
86,7559,0,0,0,2024,9
85,7858,0,0,7858,2024,9
4,280,0,0,0,2024,9
4,250,0,0,250,2024,9
8,157,0,0,0,2024,9
8,170,0,0,170,2024,9
141,12702,352539,0,0,2024,9
141,10690,799591,0,10690,2024,9
0,0,64289,0,0,2024,9
513,66702,4700,0,0,2024,9
513,64214,11585,0,64214,2024,9
0,560,0,0,0,2024,9
42,3629,0,0,0,2024,9
40,3969,0,0,3969,2024,9
0,101,0,0,0,2024,9
10763,1446783,12546884,204195,0,2024,10
10771,1480824,7664334,253233,1480824,2024,10
0,7456,2956606,4690,0,2024,10
149,9081,52769,0,0,2024,10
141,8035,443,0,8035,2024,10
0,2086,10667,0,0,2024,10
342,27277,84,0,0,2024,10
342,28825,0,0,28825,2024,10
97,6872,0,0,0,2024,10
97,6102,0,0,6102,2024,10
0,181,0,0,0,2024,10
100,9208,0,0,0,2024,10
100,9136,0,0,9136,2024,10
9,592,0,0,0,2024,10
10,43,0,0,43,2024,10
83,6467,0,0,0,2024,10
83,6823,0,0,6823,2024,10
6,696,0,0,0,2024,10
6,499,0,0,499,2024,10
21,498,0,0,0,2024,10
21,604,0,0,604,2024,10
97,4895,392915,0,0,2024,10
96,4736,761383,0,4736,2024,10
0,0,64706,0,0,2024,10
460,56939,2621,0,0,2024,10
460,58075,10230,0,58075,2024,10
0,46,680,0,0,2024,10
24,1892,171,0,0,2024,10
26,1477,0,0,1477,2024,10
8516,1158168,11047010,212798,0,2024,11
8507,1082805,7233219,271968,1082805,2024,11
0,5315,2724812,2952,0,2024,11
136,9830,36938,0,0,2024,11
132,7580,38910,0,7580,2024,11
0,1238,6168,552,0,2024,11
303,25661,316,0,0,2024,11
304,25207,0,0,25207,2024,11
73,4636,337,0,0,2024,11
73,3681,0,0,3681,2024,11
0,190,0,0,0,2024,11
138,10860,0,0,0,2024,11
138,10412,0,0,10412,2024,11
1,29,0,0,0,2024,11
1,0,0,0,0,2024,11
62,3105,0,0,0,2024,11
63,3471,0,0,3471,2024,11
2,143,0,0,0,2024,11
2,140,0,0,140,2024,11
0,37,0,0,0,2024,11
97,4059,0,0,0,2024,11
98,4240,0,0,4240,2024,11
75,2990,394130,0,0,2024,11
75,1713,780314,0,1713,2024,11
0,0,50758,0,0,2024,11
356,44073,2750,0,0,2024,11
355,40314,13321,0,40314,2024,11
16,1197,0,0,0,2024,11
17,1201,0,0,1201,2024,11
8730,1157341,10159879,246853,0,2024,12
8723,1201998,6861805,319811,1201998,2024,12
0,5864,2625690,3169,0,2024,12
109,7349,0,0,0,2024,12
105,6779,37465,0,6779,2024,12
0,1360,0,0,0,2024,12
264,21215,160,0,0,2024,12
265,20212,2,0,20212,2024,12
52,2664,0,0,0,2024,12
52,3351,0,0,3351,2024,12
0,2,0,0,0,2024,12
416,51822,0,0,0,2024,12
415,41061,0,0,41061,2024,12
40,6735,0,0,0,2024,12
41,3797,0,0,3797,2024,12
56,3971,0,0,0,2024,12
56,3322,0,0,3322,2024,12
92,3653,0,0,0,2024,12
91,3523,0,0,3523,2024,12
0,35,0,0,0,2024,12
55,603,301291,0,0,2024,12
56,589,708241,0,589,2024,12
0,0,53724,0,0,2024,12
558,75395,1917,0,0,2024,12
559,68642,8279,0,68642,2024,12
68,9882,0,0,0,2024,12
68,6652,0,0,6652,2024,12
0,165,0,0,0,2024,12
7775,930231,8866829,192849,0,2025,1
7794,941711,5554527,228831,941711,2025,1
0,6575,1737176,3853,0,2025,1
106,5626,3995,500,0,2025,1
103,5459,75739,0,5459,2025,1
0,500,0,0,0,2025,1
247,16649,45,0,0,2025,1
244,17818,0,0,17818,2025,1
53,3027,0,0,0,2025,1
53,2378,0,0,2378,2025,1
0,3,0,0,0,2025,1
610,72861,0,0,0,2025,1
608,71186,0,0,71186,2025,1
87,13494,0,0,0,2025,1
89,12247,0,0,12247,2025,1
43,2529,0,0,0,2025,1
43,3100,0,0,3100,2025,1
1,98,0,0,0,2025,1
1,97,0,0,97,2025,1
98,3131,0,0,0,2025,1
98,3521,0,0,3521,2025,1
0,174,0,0,0,2025,1
50,189,343884,0,0,2025,1
50,35,616138,0,35,2025,1
0,0,47106,0,0,2025,1
634,79494,2355,0,0,2025,1
639,79338,11259,0,79338,2025,1
123,18017,0,0,0,2025,1
119,16836,0,0,16836,2025,1
7394,943738,8050604,180954,0,2025,2
7408,939418,6862349,207416,939418,2025,2
0,6130,1196826,2919,0,2025,2
98,5234,1824,0,0,2025,2
86,5468,74173,0,5468,2025,2
0,1077,70395,1479,0,2025,2
258,19300,0,0,0,2025,2
258,19450,0,0,19450,2025,2
47,2972,0,0,0,2025,2
47,3167,388,0,3167,2025,2
0,187,0,0,0,2025,2
583,75096,0,0,0,2025,2
583,74544,0,0,74544,2025,2
104,16461,0,0,0,2025,2
104,16417,0,0,16417,2025,2
49,3604,0,0,0,2025,2
49,3857,0,0,3857,2025,2
1,0,0,0,0,2025,2
1,182,0,0,182,2025,2
86,4063,0,0,0,2025,2
88,4120,0,0,4120,2025,2
63,671,300288,0,0,2025,2
61,780,804570,0,780,2025,2
0,0,38488,0,0,2025,2
647,83035,1864,0,0,2025,2
652,81281,7731,0,81281,2025,2
122,17193,0,0,0,2025,2
117,17061,0,0,17061,2025,2
8786,1120971,11226169,197314,0,2025,3
8816,1088794,7729855,228710,1088794,2025,3
0,4474,1619440,2159,0,2025,3
133,5969,714,0,0,2025,3
104,5557,709,0,5557,2025,3
0,1272,38443,0,0,2025,3
310,22843,0,0,0,2025,3
311,23106,0,0,23106,2025,3
55,3333,0,0,0,2025,3
56,3097,0,0,3097,2025,3
0,1,0,0,0,2025,3
600,71589,0,0,0,2025,3
601,78739,0,0,78739,2025,3
105,14015,0,0,0,2025,3
104,16326,0,0,16326,2025,3
72,3870,0,0,0,2025,3
71,4411,0,0,4411,2025,3
92,4478,0,0,0,2025,3
91,4403,0,0,4403,2025,3
62,701,392459,0,0,2025,3
63,796,939095,0,796,2025,3
0,52,57125,0,0,2025,3
716,79866,1620,0,0,2025,3
717,88540,9447,0,88540,2025,3
94,9091,0,0,0,2025,3
93,12499,0,0,12499,2025,3
10098,1380014,11021132,178197,0,2025,4
10116,1394993,7034697,220204,1394993,2025,4
0,5098,1571033,11532,0,2025,4
178,6393,842,0,0,2025,4
164,6924,76475,0,6924,2025,4
0,15345,137365,5445,0,2025,4
351,25924,279,0,0,2025,4
351,26203,0,0,26203,2025,4
74,5598,0,0,0,2025,4
72,6432,0,0,6432,2025,4
0,135,0,0,0,2025,4
129,13433,0,0,0,2025,4
129,16720,0,0,16720,2025,4
26,2292,0,0,0,2025,4
26,4001,0,0,4001,2025,4
0,86,0,0,0,2025,4
88,7191,0,0,0,2025,4
88,7850,0,0,7850,2025,4
1,0,0,0,0,2025,4
1,92,0,0,92,2025,4
0,72,0,0,0,2025,4
113,7164,0,0,0,2025,4
114,7463,0,0,7463,2025,4
0,276,0,0,0,2025,4
65,1231,393019,0,0,2025,4
62,1702,831810,0,1702,2025,4
0,0,48493,0,0,2025,4
447,46663,1690,0,0,2025,4
446,49322,11353,0,49322,2025,4
13,889,0,0,0,2025,4
13,1492,0,0,1492,2025,4
10585,1414555,10760920,176689,0,2025,5
10602,1414845,7550777,207860,1414845,2025,5
0,4840,2082369,4095,0,2025,5
329,9700,1695,0,0,2025,5
312,9533,84303,0,9533,2025,5
0,47503,752667,17478,0,2025,5
351,28706,1,0,0,2025,5
352,28452,0,0,28452,2025,5
0,350,0,0,0,2025,5
139,8813,0,0,0,2025,5
139,10652,0,0,10652,2025,5
0,48,0,0,0,2025,5
108,10117,0,0,0,2025,5
108,11613,0,0,11613,2025,5
37,1764,0,0,0,2025,5
36,2516,0,0,2516,2025,5
101,10031,0,0,0,2025,5
102,9490,0,0,9490,2025,5
14,630,0,0,0,2025,5
14,583,0,0,583,2025,5
0,1,0,0,0,2025,5
125,7781,0,0,0,2025,5
125,7752,0,0,7752,2025,5
0,721,0,0,0,2025,5
129,6456,391203,0,0,2025,5
132,7607,928856,0,7607,2025,5
0,484,30643,0,0,2025,5
507,53556,2255,0,0,2025,5
507,55501,9153,0,55501,2025,5
0,258,0,0,0,2025,5
49,5008,0,0,0,2025,5
48,4783,0,0,4783,2025,5
0,198,0,0,0,2025,5
10721,1460518,10569092,156107,0,2025,6
10725,1493628,6641337,184210,1493628,2025,6
0,6791,1397791,3324,0,2025,6
264,11320,170,135,0,2025,6
259,10993,96840,0,10993,2025,6
0,25272,397868,24146,0,2025,6
345,28303,284,0,0,2025,6
345,27919,0,0,27919,2025,6
0,189,0,0,0,2025,6
218,15355,0,0,0,2025,6
215,15876,0,0,15876,2025,6
0,6,0,0,0,2025,6
119,14328,0,0,0,2025,6
119,14060,0,0,14060,2025,6
53,3431,0,0,0,2025,6
53,3210,0,0,3210,2025,6
99,10252,0,0,0,2025,6
98,10065,0,0,10065,2025,6
13,360,0,0,0,2025,6
13,333,0,0,333,2025,6
105,7206,0,0,0,2025,6
106,7178,0,0,7178,2025,6
0,188,0,0,0,2025,6
135,9794,354943,0,0,2025,6
133,10443,671440,0,10443,2025,6
0,118,34543,0,0,2025,6
521,61151,2519,0,0,2025,6
521,59938,10097,0,59938,2025,6
0,199,0,0,0,2025,6
61,7729,0,0,0,2025,6
62,7209,0,0,7209,2025,6
11227,1584058,11618544,159244,0,2025,7
11246,1647004,7250389,203001,1647004,2025,7
0,6887,1019065,2636,0,2025,7
238,14679,3634,0,0,2025,7
222,13313,39546,0,13313,2025,7
0,17808,432729,13783,0,2025,7
338,26408,367,0,0,2025,7
338,29572,0,0,29572,2025,7
0,265,0,0,0,2025,7
180,16320,0,0,0,2025,7
182,17622,0,0,17622,2025,7
129,14749,0,0,0,2025,7
129,15357,0,0,15357,2025,7
56,2908,0,0,0,2025,7
56,2973,0,0,2973,2025,7
108,10623,0,0,0,2025,7
108,10570,0,0,10570,2025,7
5,134,0,0,0,2025,7
5,86,0,0,86,2025,7
115,7650,0,0,0,2025,7
115,7821,0,0,7821,2025,7
0,340,0,0,0,2025,7
156,10700,409919,0,0,2025,7
155,11227,870528,0,11227,2025,7
0,0,41247,0,0,2025,7
594,69065,3048,0,0,2025,7
594,69383,8753,0,69383,2025,7
0,214,0,0,0,2025,7
77,7999,0,0,0,2025,7
77,9105,0,0,9105,2025,7
11397,1698293,10679608,162266,0,2025,8
11395,1654293,6674153,195628,1654293,2025,8
0,5191,2199188,4431,0,2025,8
220,14315,1750,0,0,2025,8
215,13569,12875,0,13569,2025,8
0,21698,368092,25564,0,2025,8
310,27683,758,0,0,2025,8
310,27386,28,0,27386,2025,8
185,18474,0,0,0,2025,8
184,18469,0,0,18469,2025,8
126,15308,0,0,0,2025,8
124,16490,0,0,16490,2025,8
60,3374,0,0,0,2025,8
62,3568,0,0,3568,2025,8
0,35,0,0,0,2025,8
106,11375,0,0,0,2025,8
106,11488,0,0,11488,2025,8
22,774,0,0,0,2025,8
21,717,0,0,717,2025,8
112,7705,5,0,0,2025,8
112,7901,0,0,7901,2025,8
151,12992,334336,0,0,2025,8
151,13086,972100,0,13086,2025,8
0,0,35293,0,0,2025,8
583,72445,3570,0,0,2025,8
584,76985,10565,0,76985,2025,8
73,9547,118,0,0,2025,8
72,9903,0,0,9903,2025,8
11058,1583324,10745430,174975,0,2025,9
11056,1522389,6934088,190260,1522389,2025,9
0,5421,1901190,8925,0,2025,9
182,11900,10655,0,0,2025,9
185,9816,49600,0,9816,2025,9
0,12097,278479,33791,0,2025,9
365,30612,0,0,0,2025,9
365,29526,18,0,29526,2025,9
181,15711,0,0,0,2025,9
182,14163,30,0,14163,2025,9
0,6,0,0,0,2025,9
121,13755,0,0,0,2025,9
121,13978,0,0,13978,2025,9
62,3160,0,0,0,2025,9
61,2934,0,0,2934,2025,9
102,9726,0,0,0,2025,9
102,9876,0,0,9876,2025,9
12,150,0,0,0,2025,9
12,223,0,0,223,2025,9
0,80,0,0,0,2025,9
113,7729,0,0,0,2025,9
113,7487,0,0,7487,2025,9
0,448,0,0,0,2025,9
142,11342,390133,0,0,2025,9
143,10350,864574,0,10350,2025,9
0,76,41890,0,0,2025,9
545,66217,2385,0,0,2025,9
545,65062,10788,0,65062,2025,9
0,729,0,0,0,2025,9
50,5410,0,0,0,2025,9
50,5429,0,0,5429,2025,9
10964,1500317,10993004,182406,0,2025,10
10968,1532409,7598096,221158,1532409,2025,10
0,5697,2532922,4178,0,2025,10
180,7719,47834,0,0,2025,10
178,7716,33595,0,7716,2025,10
0,10733,451576,19481,0,2025,10
373,29310,2095,0,0,2025,10
373,30480,62,0,30480,2025,10
123,9882,0,0,0,2025,10
123,8818,0,0,8818,2025,10
94,8159,0,0,0,2025,10
94,8398,0,0,8398,2025,10
21,1247,0,0,0,2025,10
23,675,0,0,675,2025,10
100,8703,0,0,0,2025,10
99,8335,0,0,8335,2025,10
4,63,0,0,0,2025,10
5,68,0,0,68,2025,10
87,5795,0,0,0,2025,10
87,5832,0,0,5832,2025,10
105,4995,430720,0,0,2025,10
106,3594,1143690,0,3594,2025,10
0,0,40880,0,0,2025,10
495,57918,304,0,0,2025,10
495,58731,14432,0,58731,2025,10
50,3113,0,0,0,2025,10
50,3040,0,0,3040,2025,10
0,32,0,0,0,2025,10
8874,1217126,10110519,193930,0,2025,11
8875,1143778,7158192,232507,1143778,2025,11
0,5280,1829353,1602,0,2025,11
173,9746,33208,0,0,2025,11
177,7947,82228,0,7947,2025,11
0,12767,594584,43188,0,2025,11
323,27437,820,0,0,2025,11
323,26846,0,0,26846,2025,11
54,4104,0,0,0,2025,11
53,3024,0,0,3024,2025,11
0,13,0,0,0,2025,11
99,8857,0,0,0,2025,11
99,8893,0,0,8893,2025,11
5,133,0,0,0,2025,11
5,57,0,0,57,2025,11
63,3166,0,0,0,2025,11
63,3424,0,0,3424,2025,11
18,2641,0,0,0,2025,11
18,2228,0,0,2228,2025,11
62,1445,393905,0,0,2025,11
61,1280,850069,0,1280,2025,11
0,0,33013,0,0,2025,11
348,44476,4773,0,0,2025,11
350,41622,10311,0,41622,2025,11
0,184,0,0,0,2025,11
21,1992,0,0,0,2025,11
18,1658,0,0,1658,2025,11
